"","datasetname","country","sex","bc_cate","edu2","TotalN","ChildlessN","NeverInUnionN","prop_childless","prop_neverinunion"
"1","DHS","Albania","Men","1950-1959","High",195.08774100244,7.74793991446495,1.83212900161743,4,23.6
"2","DHS","Albania","Men","1950-1959","Low",133.426444649696,8.16014903783798,0.332987993955612,6.1,4.1
"3","DHS","Albania","Men","1960-1969","High",927.830367699265,75.9899270236492,25.2674369215965,8.2,33.3
"4","DHS","Albania","Men","1960-1969","Low",615.246507823467,40.5955282300711,12.1248451918364,6.6,29.9
"5","DHS","Albania","Men","1970-1979","High",620.875400647521,105.197245955467,43.4779069274664,16.9,41.3
"6","DHS","Albania","Men","1970-1979","Low",571.249818652868,88.9634847640991,42.661617025733,15.6,48
"7","DHS","Albania","Men","1980-1989","High",135.285404488444,51.9439059197903,32.5984228104353,38.4,62.8
"8","DHS","Albania","Men","1980-1989","Low",158.945781722665,36.2889575362206,23.0968206226826,22.8,63.6
"9","DHS","Albania","Women","1950-1959","High",413.095784842968,NA,NA,NA,NA
"10","DHS","Albania","Women","1950-1959","Low",441.277539342642,NA,NA,NA,NA
"11","DHS","Albania","Women","1960-1969","High",2016.85001914203,21.2931701093912,19.7693390995264,1.1,92.8
"12","DHS","Albania","Women","1960-1969","Low",1959.19996722043,11.8080890029669,5.56453904509544,0.6,47.1
"13","DHS","Albania","Women","1970-1979","High",1588.37134511769,110.068117916584,63.0562942922115,6.9,57.3
"14","DHS","Albania","Women","1970-1979","Low",1577.64525140822,91.890357747674,36.8321258425713,5.8,40.1
"15","DHS","Albania","Women","1980-1989","High",372.710062220693,47.6523604989052,33.2331722676754,12.8,69.7
"16","DHS","Albania","Women","1980-1989","Low",443.980051755905,34.3591855019331,24.9030053019524,7.7,72.5
"17","DHS","Angola","Men","1960-1969","High",301.68770262599,3.58698497712612,0.881335020065308,1.2,24.6
"18","DHS","Angola","Men","1960-1969","Low",286.115399546921,8.77840203791857,1.7876989915967,3.1,20.4
"19","DHS","Angola","Men","1970-1979","High",523.977794855833,12.2001059949398,8.63119408488274,2.3,70.7
"20","DHS","Angola","Men","1970-1979","Low",426.879263013601,9.4566620439291,5.58685600757599,2.2,59.1
"21","DHS","Angola","Men","1980-1989","High",63.5374719724059,0.978485971689224,0.978485971689224,1.5,100
"22","DHS","Angola","Men","1980-1989","Low",63.5218601077795,1.66597598791122,1.17520497739315,2.6,70.5
"23","DHS","Angola","Women","1960-1969","High",318.418462745845,5.9491400718689,1.9415540099144,1.9,32.6
"24","DHS","Angola","Women","1960-1969","Low",337.679744333029,10.4302201718092,2.78629106283188,3.1,26.7
"25","DHS","Angola","Women","1970-1979","High",1237.25872204453,30.9833237379789,20.1416557431221,2.5,65
"26","DHS","Angola","Women","1970-1979","Low",1430.41973352432,43.196905657649,7.11143100261688,3,16.5
"27","DHS","Angola","Women","1980-1989","High",93.8752850592136,3.51234495639801,0.631065011024475,3.7,18
"28","DHS","Angola","Women","1980-1989","Low",224.023907020688,3.77007095515728,3.60606795549393,1.7,95.6
"29","DHS","Armenia","Men","1960-1969","High",106.972163423896,4.89395207166672,4.89395207166672,4.6,100
"30","DHS","Armenia","Men","1960-1969","Low",131.908103495836,5.36020505428314,2.55918401479721,4.1,47.7
"31","DHS","Armenia","Men","1970-1979","High",290.427566081285,42.6512052714825,30.3156511485577,14.7,71.1
"32","DHS","Armenia","Men","1970-1979","Low",437.116333678365,46.4822831749916,34.0101721286774,10.6,73.2
"33","DHS","Armenia","Men","1980-1989","High",32.0124947875738,5.28763994574547,3.40371689200401,16.5,64.4
"34","DHS","Armenia","Men","1980-1989","Low",52.7324796617031,11.2797028720379,8.78825584053993,21.4,77.9
"35","DHS","Armenia","Women","1960-1969","High",281.211001217365,28.8083467036486,23.5195248425007,10.2,81.6
"36","DHS","Armenia","Women","1960-1969","Low",252.273642718792,11.5040639638901,7.21526086330414,4.6,62.7
"37","DHS","Armenia","Women","1970-1979","High",811.796885505319,102.071133345366,74.1189105212688,12.6,72.6
"38","DHS","Armenia","Women","1970-1979","Low",790.78334659338,50.4890409260988,26.9707919806242,6.4,53.4
"39","DHS","Armenia","Women","1980-1989","High",114.501544326544,15.5082279443741,14.8643699288368,13.5,95.8
"40","DHS","Armenia","Women","1980-1989","Low",106.315888091922,8.11607491970062,7.29129794239998,7.6,89.8
"41","DHS","Azerbaijan","Men","1940-1949","High",26.9703082293272,1.5364990234375,1.5364990234375,5.7,100
"42","DHS","Azerbaijan","Men","1940-1949","Low",28.4576850682497,NA,NA,NA,NA
"43","DHS","Azerbaijan","Men","1950-1959","High",221.237464301288,7.51035490632057,2.92788195610046,3.4,39
"44","DHS","Azerbaijan","Men","1950-1959","Low",228.279258843511,14.0422660708427,5.20624399185181,6.2,37.1
"45","DHS","Azerbaijan","Men","1960-1969","High",265.952248800546,16.7360420376062,3.08338701725006,6.3,18.4
"46","DHS","Azerbaijan","Men","1960-1969","Low",354.712805710733,16.489116795361,6.75688502937555,4.6,41
"47","DHS","Azerbaijan","Men","1960-1969",NA,0.679857015609741,NA,NA,NA,NA
"48","DHS","Azerbaijan","Men","1970-1979","High",40.8253841623664,1.6900680065155,1.04096698760986,4.1,61.6
"49","DHS","Azerbaijan","Men","1970-1979","Low",80.7090639173985,9.65035600960255,5.51499201357365,12,57.1
"50","DHS","Azerbaijan","Men","1970-1979",NA,1.04096698760986,1.04096698760986,NA,100,NA
"51","DHS","Azerbaijan","Women","1950-1959","High",224.183983851224,16.9588810428977,10.007205016911,7.6,59
"52","DHS","Azerbaijan","Women","1950-1959","Low",340.690510876477,32.641617000103,20.5937610045075,9.6,63.1
"53","DHS","Azerbaijan","Women","1960-1969","High",848.137928441167,84.657180249691,53.1473171114922,10,62.8
"54","DHS","Azerbaijan","Women","1960-1969","Low",1611.14063341543,172.868272997439,103.72654736042,10.7,60
"55","DHS","Azerbaijan","Women","1970-1979","High",144.773283429444,32.1624601781368,29.8065971434116,22.2,92.7
"56","DHS","Azerbaijan","Women","1970-1979","Low",291.769980661571,59.806558996439,42.8733050525188,20.5,71.7
"57","DHS","Benin","Men","1950-1959","High",83.0067211091518,0.46408998966217,NA,0.6,NA
"58","DHS","Benin","Men","1950-1959","Low",197.306767940521,2.57328402996063,2.57328402996063,1.3,100
"59","DHS","Benin","Men","1960-1969","High",289.294661581516,3.0300969183445,NA,1,NA
"60","DHS","Benin","Men","1960-1969","Low",446.30778875947,9.93738996982574,5.12220698595047,2.2,51.5
"61","DHS","Benin","Men","1970-1979","High",471.168204605579,15.7702479660511,7.78596696257591,3.3,49.4
"62","DHS","Benin","Men","1970-1979","Low",798.375034809113,14.8237459659576,4.28988689184189,1.9,28.9
"63","DHS","Benin","Men","1980-1989","High",151.482524052262,10.9367669224739,5.93536594510078,7.2,54.3
"64","DHS","Benin","Men","1980-1989","Low",454.673539847136,21.4803699553013,9.97152504324913,4.7,46.4
"65","DHS","Benin","Women","1960-1969","High",91.5177696943283,3.89495491981506,1.69422602653503,4.3,43.5
"66","DHS","Benin","Women","1960-1969","Low",307.906043201685,3.74600100517273,0.541333019733429,1.2,14.5
"67","DHS","Benin","Women","1970-1979","High",619.422930449247,15.1597088575363,3.73290893435478,2.4,24.6
"68","DHS","Benin","Women","1970-1979","Low",2102.56579202414,18.9864901006222,2.36154001951218,0.9,12.4
"69","DHS","Benin","Women","1980-1989","High",277.197362005711,8.07634508609772,1.30961298942566,2.9,16.2
"70","DHS","Benin","Women","1980-1989","Low",1068.82311987877,17.4154617786407,2.34692895412445,1.6,13.5
"71","DHS","Bolivia","Men","1940-1949","High",116.364701896906,11.0101638771594,3.58543694019318,9.5,32.6
"72","DHS","Bolivia","Men","1940-1949","Low",212.048661250621,7.58449489250779,1.87404597178102,3.6,24.7
"73","DHS","Bolivia","Men","1950-1959","High",374.368273839355,19.4199649915099,12.522066950798,5.2,64.5
"74","DHS","Bolivia","Men","1950-1959","Low",407.936693012714,17.3755450844765,9.57662001252174,4.3,55.1
"75","DHS","Bolivia","Men","1960-1969","High",557.673025544733,44.9726018086076,34.3063557222486,8.1,76.3
"76","DHS","Bolivia","Men","1960-1969","Low",599.52713547647,32.7981361113489,18.1788211129606,5.5,55.4
"77","DHS","Bolivia","Men","1970-1979","High",226.24317535758,21.4022010043263,15.7105591595173,9.5,73.4
"78","DHS","Bolivia","Men","1970-1979","Low",208.068324178457,8.75686490908265,5.75899285450578,4.2,65.8
"79","DHS","Bolivia","Women","1950-1959","High",192.239526048303,11.1154998913407,6.77533602714539,5.8,61
"80","DHS","Bolivia","Women","1950-1959","Low",326.841538060457,17.6692489981651,6.4186720252037,5.4,36.3
"81","DHS","Bolivia","Women","1960-1969","High",1448.53807724267,88.7292002439499,56.13188816607,6.1,63.3
"82","DHS","Bolivia","Women","1960-1969","Low",2192.21394227073,55.400635778904,22.974721878767,2.5,41.5
"83","DHS","Bolivia","Women","1970-1979","High",599.612564805895,62.8314500823617,40.1257921755314,10.5,63.9
"84","DHS","Bolivia","Women","1970-1979","Low",831.801371142268,19.3925171196461,12.7523590922356,2.3,65.8
"85","DHS","Brazil","Men","1930-1939","High",43.6377623677254,NA,NA,NA,NA
"86","DHS","Brazil","Men","1930-1939","Low",65.7662436366081,5.26488500833511,1.16297805309296,8,22.1
"87","DHS","Brazil","Men","1940-1949","High",135.343547910452,11.5488970577717,2.37056708335876,8.5,20.5
"88","DHS","Brazil","Men","1940-1949","Low",300.159877151251,18.5954060554504,9.82391706109047,6.2,52.8
"89","DHS","Brazil","Men","1950-1959","High",249.163251131773,26.7834133505821,8.51220116019249,10.7,31.8
"90","DHS","Brazil","Men","1950-1959","Low",321.138666599989,18.62742421031,13.669044137001,5.8,73.4
"91","DHS","Brazil","Men","1960-1969","High",32.0809660553932,3.76924303174019,2.21847900748253,11.7,58.9
"92","DHS","Brazil","Men","1960-1969","Low",35.9106723666191,7.27970811724663,4.78540015220642,20.3,65.7
"93","DHS","Brazil","Women","1940-1949","High",346.236400902271,43.7580047547817,24.4662658274174,12.6,55.9
"94","DHS","Brazil","Women","1940-1949","Low",518.088947027922,30.8359268903732,13.9613780081272,6,45.3
"95","DHS","Brazil","Women","1950-1959","High",1237.2939337492,165.06400513649,114.324058294296,13.3,69.3
"96","DHS","Brazil","Women","1950-1959","Low",1833.81473943591,109.990848630667,56.3328677117825,6,51.2
"97","DHS","Brazil","Women","1950-1959",NA,1.59267294406891,NA,NA,NA,NA
"98","DHS","Brazil","Women","1960-1969","High",196.356768041849,29.6646917462349,19.3643007874489,15.1,65.3
"99","DHS","Brazil","Women","1960-1969","Low",267.811458677053,12.1092090606689,7.57270395755768,4.5,62.5
"100","DHS","Burkina Faso","Men","1950-1959","High",128.40321367979,0.947479009628296,NA,0.7,NA
"101","DHS","Burkina Faso","Men","1950-1959","Low",556.72592484951,4.72033387422562,NA,0.8,NA
"102","DHS","Burkina Faso","Men","1960-1969","High",255.554566890001,5.52998811006546,3.52595001459122,2.2,63.8
"103","DHS","Burkina Faso","Men","1960-1969","Low",1037.2441060245,9.08587792515755,NA,0.9,NA
"104","DHS","Burkina Faso","Men","1970-1979","High",270.476404517889,24.8340087532997,16.0071638524532,9.2,64.5
"105","DHS","Burkina Faso","Men","1970-1979","Low",695.052548468113,35.0622218549252,12.4779149889946,5,35.6
"106","DHS","Burkina Faso","Women","1960-1969","High",315.288482964039,9.43821197748184,5.56590396165848,3,59
"107","DHS","Burkina Faso","Women","1960-1969","Low",2162.7836227119,12.7730839252472,NA,0.6,NA
"108","DHS","Burkina Faso","Women","1970-1979","High",309.662696629763,8.11618199944496,4.32669797539711,2.6,53.3
"109","DHS","Burkina Faso","Women","1970-1979","Low",2131.12593835592,13.2496599853039,NA,0.6,NA
"110","DHS","Burundi","Men","1950-1959","High",88.9404346495867,0.632936000823975,0.632936000823975,0.7,100
"111","DHS","Burundi","Men","1950-1959","Low",135.389944687486,3.07236295938492,1.53641599416733,2.3,50
"112","DHS","Burundi","Men","1960-1969","High",295.064229927957,8.60097298026085,7.02508202195168,2.9,81.7
"113","DHS","Burundi","Men","1960-1969","Low",630.334532625973,9.68870994448662,6.30878400802612,1.5,65.1
"114","DHS","Burundi","Men","1970-1979","High",608.126831352711,16.1592800468206,8.96297995746136,2.7,55.5
"115","DHS","Burundi","Men","1970-1979","Low",609.065969638526,15.6542189717293,6.55272299051285,2.6,41.9
"116","DHS","Burundi","Men","1980-1989","High",104.477578133345,6.16814199835062,5.38581901043653,5.9,87.3
"117","DHS","Burundi","Men","1980-1989","Low",258.874617271125,1.78909000009298,0.777366004884243,0.7,43.5
"118","DHS","Burundi","Women","1960-1969","High",155.583455510437,1.11270904541016,NA,0.7,NA
"119","DHS","Burundi","Women","1960-1969","Low",504.193625845015,20.0584310889244,12.6319000124931,4,63
"120","DHS","Burundi","Women","1970-1979","High",1171.34866462275,41.403141900897,24.8643307983875,3.5,60.1
"121","DHS","Burundi","Women","1970-1979","Low",1938.4636651203,67.3969480767846,41.5040381252766,3.5,61.6
"122","DHS","Burundi","Women","1980-1989","High",410.448423814029,21.0787497907877,16.2604938149452,5.1,77.1
"123","DHS","Burundi","Women","1980-1989","Low",540.654251337051,28.8493269383907,20.4095409810543,5.3,70.7
"124","DHS","Cambodia","Men","1960-1969","High",234.465483691543,6.90005511045456,NA,2.9,NA
"125","DHS","Cambodia","Men","1960-1969","Low",343.017769053578,9.72355704009533,0.208885997533798,2.8,2.1
"126","DHS","Cambodia","Men","1970-1979","High",453.492038168013,25.814572840929,7.01766201853752,5.7,27.2
"127","DHS","Cambodia","Men","1970-1979","Low",676.55680513382,26.9525760859251,13.47718501091,4,50
"128","DHS","Cambodia","Women","1960-1969","High",784.004070989788,58.6218226253986,37.1781177967787,7.5,63.4
"129","DHS","Cambodia","Women","1960-1969","Low",1204.53513019532,76.2502578943968,44.4234898537397,6.3,58.3
"130","DHS","Cambodia","Women","1970-1979","High",1549.69938259944,126.343912925571,78.4120160527527,8.2,62.1
"131","DHS","Cambodia","Women","1970-1979","Low",2247.59707672894,174.035010676831,112.58587981388,7.7,64.7
"132","DHS","Cameroon","Men","1950-1959","High",95.6564587056637,0.43538698554039,NA,0.5,NA
"133","DHS","Cameroon","Men","1950-1959","Low",170.974137105048,7.17913416028023,NA,4.2,NA
"134","DHS","Cameroon","Men","1960-1969","High",306.398448437452,3.7160239815712,NA,1.2,NA
"135","DHS","Cameroon","Men","1960-1969","Low",373.774417132139,9.32827892899513,4.09371599555016,2.5,43.9
"136","DHS","Cameroon","Men","1970-1979","High",490.753151543438,18.2034640014172,12.8989759683609,3.7,70.9
"137","DHS","Cameroon","Men","1970-1979","Low",544.809024579823,27.1807520985603,15.4235181212425,5,56.7
"138","DHS","Cameroon","Men","1970-1979",NA,0.997474014759064,NA,NA,NA,NA
"139","DHS","Cameroon","Men","1980-1989","High",244.334528297186,27.6080597192049,14.8726227283478,11.3,53.9
"140","DHS","Cameroon","Men","1980-1989","Low",316.13892249018,26.7390979528427,21.5483739376068,8.5,80.6
"141","DHS","Cameroon","Women","1950-1959","High",172.952172964811,5.99324104189873,NA,3.5,NA
"142","DHS","Cameroon","Women","1950-1959","Low",158.569527573884,4.2321919798851,NA,2.7,NA
"143","DHS","Cameroon","Women","1960-1969","High",503.400665067136,12.946887075901,3.78879800438881,2.6,29.3
"144","DHS","Cameroon","Women","1960-1969","Low",391.566918678582,13.0610599517822,2.49826794862747,3.3,19.1
"145","DHS","Cameroon","Women","1970-1979","High",1205.5288939327,46.3180402517319,11.2342630624771,3.8,24.3
"146","DHS","Cameroon","Women","1970-1979","Low",888.036327444017,25.6313428878784,NA,2.9,NA
"147","DHS","Cameroon","Women","1980-1989","High",464.231957748532,28.2534178346395,18.6523987799883,6.1,66
"148","DHS","Cameroon","Women","1980-1989","Low",768.203572198749,23.7375168502331,11.1942738890648,3.1,47.2
"149","DHS","Central African Republic","Men","1930-1939","High",27.133944272995,NA,NA,NA,NA
"150","DHS","Central African Republic","Men","1930-1939","Low",66.7508078217506,8.35695683956146,NA,12.5,NA
"151","DHS","Central African Republic","Men","1940-1949","High",57.2825422883034,NA,NA,NA,NA
"152","DHS","Central African Republic","Men","1940-1949","Low",134.208845794201,11.5554939508438,0.961750984191895,8.6,8.3
"153","DHS","Central African Republic","Men","1950-1959","High",145.588724374771,10.1097878813744,5.11526083946228,6.9,50.6
"154","DHS","Central African Republic","Men","1950-1959","Low",161.990071296692,24.1079186797142,9.78078591823578,14.9,40.6
"155","DHS","Central African Republic","Men","1960-1969","High",0.968336999416351,NA,NA,NA,NA
"156","DHS","Central African Republic","Men","1960-1969","Low",3.2590469121933,1.33554494380951,NA,41,NA
"157","DHS","Central African Republic","Women","1940-1949","High",44.1577530503273,3.78282308578491,NA,8.6,NA
"158","DHS","Central African Republic","Women","1940-1949","Low",385.714032769203,32.0017302632332,1.77607399225235,8.3,5.5
"159","DHS","Central African Republic","Women","1950-1959","High",271.84455537796,4.49254393577576,0.98506897687912,1.7,21.9
"160","DHS","Central African Republic","Women","1950-1959","Low",881.355577707291,84.4860591888428,11.1161888837814,9.6,13.2
"161","DHS","Central African Republic","Women","1960-1969","High",0.959159970283508,NA,NA,NA,NA
"162","DHS","Central African Republic","Women","1960-1969","Low",6.16341012716293,NA,NA,NA,NA
"163","DHS","Chad","Men","1950-1959","High",79.8976146578789,NA,NA,NA,NA
"164","DHS","Chad","Men","1950-1959","Low",130.953831113875,3.83452296257019,NA,2.9,NA
"165","DHS","Chad","Men","1960-1969","High",248.940873786807,3.63404595851898,1.36151194572449,1.5,37.5
"166","DHS","Chad","Men","1960-1969","Low",427.50952828303,8.01284590736032,2.13456296920776,1.9,26.6
"167","DHS","Chad","Men","1960-1969",NA,1.04981994628906,NA,NA,NA,NA
"168","DHS","Chad","Men","1970-1979","High",461.237838093191,20.4441580921412,11.9309410750866,4.4,58.4
"169","DHS","Chad","Men","1970-1979","Low",568.653972618282,3.024139970541,0.610938012599945,0.5,20.2
"170","DHS","Chad","Men","1970-1979",NA,3.95887598395348,NA,NA,NA,NA
"171","DHS","Chad","Men","1980-1989","High",32.698638331145,1.11445105075836,1.11445105075836,3.4,100
"172","DHS","Chad","Men","1980-1989","Low",48.4625024981797,0.92306798696518,NA,1.9,NA
"173","DHS","Chad","Women","1960-1969","High",260.204681612551,1.40070098638535,NA,0.5,NA
"174","DHS","Chad","Women","1960-1969","Low",1000.06714121625,9.17891097068787,1.31557700037956,0.9,14.3
"175","DHS","Chad","Women","1970-1979","High",774.599259629846,15.1507761850953,6.28320115804672,2,41.5
"176","DHS","Chad","Women","1970-1979","Low",2689.1318487376,26.2657119631767,7.18402102589607,1,27.4
"177","DHS","Chad","Women","1970-1979",NA,2.45683598518372,NA,NA,NA,NA
"178","DHS","Chad","Women","1980-1989","High",54.7964587807655,3.61724805831909,NA,6.6,NA
"179","DHS","Chad","Women","1980-1989","Low",129.714018620551,NA,NA,NA,NA
"180","DHS","Colombia","Men","1950-1959","High",1076.97040160466,68.2505317362957,37.1610838035122,6.3,54.4
"181","DHS","Colombia","Men","1950-1959","Low",976.673028848134,124.163017684594,63.7684575505555,12.7,51.4
"182","DHS","Colombia","Men","1960-1969","High",3159.80047036591,328.392851834651,156.424912160262,10.4,47.6
"183","DHS","Colombia","Men","1960-1969","Low",2881.33095540386,335.76965532545,169.672066293657,11.7,50.5
"184","DHS","Colombia","Men","1970-1979","High",3866.93053629226,755.288648113143,420.398869847413,19.5,55.7
"185","DHS","Colombia","Men","1970-1979","Low",2739.40911569842,400.104884549975,226.862104635686,14.6,56.7
"186","DHS","Colombia","Men","1980-1989","High",273.411218963796,94.0334679353982,48.0704493718222,34.4,51.1
"187","DHS","Colombia","Men","1980-1989","Low",186.242873121519,29.2752230642363,14.3800450228155,15.7,49.1
"188","DHS","Colombia","Women","1960-1969","High",2251.10081683798,165.551158755086,82.2886992320418,7.4,49.7
"189","DHS","Colombia","Women","1960-1969","Low",1658.73206064268,49.7680091299117,25.6801712438464,3,51.6
"190","DHS","Colombia","Women","1970-1979","High",5548.32792527345,532.453105947468,289.221644061152,9.6,54.3
"191","DHS","Colombia","Women","1970-1979","Low",3369.56006362941,101.48305449076,46.706997198984,3,46
"192","DHS","Colombia","Women","1980-1989","High",354.036836795975,39.519412457943,27.0420053452253,11.2,68.4
"193","DHS","Colombia","Women","1980-1989","Low",191.723391872831,4.28881701827049,2.11665996909142,2.2,49.4
"194","DHS","Comoros","Men","1950-1959","High",36.0449110269547,2.03269603848457,NA,5.6,NA
"195","DHS","Comoros","Men","1950-1959","Low",59.4668841809034,2.45508801937103,NA,4.1,NA
"196","DHS","Comoros","Men","1960-1969","High",122.048236086965,12.0811339318752,0.932462990283966,9.9,7.7
"197","DHS","Comoros","Men","1960-1969","Low",163.526028886437,7.66090399026871,4.24642795324326,4.7,55.4
"198","DHS","Comoros","Men","1960-1969",NA,1.85808801651001,NA,NA,NA,NA
"199","DHS","Comoros","Men","1970-1979","High",163.145823195577,28.3472609370947,8.51278202235699,17.4,30
"200","DHS","Comoros","Men","1970-1979","Low",241.196291342378,27.2489480376244,10.5521950423717,11.3,38.7
"201","DHS","Comoros","Men","1970-1979",NA,3.8560299873352,3.8560299873352,NA,100,NA
"202","DHS","Comoros","Women","1960-1969","High",147.197940140963,8.66782206296921,NA,5.9,NA
"203","DHS","Comoros","Women","1960-1969","Low",274.62974999845,13.8902379274368,NA,5.1,NA
"204","DHS","Comoros","Women","1960-1969",NA,1.08763694763184,NA,NA,NA,NA
"205","DHS","Comoros","Women","1970-1979","High",363.645061045885,58.4908977746964,19.4010927975178,16.1,33.2
"206","DHS","Comoros","Women","1970-1979","Low",582.114670865238,40.2882632017136,9.84723910689354,6.9,24.4
"207","DHS","Comoros","Women","1970-1979",NA,6.32177293300629,NA,NA,NA,NA
"208","DHS","Congo","Men","1950-1959","High",174.488945476711,1.54875904321671,NA,0.9,NA
"209","DHS","Congo","Men","1950-1959","Low",148.403762601316,2.44658002257347,2.16990002989769,1.6,88.7
"210","DHS","Congo","Men","1960-1969","High",453.489536300302,12.415148884058,3.76503399014473,2.7,30.3
"211","DHS","Congo","Men","1960-1969","Low",350.702794887125,17.1379777640104,12.3637578785419,4.9,72.1
"212","DHS","Congo","Men","1970-1979","High",560.535914741457,25.4534997195005,9.99946282804012,4.5,39.3
"213","DHS","Congo","Men","1970-1979","Low",313.98146559298,17.0588800311089,11.4914940148592,5.4,67.4
"214","DHS","Congo","Women","1960-1969","High",803.226486802101,22.9769720882177,5.3296469449997,2.9,23.2
"215","DHS","Congo","Women","1960-1969","Low",449.643930315971,4.32334200292826,0.68154801428318,1,15.8
"216","DHS","Congo","Women","1970-1979","High",1150.12892656028,37.6131929606199,6.93104700744152,3.3,18.4
"217","DHS","Congo","Women","1970-1979","Low",613.090416610241,8.30117909610271,2.6018610149622,1.4,31.3
"218","DHS","Democratic Republic of the Congo","Men","1950-1959","High",252.482953302562,2.14618104696274,NA,0.9,NA
"219","DHS","Democratic Republic of the Congo","Men","1950-1959","Low",248.951790317893,9.02922877669334,4.92353385686874,3.6,54.5
"220","DHS","Democratic Republic of the Congo","Men","1960-1969","High",672.616029515862,9.5174620449543,2.36763194203377,1.4,24.9
"221","DHS","Democratic Republic of the Congo","Men","1960-1969","Low",555.167914584279,17.4351278468966,6.96976390480995,3.1,40
"222","DHS","Democratic Republic of the Congo","Men","1970-1979","High",807.644609868526,28.9633866250515,9.85655689239502,3.6,34
"223","DHS","Democratic Republic of the Congo","Men","1970-1979","Low",686.803194470704,20.8092498555779,11.4089678823948,3,54.8
"224","DHS","Democratic Republic of the Congo","Women","1960-1969","High",714.614047214389,23.5291981399059,8.59091320633888,3.3,36.5
"225","DHS","Democratic Republic of the Congo","Women","1960-1969","Low",762.651838354766,13.3488730713725,NA,1.8,NA
"226","DHS","Democratic Republic of the Congo","Women","1970-1979","High",1750.05671140552,64.3745644539595,34.108280479908,3.7,53
"227","DHS","Democratic Republic of the Congo","Women","1970-1979","Low",1692.15014625341,59.7627865895629,4.24406590312719,3.5,7.1
"228","DHS","Dominican Republic","Men","1940-1949","High",99.3448560461402,3.04129594564438,1.80840998888016,3.1,59.5
"229","DHS","Dominican Republic","Men","1940-1949","Low",102.797062195837,8.61091390252113,3.79138293862343,8.4,44
"230","DHS","Dominican Republic","Men","1940-1949",NA,0.261058002710342,NA,NA,NA,NA
"231","DHS","Dominican Republic","Men","1950-1959","High",227.765172168612,6.00926697254181,1.23894196748734,2.6,20.6
"232","DHS","Dominican Republic","Men","1950-1959","Low",174.273916743696,13.5468227863312,3.83437794446945,7.8,28.3
"233","DHS","Dominican Republic","Men","1960-1969","High",274.480793774128,20.44256465137,5.76233798265457,7.4,28.2
"234","DHS","Dominican Republic","Men","1960-1969","Low",187.686852008104,29.0264537855983,12.518211722374,15.5,43.1
"235","DHS","Dominican Republic","Men","1960-1969",NA,5.64332377910614,NA,NA,NA,NA
"236","DHS","Dominican Republic","Women","1950-1959","High",1547.09661846608,101.34225141257,27.2717640995979,6.6,26.9
"237","DHS","Dominican Republic","Women","1950-1959","Low",1699.72729369253,48.9634891375899,6.66912090778351,2.9,13.6
"238","DHS","Dominican Republic","Women","1950-1959",NA,2.38207805156708,NA,NA,NA,NA
"239","DHS","Dominican Republic","Women","1960-1969","High",2500.31046245247,148.015487581491,69.465249337256,5.9,46.9
"240","DHS","Dominican Republic","Women","1960-1969","Low",2025.82323209196,70.8352177515626,16.9043970257044,3.5,23.9
"241","DHS","Dominican Republic","Women","1960-1969",NA,0.0869290009140968,NA,NA,NA,NA
"242","DHS","Ethiopia","Men","1950-1959","High",72.970789488405,1.13618703559041,0.116935003548861,1.6,10.3
"243","DHS","Ethiopia","Men","1950-1959","Low",157.682598299347,4.48133993148804,NA,2.8,NA
"244","DHS","Ethiopia","Men","1960-1969","High",385.296655433252,16.5927519705147,9.11338789388537,4.3,54.9
"245","DHS","Ethiopia","Men","1960-1969","Low",941.504019253887,12.1742618801072,NA,1.3,NA
"246","DHS","Ethiopia","Men","1970-1979","High",806.657074751332,76.4026616998017,45.4344088993967,9.5,59.5
"247","DHS","Ethiopia","Men","1970-1979","Low",1599.07878126111,47.3240067418665,26.3657199749723,3,55.7
"248","DHS","Ethiopia","Men","1980-1989","High",131.517406282946,30.7188132349402,16.2342681307346,23.4,52.8
"249","DHS","Ethiopia","Men","1980-1989","Low",526.859845391475,26.2476547807455,15.7813449017704,5,60.1
"250","DHS","Ethiopia","Women","1960-1969","High",111.293334694579,9.85513588786125,3.09592598676682,8.9,31.4
"251","DHS","Ethiopia","Women","1960-1969","Low",426.02659539599,7.2653140835464,NA,1.7,NA
"252","DHS","Ethiopia","Women","1970-1979","High",606.303931029513,62.6270927283913,41.9393576979637,10.3,67
"253","DHS","Ethiopia","Women","1970-1979","Low",2241.60352177732,32.4846961274743,4.39269998297095,1.4,13.5
"254","DHS","Ethiopia","Women","1980-1989","High",152.217710930854,15.7620438300073,7.85427398607135,10.4,49.8
"255","DHS","Ethiopia","Women","1980-1989","Low",700.911717603914,28.2898431234062,12.3415771648288,4,43.6
"256","DHS","Gabon","Men","1950-1959","High",220.942560713738,1.62272200733423,0.671391010284424,0.7,41.4
"257","DHS","Gabon","Men","1950-1959","Low",138.510839503258,2.13901202380657,1.13402401655912,1.5,53
"258","DHS","Gabon","Men","1950-1959",NA,4.78252220153809,NA,NA,NA,NA
"259","DHS","Gabon","Men","1960-1969","High",543.812726423144,17.2402067556977,0.0672790035605431,3.2,0.4
"260","DHS","Gabon","Men","1960-1969","Low",383.822736639529,11.7104330174625,5.55252800881863,3.1,47.4
"261","DHS","Gabon","Men","1960-1969",NA,0.245775997638702,NA,NA,NA,NA
"262","DHS","Gabon","Men","1970-1979","High",574.2394073084,54.2803498059511,20.5201693177223,9.5,37.8
"263","DHS","Gabon","Men","1970-1979","Low",376.988825235516,46.8024040646851,26.0029387921095,12.4,55.6
"264","DHS","Gabon","Men","1970-1979",NA,4.78252220153809,NA,NA,NA,NA
"265","DHS","Gabon","Women","1960-1969","High",686.231819190085,23.0808573067188,4.97582606971264,3.4,21.6
"266","DHS","Gabon","Women","1960-1969","Low",317.239507164806,10.9089129790664,2.06358394026756,3.4,18.9
"267","DHS","Gabon","Women","1970-1979","High",809.785218510777,45.0626543685794,16.3650471419096,5.6,36.3
"268","DHS","Gabon","Women","1970-1979","Low",489.561797223985,22.3071482032537,4.20358800888062,4.6,18.8
"269","DHS","Gabon","Women","1970-1979",NA,2.73959493637085,NA,NA,NA,NA
"270","DHS","Gambia","Men","1960-1969","High",196.020165920258,6.96263005584478,2.66754104197025,3.6,38.3
"271","DHS","Gambia","Men","1960-1969","Low",170.374688565731,1.04998302459717,NA,0.6,NA
"272","DHS","Gambia","Men","1970-1979","High",402.691760003567,27.1664328053594,18.4632979407907,6.7,68
"273","DHS","Gambia","Men","1970-1979","Low",290.613314814866,13.4732481688261,5.49603815376759,4.6,40.8
"274","DHS","Gambia","Men","1980-1989","High",276.95073351264,53.0205320119858,40.1296250224113,19.1,75.7
"275","DHS","Gambia","Men","1980-1989","Low",242.897563330829,23.422592073679,10.8072469234467,9.6,46.1
"276","DHS","Gambia","Women","1970-1979","High",605.057135015726,23.5194050073624,4.01474893093109,3.9,17.1
"277","DHS","Gambia","Women","1970-1979","Low",1093.77880010754,23.8546422272921,0.179158002138138,2.2,0.8
"278","DHS","Gambia","Women","1980-1989","High",621.278267256916,51.1919660717249,12.1110639870167,8.2,23.7
"279","DHS","Gambia","Women","1980-1989","Low",863.608458742499,18.9471517801285,3.41823896765709,2.2,18
"280","DHS","Ghana","Men","1950-1959","High",161.559469372034,3.5402569770813,NA,2.2,NA
"281","DHS","Ghana","Men","1950-1959","Low",64.3047530278563,1.28259205818176,1.28259205818176,2,100
"282","DHS","Ghana","Men","1960-1969","High",455.993153892457,21.9700319170952,14.0218650102615,4.8,63.8
"283","DHS","Ghana","Men","1960-1969","Low",201.830705597997,4.40763995051384,2.73654398322105,2.2,62.1
"284","DHS","Ghana","Men","1970-1979","High",636.947327010334,62.8951168358326,34.4987890124321,9.9,54.9
"285","DHS","Ghana","Men","1970-1979","Low",283.330401912332,12.0527700260282,6.22732603549957,4.3,51.7
"286","DHS","Ghana","Women","1960-1969","High",468.083192646503,13.6853098869324,1.07940995693207,2.9,7.9
"287","DHS","Ghana","Women","1960-1969","Low",398.411840543151,5.04147201776505,0.563367009162903,1.3,11.2
"288","DHS","Ghana","Women","1970-1979","High",1333.6295235604,74.4600051343441,21.4737919569016,5.6,28.8
"289","DHS","Ghana","Women","1970-1979","Low",982.083874195814,23.5631718337536,3.76000997424126,2.4,16
"290","DHS","Guatemala","Men","1950-1959","High",205.486696183681,10.213830113411,4.8081910610199,5,47.1
"291","DHS","Guatemala","Men","1950-1959","Low",332.841001100838,11.5429321527481,5.67490205168724,3.5,49.2
"292","DHS","Guatemala","Men","1960-1969","High",622.605537436903,36.2546497881413,25.830776900053,5.8,71.2
"293","DHS","Guatemala","Men","1960-1969","Low",837.845843650401,37.047524958849,22.6756399869919,4.4,61.2
"294","DHS","Guatemala","Men","1970-1979","High",1025.66746553779,90.1717248857021,57.0580280125141,8.8,63.3
"295","DHS","Guatemala","Men","1970-1979","Low",987.050388932228,89.1911464035511,57.0664373040199,9,64
"296","DHS","Guatemala","Men","1980-1989","High",17.1547259092331,1.87412995100021,0.386954009532928,10.9,20.6
"297","DHS","Guatemala","Men","1980-1989","Low",28.788272947073,2.54908394813538,2.54908394813538,8.9,100
"298","DHS","Guatemala","Women","1960-1969","High",749.119848057628,52.914913892746,36.1017038822174,7.1,68.2
"299","DHS","Guatemala","Women","1960-1969","Low",1274.29443185776,43.6000709831715,28.5402869880199,3.4,65.5
"300","DHS","Guatemala","Women","1970-1979","High",2330.19615660608,179.355685070157,130.715087965131,7.7,72.9
"301","DHS","Guatemala","Women","1970-1979","Low",3120.81725201011,162.337300047278,116.630051083863,5.2,71.8
"302","DHS","Guatemala","Women","1980-1989","High",63.8618043959141,10.3361819982529,7.1122270822525,16.2,68.8
"303","DHS","Guatemala","Women","1980-1989","Low",95.5293401181698,9.22308504581451,7.03046506643295,9.7,76.2
"304","DHS","Guinea","Men","1950-1959","High",10.6095230579376,NA,NA,NA,NA
"305","DHS","Guinea","Men","1950-1959","Low",26.8766978383064,NA,NA,NA,NA
"306","DHS","Guinea","Men","1960-1969","High",127.803618699312,2.29302495718002,1.65459394454956,1.8,72.2
"307","DHS","Guinea","Men","1960-1969","Low",387.159534007311,8.50912690162659,3.99341994524002,2.2,46.9
"308","DHS","Guinea","Men","1970-1979","High",248.298276662827,14.7630791068077,5.78690302371979,5.9,39.2
"309","DHS","Guinea","Men","1970-1979","Low",528.460366934538,18.7599620819092,6.35813701152802,3.5,33.9
"310","DHS","Guinea","Men","1980-1989","High",128.622170954943,30.2511030435562,14.812882900238,23.5,49
"311","DHS","Guinea","Men","1980-1989","Low",234.210090368986,24.3360807299614,14.0566598176956,10.4,57.8
"312","DHS","Guinea","Women","1960-1969","High",17.2727041244507,NA,NA,NA,NA
"313","DHS","Guinea","Women","1960-1969","Low",153.935481190681,11.0521720051765,2.9341059923172,7.2,26.5
"314","DHS","Guinea","Women","1970-1979","High",189.576278597116,14.9378319978714,2.52670800685883,7.9,16.9
"315","DHS","Guinea","Women","1970-1979","Low",1727.43912258744,72.0510136783123,9.00436598062515,4.2,12.5
"316","DHS","Guinea","Women","1980-1989","High",152.743810757995,13.0837070941925,5.47308611869812,8.6,41.8
"317","DHS","Guinea","Women","1980-1989","Low",924.987051740289,40.5420454740524,2.14475202560425,4.4,5.3
"318","DHS","Guyana","Men","1950-1959","High",25.3822789788246,0.665053009986877,0.305727005004883,2.6,46
"319","DHS","Guyana","Men","1950-1959","Low",20.4017199277878,0.593914985656738,NA,2.9,NA
"320","DHS","Guyana","Men","1960-1969","High",503.076846122742,65.3390367254615,28.1643407940865,13,43.1
"321","DHS","Guyana","Men","1960-1969","Low",379.250181738287,47.7924856096506,26.2143969237804,12.6,54.9
"322","DHS","Guyana","Men","1960-1969",NA,5.225929915905,2.19153690338135,2.19153690338135,41.9,100
"323","DHS","Guyana","Men","1970-1979","High",233.04598095268,35.2497779503465,18.8388522565365,15.1,53.4
"324","DHS","Guyana","Men","1970-1979","Low",172.793105971068,27.1167958974838,11.541354984045,15.7,42.6
"325","DHS","Guyana","Men","1970-1979",NA,0.2620530128479,NA,NA,NA,NA
"326","DHS","Guyana","Women","1950-1959","High",29.3854460716248,3.40560299158096,3.40560299158096,11.6,100
"327","DHS","Guyana","Women","1950-1959","Low",25.9607971608639,NA,NA,NA,NA
"328","DHS","Guyana","Women","1960-1969","High",762.113825105131,56.400091201067,26.9392140507698,7.4,47.8
"329","DHS","Guyana","Women","1960-1969","Low",481.406300697476,36.6059699207544,13.4330819547176,7.6,36.7
"330","DHS","Guyana","Women","1960-1969",NA,0.618870973587036,NA,NA,NA,NA
"331","DHS","Guyana","Women","1970-1979","High",384.395908512175,33.231180280447,19.275945276022,8.6,58
"332","DHS","Guyana","Women","1970-1979","Low",226.807658787817,13.8531990647316,6.65708303451538,6.1,48.1
"333","DHS","Guyana","Women","1970-1979",NA,0.842243015766144,NA,NA,NA,NA
"334","DHS","Haiti","Men","1950-1959","High",436.034496173263,7.82367798686028,2.96567103266716,1.8,37.9
"335","DHS","Haiti","Men","1950-1959","Low",667.398183643818,13.424175798893,8.77508980035782,2,65.4
"336","DHS","Haiti","Men","1960-1969","High",847.784428700805,31.8403361290693,13.0934710204601,3.8,41.1
"337","DHS","Haiti","Men","1960-1969","Low",1061.02718171477,29.4317889213562,15.6139881014824,2.8,53.1
"338","DHS","Haiti","Men","1970-1979","High",1012.60968193412,78.6636077463627,34.5722929239273,7.8,43.9
"339","DHS","Haiti","Men","1970-1979","Low",1227.59534145892,77.2304961383343,57.317969173193,6.3,74.2
"340","DHS","Haiti","Men","1980-1989","High",282.215291589499,46.1954716444016,25.5819509625435,16.4,55.4
"341","DHS","Haiti","Men","1980-1989","Low",319.045477434993,32.6303369998932,21.7182730138302,10.2,66.6
"342","DHS","Haiti","Women","1950-1959","High",104.458752915263,NA,NA,NA,NA
"343","DHS","Haiti","Women","1950-1959","Low",347.285344332457,NA,NA,NA,NA
"344","DHS","Haiti","Women","1960-1969","High",491.16210334748,15.3238918185234,6.18742591142654,3.1,40.4
"345","DHS","Haiti","Women","1960-1969","Low",716.0322785303,7.68596488237381,1.17464995384216,1.1,15.3
"346","DHS","Haiti","Women","1970-1979","High",1372.19298740476,135.288703292608,53.3080565035343,9.9,39.4
"347","DHS","Haiti","Women","1970-1979","Low",1351.06270597875,26.6193440407515,13.2500829845667,2,49.8
"348","DHS","Haiti","Women","1980-1989","High",268.170005589724,60.0970646068454,31.0250129103661,22.4,51.6
"349","DHS","Haiti","Women","1980-1989","Low",456.701193086803,18.1095076799393,10.9197837710381,4,60.3
"350","DHS","Honduras","Men","1950-1959","High",334.391919076443,13.0298281162977,7.02629512548447,3.9,53.9
"351","DHS","Honduras","Men","1950-1959","Low",413.091429978609,20.6389056891203,8.28373989462852,5,40.1
"352","DHS","Honduras","Men","1950-1959",NA,0.68972897529602,NA,NA,NA,NA
"353","DHS","Honduras","Men","1960-1969","High",554.946821972728,35.3025738298893,12.96120198071,6.4,36.7
"354","DHS","Honduras","Men","1960-1969","Low",574.82863073796,35.3676678240299,18.3558449298143,6.2,51.9
"355","DHS","Honduras","Men","1970-1979","High",603.379335574806,60.0547103136778,33.3558821827173,10,55.5
"356","DHS","Honduras","Men","1970-1979","Low",396.969958603382,52.3359428867698,27.0339947938919,13.2,51.7
"357","DHS","Honduras","Women","1960-1969","High",1696.3774580881,94.9608199447393,55.4612141400576,5.6,58.4
"358","DHS","Honduras","Women","1960-1969","Low",1410.69618821144,44.9112021327019,26.0395021140575,3.2,58
"359","DHS","Honduras","Women","1960-1969",NA,2.20243096351624,NA,NA,NA,NA
"360","DHS","Honduras","Women","1970-1979","High",2290.37400217354,122.485856577754,83.3291167914867,5.3,68
"361","DHS","Honduras","Women","1970-1979","Low",1356.92867834866,45.0870907902718,22.0797557830811,3.3,49
"362","DHS","India","Men","1960-1969","High",9012.49912431801,664.996858932544,123.118677444756,7.4,18.5
"363","DHS","India","Men","1960-1969","Low",7739.21250131261,521.608805985888,116.807875074679,6.7,22.4
"364","DHS","India","Men","1970-1979","High",14570.5695405725,1389.94074546534,479.731888718088,9.5,34.5
"365","DHS","India","Men","1970-1979","Low",10856.5741852339,850.295309399371,253.544164678548,7.8,29.8
"366","DHS","India","Men","1980-1989","High",1761.9999992724,253.953295347863,114.02501967689,14.4,44.9
"367","DHS","India","Men","1980-1989","Low",2042.34565762663,195.395913892775,74.5870046154596,9.6,38.2
"368","DHS","India","Women","1960-1969","High",23146.8507214462,945.330873692175,265.079311336041,4.1,28
"369","DHS","India","Women","1960-1969","Low",31054.1729250037,948.317473218078,136.613148659701,3.1,14.4
"370","DHS","India","Women","1970-1979","High",80216.5150642258,3449.23518634646,1069.13424993283,4.3,31
"371","DHS","India","Women","1970-1979","Low",86076.7310423487,2858.67546914134,619.114357659593,3.3,21.7
"372","DHS","India","Women","1980-1989","High",9312.75961753004,601.634976902511,242.285280389246,6.5,40.3
"373","DHS","India","Women","1980-1989","Low",13549.6149715666,601.679743311484,151.002778271679,4.4,25.1
"374","DHS","Indonesia","Men","1960-1969","High",1209.15488222241,25.1768631339073,NA,2.1,NA
"375","DHS","Indonesia","Men","1960-1969","Low",1196.18890265375,24.152056902647,NA,2,NA
"376","DHS","Indonesia","Men","1960-1969",NA,9.34927988052368,NA,NA,NA,NA
"377","DHS","Indonesia","Men","1970-1979","High",1532.95391181111,60.6091750264168,NA,4,NA
"378","DHS","Indonesia","Men","1970-1979","Low",2047.81785167009,85.2878050506115,NA,4.2,NA
"379","DHS","Indonesia","Men","1970-1979",NA,8.39067894220352,NA,NA,NA,NA
"380","DHS","Indonesia","Men","1980-1989","High",442.335051827133,29.0169791579247,NA,6.6,NA
"381","DHS","Indonesia","Men","1980-1989","Low",593.388999551535,29.7462758421898,NA,5,NA
"382","DHS","Indonesia","Men","1980-1989",NA,1.43535995483398,NA,NA,NA,NA
"383","DHS","Indonesia","Women","1960-1969","High",1245.44862890989,87.0145637467504,36.2693511024117,7,41.7
"384","DHS","Indonesia","Women","1960-1969","Low",1689.47797617316,79.2688131183386,23.0150388777256,4.7,29
"385","DHS","Indonesia","Women","1960-1969",NA,2.67692396044731,0.925059974193573,NA,34.6,NA
"386","DHS","Indonesia","Women","1970-1979","High",7310.80224135518,513.792257703841,213.668482139707,7,41.6
"387","DHS","Indonesia","Women","1970-1979","Low",6971.96561064571,283.304883934557,107.133555755019,4.1,37.8
"388","DHS","Indonesia","Women","1970-1979",NA,17.0124982893467,1.77507103979588,0.495015993714333,10.4,27.9
"389","DHS","Indonesia","Women","1980-1989","High",1692.66809028387,141.549169838428,48.9559158086777,8.4,34.6
"390","DHS","Indonesia","Women","1980-1989","Low",2670.76638227701,117.770377233624,44.3760541081429,4.4,37.7
"391","DHS","Indonesia","Women","1980-1989",NA,12.0154161602259,1.73538398742676,NA,14.4,NA
"392","DHS","Ivory Coast","Men","1950-1959","High",159.286662273109,0.287833005189896,0.287833005189896,0.2,100
"393","DHS","Ivory Coast","Men","1950-1959","Low",161.522210493684,2.39108204841614,NA,1.5,NA
"394","DHS","Ivory Coast","Men","1960-1969","High",352.08129850775,14.9493051469326,6.41786816716194,4.2,42.9
"395","DHS","Ivory Coast","Men","1960-1969","Low",398.274909261614,10.0395370423794,3.18642902374268,2.5,31.7
"396","DHS","Ivory Coast","Men","1970-1979","High",415.327649194747,34.2388578355312,21.736446917057,8.2,63.5
"397","DHS","Ivory Coast","Men","1970-1979","Low",400.895322050899,22.4933499656618,14.214755050838,5.6,63.2
"398","DHS","Ivory Coast","Women","1960-1969","High",352.183543555439,17.7278118431568,7.29748791456223,5,41.2
"399","DHS","Ivory Coast","Women","1960-1969","Low",704.385139793158,15.59709110111,1.01248800009489,2.2,6.5
"400","DHS","Ivory Coast","Women","1970-1979","High",587.70529832691,36.5177139639854,14.5270829945803,6.2,39.8
"401","DHS","Ivory Coast","Women","1970-1979","Low",1008.68526990712,21.5187280327082,4.44160094857216,2.1,20.6
"402","DHS","Ivory Coast","Women","1970-1979",NA,0.399506986141205,NA,NA,NA,NA
"403","DHS","Kazakhstan","Men","1930-1939","High",3.60114693641663,NA,NA,NA,NA
"404","DHS","Kazakhstan","Men","1930-1939","Low",3.17403197288513,NA,NA,NA,NA
"405","DHS","Kazakhstan","Men","1940-1949","High",75.3708589971066,1.07137799263,0.537073016166687,1.4,50.1
"406","DHS","Kazakhstan","Men","1940-1949","Low",92.6714776158333,1.96293097734451,NA,2.1,NA
"407","DHS","Kazakhstan","Men","1950-1959","High",147.510143846273,11.29886084795,6.90656989812851,7.7,61.1
"408","DHS","Kazakhstan","Men","1950-1959","Low",156.441019147635,2.03261396288872,2.03261396288872,1.3,100
"409","DHS","Kazakhstan","Men","1950-1959",NA,0.795659005641937,NA,NA,NA,NA
"410","DHS","Kazakhstan","Men","1960-1969","High",85.0822095870972,8.09264984726906,4.96226194500923,9.5,61.3
"411","DHS","Kazakhstan","Men","1960-1969","Low",119.686415225267,4.6019139289856,1.90408498048782,3.8,41.4
"412","DHS","Kazakhstan","Women","1940-1949","High",6.51732307672501,NA,NA,NA,NA
"413","DHS","Kazakhstan","Women","1940-1949","Low",11.2765109241009,NA,NA,NA,NA
"414","DHS","Kazakhstan","Women","1950-1959","High",336.152704209089,34.91656011343,28.3735380470753,10.4,81.3
"415","DHS","Kazakhstan","Women","1950-1959","Low",899.002222806215,34.3330420553684,18.8776660859585,3.8,55
"416","DHS","Kazakhstan","Women","1960-1969","High",180.56485080719,10.7199278771877,5.94522595405579,5.9,55.5
"417","DHS","Kazakhstan","Women","1960-1969","Low",518.993955552578,21.7848860919476,13.0080691277981,4.2,59.7
"418","DHS","Kenya","Men","1950-1959","High",22.9571379125118,NA,NA,NA,NA
"419","DHS","Kenya","Men","1950-1959","Low",21.5283438712358,NA,NA,NA,NA
"420","DHS","Kenya","Men","1960-1969","High",719.82074797526,17.3301011621952,12.208466142416,2.4,70.4
"421","DHS","Kenya","Men","1960-1969","Low",869.789123333991,25.9983052387834,14.846954151988,3,57.1
"422","DHS","Kenya","Men","1970-1979","High",1135.28923407942,36.1351220682263,21.3154929801822,3.2,59
"423","DHS","Kenya","Men","1970-1979","Low",1494.84637245536,99.9049202874303,57.015364266932,6.7,57.1
"424","DHS","Kenya","Women","1960-1969","High",1598.29333923012,31.623600140214,15.3589721471071,2,48.6
"425","DHS","Kenya","Women","1960-1969","Low",831.923508476466,14.1997219622135,0.931063011288643,1.7,6.6
"426","DHS","Kenya","Women","1970-1979","High",3985.79837677255,139.981206603348,101.48935469985,3.5,72.5
"427","DHS","Kenya","Women","1970-1979","Low",2498.76930486411,57.6927932351828,16.3872741162777,2.3,28.4
"428","DHS","Kyrgyzstan","Men","1960-1969","High",144.503457248211,2.4192550778389,NA,1.7,NA
"429","DHS","Kyrgyzstan","Men","1960-1969","Low",256.058145955205,5.15882906317711,3.16304904222488,2,61.3
"430","DHS","Kyrgyzstan","Men","1970-1979","High",145.098832920194,7.12300497293472,2.85179400444031,4.9,40
"431","DHS","Kyrgyzstan","Men","1970-1979","Low",318.228786230087,18.2751168310642,7.11444103717804,5.7,38.9
"432","DHS","Kyrgyzstan","Women","1960-1969","High",621.238563530147,18.6629050672054,10.7389611005783,3,57.5
"433","DHS","Kyrgyzstan","Women","1960-1969","Low",695.11144413054,17.0532648861408,4.69389098882675,2.5,27.5
"434","DHS","Kyrgyzstan","Women","1970-1979","High",606.073488488793,40.0212639868259,14.618979871273,6.6,36.5
"435","DHS","Kyrgyzstan","Women","1970-1979","Low",828.865694493055,27.1324031054974,6.03932502865791,3.3,22.3
"436","DHS","Lesotho","Men","1950-1959","High",61.0100127384067,6.15428805351257,0.345286011695862,10.1,5.6
"437","DHS","Lesotho","Men","1950-1959","Low",64.248538851738,2.22762796282768,1.37778297066689,3.5,61.8
"438","DHS","Lesotho","Men","1960-1969","High",152.110151976347,11.217089921236,7.75087496638298,7.4,69.1
"439","DHS","Lesotho","Men","1960-1969","Low",165.877698227763,16.7891589701176,5.53472006320953,10.1,33
"440","DHS","Lesotho","Men","1970-1979","High",260.92230489105,38.951965034008,21.6943399906158,14.9,55.7
"441","DHS","Lesotho","Men","1970-1979","Low",231.089118495584,45.670064046979,40.9216820895672,19.8,89.6
"442","DHS","Lesotho","Women","1960-1969","High",159.445259273052,10.7471608519554,6.02352088689804,6.7,56
"443","DHS","Lesotho","Women","1960-1969","Low",354.544994279742,13.8781611025333,0.782989978790283,3.9,5.6
"444","DHS","Lesotho","Women","1970-1979","High",533.280947893858,34.0264784097672,7.63187211751938,6.4,22.4
"445","DHS","Lesotho","Women","1970-1979","Low",757.894061490893,24.4854127764702,8.39975184202194,3.2,34.3
"446","DHS","Liberia","Men","1950-1959","High",2.32391905784607,NA,NA,NA,NA
"447","DHS","Liberia","Men","1960-1969","High",233.578976321965,NA,NA,NA,NA
"448","DHS","Liberia","Men","1960-1969","Low",193.683697734028,3.96812492609024,2.95038491487503,2,74.4
"449","DHS","Liberia","Men","1970-1979","High",412.344361744821,4.73780993372202,3.428337931633,1.1,72.4
"450","DHS","Liberia","Men","1970-1979","Low",326.089807160199,9.2222718000412,2.18609496951103,2.8,23.7
"451","DHS","Liberia","Men","1980-1989","High",273.213999994099,0.281547009944916,NA,0.1,NA
"452","DHS","Liberia","Men","1980-1989","Low",222.548800814897,7.06583622097969,5.4074482023716,3.2,76.5
"453","DHS","Liberia","Women","1960-1969","High",3.20147797465324,NA,NA,NA,NA
"454","DHS","Liberia","Women","1960-1969","Low",4.7356598675251,NA,NA,NA,NA
"455","DHS","Liberia","Women","1970-1979","High",502.287615984678,6.05768810212612,4.90304809808731,1.2,80.9
"456","DHS","Liberia","Women","1970-1979","Low",889.281434804201,8.84338289499283,0.832566976547241,1,9.4
"457","DHS","Liberia","Women","1980-1989","High",391.452188219875,4.71153205633163,2.41456604003906,1.2,51.2
"458","DHS","Liberia","Women","1980-1989","Low",623.580698270351,10.1495109200478,1.42933505773544,1.6,14.1
"459","DHS","Madagascar","Men","1940-1949","High",14.4800539389253,0.485190987586975,NA,3.4,NA
"460","DHS","Madagascar","Men","1940-1949","Low",18.5737779438496,NA,NA,NA,NA
"461","DHS","Madagascar","Men","1950-1959","High",347.572326980531,8.90041798353195,3.78216996788979,2.6,42.5
"462","DHS","Madagascar","Men","1950-1959","Low",649.50513228029,24.726220279932,3.97861903905869,3.8,16.1
"463","DHS","Madagascar","Men","1950-1959",NA,3.14117592573166,NA,NA,NA,NA
"464","DHS","Madagascar","Men","1960-1969","High",553.413730196655,23.2254670262337,4.49957206845284,4.2,19.4
"465","DHS","Madagascar","Men","1960-1969","Low",944.581698767841,37.0533473938704,10.3665399253368,3.9,28
"466","DHS","Madagascar","Men","1960-1969",NA,0.22240899503231,NA,NA,NA,NA
"467","DHS","Madagascar","Men","1970-1979","High",303.167757682502,23.5063990354538,13.7689940035343,7.8,58.6
"468","DHS","Madagascar","Men","1970-1979","Low",472.183263204992,27.8968142718077,8.27350002527237,5.9,29.7
"469","DHS","Madagascar","Women","1950-1959","High",54.2193380743265,2.18342301249504,0.722106993198395,4,33.1
"470","DHS","Madagascar","Women","1950-1959","Low",149.840135119855,5.08901101350784,NA,3.4,NA
"471","DHS","Madagascar","Women","1960-1969","High",1297.33453764766,73.0003488734365,25.3263989388943,5.6,34.7
"472","DHS","Madagascar","Women","1960-1969","Low",2064.87717882544,87.2758151069283,10.0232389867306,4.2,11.5
"473","DHS","Madagascar","Women","1960-1969",NA,3.19787299633026,NA,NA,NA,NA
"474","DHS","Madagascar","Women","1970-1979","High",656.972591027617,29.1180512085557,9.97049108147621,4.4,34.2
"475","DHS","Madagascar","Women","1970-1979","Low",1117.81310040504,34.7013220638037,6.02589702606201,3.1,17.4
"476","DHS","Madagascar","Women","1970-1979",NA,0.383724987506866,NA,NA,NA,NA
"477","DHS","Malawi","Men","1960-1969","High",367.734624318779,11.618465995416,4.48501900397241,3.2,38.6
"478","DHS","Malawi","Men","1960-1969","Low",325.480775687844,3.28141498565674,2.64932000637054,1,80.7
"479","DHS","Malawi","Men","1970-1979","High",738.654100500979,21.5133838579059,14.5458858907223,2.9,67.6
"480","DHS","Malawi","Men","1970-1979","Low",640.954571158625,19.6339543163776,12.6972482800484,3.1,64.7
"481","DHS","Malawi","Men","1980-1989","High",127.904614839703,0.778351008892059,0.778351008892059,0.6,100
"482","DHS","Malawi","Men","1980-1989","Low",104.322371243499,3.5598258972168,NA,3.4,NA
"483","DHS","Malawi","Women","1960-1969","High",472.679412854835,5.77920201420784,NA,1.2,NA
"484","DHS","Malawi","Women","1960-1969","Low",671.2574283164,8.66825905442238,NA,1.3,NA
"485","DHS","Malawi","Women","1970-1979","High",1960.26769933105,14.4279861496761,2.38800605386496,0.7,16.6
"486","DHS","Malawi","Women","1970-1979","Low",2589.66137999762,33.7442169114947,3.40241198241711,1.3,10.1
"487","DHS","Malawi","Women","1980-1989","High",307.989013507962,3.75688592996448,3.37323993258178,1.2,89.8
"488","DHS","Malawi","Women","1980-1989","Low",517.785749856383,6.69458404183388,1.04970100522041,1.3,15.7
"489","DHS","Maldives","Men","1960-1969","High",104.604217857122,12.081561088562,2.78706705570221,11.5,23.1
"490","DHS","Maldives","Men","1960-1969","Low",105.089418113232,5.80363792181015,3.80414998531342,5.5,65.5
"491","DHS","Maldives","Men","1970-1979","High",391.727393835783,41.8955529332161,17.3456358909607,10.7,41.4
"492","DHS","Maldives","Men","1970-1979","Low",516.341728061438,48.3750220239162,19.4517799019814,9.4,40.2
"493","DHS","Maldives","Men","1980-1989","High",103.867608785629,19.1396669149399,4.87165796756744,18.4,25.5
"494","DHS","Maldives","Men","1980-1989","Low",112.560075372458,15.2572641372681,6.25524002313614,13.6,41
"495","DHS","Maldives","Women","1960-1969","High",255.913843303919,17.5027358233929,1.0497710108757,6.8,6
"496","DHS","Maldives","Women","1960-1969","Low",171.717830657959,3.05585902929306,0.504553020000458,1.8,16.5
"497","DHS","Maldives","Women","1970-1979","High",1035.79678593576,43.7838008850813,13.7634398341179,4.2,31.4
"498","DHS","Maldives","Women","1970-1979","Low",638.00907485187,34.6280147731304,11.7344208657742,5.4,33.9
"499","DHS","Maldives","Women","1980-1989","High",260.86774136126,21.2547758817673,2.8150669336319,8.1,13.2
"500","DHS","Maldives","Women","1980-1989","Low",263.773117408156,9.69039708375931,2.71467098593712,3.7,28
"501","DHS","Mali","Men","1950-1959","High",9.65283393859863,0.853865027427673,NA,8.8,NA
"502","DHS","Mali","Men","1950-1959","Low",24.1682537607849,NA,NA,NA,NA
"503","DHS","Mali","Men","1960-1969","High",176.570944245905,1.38996702432632,NA,0.8,NA
"504","DHS","Mali","Men","1960-1969","Low",474.541750661563,7.3886448815465,2.44251698255539,1.6,33.1
"505","DHS","Mali","Men","1970-1979","High",241.190300135873,5.95657388865948,2.0119039863348,2.5,33.8
"506","DHS","Mali","Men","1970-1979","Low",676.810500096064,11.9019020115957,4.20138301420957,1.8,35.3
"507","DHS","Mali","Men","1980-1989","High",129.174626663327,10.1160187721252,4.9577169418335,7.8,49
"508","DHS","Mali","Men","1980-1989","Low",311.294247584883,17.7688178941607,1.18407299742103,5.7,6.7
"509","DHS","Mali","Women","1960-1969","High",11.7466849898919,0.935940980911255,NA,8,NA
"510","DHS","Mali","Women","1960-1969","Low",119.057917476166,1.8894579410553,NA,1.6,NA
"511","DHS","Mali","Women","1970-1979","High",274.203597204294,8.15800896286964,1.86635598540306,3,22.9
"512","DHS","Mali","Women","1970-1979","Low",1484.64122909587,32.100369784981,1.7054620301351,2.2,5.3
"513","DHS","Mali","Women","1980-1989","High",155.428888288327,9.52228809893131,1.27725398540497,6.1,13.4
"514","DHS","Mali","Women","1980-1989","Low",858.653459059075,20.6291369888932,3.19443290494382,2.4,15.5
"515","DHS","Mauritania","Men","1940-1949","High",32.4467359483242,1.02532196044922,NA,3.2,NA
"516","DHS","Mauritania","Men","1940-1949","Low",109.82657186687,5.28738793730736,2.02646493911743,4.8,38.3
"517","DHS","Mauritania","Men","1950-1959","High",73.8054220825434,1.05805400013924,NA,1.4,NA
"518","DHS","Mauritania","Men","1950-1959","Low",272.786668688059,13.8238362520933,6.26701019704342,5.1,45.3
"519","DHS","Mauritania","Men","1960-1969","High",99.2138444185257,18.0444690585136,11.6160769760609,18.2,64.4
"520","DHS","Mauritania","Men","1960-1969","Low",230.984545141459,32.4889820814133,23.1486650109291,14.1,71.3
"521","DHS","Mauritania","Men","1960-1969",NA,1.62548696994781,NA,NA,NA,NA
"522","DHS","Mauritania","Women","1950-1959","High",105.095355443656,5.88391807675362,1.89340400695801,5.6,32.2
"523","DHS","Mauritania","Women","1950-1959","Low",795.81512054801,55.6027721911669,14.4702600091696,7,26
"524","DHS","Mauritania","Women","1960-1969","High",162.21282093972,18.2062601149082,4.83731001615524,11.2,26.6
"525","DHS","Mauritania","Women","1960-1969","Low",1002.82856549323,74.4575488716364,35.6228579282761,7.4,47.8
"526","DHS","Mauritania","Women","1960-1969",NA,0.621622979640961,NA,NA,NA,NA
"527","DHS","Mozambique","Men","1940-1949","High",25.4418391883373,NA,NA,NA,NA
"528","DHS","Mozambique","Men","1940-1949","Low",47.2214177548885,0.365552991628647,NA,0.8,NA
"529","DHS","Mozambique","Men","1950-1959","High",165.358356893063,2.80778500437737,NA,1.7,NA
"530","DHS","Mozambique","Men","1950-1959","Low",197.248039335012,5.33595311641693,NA,2.7,NA
"531","DHS","Mozambique","Men","1960-1969","High",178.462365284562,3.27132406830788,NA,1.8,NA
"532","DHS","Mozambique","Men","1960-1969","Low",291.112979307771,9.3515399992466,2.27997997403145,3.2,24.4
"533","DHS","Mozambique","Men","1970-1979","High",204.544323116541,2.8654750585556,2.31361204385757,1.4,80.7
"534","DHS","Mozambique","Men","1970-1979","Low",391.677947327495,15.3741820156574,2.25601097941399,3.9,14.7
"535","DHS","Mozambique","Women","1960-1969","High",625.874269396067,30.8793261349201,5.24232903122902,4.9,17
"536","DHS","Mozambique","Women","1960-1969","Low",1175.51361826062,37.8025387227535,2.59125500917435,3.2,6.9
"537","DHS","Mozambique","Women","1970-1979","High",644.744040161371,24.4477381706238,10.0893050730228,3.8,41.3
"538","DHS","Mozambique","Women","1970-1979","Low",1511.52620193362,69.752477824688,2.99682295322418,4.6,4.3
"539","DHS","Myanmar","Men","1960-1969","High",192.437117390335,26.5575011521578,16.2144160568714,13.8,61.1
"540","DHS","Myanmar","Men","1960-1969","Low",239.029187642038,11.4935999587178,4.50017791986465,4.8,39.2
"541","DHS","Myanmar","Men","1970-1979","High",526.607101105154,92.554719351232,57.5630753263831,17.6,62.2
"542","DHS","Myanmar","Men","1970-1979","Low",810.765704706311,98.9533584043384,56.0117842778563,12.2,56.6
"543","DHS","Myanmar","Men","1980-1989","High",50.9065786674619,15.8198537528515,11.1216589212418,31.1,70.3
"544","DHS","Myanmar","Men","1980-1989","Low",118.622106604278,26.9118849337101,15.2836020737886,22.7,56.8
"545","DHS","Myanmar","Women","1960-1969","High",567.9531545192,131.079520665109,109.707593522966,23.1,83.7
"546","DHS","Myanmar","Women","1960-1969","Low",604.481564238667,78.0246758460999,56.9447198212147,12.9,73
"547","DHS","Myanmar","Women","1970-1979","High",1244.6375874728,311.741965606809,255.382971644402,25,81.9
"548","DHS","Myanmar","Women","1970-1979","Low",2390.2110716328,355.408859796822,287.738778524101,14.9,81
"549","DHS","Myanmar","Women","1970-1979",NA,1.63928496837616,NA,NA,NA,NA
"550","DHS","Myanmar","Women","1980-1989","High",148.847474433482,47.6036370918155,38.0977370887995,32,80
"551","DHS","Myanmar","Women","1980-1989","Low",346.79777507484,78.1802698671818,57.0983308106661,22.5,73
"552","DHS","Namibia","Men","1940-1949","High",14.6596929132938,NA,NA,NA,NA
"553","DHS","Namibia","Men","1940-1949","Low",15.3479377031326,NA,NA,NA,NA
"554","DHS","Namibia","Men","1950-1959","High",150.702134311199,NA,NA,NA,NA
"555","DHS","Namibia","Men","1950-1959","Low",137.624262854457,NA,NA,NA,NA
"556","DHS","Namibia","Men","1960-1969","High",296.191515788436,29.076767295599,19.0286793112755,9.8,65.4
"557","DHS","Namibia","Men","1960-1969","Low",242.558308660984,18.2821980118752,13.9450420439243,7.5,76.3
"558","DHS","Namibia","Men","1970-1979","High",441.918400585651,47.4202701449394,36.5607780814171,10.7,77.1
"559","DHS","Namibia","Men","1970-1979","Low",273.680024161935,39.7886349409819,36.3620349317789,14.5,91.4
"560","DHS","Namibia","Women","1940-1949","High",0,NA,NA,NA,NA
"561","DHS","Namibia","Women","1940-1949","Low",0,NA,NA,NA,NA
"562","DHS","Namibia","Women","1950-1959","High",0,NA,NA,NA,NA
"563","DHS","Namibia","Women","1950-1959","Low",0,NA,NA,NA,NA
"564","DHS","Namibia","Women","1950-1959",NA,0,NA,NA,NA,NA
"565","DHS","Namibia","Women","1960-1969","High",540.256815731525,40.5326609909534,19.9092740118504,7.5,49.1
"566","DHS","Namibia","Women","1960-1969","Low",408.381258063018,12.6542871445417,10.0380330532789,3.1,79.3
"567","DHS","Namibia","Women","1970-1979","High",1137.44576986134,80.9435805529356,53.2765303552151,7.1,65.8
"568","DHS","Namibia","Women","1970-1979","Low",647.535103663802,21.4595192149282,13.1446972191334,3.3,61.3
"569","DHS","Namibia","Women","1970-1979",NA,1.63344603776932,NA,NA,NA,NA
"570","DHS","Nepal","Men","1960-1969","High",159.541813194752,1.30805897712708,NA,0.8,NA
"571","DHS","Nepal","Men","1960-1969","Low",129.789955243468,0.136590003967285,NA,0.1,NA
"572","DHS","Nepal","Men","1970-1979","High",515.886278748512,14.1613580584526,4.22653299570084,2.7,29.8
"573","DHS","Nepal","Men","1970-1979","Low",415.768654108047,5.89725987613201,NA,1.4,NA
"574","DHS","Nepal","Men","1980-1989","High",88.1748047918081,7.30910605192184,4.06147903203964,8.3,55.6
"575","DHS","Nepal","Men","1980-1989","Low",113.715857103467,4.74132400751114,3.14262104034424,4.2,66.3
"576","DHS","Nepal","Women","1960-1969","High",155.53418238461,8.19885003566742,1.98339301347733,5.3,24.2
"577","DHS","Nepal","Women","1960-1969","Low",548.007457852364,14.6381470710039,6.71334999799728,2.7,45.9
"578","DHS","Nepal","Women","1970-1979","High",974.734873473644,46.386034026742,20.4317410588264,4.8,44
"579","DHS","Nepal","Women","1970-1979","Low",1911.55713412166,35.1006649881601,8.84272408485413,1.8,25.2
"580","DHS","Nepal","Women","1980-1989","High",151.27159525454,6.22540295124054,3.90484893321991,4.1,62.7
"581","DHS","Nepal","Women","1980-1989","Low",331.134892061353,6.49460601806641,0.970570027828217,2,14.9
"582","DHS","Nicaragua","Men","1930-1939","High",11.2173421382904,NA,NA,NA,NA
"583","DHS","Nicaragua","Men","1930-1939","Low",12.4317392110825,NA,NA,NA,NA
"584","DHS","Nicaragua","Men","1940-1949","High",126.643846213818,5.12403005361557,0.677367985248566,4,13.2
"585","DHS","Nicaragua","Men","1940-1949","Low",156.881981551647,17.2160882055759,8.05805596709251,11,46.8
"586","DHS","Nicaragua","Men","1940-1949",NA,2.23447704315186,NA,NA,NA,NA
"587","DHS","Nicaragua","Men","1950-1959","High",222.785101890564,9.50271314382553,5.03375905752182,4.3,53
"588","DHS","Nicaragua","Men","1950-1959","Low",262.249787181616,10.6920042037964,6.5727351307869,4.1,61.5
"589","DHS","Nicaragua","Men","1960-1969","High",107.241100788116,3.52090698480606,2.91921699047089,3.3,82.9
"590","DHS","Nicaragua","Men","1960-1969","Low",81.2991087138653,4.92848408222198,1.39410501718521,6.1,28.3
"591","DHS","Nicaragua","Women","1940-1949","High",138.107786417007,5.02031219005585,2.77855408191681,3.6,55.3
"592","DHS","Nicaragua","Women","1940-1949","Low",166.977481544018,5.33935207128525,2.39627695083618,3.2,44.9
"593","DHS","Nicaragua","Women","1950-1959","High",1052.39019143581,56.2391322851181,34.8563867211342,5.3,62
"594","DHS","Nicaragua","Women","1950-1959","Low",1408.62137234211,29.5718908905983,15.286797940731,2.1,51.7
"595","DHS","Nicaragua","Women","1950-1959",NA,0.834739983081818,NA,NA,NA,NA
"596","DHS","Nicaragua","Women","1960-1969","High",540.005708873272,35.2354926466942,23.1102944016457,6.5,65.6
"597","DHS","Nicaragua","Women","1960-1969","Low",536.29035025835,16.2033721804619,5.33150202035904,3,32.9
"598","DHS","Niger","Men","1950-1959","High",54.0361879765987,NA,NA,NA,NA
"599","DHS","Niger","Men","1950-1959","Low",276.249278582633,2.43305090069771,0.258978992700577,0.9,10.6
"600","DHS","Niger","Men","1950-1959",NA,3.38045406341553,NA,NA,NA,NA
"601","DHS","Niger","Men","1960-1969","High",152.00259643048,5.58412408828735,1.49194499850273,3.7,26.7
"602","DHS","Niger","Men","1960-1969","Low",590.84048178792,2.3790830373764,1.96973603963852,0.4,82.8
"603","DHS","Niger","Men","1960-1969",NA,0.495018988847733,NA,NA,NA,NA
"604","DHS","Niger","Men","1970-1979","High",205.074834369123,15.6756249815226,4.74483403563499,7.6,30.3
"605","DHS","Niger","Men","1970-1979","Low",565.799158126116,21.3272590041161,7.15583497285843,3.8,33.6
"606","DHS","Niger","Men","1970-1979",NA,4.23759406805038,NA,NA,NA,NA
"607","DHS","Niger","Women","1960-1969","High",120.75356785208,3.61218696832657,0.461834013462067,3,12.8
"608","DHS","Niger","Women","1960-1969","Low",1005.05843026936,13.3308600187302,2.42067801952362,1.3,18.2
"609","DHS","Niger","Women","1970-1979","High",294.019763834774,18.9983081519604,9.80001804232597,6.5,51.6
"610","DHS","Niger","Women","1970-1979","Low",1788.77606898546,22.577918112278,2.64174804091454,1.3,11.7
"611","DHS","Niger","Women","1970-1979",NA,3.59105807542801,NA,NA,NA,NA
"612","DHS","Nigeria","Men","1950-1959","High",25.1764541268349,NA,NA,NA,NA
"613","DHS","Nigeria","Men","1950-1959","Low",42.1987188756466,1.61302798986435,0.796519994735718,3.8,49.4
"614","DHS","Nigeria","Men","1960-1969","High",728.486354380846,12.8494249582291,3.01721596717834,1.8,23.5
"615","DHS","Nigeria","Men","1960-1969","Low",770.870997793972,9.17438307404518,6.71102005243301,1.2,73.1
"616","DHS","Nigeria","Men","1970-1979","High",1542.31706139445,61.8187701404095,28.9496931731701,4,46.8
"617","DHS","Nigeria","Men","1970-1979","Low",1316.36235448718,53.1149760782719,27.378918170929,4,51.5
"618","DHS","Nigeria","Men","1980-1989","High",960.738495379686,119.538171976805,69.6619357764721,12.4,58.3
"619","DHS","Nigeria","Men","1980-1989","Low",646.07960870862,39.7489490658045,20.8930271416903,6.2,52.6
"620","DHS","Nigeria","Women","1960-1969","High",398.790715061128,10.3311710655689,2.3136790394783,2.6,22.4
"621","DHS","Nigeria","Women","1960-1969","Low",334.614950075746,11.9658881276846,NA,3.6,NA
"622","DHS","Nigeria","Women","1970-1979","High",3965.05563403666,197.685040906072,77.6668530106544,5,39.3
"623","DHS","Nigeria","Women","1970-1979","Low",3725.89678663015,65.4244360327721,7.48132610321045,1.8,11.4
"624","DHS","Nigeria","Women","1980-1989","High",2029.38219658285,175.764130026102,101.305040389299,8.7,57.6
"625","DHS","Nigeria","Women","1980-1989","Low",2651.06460438669,62.1436338424683,17.1767178475857,2.3,27.6
"626","DHS","Peru","Men","1930-1939","High",25.0938664227724,NA,NA,NA,NA
"627","DHS","Peru","Men","1930-1939","Low",30.2349530905485,2.55169993638992,2.29400992393494,8.4,89.9
"628","DHS","Peru","Men","1940-1949","High",141.000153526664,10.8081520795822,4.77829205989838,7.7,44.2
"629","DHS","Peru","Men","1940-1949","Low",171.012530907989,7.79869814217091,0.449898019433022,4.6,5.8
"630","DHS","Peru","Men","1950-1959","High",264.771160915494,36.3918755203485,23.7841343283653,13.7,65.4
"631","DHS","Peru","Men","1950-1959","Low",192.849417611957,14.7669782340527,7.10829907655716,7.7,48.1
"632","DHS","Peru","Men","1960-1969","High",52.5518718063831,14.6783251166344,9.71193498373032,27.9,66.2
"633","DHS","Peru","Men","1960-1969","Low",34.3248340934515,3.48812499642372,1.65346696972847,10.2,47.4
"634","DHS","Peru","Women","1940-1949","High",657.849935412407,50.2658417224884,30.9964138269424,7.6,61.7
"635","DHS","Peru","Women","1940-1949","Low",603.000608831644,10.9828760027885,8.07969304919243,1.8,73.6
"636","DHS","Peru","Women","1950-1959","High",2945.01615670323,266.729999646544,183.803390815854,9.1,68.9
"637","DHS","Peru","Women","1950-1959","Low",3260.48215091228,75.5062006562948,41.5961697399616,2.3,55.1
"638","DHS","Peru","Women","1960-1969","High",651.62349870801,82.5189137160778,72.6328746378422,12.7,88
"639","DHS","Peru","Women","1960-1969","Low",693.506831407547,18.2968249022961,12.3482209295034,2.6,67.5
"640","DHS","Philippines","Men","1940-1949","High",34.8364369571209,NA,NA,NA,NA
"641","DHS","Philippines","Men","1940-1949","Low",47.3275609016418,1.75331199169159,1.75331199169159,3.7,100
"642","DHS","Philippines","Men","1950-1959","High",357.826326459646,35.188922137022,19.3074722290039,9.8,54.9
"643","DHS","Philippines","Men","1950-1959","Low",437.738419264555,35.9471251368523,22.1075810492039,8.2,61.5
"644","DHS","Philippines","Men","1960-1969","High",503.920758008957,66.785150796175,37.0986028909683,13.3,55.5
"645","DHS","Philippines","Men","1960-1969","Low",441.660624265671,57.3457948863506,38.2659439742565,13,66.7
"646","DHS","Philippines","Women","1950-1959","High",833.009503334761,74.0154305100441,40.6880221962929,8.9,55
"647","DHS","Philippines","Women","1950-1959","Low",951.031518936157,46.5524678826332,30.1878858804703,4.9,64.8
"648","DHS","Philippines","Women","1960-1969","High",1587.34920302033,205.197019547224,131.466212242842,12.9,64.1
"649","DHS","Philippines","Women","1960-1969","Low",1416.86842113733,72.3787349760532,47.185092151165,5.1,65.2
"650","DHS","Republic of Moldova","Men","1940-1949","High",65.0915631353855,2.57444506883621,0.832817018032074,4,32.3
"651","DHS","Republic of Moldova","Men","1940-1949","Low",118.690898895264,8.06267499923706,1.68005704879761,6.8,20.8
"652","DHS","Republic of Moldova","Men","1950-1959","High",196.364405870438,6.66028100252151,3.2058419585228,3.4,48.1
"653","DHS","Republic of Moldova","Men","1950-1959","Low",443.230400949717,28.8128059506416,8.45803797245026,6.5,29.4
"654","DHS","Republic of Moldova","Men","1960-1969","High",233.509880959988,20.0313429832458,5.56674498319626,8.6,27.8
"655","DHS","Republic of Moldova","Men","1960-1969","Low",270.423151552677,27.6031621098518,7.26709997653961,10.2,26.3
"656","DHS","Republic of Moldova","Men","1970-1979","High",17.1768899261951,1.26857697963715,NA,7.4,NA
"657","DHS","Republic of Moldova","Men","1970-1979","Low",18.8563349246979,2.6275509595871,1.14189195632935,13.9,43.5
"658","DHS","Republic of Moldova","Women","1950-1959","High",442.519774287939,22.5317749381065,6.08132201433182,5.1,27
"659","DHS","Republic of Moldova","Women","1950-1959","Low",571.25415083766,21.3459849655628,3.07629996538162,3.7,14.4
"660","DHS","Republic of Moldova","Women","1960-1969","High",908.817994445562,49.2911731898785,12.8485680818558,5.4,26.1
"661","DHS","Republic of Moldova","Women","1960-1969","Low",976.289488047361,37.6243690550327,9.94780600070953,3.9,26.4
"662","DHS","Republic of Moldova","Women","1970-1979","High",50.1833790242672,1.94299003481865,NA,3.9,NA
"663","DHS","Republic of Moldova","Women","1970-1979","Low",61.591518163681,1.42920696735382,0.472640991210938,2.3,33.1
"664","DHS","Rwanda","Men","1960-1969","High",280.70295265317,7.87555205821991,2.86545604467392,2.8,36.4
"665","DHS","Rwanda","Men","1960-1969","Low",347.862733021379,10.1922339200974,7.18714594841003,2.9,70.5
"666","DHS","Rwanda","Men","1970-1979","High",479.697416529059,14.1113181114197,8.4678710103035,2.9,60
"667","DHS","Rwanda","Men","1970-1979","Low",502.970733493567,11.368429929018,3.60201597213745,2.3,31.7
"668","DHS","Rwanda","Men","1980-1989","High",318.992466270924,18.2086971104145,11.3669710159302,5.7,62.4
"669","DHS","Rwanda","Men","1980-1989","Low",551.982923954725,34.2964382767677,20.3573591411114,6.2,59.4
"670","DHS","Rwanda","Women","1960-1969","High",1.05690503120422,NA,NA,NA,NA
"671","DHS","Rwanda","Women","1970-1979","High",1318.82433608919,38.1653584837914,15.6583331823349,2.9,41
"672","DHS","Rwanda","Women","1970-1979","Low",1173.33752796054,29.3276467174292,19.2035618126392,2.5,65.5
"673","DHS","Rwanda","Women","1980-1989","High",1023.4381056428,48.5597628206015,33.4669057577848,4.7,68.9
"674","DHS","Rwanda","Women","1980-1989","Low",1254.68534722179,40.2864965498447,23.8736504018307,3.2,59.3
"675","DHS","Sao Tome and Principe","Men","1940-1949","High",4.30969998240471,NA,NA,NA,NA
"676","DHS","Sao Tome and Principe","Men","1940-1949","Low",8.8709941059351,NA,NA,NA,NA
"677","DHS","Sao Tome and Principe","Men","1950-1959","High",108.253190785646,1.4364470243454,1.4364470243454,1.3,100
"678","DHS","Sao Tome and Principe","Men","1950-1959","Low",127.182651162148,5.12542301416397,3.94355502724648,4,76.9
"679","DHS","Sao Tome and Principe","Men","1960-1969","High",193.192629918456,8.29174417257309,4.19478310644627,4.3,50.6
"680","DHS","Sao Tome and Principe","Men","1960-1969","Low",154.495986193419,16.2927358299494,7.69734594225883,10.5,47.2
"681","DHS","Sao Tome and Principe","Men","1970-1979","High",87.6888168305159,3.86606805026531,2.0276380777359,4.4,52.4
"682","DHS","Sao Tome and Principe","Men","1970-1979","Low",100.357288435102,12.3606972396374,7.54851718246937,12.3,61.1
"683","DHS","Sao Tome and Principe","Women","1950-1959","High",30.2119089663029,0.801778018474579,0.801778018474579,2.7,100
"684","DHS","Sao Tome and Principe","Women","1950-1959","Low",20.5747777819633,NA,NA,NA,NA
"685","DHS","Sao Tome and Principe","Women","1960-1969","High",204.535664141178,2.14248991012573,NA,1,NA
"686","DHS","Sao Tome and Principe","Women","1960-1969","Low",294.169513955712,2.2444149851799,NA,0.8,NA
"687","DHS","Sao Tome and Principe","Women","1970-1979","High",95.5870819240808,0.406017988920212,NA,0.4,NA
"688","DHS","Sao Tome and Principe","Women","1970-1979","Low",106.014163404703,0.322773993015289,NA,0.3,NA
"689","DHS","Senegal","Men","1950-1959","High",22.1414249241352,NA,NA,NA,NA
"690","DHS","Senegal","Men","1950-1959","Low",9.70592191815376,NA,NA,NA,NA
"691","DHS","Senegal","Men","1960-1969","High",159.396105878055,10.8538531661034,3.28633606433868,6.8,30.3
"692","DHS","Senegal","Men","1960-1969","Low",229.891003243625,9.18664506077766,3.50667101144791,4,38.2
"693","DHS","Senegal","Men","1960-1969",NA,1.31916105747223,NA,NA,NA,NA
"694","DHS","Senegal","Men","1970-1979","High",294.38549990952,53.1818992495537,38.3918940424919,18.1,72.2
"695","DHS","Senegal","Men","1970-1979","Low",358.833380527794,16.4619581997395,8.39470911026001,4.6,51
"696","DHS","Senegal","Men","1980-1989","High",122.543526157737,40.2918988615274,27.7436208426952,32.9,68.9
"697","DHS","Senegal","Men","1980-1989","Low",177.826446667314,38.597843170166,15.2102619409561,21.7,39.4
"698","DHS","Senegal","Women","1960-1969","High",57.270115762949,4.12664303183556,3.65670204162598,7.2,88.6
"699","DHS","Senegal","Women","1960-1969","Low",74.7702859714627,2.85860705375671,NA,3.8,NA
"700","DHS","Senegal","Women","1970-1979","High",610.216051891446,75.7354810237885,33.6466449797153,12.4,44.4
"701","DHS","Senegal","Women","1970-1979","Low",1005.69121145457,35.5900056287646,13.1612698435783,3.5,37
"702","DHS","Senegal","Women","1980-1989","High",322.084398217499,29.0949157774448,9.65273776650429,9,33.2
"703","DHS","Senegal","Women","1980-1989","Low",624.921515345573,42.4936149120331,8.51832881569862,6.8,20
"704","DHS","Sierra Leone","Men","1950-1959","High",8.22273099422455,NA,NA,NA,NA
"705","DHS","Sierra Leone","Men","1950-1959","Low",6.17820005118847,NA,NA,NA,NA
"706","DHS","Sierra Leone","Men","1960-1969","High",308.032116904855,2.85224908590317,2.15097808837891,0.9,75.4
"707","DHS","Sierra Leone","Men","1960-1969","Low",519.092311233282,3.93459194898605,0.711513996124268,0.8,18.1
"708","DHS","Sierra Leone","Men","1970-1979","High",550.103575095534,15.2932450473309,10.3816888928413,2.8,67.9
"709","DHS","Sierra Leone","Men","1970-1979","Low",759.448607772589,8.20058900117874,6.4367870092392,1.1,78.5
"710","DHS","Sierra Leone","Men","1980-1989","High",310.109838694334,18.7201769351959,9.20356297492981,6,49.2
"711","DHS","Sierra Leone","Men","1980-1989","Low",448.437748536468,33.9348321706057,17.9388749301434,7.6,52.9
"712","DHS","Sierra Leone","Women","1960-1969","High",10.3270438909531,NA,NA,NA,NA
"713","DHS","Sierra Leone","Women","1960-1969","Low",24.6499810367823,NA,NA,NA,NA
"714","DHS","Sierra Leone","Women","1970-1979","High",592.286044254899,13.3615401983261,2.55969107151031,2.3,19.2
"715","DHS","Sierra Leone","Women","1970-1979","Low",2083.61628992856,33.478611305356,3.72850203514099,1.6,11.1
"716","DHS","Sierra Leone","Women","1980-1989","High",506.649959146976,25.3065720796585,8.38177514076233,5,33.1
"717","DHS","Sierra Leone","Women","1980-1989","Low",1630.80461198092,27.8894638866186,5.86027586460114,1.7,21
"718","DHS","South Africa","Men","1950-1959","High",61.3009200543165,6.03228896856308,2.82345902919769,9.8,46.8
"719","DHS","South Africa","Men","1950-1959","Low",70.7848620116711,5.60658210515976,5.60658210515976,7.9,100
"720","DHS","South Africa","Men","1960-1969","High",265.586011044681,32.4462026953697,16.4506279230118,12.2,50.7
"721","DHS","South Africa","Men","1960-1969","Low",186.584543287754,23.0806430727243,18.1322910934687,12.4,78.6
"722","DHS","South Africa","Men","1970-1979","High",453.89394466579,44.7342358827591,27.5561059713364,9.9,61.6
"723","DHS","South Africa","Men","1970-1979","Low",238.399171851575,33.1338688135147,26.4146768152714,13.9,79.7
"724","DHS","South Africa","Men","1980-1989","High",78.3235301226377,10.5294350385666,6.74548608064651,13.4,64.1
"725","DHS","South Africa","Men","1980-1989","Low",72.29273635149,18.0375038832426,15.5034048706293,25,86
"726","DHS","South Africa","Women","1960-1969","High",390.118193954229,24.9472222179174,7.57637709379196,6.4,30.4
"727","DHS","South Africa","Women","1960-1969","Low",225.736046612263,13.8021951764822,7.65750505030155,6.1,55.5
"728","DHS","South Africa","Women","1970-1979","High",1274.22004144639,71.9949099421501,40.2835000157356,5.7,56
"729","DHS","South Africa","Women","1970-1979","Low",595.594740614295,29.1702609807253,14.4979288578033,4.9,49.7
"730","DHS","South Africa","Women","1980-1989","High",264.994799390435,18.7686150670052,12.9253390282393,7.1,68.9
"731","DHS","South Africa","Women","1980-1989","Low",144.945598319173,8.49716800451279,5.0675460100174,5.9,59.6
"732","DHS","Swaziland","Men","1950-1959","High",81.4079878926277,2.02783596515656,NA,2.5,NA
"733","DHS","Swaziland","Men","1950-1959","Low",68.9069458395243,1.61559504270554,1.61559504270554,2.3,100
"734","DHS","Swaziland","Men","1950-1959",NA,0.646336019039154,NA,NA,NA,NA
"735","DHS","Swaziland","Men","1960-1969","High",294.164846844971,14.0096700489521,8.93331006169319,4.8,63.8
"736","DHS","Swaziland","Men","1960-1969","Low",303.548734091222,28.0425178706646,16.7759629487991,9.2,59.8
"737","DHS","Swaziland","Men","1960-1969",NA,2.29280698299408,0.530125021934509,0.530125021934509,23.1,100
"738","DHS","Swaziland","Men","1970-1979","High",79.7296508699656,6.89689594507217,5.03364098072052,8.7,73
"739","DHS","Swaziland","Men","1970-1979","Low",61.6681048423052,6.88409799337387,5.35853999853134,11.2,77.8
"740","DHS","Swaziland","Women","1950-1959","High",113.133270859718,2.61906903982162,0.93477201461792,2.3,35.7
"741","DHS","Swaziland","Women","1950-1959","Low",119.223783031106,5.25516706705093,1.34393203258514,4.4,25.6
"742","DHS","Swaziland","Women","1960-1969","High",442.078932292759,21.4852940142155,7.98026096820831,4.9,37.1
"743","DHS","Swaziland","Women","1960-1969","Low",467.46974465251,17.8394089713693,1.75249300152063,3.8,9.8
"744","DHS","Swaziland","Women","1970-1979","High",86.1716686189175,5.31998601555824,2.05726197361946,6.2,38.7
"745","DHS","Swaziland","Women","1970-1979","Low",94.7288539633155,3.82588601112366,2.49761098623276,4,65.3
"746","DHS","Tanzania","Men","1960-1969","High",206.790050428361,9.7536599189043,3.45597803592682,4.7,35.4
"747","DHS","Tanzania","Men","1960-1969","Low",43.2895497456193,0.117161996662617,NA,0.3,NA
"748","DHS","Tanzania","Men","1970-1979","High",611.750956650823,18.2497340142727,13.0411030352116,3,71.5
"749","DHS","Tanzania","Men","1970-1979","Low",178.467897430062,8.52539706230164,3.49674600362778,4.8,41
"750","DHS","Tanzania","Men","1980-1989","High",54.4567697048187,1.01529097557068,NA,1.9,NA
"751","DHS","Tanzania","Men","1980-1989","Low",19.3390532210469,NA,NA,NA,NA
"752","DHS","Tanzania","Women","1960-1969","High",546.511229425669,4.47540204226971,NA,0.8,NA
"753","DHS","Tanzania","Women","1960-1969","Low",200.152738489211,6.89656892418861,1.21150103211403,3.4,17.6
"754","DHS","Tanzania","Women","1970-1979","High",1992.11553406715,59.2954200655222,16.4158689826727,3,27.7
"755","DHS","Tanzania","Women","1970-1979","Low",883.046421706676,16.8422510102391,2.14959193766117,1.9,12.8
"756","DHS","Tanzania","Women","1970-1979",NA,1.08604502677917,NA,NA,NA,NA
"757","DHS","Tanzania","Women","1980-1989","High",242.344885610044,3.62965899705887,1.92286294698715,1.5,53
"758","DHS","Tanzania","Women","1980-1989","Low",137.14977927506,5.17874398827553,1.11452399194241,3.8,21.5
"759","DHS","Timor-Leste","Men","1950-1959","High",33.3202105760574,1.6672850549221,1.1723450422287,5,70.3
"760","DHS","Timor-Leste","Men","1950-1959","Low",74.9536947906017,6.2677039206028,1.23001798987389,8.4,19.6
"761","DHS","Timor-Leste","Men","1960-1969","High",305.271566778421,21.8567423820496,11.7385462522507,7.2,53.7
"762","DHS","Timor-Leste","Men","1960-1969","Low",410.578952610493,38.2792202979326,20.6904152035713,9.3,54.1
"763","DHS","Timor-Leste","Men","1970-1979","High",366.395552501082,33.3719779849052,20.2685877978802,9.1,60.7
"764","DHS","Timor-Leste","Men","1970-1979","Low",467.013272345066,59.3859709948301,33.0980418622494,12.7,55.7
"765","DHS","Timor-Leste","Men","1980-1989","High",88.2423169463873,18.3422720134258,16.2091729938984,20.8,88.4
"766","DHS","Timor-Leste","Men","1980-1989","Low",90.0852403640747,19.1131908893585,13.1050339341164,21.2,68.6
"767","DHS","Timor-Leste","Women","1960-1969","High",223.104762092233,15.5867990404367,11.820539072156,7,75.8
"768","DHS","Timor-Leste","Women","1960-1969","Low",389.732389807701,25.771206125617,17.0973121523857,6.6,66.3
"769","DHS","Timor-Leste","Women","1970-1979","High",1294.12438882887,92.3180392682552,57.7074632793665,7.1,62.5
"770","DHS","Timor-Leste","Women","1970-1979","Low",1219.32035472989,74.3704091757536,52.884107992053,6.1,71.1
"771","DHS","Timor-Leste","Women","1980-1989","High",236.453630268574,29.9865468293428,22.6792800724506,12.7,75.6
"772","DHS","Timor-Leste","Women","1980-1989","Low",311.999972552061,32.2491557449102,23.5308719426394,10.3,73
"773","DHS","Togo","Men","1950-1959","High",120.962989613414,2.09247398376465,2.09247398376465,1.7,100
"774","DHS","Togo","Men","1950-1959","Low",84.9708166271448,0.673223972320557,0.673223972320557,0.8,100
"775","DHS","Togo","Men","1960-1969","High",393.544837251306,8.01095204055309,4.40769104659557,2,55
"776","DHS","Togo","Men","1960-1969","Low",262.619925573468,7.22295105457306,2.65544509887695,2.8,36.8
"777","DHS","Togo","Men","1970-1979","High",500.835131064057,39.0116671919823,16.1026430130005,7.8,41.3
"778","DHS","Togo","Men","1970-1979","Low",361.756982758641,21.1632719039917,15.8660489320755,5.9,75
"779","DHS","Togo","Women","1960-1969","High",394.326121836901,11.7989969849586,6.24557507038116,3,52.9
"780","DHS","Togo","Women","1960-1969","Low",526.934678807855,6.43119686841965,NA,1.2,NA
"781","DHS","Togo","Women","1970-1979","High",961.7145049721,44.5095660090446,12.7773220539093,4.6,28.7
"782","DHS","Togo","Women","1970-1979","Low",1122.97927731276,23.278952807188,6.24909400939941,2.1,26.8
"783","DHS","Togo","Women","1970-1979",NA,2.04200804233551,NA,NA,NA,NA
"784","DHS","Turkey","Men","1910-1919","High",0.966517984867096,NA,NA,NA,NA
"785","DHS","Turkey","Men","1920-1929","High",3.04981303215027,1.41148102283478,NA,46.3,NA
"786","DHS","Turkey","Men","1920-1929","Low",3.18402808904648,NA,NA,NA,NA
"787","DHS","Turkey","Men","1930-1939","High",16.471854031086,NA,NA,NA,NA
"788","DHS","Turkey","Men","1930-1939","Low",12.9435580074787,NA,NA,NA,NA
"789","DHS","Turkey","Men","1940-1949","High",76.8203972578049,2.40048205852509,NA,3.1,NA
"790","DHS","Turkey","Men","1940-1949","Low",158.996900945902,3.61307287216187,NA,2.3,NA
"791","DHS","Turkey","Men","1950-1959","High",199.766997396946,4.72887402772903,NA,2.4,NA
"792","DHS","Turkey","Men","1950-1959","Low",393.172633439302,6.22084701061249,NA,1.6,NA
"793","DHS","Turkey","Men","1960-1969","High",109.468192100525,1.40160602331161,NA,1.3,NA
"794","DHS","Turkey","Men","1960-1969","Low",176.623278260231,5.90279605984688,NA,3.3,NA
"795","DHS","Turkey","Men","1960-1969",NA,1.33697295188904,NA,NA,NA,NA
"796","DHS","Turkey","Women","1940-1949","High",75.3707505464554,4.35360500216484,4.35360500216484,5.8,100
"797","DHS","Turkey","Women","1940-1949","Low",53.5131985545158,1.52040994167328,NA,2.8,NA
"798","DHS","Turkey","Women","1950-1959","High",1001.719481498,48.0370317399502,23.6157528460026,4.8,49.2
"799","DHS","Turkey","Women","1950-1959","Low",706.995398670435,19.8790736198425,5.59687387943268,2.8,28.2
"800","DHS","Turkey","Women","1960-1969","High",182.104688584805,16.9200498759747,11.1083649098873,9.3,65.7
"801","DHS","Turkey","Women","1960-1969","Low",679.616511464119,33.8324328958988,9.92744609713554,5,29.3
"802","DHS","Uganda","Men","1960-1969","High",223.261026225984,NA,NA,NA,NA
"803","DHS","Uganda","Men","1960-1969","Low",248.89573757723,9.5616979598999,4.49908304214478,3.8,47.1
"804","DHS","Uganda","Men","1970-1979","High",308.775269336998,5.56276807188988,5.56276807188988,1.8,100
"805","DHS","Uganda","Men","1970-1979","Low",639.325013794005,18.6107610166073,6.6172990500927,2.9,35.6
"806","DHS","Uganda","Men","1980-1989","High",76.4401471614838,0.895205974578857,NA,1.2,NA
"807","DHS","Uganda","Men","1980-1989","Low",125.633992221206,6.46049697697163,6.26935897767544,5.1,97
"808","DHS","Uganda","Women","1960-1969","High",331.153919681907,3.13843503594398,NA,0.9,NA
"809","DHS","Uganda","Women","1960-1969","Low",400.292994428426,6.02220384776592,0.93028998374939,1.5,15.4
"810","DHS","Uganda","Women","1970-1979","High",1673.28467978537,42.7016304135323,15.9584740400314,2.6,37.4
"811","DHS","Uganda","Women","1970-1979","Low",1700.75537882373,32.0734618753195,8.15249282121658,1.9,25.4
"812","DHS","Uganda","Women","1980-1989","High",198.213255099952,1.41448402404785,1.41448402404785,0.7,100
"813","DHS","Uganda","Women","1980-1989","Low",521.918501831591,6.8523839712143,3.04333794116974,1.3,44.4
"814","DHS","Ukraine","Men","1950-1959","High",91.7614368498325,5.1239258646965,1.3661339879036,5.6,26.7
"815","DHS","Ukraine","Men","1950-1959","Low",127.232056766748,10.7165719568729,2.51977398991585,8.4,23.5
"816","DHS","Ukraine","Men","1960-1969","High",436.208916783333,42.9085857868195,7.74712204933167,9.8,18.1
"817","DHS","Ukraine","Men","1960-1969","Low",426.876406043768,59.450797021389,23.1598080098629,13.9,39
"818","DHS","Ukraine","Men","1970-1979","High",126.146849930286,12.6078611016273,5.7966160774231,10,46
"819","DHS","Ukraine","Men","1970-1979","Low",151.581508606672,32.9019669890404,14.5847429335117,21.7,44.3
"820","DHS","Ukraine","Women","1950-1959","High",277.197280220687,15.7820852398872,2.03063607215881,5.7,12.9
"821","DHS","Ukraine","Women","1950-1959","Low",156.557026840746,6.51429295539856,0.638540029525757,4.2,9.8
"822","DHS","Ukraine","Women","1960-1969","High",1272.34213224053,81.780337035656,19.660268843174,6.4,24
"823","DHS","Ukraine","Women","1960-1969","Low",772.937434494495,37.7655101418495,9.90838807821274,4.9,26.2
"824","DHS","Ukraine","Women","1960-1969",NA,0.648015022277832,NA,NA,NA,NA
"825","DHS","Ukraine","Women","1970-1979","High",362.26438369602,37.7626920938492,11.2755699753761,10.4,29.9
"826","DHS","Ukraine","Women","1970-1979","Low",228.163709007204,12.7938228845596,3.59736895561218,5.6,28.1
"827","DHS","Zambia","Men","1950-1959","High",36.1927598565817,NA,NA,NA,NA
"828","DHS","Zambia","Men","1950-1959","Low",21.9410599470139,1.42284202575684,NA,6.5,NA
"829","DHS","Zambia","Men","1960-1969","High",423.779686331749,3.393679022789,1.93344497680664,0.8,57
"830","DHS","Zambia","Men","1960-1969","Low",632.531489670277,16.3185321688652,12.5427821576595,2.6,76.9
"831","DHS","Zambia","Men","1970-1979","High",873.306642636657,23.8547588810325,15.0300389826298,2.7,63
"832","DHS","Zambia","Men","1970-1979","Low",1197.54748374969,40.1185008436441,26.2548269331455,3.4,65.4
"833","DHS","Zambia","Men","1980-1989","High",459.306587636471,40.6281261444092,27.6188970506191,8.8,68
"834","DHS","Zambia","Men","1980-1989","Low",570.813783243299,22.4027482569218,11.5030301213264,3.9,51.3
"835","DHS","Zambia","Women","1960-1969","High",104.259443596005,1.36137101054192,NA,1.3,NA
"836","DHS","Zambia","Women","1960-1969","Low",71.396194934845,1.53601199388504,NA,2.2,NA
"837","DHS","Zambia","Women","1970-1979","High",1425.13549280167,37.7605618834496,19.4088760614395,2.6,51.4
"838","DHS","Zambia","Women","1970-1979","Low",902.650125559419,9.43338683247566,1.36376601457596,1,14.5
"839","DHS","Zambia","Women","1980-1989","High",692.343917481601,11.8628180287778,5.58583509922028,1.7,47.1
"840","DHS","Zambia","Women","1980-1989","Low",654.158126160502,5.07909899950027,1.9539920091629,0.8,38.5
"841","DHS","Zimbabwe","Men","1960-1969","High",436.085811369121,12.2928409352899,6.25439590960741,2.8,50.9
"842","DHS","Zimbabwe","Men","1960-1969","Low",369.441889807582,6.70223295688629,1.81872797012329,1.8,27.1
"843","DHS","Zimbabwe","Men","1970-1979","High",1015.01978281885,41.7438110262156,16.5885099470615,4.1,39.7
"844","DHS","Zimbabwe","Men","1970-1979","Low",672.907723903656,41.1151970624924,15.1321611106396,6.1,36.8
"845","DHS","Zimbabwe","Men","1980-1989","High",111.838485136628,9.07541012763977,8.60734513401985,8.1,94.8
"846","DHS","Zimbabwe","Men","1980-1989","Low",66.5057573020458,9.3416448533535,6.16133487224579,14,66
"847","DHS","Zimbabwe","Women","1960-1969","High",251.279789738357,10.1464999914169,4.14462512731552,4,40.8
"848","DHS","Zimbabwe","Women","1960-1969","Low",204.168566599488,9.01446092128754,5.38067989051342,4.4,59.7
"849","DHS","Zimbabwe","Women","1970-1979","High",1006.83303064108,44.7421319037676,22.9994458556175,4.4,51.4
"850","DHS","Zimbabwe","Women","1970-1979","Low",1092.07386656851,22.955055102706,6.64876991510391,2.1,29
"851","DHS","Zimbabwe","Women","1980-1989","High",140.074878357351,1.70757105946541,1.42205604910851,1.2,83.3
"852","DHS","Zimbabwe","Women","1980-1989","Low",89.0107616186142,2.90571308135986,2.34986209869385,3.3,80.9
"853","ESS","Austria","Men","1910-1919","High",0.811689721035194,NA,NA,NA,NA
"854","ESS","Austria","Men","1910-1919","Low",0.688896013267261,NA,NA,NA,NA
"855","ESS","Austria","Men","1920-1929","High",5.68055943375412,NA,NA,NA,NA
"856","ESS","Austria","Men","1920-1929","Low",6.21663708836115,1.12452545268644,0.456069280190974,18.1,40.6
"857","ESS","Austria","Men","1920-1929",NA,0.379046305506217,NA,NA,NA,NA
"858","ESS","Austria","Men","1930-1939","High",19.6832891695043,1.00892622789575,0.465874003024979,5.1,46.2
"859","ESS","Austria","Men","1930-1939","Low",19.5906689855427,2.76658833395061,0.346300017592792,14.1,12.5
"860","ESS","Austria","Men","1930-1939",NA,0.252813553025717,NA,NA,NA,NA
"861","ESS","Austria","Men","1940-1949","High",33.9400796927557,3.10049061335626,0.424673921335469,9.1,13.7
"862","ESS","Austria","Men","1940-1949","Low",54.0848483807865,10.3445291856346,0.649620999283395,19.1,6.3
"863","ESS","Austria","Men","1940-1949",NA,0.117685792322072,NA,NA,NA,NA
"864","ESS","Austria","Men","1950-1959","High",51.0308648128204,7.60838964004637,0.80138091888934,14.9,10.5
"865","ESS","Austria","Men","1950-1959","Low",63.993781027569,8.20709312701328,2.58663697981537,12.8,31.5
"866","ESS","Austria","Men","1950-1959",NA,0.752684996391539,NA,NA,NA,NA
"867","ESS","Austria","Men","1960-1969","High",55.3570420164686,14.8040289942898,4.24167613732594,26.7,28.7
"868","ESS","Austria","Men","1960-1969","Low",78.3806653121286,15.4661281843108,5.87150207077194,19.7,38
"869","ESS","Austria","Men","1960-1969",NA,3.61665822684219,1.0045977352275,0.276421610001634,27.8,27.5
"870","ESS","Austria","Men","1970-1979","High",29.509139070659,10.2011267016753,2.36319031896389,34.6,23.2
"871","ESS","Austria","Men","1970-1979","Low",38.6284403570371,9.6366283948213,1.39031819673894,24.9,14.4
"872","ESS","Austria","Men","1970-1979",NA,0.998370234041843,0.807887183268583,NA,80.9,NA
"873","ESS","Austria","Men","1980-1989","High",16.4111091697236,6.47871837931455,1.51263775807142,39.5,23.3
"874","ESS","Austria","Men","1980-1989","Low",8.53611926227998,3.08547766677783,0.549286722702937,36.1,17.8
"875","ESS","Austria","Men","1980-1989",NA,0.329920345422291,0.329920345422291,NA,100,NA
"876","ESS","Austria","Women","1910-1919","High",0.122579531634232,0.122579531634232,NA,100,NA
"877","ESS","Austria","Women","1910-1919","Low",0.11671546371092,0.11671546371092,NA,100,NA
"878","ESS","Austria","Women","1920-1929","High",6.57270385600562,2.71264961789645,1.15911616918795,41.3,42.7
"879","ESS","Austria","Women","1920-1929","Low",10.8825704844254,2.23322406714703,NA,20.5,NA
"880","ESS","Austria","Women","1920-1929",NA,0.258780017423781,NA,NA,NA,NA
"881","ESS","Austria","Women","1930-1939","High",18.2933243336495,2.50939049493609,0.488993033257595,13.7,19.5
"882","ESS","Austria","Women","1930-1939","Low",33.0098405181569,2.11013268873095,0.175587039405819,6.4,8.3
"883","ESS","Austria","Women","1930-1939",NA,1.08370284640521,NA,NA,NA,NA
"884","ESS","Austria","Women","1940-1949","High",35.805361636184,5.81429846272214,0.526786893491003,16.2,9.1
"885","ESS","Austria","Women","1940-1949","Low",76.5069195366834,6.0289266183953,1.32982564054664,7.9,22.1
"886","ESS","Austria","Women","1940-1949",NA,2.10793300533335,0.518775241149466,NA,24.6,NA
"887","ESS","Austria","Women","1950-1959","High",31.0414996226366,6.7910122859743,1.93461877924256,21.9,28.5
"888","ESS","Austria","Women","1950-1959","Low",71.2306044204262,6.32852843157206,2.12309853895092,8.9,33.5
"889","ESS","Austria","Women","1950-1959",NA,1.10464635267721,NA,NA,NA,NA
"890","ESS","Austria","Women","1960-1969","High",64.9889446338772,7.84527978711973,1.08756031694168,12.1,13.9
"891","ESS","Austria","Women","1960-1969","Low",85.996994384344,8.4745385732968,1.96067936217895,9.9,23.1
"892","ESS","Austria","Women","1960-1969",NA,1.87629638929188,0.250579335407078,NA,13.4,NA
"893","ESS","Austria","Women","1970-1979","High",28.9108429401614,9.79874601700469,2.06836754502295,33.9,21.1
"894","ESS","Austria","Women","1970-1979","Low",44.4433582164758,7.07690690720475,1.72062483387915,15.9,24.3
"895","ESS","Austria","Women","1970-1979",NA,1.22745395954806,0.0482464191832195,0.0482464191832195,3.9,100
"896","ESS","Austria","Women","1980-1989","High",11.2278367780408,2.4132306700008,0.524171559621969,21.5,21.7
"897","ESS","Austria","Women","1980-1989","Low",9.51973561123646,2.34125958721496,1.39499607607901,24.6,59.6
"898","ESS","Belgium","Men","1910-1919","High",1.07576612994729,NA,NA,NA,NA
"899","ESS","Belgium","Men","1910-1919","Low",1.70376695415931,0.694635453234312,NA,40.8,NA
"900","ESS","Belgium","Men","1920-1929","High",8.17708070155628,0.575865809378612,0.575865809378612,7,100
"901","ESS","Belgium","Men","1920-1929","Low",13.2629346597708,1.70376695415931,0.504565750462497,12.8,29.6
"902","ESS","Belgium","Men","1930-1939","High",27.8822030068289,2.91562352127892,0.763813381870891,10.5,26.2
"903","ESS","Belgium","Men","1930-1939","Low",35.0726356681901,6.10551290483758,2.2083327046218,17.4,36.2
"904","ESS","Belgium","Men","1930-1939",NA,0.504209054634554,0.504209054634554,NA,100,NA
"905","ESS","Belgium","Men","1940-1949","High",58.5038227273203,6.06235114736616,2.44049269365659,10.4,40.3
"906","ESS","Belgium","Men","1940-1949","Low",52.94365405207,10.7624500362404,4.4728412812203,20.3,41.6
"907","ESS","Belgium","Men","1940-1949",NA,0.672672026381889,NA,NA,NA,NA
"908","ESS","Belgium","Men","1950-1959","High",61.4511607494779,9.20025399152205,3.02916064694817,15,32.9
"909","ESS","Belgium","Men","1950-1959","Low",79.1929724068166,10.1489626451764,2.80341677481879,12.8,27.6
"910","ESS","Belgium","Men","1950-1959",NA,0.406546637791564,NA,NA,NA,NA
"911","ESS","Belgium","Men","1960-1969","High",65.9546644021383,9.98352982400224,2.42008176475588,15.1,24.2
"912","ESS","Belgium","Men","1960-1969","Low",93.8076912302331,23.2081599839029,6.89547308456206,24.7,29.7
"913","ESS","Belgium","Men","1960-1969",NA,0.514352184089923,NA,NA,NA,NA
"914","ESS","Belgium","Men","1970-1979","High",43.0388418843633,7.1563809037625,0.880110891526968,16.6,12.3
"915","ESS","Belgium","Men","1970-1979","Low",39.5872645995728,5.41650788665504,1.17132501711677,13.7,21.6
"916","ESS","Belgium","Men","1970-1979",NA,0.952801451869625,NA,NA,NA,NA
"917","ESS","Belgium","Men","1980-1989","High",20.4887456893195,6.53730717000299,3.64888799985192,31.9,55.8
"918","ESS","Belgium","Men","1980-1989","Low",8.13929079408945,1.74094161318629,NA,21.4,NA
"919","ESS","Belgium","Women","1910-1919","High",1.66425366034496,0.386103240753398,0.386103240753398,23.2,100
"920","ESS","Belgium","Women","1910-1919","Low",1.52722719276329,NA,NA,NA,NA
"921","ESS","Belgium","Women","1920-1929","High",12.5035721500348,3.48504210136639,0.509075730921097,27.9,14.6
"922","ESS","Belgium","Women","1920-1929","Low",19.0032160660852,1.03454669983556,NA,5.4,NA
"923","ESS","Belgium","Women","1930-1939","High",43.7004809996017,8.28662596795228,4.31016433960111,19,52
"924","ESS","Belgium","Women","1930-1939","Low",44.8315172187349,4.74699526840544,1.01815146184219,10.6,21.4
"925","ESS","Belgium","Women","1940-1949","High",46.0454859632176,4.73586486574979,NA,10.3,NA
"926","ESS","Belgium","Women","1940-1949","Low",48.7840481619732,2.26006999607684,1.14218579609252,4.6,50.5
"927","ESS","Belgium","Women","1940-1949",NA,0.525470968914458,NA,NA,NA,NA
"928","ESS","Belgium","Women","1950-1959","High",62.618804911251,8.03898939521055,1.32445869462627,12.8,16.5
"929","ESS","Belgium","Women","1950-1959","Low",87.7575203385293,12.4784671703014,3.35867034526423,14.2,26.9
"930","ESS","Belgium","Women","1950-1959",NA,1.31960797900946,0.758885494952821,0.758885494952821,57.5,100
"931","ESS","Belgium","Women","1960-1969","High",86.3150668476626,11.9266215608717,2.40685502800934,13.8,20.2
"932","ESS","Belgium","Women","1960-1969","Low",82.0886434357058,8.55764167936545,2.1912641004441,10.4,25.6
"933","ESS","Belgium","Women","1970-1979","High",45.5640341460809,3.2470993528143,0.755285715701971,7.1,23.3
"934","ESS","Belgium","Women","1970-1979","Low",44.30969555085,6.67855887594056,1.07204259974334,15.1,16.1
"935","ESS","Belgium","Women","1980-1989","High",23.4606850610608,3.26484752040663,1.01735883057102,13.9,31.2
"936","ESS","Belgium","Women","1980-1989","Low",11.1357565378041,0.505613169825864,0.505613169825864,4.5,100
"937","ESS","Bulgaria","Men","1920-1929","High",3.7980868289685,NA,NA,NA,NA
"938","ESS","Bulgaria","Men","1920-1929","Low",9.83300125921898,NA,NA,NA,NA
"939","ESS","Bulgaria","Men","1930-1939","High",24.189449778684,NA,NA,NA,NA
"940","ESS","Bulgaria","Men","1930-1939","Low",26.4880610650823,0.805970525610402,0.805970525610402,3,100
"941","ESS","Bulgaria","Men","1930-1939",NA,0.514925244186692,NA,NA,NA,NA
"942","ESS","Bulgaria","Men","1940-1949","High",33.4404321059458,1.32478103641265,0.528135839606231,4,39.9
"943","ESS","Bulgaria","Men","1940-1949","Low",46.2386105593193,2.53741985913848,1.37415257593705,5.5,54.2
"944","ESS","Bulgaria","Men","1940-1949",NA,0.939463796046663,NA,NA,NA,NA
"945","ESS","Bulgaria","Men","1950-1959","High",45.6587276957195,3.31594833051928,2.0832714344998,7.3,62.8
"946","ESS","Bulgaria","Men","1950-1959","Low",49.3130719525993,2.76510321941378,1.89467640840521,5.6,68.5
"947","ESS","Bulgaria","Men","1950-1959",NA,0.916999374617015,NA,NA,NA,NA
"948","ESS","Bulgaria","Men","1960-1969","High",42.8867974975562,6.49415719759706,2.99598635778197,15.1,46.1
"949","ESS","Bulgaria","Men","1960-1969","Low",62.197533747105,6.03393252096317,3.23689156803465,9.7,53.6
"950","ESS","Bulgaria","Men","1960-1969",NA,1.5183969598952,0.654836535963057,NA,43.1,NA
"951","ESS","Bulgaria","Men","1970-1979","High",16.6055975309756,5.25588069260627,3.34921489345979,31.7,63.7
"952","ESS","Bulgaria","Men","1970-1979","Low",43.1404146025599,13.8856165854131,10.2149838317583,32.2,73.6
"953","ESS","Bulgaria","Men","1970-1979",NA,0.815808877282826,0.489485293580859,NA,60,NA
"954","ESS","Bulgaria","Men","1980-1989","High",3.92120456701553,2.3280559378427,1.37802379414149,59.4,59.2
"955","ESS","Bulgaria","Men","1980-1989","Low",11.7138731179954,5.19066806458467,4.49121001306835,44.3,86.5
"956","ESS","Bulgaria","Men","1980-1989",NA,0.352147907412586,NA,NA,NA,NA
"957","ESS","Bulgaria","Women","1910-1919","High",0.421748916041068,NA,NA,NA,NA
"958","ESS","Bulgaria","Women","1920-1929","High",3.25803352904728,0.198433543440501,NA,6.1,NA
"959","ESS","Bulgaria","Women","1920-1929","Low",10.2971816309806,0.215538535527443,NA,2.1,NA
"960","ESS","Bulgaria","Women","1920-1929",NA,0.643861779597415,NA,NA,NA,NA
"961","ESS","Bulgaria","Women","1930-1939","High",24.4332031613579,0.574417834673643,NA,2.4,NA
"962","ESS","Bulgaria","Women","1930-1939","Low",33.4686311425143,1.25277900941655,0.344251828419873,3.7,27.5
"963","ESS","Bulgaria","Women","1930-1939",NA,1.32100670038573,0.431077071054887,0.431077071054887,32.6,100
"964","ESS","Bulgaria","Women","1940-1949","High",62.9082835542247,4.00498026185238,0.502914508824534,6.4,12.6
"965","ESS","Bulgaria","Women","1940-1949","Low",46.4580273565078,0.714601034954176,0.256512757074814,1.5,35.9
"966","ESS","Bulgaria","Women","1940-1949",NA,1.85510326559739,NA,NA,NA,NA
"967","ESS","Bulgaria","Women","1950-1959","High",57.8537126350251,2.6132977975141,1.38519453197169,4.5,53
"968","ESS","Bulgaria","Women","1950-1959","Low",62.013476413915,1.28437376371123,0.529321775707791,2.1,41.2
"969","ESS","Bulgaria","Women","1950-1959",NA,1.48710543714577,NA,NA,NA,NA
"970","ESS","Bulgaria","Women","1960-1969","High",36.3495574732797,3.7567011159605,2.74521946331595,10.3,73.1
"971","ESS","Bulgaria","Women","1960-1969","Low",64.3324692494411,2.35409783257147,1.83475353996285,3.7,77.9
"972","ESS","Bulgaria","Women","1960-1969",NA,1.14259059338026,NA,NA,NA,NA
"973","ESS","Bulgaria","Women","1970-1979","High",22.1263100920088,2.78625245633028,1.32567550634212,12.6,47.6
"974","ESS","Bulgaria","Women","1970-1979","Low",41.4962924902976,3.94106125085547,2.13699148548292,9.5,54.2
"975","ESS","Bulgaria","Women","1980-1989","High",7.02926007077352,1.93826685594863,1.14844004946899,27.6,59.3
"976","ESS","Bulgaria","Women","1980-1989","Low",4.39869751577518,1.12804991800379,0.538350513063078,25.6,47.7
"977","ESS","Bulgaria","Women","1980-1989",NA,0.761292518218255,NA,NA,NA,NA
"978","ESS","Croatia","Men","1930-1939","High",2.4140069191385,0.166244877127731,NA,6.9,NA
"979","ESS","Croatia","Men","1930-1939","Low",4.1528319356546,0.162003832323861,0.162003832323861,3.9,100
"980","ESS","Croatia","Men","1940-1949","High",3.99085541929493,0.244109527341879,0.0658987779226212,6.1,27
"981","ESS","Croatia","Men","1940-1949","Low",9.21888186112361,0.357337049021995,0.279948841253738,3.9,78.3
"982","ESS","Croatia","Men","1950-1959","High",7.33513108028105,0.654850824144088,0.185252787644123,8.9,28.3
"983","ESS","Croatia","Men","1950-1959","Low",22.8693073432392,2.85021497896352,1.2909647063554,12.5,45.3
"984","ESS","Croatia","Men","1960-1969","High",5.67116999316533,1.35606601421488,0.385808914975156,23.9,28.5
"985","ESS","Croatia","Men","1960-1969","Low",23.4997582531892,4.147978464043,2.20487302984176,17.7,53.2
"986","ESS","Croatia","Men","1970-1979","High",6.80992248123733,0.672838331642605,NA,9.9,NA
"987","ESS","Croatia","Men","1970-1979","Low",18.3167319920203,5.47342880918579,2.61309713597389,29.9,47.7
"988","ESS","Croatia","Men","1970-1979",NA,0.0998845201124317,NA,NA,NA,NA
"989","ESS","Croatia","Men","1980-1989","High",3.27466804574056,0.909454867432482,0.428734753110704,27.8,47.1
"990","ESS","Croatia","Men","1980-1989","Low",7.00537059841976,3.12329827491743,1.56084000391245,44.6,50
"991","ESS","Croatia","Women","1920-1929","High",0.27506889194563,0.0716974397067816,NA,26.1,NA
"992","ESS","Croatia","Women","1920-1929","Low",0.85177401495512,0.2682313910357,0.2682313910357,31.5,100
"993","ESS","Croatia","Women","1930-1939","High",2.21453078987653,0.442921777503782,0.182487990043615,20,41.2
"994","ESS","Croatia","Women","1930-1939","Low",5.09842896866034,0.3194526799244,0.158639592392992,6.3,49.7
"995","ESS","Croatia","Women","1940-1949","High",9.90906735191667,0.394970550616925,0.134245979659437,4,34
"996","ESS","Croatia","Women","1940-1949","Low",10.855067399455,0.797642121919277,0.421737235571603,7.3,52.9
"997","ESS","Croatia","Women","1950-1959","High",13.5635690206207,0.749727813497462,0.404338111051174,5.5,53.9
"998","ESS","Croatia","Women","1950-1959","Low",18.8473094816783,1.96836404668634,0.242417556285867,10.4,12.3
"999","ESS","Croatia","Women","1960-1969","High",7.11481690847943,1.6295155753352,0.654728593153425,22.9,40.2
"1000","ESS","Croatia","Women","1960-1969","Low",25.5666839642085,2.58655719375604,0.865167977416844,10.1,33.4
"1001","ESS","Croatia","Women","1970-1979","High",8.44608301028598,1.08411061032058,0.223829924280529,12.8,20.6
"1002","ESS","Croatia","Women","1970-1979","Low",17.4987500967635,1.42060365354006,0.724941512821975,8.1,51
"1003","ESS","Croatia","Women","1970-1979",NA,0.0553503411299676,NA,NA,NA,NA
"1004","ESS","Croatia","Women","1980-1989","High",4.72735108779007,0.91233382552926,0.407514214807937,19.3,44.7
"1005","ESS","Croatia","Women","1980-1989","Low",8.16028851222737,0.673368287363106,0.489541358362793,8.3,72.7
"1006","ESS","Cyprus","Men","1920-1929","High",0.360953147017874,0.04139319043448,0.04139319043448,11.5,100
"1007","ESS","Cyprus","Men","1920-1929","Low",1.10215506870696,0.025913080938722,NA,2.4,NA
"1008","ESS","Cyprus","Men","1930-1939","High",1.39188638953534,0.116404049818903,NA,8.4,NA
"1009","ESS","Cyprus","Men","1930-1939","Low",3.22968699595168,0.025913080938722,0.025913080938722,0.8,100
"1010","ESS","Cyprus","Men","1940-1949","High",3.45361015073054,0.0908497302638922,0.0277923584150574,2.6,30.6
"1011","ESS","Cyprus","Men","1940-1949","Low",3.32895590466445,0.0861910549162062,0.0323971363595419,2.6,37.6
"1012","ESS","Cyprus","Men","1950-1959","High",3.21937336911503,0.328455371617483,0.151724303845194,10.2,46.2
"1013","ESS","Cyprus","Men","1950-1959","Low",6.87107727227531,0.29774822476825,0.0897723064105662,4.3,30.2
"1014","ESS","Cyprus","Men","1960-1969","High",3.51925992757017,0.265996348744046,NA,7.6,NA
"1015","ESS","Cyprus","Men","1960-1969","Low",6.98036830212395,0.582587613534944,0.192289914516153,8.3,33
"1016","ESS","Cyprus","Men","1970-1979","High",2.35375575973467,0.484609825571182,0.0332510763125882,20.6,6.9
"1017","ESS","Cyprus","Men","1970-1979","Low",4.22359511991888,0.752022216863919,0.35839604018948,17.8,47.7
"1018","ESS","Cyprus","Men","1980-1989","High",1.36356606602124,0.498532424222113,0.0996768286112157,36.6,20
"1019","ESS","Cyprus","Men","1980-1989","Low",0.864847282020811,0.25760312701847,0.25760312701847,29.8,100
"1020","ESS","Cyprus","Women","1920-1929","High",0.549103482398713,0.0285846119935442,0.0285846119935442,5.2,100
"1021","ESS","Cyprus","Women","1920-1929","Low",0.422087022466501,NA,NA,NA,NA
"1022","ESS","Cyprus","Women","1930-1939","High",2.49393075172765,0.232176462789099,0.0604456121475749,9.3,26
"1023","ESS","Cyprus","Women","1930-1939","Low",1.50719251812513,0.0286161406646066,NA,1.9,NA
"1024","ESS","Cyprus","Women","1940-1949","High",2.89173961024109,0.259973047696081,0.0381520953801839,9,14.7
"1025","ESS","Cyprus","Women","1940-1949","Low",5.11253509605957,0.620678765369909,0.234858756585669,12.1,37.8
"1026","ESS","Cyprus","Women","1950-1959","High",6.45670764647317,0.370165717948924,0.202937300162901,5.7,54.8
"1027","ESS","Cyprus","Women","1950-1959","Low",4.59824091501596,0.210395607583488,0.142826694889944,4.6,67.9
"1028","ESS","Cyprus","Women","1960-1969","High",3.54234049698856,0.445674519766275,0.224530579933716,12.6,50.4
"1029","ESS","Cyprus","Women","1960-1969","Low",9.30223180396852,0.453637145319055,0.184718365679873,4.9,40.7
"1030","ESS","Cyprus","Women","1970-1979","High",3.38308146000803,0.402828022807643,0.0573320716669872,11.9,14.2
"1031","ESS","Cyprus","Women","1970-1979","Low",2.80910467625302,0.274102818455212,0.231349791318408,9.8,84.4
"1032","ESS","Cyprus","Women","1980-1989","High",1.57152457246087,0.459807436893719,0.344887574588942,29.3,75
"1033","ESS","Cyprus","Women","1980-1989","Low",0.82768862846271,NA,NA,NA,NA
"1034","ESS","Czechia","Men","1920-1929","High",0.197322393657906,NA,NA,NA,NA
"1035","ESS","Czechia","Men","1930-1939","High",2.70715481328644,NA,NA,NA,NA
"1036","ESS","Czechia","Men","1930-1939","Low",5.20678021301467,0.198458042608429,NA,3.8,NA
"1037","ESS","Czechia","Men","1940-1949","High",17.5253508248563,0.775345267575567,0.199161029528732,4.4,25.7
"1038","ESS","Czechia","Men","1940-1949","Low",20.1295101885441,1.65297444324437,NA,8.2,NA
"1039","ESS","Czechia","Men","1940-1949",NA,1.41022102547357,NA,NA,NA,NA
"1040","ESS","Czechia","Men","1950-1959","High",18.8680173358908,1.58154967895502,0.597483066366493,8.4,37.8
"1041","ESS","Czechia","Men","1950-1959","Low",45.0245338693256,5.42891674732868,1.8077335985808,12.1,33.3
"1042","ESS","Czechia","Men","1950-1959",NA,2.03105835365939,0.471032766359194,0.192856411387048,23.2,40.9
"1043","ESS","Czechia","Men","1960-1969","High",24.0359054274683,2.89196488188965,1.51520968229748,12,52.4
"1044","ESS","Czechia","Men","1960-1969","Low",65.369401361215,6.31014821435597,1.29165042048784,9.7,20.5
"1045","ESS","Czechia","Men","1960-1969",NA,1.43804382482944,NA,NA,NA,NA
"1046","ESS","Czechia","Men","1970-1979","High",22.1669774596246,3.01222018465328,0.572620286783518,13.6,19
"1047","ESS","Czechia","Men","1970-1979","Low",57.7792096541336,10.3624397362372,4.93839985790199,17.9,47.7
"1048","ESS","Czechia","Men","1970-1979",NA,2.20798612753594,0.515179047323606,0.515179047323606,23.3,100
"1049","ESS","Czechia","Men","1980-1989","High",8.65796204659762,4.35413213684004,0.796881446748081,50.3,18.3
"1050","ESS","Czechia","Men","1980-1989","Low",19.3500157360937,8.58450083554365,4.15467307445329,44.4,48.4
"1051","ESS","Czechia","Men","1980-1989",NA,1.40216255073264,0.15967247575043,0.15967247575043,11.4,100
"1052","ESS","Czechia","Women","1920-1929","High",0.157292034674956,NA,NA,NA,NA
"1053","ESS","Czechia","Women","1920-1929",NA,0.157292034674956,NA,NA,NA,NA
"1054","ESS","Czechia","Women","1930-1939","High",6.68902553476709,0.511460869111247,0.511460869111247,7.6,100
"1055","ESS","Czechia","Women","1930-1939","Low",10.6213576869809,0.167333695555687,NA,1.6,NA
"1056","ESS","Czechia","Women","1930-1939",NA,1.02890017114419,NA,NA,NA,NA
"1057","ESS","Czechia","Women","1940-1949","High",16.350226407959,1.44515001870758,0.32866801612089,8.8,22.7
"1058","ESS","Czechia","Women","1940-1949","Low",33.65159093056,0.643788235761384,0.315141261697942,1.9,49
"1059","ESS","Czechia","Women","1940-1949",NA,1.63103469874093,0.16177413733935,0.16177413733935,9.9,100
"1060","ESS","Czechia","Women","1950-1959","High",35.2743765761791,1.87777295336341,0.298984661158528,5.3,15.9
"1061","ESS","Czechia","Women","1950-1959","Low",43.5023562219138,2.65308732444385,0.543111634225255,6.1,20.5
"1062","ESS","Czechia","Women","1950-1959",NA,1.09251265498672,0.313132234045135,NA,28.7,NA
"1063","ESS","Czechia","Women","1960-1969","High",18.6835227981607,1.35159463156789,0.157849227022986,7.2,11.7
"1064","ESS","Czechia","Women","1960-1969","Low",59.1653683647755,4.23346015912152,1.52081124685976,7.2,35.9
"1065","ESS","Czechia","Women","1960-1969",NA,1.64449281650553,0.578283155502604,NA,35.2,NA
"1066","ESS","Czechia","Women","1970-1979","High",24.2143405970136,2.13346168153906,1.07541211708249,8.8,50.4
"1067","ESS","Czechia","Women","1970-1979","Low",56.2743770835524,4.3282928791392,1.65211971798161,7.7,38.2
"1068","ESS","Czechia","Women","1970-1979",NA,1.70482456140178,0.274339168037834,NA,16.1,NA
"1069","ESS","Czechia","Women","1980-1989","High",13.7732822903254,2.90535386305262,1.02189397703325,21.1,35.2
"1070","ESS","Czechia","Women","1980-1989","Low",16.2746313389685,1.85571110048963,0.654513185796919,11.4,35.3
"1071","ESS","Czechia","Women","1980-1989",NA,0.705876581390026,0.377677323204662,NA,53.5,NA
"1072","ESS","Denmark","Men","1910-1919","High",0.999128036034548,NA,NA,NA,NA
"1073","ESS","Denmark","Men","1910-1919","Low",0.339540705159664,NA,NA,NA,NA
"1074","ESS","Denmark","Men","1920-1929","High",5.28385449601119,0.405783360325401,NA,7.7,NA
"1075","ESS","Denmark","Men","1920-1929","Low",4.42754744332646,1.25073222428825,NA,28.2,NA
"1076","ESS","Denmark","Men","1920-1929",NA,0.346460600392844,NA,NA,NA,NA
"1077","ESS","Denmark","Men","1930-1939","High",10.1954676329505,0.247465461650719,NA,2.4,NA
"1078","ESS","Denmark","Men","1930-1939","Low",22.115232937116,2.96249513271063,0.339540705159664,13.4,11.5
"1079","ESS","Denmark","Men","1930-1939",NA,0.567285602537348,NA,NA,NA,NA
"1080","ESS","Denmark","Men","1940-1949","High",23.526135924515,1.93395792582762,NA,8.2,NA
"1081","ESS","Denmark","Men","1940-1949","Low",38.7718905998247,6.35164213397485,1.90284426837983,16.4,30
"1082","ESS","Denmark","Men","1940-1949",NA,0.688091334583805,NA,NA,NA,NA
"1083","ESS","Denmark","Men","1950-1959","High",31.5401456990383,4.71106385898573,1.04090883846396,14.9,22.1
"1084","ESS","Denmark","Men","1950-1959","Low",38.9151390417578,7.00594919070487,0.597444469797836,18,8.5
"1085","ESS","Denmark","Men","1950-1959",NA,0.0134196203017365,0.00754796732344243,0.00754796732344243,56.2,100
"1086","ESS","Denmark","Men","1960-1969","High",32.862316048068,6.48064562642459,1.18041473639871,19.7,18.2
"1087","ESS","Denmark","Men","1960-1969","Low",47.7675891839455,9.30909498947583,1.54518537064778,19.5,16.6
"1088","ESS","Denmark","Men","1960-1969",NA,1.18622623598626,NA,NA,NA,NA
"1089","ESS","Denmark","Men","1970-1979","High",21.6842032044846,2.94881745260117,0.863034440650639,13.6,29.3
"1090","ESS","Denmark","Men","1970-1979","Low",23.1114034185393,7.33655562849959,0.417962436008153,31.7,5.7
"1091","ESS","Denmark","Men","1970-1979",NA,0.436205651465954,0.350334480049618,NA,80.3,NA
"1092","ESS","Denmark","Men","1980-1989","High",10.1945101673185,2.23671443929532,NA,21.9,NA
"1093","ESS","Denmark","Men","1980-1989","Low",3.68192926237253,1.57478764678151,1.0578116746985,42.8,67.2
"1094","ESS","Denmark","Women","1910-1919","High",0.601387244725927,NA,NA,NA,NA
"1095","ESS","Denmark","Women","1910-1919","Low",1.7319702787313,NA,NA,NA,NA
"1096","ESS","Denmark","Women","1920-1929","High",7.57375901902525,1.3152850622382,NA,17.4,NA
"1097","ESS","Denmark","Women","1920-1929","Low",9.32562069069375,0.995668997930352,NA,10.7,NA
"1098","ESS","Denmark","Women","1930-1939","High",11.7790530110445,1.29979167508428,NA,11,NA
"1099","ESS","Denmark","Women","1930-1939","Low",18.8356952774061,0.895813113858466,NA,4.8,NA
"1100","ESS","Denmark","Women","1930-1939",NA,1.39940325783172,0.241533901050417,NA,17.3,NA
"1101","ESS","Denmark","Women","1940-1949","High",30.3474467655814,2.02278385305806,NA,6.7,NA
"1102","ESS","Denmark","Women","1940-1949","Low",44.4250529499972,3.7885885031596,1.15242295090305,8.5,30.4
"1103","ESS","Denmark","Women","1940-1949",NA,1.09618718319027,NA,NA,NA,NA
"1104","ESS","Denmark","Women","1950-1959","High",33.1773748732555,5.49127499457998,0.387499928480388,16.6,7.1
"1105","ESS","Denmark","Women","1950-1959","Low",34.5086621820522,4.10850872508416,NA,11.9,NA
"1106","ESS","Denmark","Women","1950-1959",NA,1.81825313800243,0.0425083012428078,0.00547844344728388,2.3,12.9
"1107","ESS","Denmark","Women","1960-1969","High",29.40335075124,4.40211375264577,0.402921332802647,15,9.2
"1108","ESS","Denmark","Women","1960-1969","Low",43.9687898425734,7.64973726901538,0.86201043009234,17.4,11.3
"1109","ESS","Denmark","Women","1960-1969",NA,0.382801977571839,0.0132404769676828,NA,3.5,NA
"1110","ESS","Denmark","Women","1970-1979","High",24.2200066222522,2.73736273664648,0.684543295421793,11.3,25
"1111","ESS","Denmark","Women","1970-1979","Low",28.2384686005386,3.16770606761343,0.593915621421115,11.2,18.7
"1112","ESS","Denmark","Women","1980-1989","High",7.6361937045687,1.01798707639227,0.21203572748558,13.3,20.8
"1113","ESS","Denmark","Women","1980-1989","Low",4.82681355175037,0.951106474535262,NA,19.7,NA
"1114","ESS","Denmark","Women","1980-1989",NA,0.142449492352013,NA,NA,NA,NA
"1115","ESS","Estonia","Men","1920-1929","High",1.07689976441741,0.15618801580508,NA,14.5,NA
"1116","ESS","Estonia","Men","1920-1929","Low",0.761477013761152,0.0959139895997803,0.0959139895997803,12.6,100
"1117","ESS","Estonia","Men","1930-1939","High",3.50481015111064,0.0482531600749727,NA,1.4,NA
"1118","ESS","Estonia","Men","1930-1939","Low",3.69231239330304,0.246242747319139,0.0483002139285293,6.7,19.6
"1119","ESS","Estonia","Men","1940-1949","High",4.73895064564696,0.319264019040581,0.137871492794497,6.7,43.2
"1120","ESS","Estonia","Men","1940-1949","Low",5.83691615553807,0.660001695178335,0.137158548731051,11.3,20.8
"1121","ESS","Estonia","Men","1950-1959","High",5.68348024146467,0.633816927893645,0.259485470156794,11.2,40.9
"1122","ESS","Estonia","Men","1950-1959","Low",9.3587566438174,0.960903981178431,0.303001781325843,10.3,31.5
"1123","ESS","Estonia","Men","1960-1969","High",5.80485358233083,0.752733834985363,0.186167485463225,13,24.7
"1124","ESS","Estonia","Men","1960-1969","Low",10.391338388682,1.50986436763178,0.659785402779721,14.5,43.7
"1125","ESS","Estonia","Men","1970-1979","High",5.20873757326677,1.08118401573807,0.358734086496375,20.8,33.2
"1126","ESS","Estonia","Men","1970-1979","Low",6.82825601394311,1.72490858744721,0.65653379889401,25.3,38.1
"1127","ESS","Estonia","Men","1980-1989","High",2.00748792493158,0.664746376922018,0.172821101187576,33.1,26
"1128","ESS","Estonia","Men","1980-1989","Low",1.74445720493722,0.332289752191894,0.0664210137162611,19,20
"1129","ESS","Estonia","Women","1905-1909","High",0.0839714424846782,NA,NA,NA,NA
"1130","ESS","Estonia","Women","1910-1919","High",0.280820626105934,NA,NA,NA,NA
"1131","ESS","Estonia","Women","1910-1919","Low",0.152192714154101,0.0507309047180335,0.0507309047180335,33.3,100
"1132","ESS","Estonia","Women","1920-1929","High",2.54249135497892,0.228820775369702,0.185433251920745,9,81
"1133","ESS","Estonia","Women","1920-1929","Low",2.09072107624951,0.337625966074846,0.0507309047180335,16.1,15
"1134","ESS","Estonia","Women","1930-1939","High",7.34923516528406,1.12965708345899,0.326666438951762,15.4,28.9
"1135","ESS","Estonia","Women","1930-1939","Low",5.08440877382757,0.568130661627574,0.092450022937054,11.2,16.3
"1136","ESS","Estonia","Women","1930-1939",NA,0.0839714424846782,NA,NA,NA,NA
"1137","ESS","Estonia","Women","1940-1949","High",8.06383522325322,0.954263834736909,0.271671224697586,11.8,28.5
"1138","ESS","Estonia","Women","1940-1949","Low",8.13244648015212,0.450735165214069,0.249428127550338,5.5,55.3
"1139","ESS","Estonia","Women","1950-1959","High",9.2388210779554,0.604434951358412,0.149712395943578,6.5,24.8
"1140","ESS","Estonia","Women","1950-1959","Low",11.7622510740022,0.593119254341648,0.161739880577528,5,27.3
"1141","ESS","Estonia","Women","1960-1969","High",8.78317786810087,0.693023091339081,0.211340049468057,7.9,30.5
"1142","ESS","Estonia","Women","1960-1969","Low",8.92356710092754,0.553219836191842,NA,6.2,NA
"1143","ESS","Estonia","Women","1960-1969",NA,0.0619947184842626,NA,NA,NA,NA
"1144","ESS","Estonia","Women","1970-1979","High",5.45120934368698,0.715009241671,0.0649143296965669,13.1,9.1
"1145","ESS","Estonia","Women","1970-1979","Low",5.71731496170226,0.338131204964141,0.123489244651768,5.9,36.5
"1146","ESS","Estonia","Women","1980-1989","High",2.44940347973608,0.412205317623306,0.108711172599439,16.8,26.4
"1147","ESS","Estonia","Women","1980-1989","Low",1.14222902592266,0.131621084297179,0.0439257641029882,11.5,33.4
"1148","ESS","Finland","Men","1910-1919","High",0.642708807777259,NA,NA,NA,NA
"1149","ESS","Finland","Men","1910-1919","Low",0.9197733189853,0.204071677887955,NA,22.2,NA
"1150","ESS","Finland","Men","1920-1929","High",3.763725119885,NA,NA,NA,NA
"1151","ESS","Finland","Men","1920-1929","Low",5.57338535315755,0.367362544112076,0.367362544112076,6.6,100
"1152","ESS","Finland","Men","1920-1929",NA,0.506902090735597,NA,NA,NA,NA
"1153","ESS","Finland","Men","1930-1939","High",10.6102375545346,1.42636083085614,0.367362544112076,13.4,25.8
"1154","ESS","Finland","Men","1930-1939","Low",19.4021773779523,1.58435487782744,0.36587508961712,8.2,23.1
"1155","ESS","Finland","Men","1930-1939",NA,0.23238537359088,NA,NA,NA,NA
"1156","ESS","Finland","Men","1940-1949","High",22.3612017762149,2.06361094130343,0.410318295212985,9.2,19.9
"1157","ESS","Finland","Men","1940-1949","Low",36.1918040362629,4.39829261191369,1.46122754560648,12.2,33.2
"1158","ESS","Finland","Men","1940-1949",NA,0.199008398016851,NA,NA,NA,NA
"1159","ESS","Finland","Men","1950-1959","High",28.15072043197,4.01463706977098,1.2187117999094,14.3,30.4
"1160","ESS","Finland","Men","1950-1959","Low",47.1918915819753,8.97496314444325,3.3596041921517,19,37.4
"1161","ESS","Finland","Men","1960-1969","High",28.0662819975646,6.1023040533974,1.25013820583121,21.7,20.5
"1162","ESS","Finland","Men","1960-1969","Low",47.3083195679565,11.4830571405146,4.39639239508863,24.3,38.3
"1163","ESS","Finland","Men","1960-1969",NA,0.560181175500517,0.286767014113906,0.286767014113906,51.2,100
"1164","ESS","Finland","Men","1970-1979","High",19.9765774562742,4.19353537105265,1.28786198600303,21,30.7
"1165","ESS","Finland","Men","1970-1979","Low",19.5543194908832,6.36207175758007,1.65645382145898,32.5,26
"1166","ESS","Finland","Men","1970-1979",NA,0.22936604636558,NA,NA,NA,NA
"1167","ESS","Finland","Men","1980-1989","High",7.86409389601366,2.62912745310868,0.246750907251144,33.4,9.4
"1168","ESS","Finland","Men","1980-1989","Low",6.54947958410665,1.54695574123901,NA,23.6,NA
"1169","ESS","Finland","Women","1905-1909","High",0.185056816120351,NA,NA,NA,NA
"1170","ESS","Finland","Women","1910-1919","High",1.23301757287153,0.479637592773409,NA,38.9,NA
"1171","ESS","Finland","Women","1910-1919","Low",2.16465752613317,NA,NA,NA,NA
"1172","ESS","Finland","Women","1920-1929","High",5.55267418294484,1.0887709089842,0.695430640080533,19.6,63.9
"1173","ESS","Finland","Women","1920-1929","Low",10.6269413583291,1.97244102121272,1.24881509357008,18.6,63.3
"1174","ESS","Finland","Women","1920-1929",NA,0.322261195507174,NA,NA,NA,NA
"1175","ESS","Finland","Women","1930-1939","High",18.914886054081,2.15386697232099,1.27437213946037,11.4,59.2
"1176","ESS","Finland","Women","1930-1939","Low",26.2744911964373,2.78706288093623,0.792272627930013,10.6,28.4
"1177","ESS","Finland","Women","1930-1939",NA,0.343583910758618,NA,NA,NA,NA
"1178","ESS","Finland","Women","1940-1949","High",26.3783959371257,3.24646775397764,0.944004258271486,12.3,29.1
"1179","ESS","Finland","Women","1940-1949","Low",41.4116544354973,4.59386640075874,1.41788546939097,11.1,30.9
"1180","ESS","Finland","Women","1950-1959","High",35.2412404469117,7.53234485495799,1.84277540904776,21.4,24.5
"1181","ESS","Finland","Women","1950-1959","Low",42.3908652685366,4.38936323886118,0.21355521940751,10.4,4.9
"1182","ESS","Finland","Women","1960-1969","High",32.0930208808251,4.14906033414027,1.08818001001712,12.9,26.2
"1183","ESS","Finland","Women","1960-1969","Low",38.7944133617131,6.92926535280525,1.31786470532534,17.9,19
"1184","ESS","Finland","Women","1960-1969",NA,0.24542447829209,NA,NA,NA,NA
"1185","ESS","Finland","Women","1970-1979","High",16.6419750418205,3.53886475870569,1.16727533508768,21.3,33
"1186","ESS","Finland","Women","1970-1979","Low",18.8476826347993,3.08635810529813,0.223938781493125,16.4,7.3
"1187","ESS","Finland","Women","1980-1989","High",11.258730558747,2.47759004878014,0.626550900427652,22,25.3
"1188","ESS","Finland","Women","1980-1989","Low",4.71545410163695,0.280310143954658,NA,5.9,NA
"1189","ESS","France","Men","1910-1919","High",1.251268280062,NA,NA,NA,NA
"1190","ESS","France","Men","1910-1919","Low",17.996849605545,3.85571990383167,3.85571990383167,21.4,100
"1191","ESS","France","Men","1920-1929","High",32.1836636042485,3.70452384567917,1.60780769620838,11.5,43.4
"1192","ESS","France","Men","1920-1929","Low",81.6759938213076,3.5991457106937,3.5991457106937,4.4,100
"1193","ESS","France","Men","1920-1929",NA,1.5620854948464,NA,NA,NA,NA
"1194","ESS","France","Men","1930-1939","High",120.987267493595,5.23747293544416,1.91576869918714,4.3,36.6
"1195","ESS","France","Men","1930-1939","Low",198.237477698936,17.3170319054682,9.70125019420055,8.7,56
"1196","ESS","France","Men","1930-1939",NA,1.80907377919466,NA,NA,NA,NA
"1197","ESS","France","Men","1940-1949","High",229.346311828483,33.0275095466651,16.4923726951961,14.4,49.9
"1198","ESS","France","Men","1940-1949","Low",414.135042180197,39.6518120937242,9.31160194509351,9.6,23.5
"1199","ESS","France","Men","1940-1949",NA,18.2857358521937,1.50339866509569,NA,8.2,NA
"1200","ESS","France","Men","1950-1959","High",297.859191910308,17.5108538307428,2.21139170557318,5.9,12.6
"1201","ESS","France","Men","1950-1959","Low",480.932726778056,52.3359799207716,15.1847634153258,10.9,29
"1202","ESS","France","Men","1950-1959",NA,5.6029615973616,1.66127538038349,NA,29.6,NA
"1203","ESS","France","Men","1960-1969","High",314.217211421817,34.4595778892956,4.71141312455674,11,13.7
"1204","ESS","France","Men","1960-1969","Low",553.158527839522,107.772819593789,67.4455996942183,19.5,62.6
"1205","ESS","France","Men","1960-1969",NA,7.64544792058399,NA,NA,NA,NA
"1206","ESS","France","Men","1970-1979","High",214.791823794661,36.433534957927,5.96480681951223,17,16.4
"1207","ESS","France","Men","1970-1979","Low",276.809974782557,61.4262836825934,29.0915699217349,22.2,47.4
"1208","ESS","France","Men","1970-1979",NA,14.4877565728934,1.98177775018415,NA,13.7,NA
"1209","ESS","France","Men","1980-1989","High",99.9085407290984,19.7805908950688,0.938481321190373,19.8,4.7
"1210","ESS","France","Men","1980-1989","Low",62.6465515550784,19.8893826203616,3.20230458361916,31.7,16.1
"1211","ESS","France","Men","1980-1989",NA,13.7081448421857,NA,NA,NA,NA
"1212","ESS","France","Women","1910-1919","High",7.35129172278496,NA,NA,NA,NA
"1213","ESS","France","Women","1910-1919","Low",6.46547396513225,NA,NA,NA,NA
"1214","ESS","France","Women","1920-1929","High",69.122193412734,12.8926691153349,2.56146135401278,18.7,19.9
"1215","ESS","France","Women","1920-1929","Low",105.007570297745,6.62912027429223,4.5526491361734,6.3,68.7
"1216","ESS","France","Women","1920-1929",NA,2.44152978446139,1.20012636015855,1.20012636015855,49.2,100
"1217","ESS","France","Women","1930-1939","High",189.850975426319,32.105327411065,14.3738023518272,16.9,44.8
"1218","ESS","France","Women","1930-1939","Low",262.031080877058,14.8497065359471,1.30920471197477,5.7,8.8
"1219","ESS","France","Women","1930-1939",NA,18.0733384455472,1.86287072264263,NA,10.3,NA
"1220","ESS","France","Women","1940-1949","High",268.685999221927,34.3670725483359,9.37926496867276,12.8,27.3
"1221","ESS","France","Women","1940-1949","Low",431.257994062101,37.7909114122646,12.195906844459,8.8,32.3
"1222","ESS","France","Women","1940-1949",NA,16.2064440232272,1.49198631623381,NA,9.2,NA
"1223","ESS","France","Women","1950-1959","High",381.002058543997,34.3720445128307,3.37193884885598,9,9.8
"1224","ESS","France","Women","1950-1959","Low",482.683107053822,36.0338058021148,11.685247904894,7.5,32.4
"1225","ESS","France","Women","1950-1959",NA,13.2637484570534,NA,NA,NA,NA
"1226","ESS","France","Women","1960-1969","High",390.122276403154,56.1553195686147,14.3317221012798,14.4,25.5
"1227","ESS","France","Women","1960-1969","Low",533.876556027832,35.0231368077169,6.0028267655823,6.6,17.1
"1228","ESS","France","Women","1960-1969",NA,11.6204679792988,NA,NA,NA,NA
"1229","ESS","France","Women","1970-1979","High",254.705660431858,34.5985739630383,3.30473684299461,13.6,9.6
"1230","ESS","France","Women","1970-1979","Low",279.853102729784,46.1860331603629,10.9145988316059,16.5,23.6
"1231","ESS","France","Women","1980-1989","High",92.0527696902923,18.4405657959474,NA,20,NA
"1232","ESS","France","Women","1980-1989","Low",94.4963527056169,10.8691874293411,NA,11.5,NA
"1233","ESS","France","Women","1980-1989",NA,0.934939859550568,NA,NA,NA,NA
"1234","ESS","Germany","Men","1910-1919","High",4.57669197753682,0.836481351896225,NA,18.3,NA
"1235","ESS","Germany","Men","1910-1919","Low",5.26258291562616,NA,NA,NA,NA
"1236","ESS","Germany","Men","1920-1929","High",47.4771771357648,2.73245336035534,NA,5.8,NA
"1237","ESS","Germany","Men","1920-1929","Low",91.6372060350696,12.5782736254324,NA,13.7,NA
"1238","ESS","Germany","Men","1920-1929",NA,5.68098499864959,2.76157044432958,NA,48.6,NA
"1239","ESS","Germany","Men","1930-1939","High",158.387179772823,21.415674508736,13.2405471909384,13.5,61.8
"1240","ESS","Germany","Men","1930-1939","Low",398.991487050503,42.1227791080136,3.65137101578532,10.6,8.7
"1241","ESS","Germany","Men","1930-1939",NA,29.3580909490494,2.58517645800052,NA,8.8,NA
"1242","ESS","Germany","Men","1940-1949","High",336.734890734199,53.0608493584298,NA,15.8,NA
"1243","ESS","Germany","Men","1940-1949","Low",498.726291364973,76.2921975376819,11.7653425566859,15.3,15.4
"1244","ESS","Germany","Men","1950-1959","High",446.050370468773,104.203628136979,12.9956801544372,23.4,12.5
"1245","ESS","Germany","Men","1950-1959","Low",677.498910114401,152.032218091904,58.9784244474572,22.4,38.8
"1246","ESS","Germany","Men","1950-1959",NA,3.90252275052639,0.0417453065851543,NA,1.1,NA
"1247","ESS","Germany","Men","1960-1969","High",535.211808777442,145.799172861155,27.4642834991344,27.2,18.8
"1248","ESS","Germany","Men","1960-1969","Low",770.837326442928,218.653436937062,68.1624715908054,28.4,31.2
"1249","ESS","Germany","Men","1960-1969",NA,3.5830070072852,2.53438741748673,NA,70.7,NA
"1250","ESS","Germany","Men","1970-1979","High",247.341122866134,79.9110728771793,15.8595665242251,32.3,19.8
"1251","ESS","Germany","Men","1970-1979","Low",413.791880271968,143.917530979602,50.971370585078,34.8,35.4
"1252","ESS","Germany","Men","1970-1979",NA,10.5163869069371,NA,NA,NA,NA
"1253","ESS","Germany","Men","1980-1989","High",102.603873580936,45.8727378682672,3.34741625560923,44.7,7.3
"1254","ESS","Germany","Men","1980-1989","Low",125.513572989325,63.9289739129268,8.51222437680667,50.9,13.3
"1255","ESS","Germany","Women","1910-1919","High",22.8752451284846,NA,NA,NA,NA
"1256","ESS","Germany","Women","1910-1919","Low",41.8499494811457,13.5035009857622,2.21847159254891,32.3,16.4
"1257","ESS","Germany","Women","1920-1929","High",108.082423565372,22.6147823646453,3.74581501788151,20.9,16.6
"1258","ESS","Germany","Women","1920-1929","Low",233.373298282791,29.054180604071,10.2279588299165,12.4,35.2
"1259","ESS","Germany","Women","1920-1929",NA,10.0619582365666,2.02488684835586,NA,20.1,NA
"1260","ESS","Germany","Women","1930-1939","High",152.245028031978,24.3973765015895,10.5754734720892,16,43.3
"1261","ESS","Germany","Women","1930-1939","Low",420.311153815709,29.1495720916369,7.69000563132965,6.9,26.4
"1262","ESS","Germany","Women","1930-1939",NA,8.04009764426497,5.84833223054558,3.62986063799667,72.7,62.1
"1263","ESS","Germany","Women","1940-1949","High",265.547609191499,30.6993319556781,4.58177414704365,11.6,14.9
"1264","ESS","Germany","Women","1940-1949","Low",630.162219428269,81.1990741776078,10.2766199615523,12.9,12.7
"1265","ESS","Germany","Women","1940-1949",NA,12.5939783901902,2.90427802886148,NA,23.1,NA
"1266","ESS","Germany","Women","1950-1959","High",383.975258251196,73.8113360588605,11.0416915723017,19.2,15
"1267","ESS","Germany","Women","1950-1959","Low",898.338198431944,120.053362276912,21.6327426365402,13.4,18
"1268","ESS","Germany","Women","1950-1959",NA,9.44255842720872,7.11158560986263,NA,75.3,NA
"1269","ESS","Germany","Women","1960-1969","High",497.117109091421,104.492346739744,26.6771919962906,21,25.5
"1270","ESS","Germany","Women","1960-1969","Low",823.592873880713,139.681371397096,26.098905629595,17,18.7
"1271","ESS","Germany","Women","1960-1969",NA,3.3039833434932,NA,NA,NA,NA
"1272","ESS","Germany","Women","1970-1979","High",263.592532134331,42.4823315715788,3.8567831424117,16.1,9.1
"1273","ESS","Germany","Women","1970-1979","Low",390.195069514602,76.7518517624538,15.9314882438441,19.7,20.8
"1274","ESS","Germany","Women","1970-1979",NA,0.117687362652437,NA,NA,NA,NA
"1275","ESS","Germany","Women","1980-1989","High",102.806199933079,29.6257179288579,5.2186189625786,28.8,17.6
"1276","ESS","Germany","Women","1980-1989","Low",93.696401520872,5.29861975510084,NA,5.7,NA
"1277","ESS","Hungary","Men","1910-1919","High",1.68502793610409,0.356828981488938,NA,21.2,NA
"1278","ESS","Hungary","Men","1910-1919","Low",1.31527928540353,NA,NA,NA,NA
"1279","ESS","Hungary","Men","1920-1929","High",9.07271307464029,1.46673375138131,0.671913626571218,16.2,45.8
"1280","ESS","Hungary","Men","1920-1929","Low",10.4671643126072,0.712296603661661,0.272948970372484,6.8,38.3
"1281","ESS","Hungary","Men","1930-1939","High",16.4517929368351,1.60233505486238,0.239752364758074,9.7,15
"1282","ESS","Hungary","Men","1930-1939","Low",32.1536939267817,3.47523097465123,1.4834996145506,10.8,42.7
"1283","ESS","Hungary","Men","1930-1939",NA,1.07056988717933,NA,NA,NA,NA
"1284","ESS","Hungary","Men","1940-1949","High",45.5175675848516,5.57912886761972,0.308201126984127,12.3,5.5
"1285","ESS","Hungary","Men","1940-1949","Low",46.6674164892171,4.26054815277105,1.70531654316404,9.1,40
"1286","ESS","Hungary","Men","1940-1949",NA,0.45257384007844,NA,NA,NA,NA
"1287","ESS","Hungary","Men","1950-1959","High",54.4709165455467,5.97095943497436,0.537220596273482,11,9
"1288","ESS","Hungary","Men","1950-1959","Low",80.3074657329817,11.2543354129811,3.00479515408732,14,26.7
"1289","ESS","Hungary","Men","1960-1969","High",43.138043426671,7.22680784379883,2.26980326446725,16.8,31.4
"1290","ESS","Hungary","Men","1960-1969","Low",70.579220191065,15.4605052842209,4.92167822753701,21.9,31.8
"1291","ESS","Hungary","Men","1970-1979","High",25.5154930243968,8.63916842077918,2.99254522952201,33.9,34.6
"1292","ESS","Hungary","Men","1970-1979","Low",68.2468224633244,24.9568143733768,12.4216061635975,36.6,49.8
"1293","ESS","Hungary","Men","1970-1979",NA,1.15252474935527,NA,NA,NA,NA
"1294","ESS","Hungary","Men","1980-1989","High",18.9748105015661,5.85725739871295,2.41902234577609,30.9,41.3
"1295","ESS","Hungary","Men","1980-1989","Low",15.7843372806086,5.1520529226517,3.97144426864397,32.6,77.1
"1296","ESS","Hungary","Women","1910-1919","High",1.25833617383314,0.37386617822666,NA,29.7,NA
"1297","ESS","Hungary","Women","1910-1919","Low",1.2177020153484,0.37386617822666,NA,30.7,NA
"1298","ESS","Hungary","Women","1920-1929","High",10.5328837587844,1.50338004756041,0.94463129453791,14.3,62.8
"1299","ESS","Hungary","Women","1920-1929","Low",19.74438430799,2.05054053833952,0.817535015008321,10.4,39.9
"1300","ESS","Hungary","Women","1920-1929",NA,0.661262473384816,NA,NA,NA,NA
"1301","ESS","Hungary","Women","1930-1939","High",35.2809243735048,6.007638541513,2.28659347819325,17,38.1
"1302","ESS","Hungary","Women","1930-1939","Low",48.8968927131373,3.3294149408735,0.629508798985073,6.8,18.9
"1303","ESS","Hungary","Women","1930-1939",NA,0.146800757956212,NA,NA,NA,NA
"1304","ESS","Hungary","Women","1940-1949","High",54.9674822575331,3.36186178499776,0.768941078609314,6.1,22.9
"1305","ESS","Hungary","Women","1940-1949","Low",75.6399402060774,3.54602602098963,0.964780224563492,4.7,27.2
"1306","ESS","Hungary","Women","1940-1949",NA,0.907409042362216,NA,NA,NA,NA
"1307","ESS","Hungary","Women","1950-1959","High",60.0853703101092,4.39730966048197,0.827316385866219,7.3,18.8
"1308","ESS","Hungary","Women","1950-1959","Low",95.5076093018172,6.22804745831089,1.33856289163164,6.5,21.5
"1309","ESS","Hungary","Women","1950-1959",NA,1.79514719036263,NA,NA,NA,NA
"1310","ESS","Hungary","Women","1960-1969","High",55.0266261985191,7.46222451696994,1.04811285707065,13.6,14
"1311","ESS","Hungary","Women","1960-1969","Low",74.8518701310406,6.93851475523521,2.96799690981646,9.3,42.8
"1312","ESS","Hungary","Women","1960-1969",NA,1.8774376026912,NA,NA,NA,NA
"1313","ESS","Hungary","Women","1970-1979","High",41.9099941691321,14.894665738582,5.80475641332273,35.5,39
"1314","ESS","Hungary","Women","1970-1979","Low",53.256829929081,7.9949395402493,4.61353748505876,15,57.7
"1315","ESS","Hungary","Women","1970-1979",NA,1.76586139144727,NA,NA,NA,NA
"1316","ESS","Hungary","Women","1980-1989","High",12.0548100541068,3.64582106544548,0.952155940228838,30.2,26.1
"1317","ESS","Hungary","Women","1980-1989","Low",16.0232843235212,4.44601939689788,0.562818317504409,27.7,12.7
"1318","ESS","Iceland","Men","1920-1929","High",0.0248767606836124,0.0248767606836124,0.0248767606836124,100,100
"1319","ESS","Iceland","Men","1920-1929","Low",0.0258261583989401,NA,NA,NA,NA
"1320","ESS","Iceland","Men","1920-1929",NA,0.0507029190825525,0.0258261583989401,0.0258261583989401,50.9,100
"1321","ESS","Iceland","Men","1930-1939","High",0.199841053494996,0.0248767606836124,NA,12.4,NA
"1322","ESS","Iceland","Men","1930-1939","Low",0.0977224627424191,0.0258261583989401,0.0258261583989401,26.4,100
"1323","ESS","Iceland","Men","1930-1939",NA,0.0497535213672249,NA,NA,NA,NA
"1324","ESS","Iceland","Men","1940-1949","High",0.45972931105752,NA,NA,NA,NA
"1325","ESS","Iceland","Men","1940-1949","Low",0.52454083300774,0.0709469066281514,0.0507029190825525,13.5,71.5
"1326","ESS","Iceland","Men","1940-1949",NA,0.0497535213672249,NA,NA,NA,NA
"1327","ESS","Iceland","Men","1950-1959","High",0.786449892525891,0.0173820332924293,0.0173820332924293,2.2,100
"1328","ESS","Iceland","Men","1950-1959","Low",0.858752525028858,0.0653647357748102,0.0404879750911977,7.6,61.9
"1329","ESS","Iceland","Men","1950-1959",NA,0.0173820332924293,NA,NA,NA,NA
"1330","ESS","Iceland","Men","1960-1969","High",0.982064744240212,0.0248767606836124,NA,2.5,NA
"1331","ESS","Iceland","Men","1960-1969","Low",1.56695240690435,0.214311959874417,0.154704600521375,13.7,72.2
"1332","ESS","Iceland","Men","1960-1969",NA,0.0258261583989401,NA,NA,NA,NA
"1333","ESS","Iceland","Men","1970-1979","High",1.04950127375041,0.0928760743402237,0.0309586914467412,8.8,33.3
"1334","ESS","Iceland","Men","1970-1979","Low",1.1673818537957,0.0919966105988568,NA,7.9,NA
"1335","ESS","Iceland","Men","1970-1979",NA,0.0443073603711008,NA,NA,NA,NA
"1336","ESS","Iceland","Men","1980-1989","High",0.640521378286131,0.0619173828934825,NA,9.7,NA
"1337","ESS","Iceland","Men","1980-1989","Low",0.554518625807942,NA,NA,NA,NA
"1338","ESS","Iceland","Women","1920-1929","High",0.0428022847505591,NA,NA,NA,NA
"1339","ESS","Iceland","Women","1920-1929","Low",0.0511670845549048,NA,NA,NA,NA
"1340","ESS","Iceland","Women","1930-1939","High",0.214476383022933,NA,NA,NA,NA
"1341","ESS","Iceland","Women","1930-1939","Low",0.168025332822223,NA,NA,NA,NA
"1342","ESS","Iceland","Women","1930-1939",NA,0.0255835422774524,NA,NA,NA,NA
"1343","ESS","Iceland","Women","1940-1949","High",0.524767462275311,0.0172187424731067,NA,3.3,NA
"1344","ESS","Iceland","Women","1940-1949","Low",0.602164135443054,NA,NA,NA,NA
"1345","ESS","Iceland","Women","1940-1949",NA,0.0255835422774524,NA,NA,NA,NA
"1346","ESS","Iceland","Women","1950-1959","High",0.628201247548898,0.0172187424731067,NA,2.7,NA
"1347","ESS","Iceland","Women","1950-1959","Low",0.810791386413507,0.0193166157732176,NA,2.4,NA
"1348","ESS","Iceland","Women","1950-1959",NA,0.0511670845549048,NA,NA,NA,NA
"1349","ESS","Iceland","Women","1960-1969","High",0.99523837783464,0.0600210272236659,0.0172187424731067,6,28.7
"1350","ESS","Iceland","Women","1960-1969","Low",1.07098107603854,0.102702802575223,NA,9.6,NA
"1351","ESS","Iceland","Women","1970-1979","High",1.07460735055145,0.125633566043724,0.0609599966151535,11.7,48.5
"1352","ESS","Iceland","Women","1970-1979","Low",1.28773457306874,0.104582255021621,NA,8.1,NA
"1353","ESS","Iceland","Women","1970-1979",NA,0.0905740938391038,NA,NA,NA,NA
"1354","ESS","Iceland","Women","1980-1989","High",0.633458013841191,0.0304799983075767,NA,4.8,NA
"1355","ESS","Iceland","Women","1980-1989","Low",0.47926219100591,NA,NA,NA,NA
"1356","ESS","Ireland","Men","1910-1919","High",0.138034700081676,NA,NA,NA,NA
"1357","ESS","Ireland","Men","1910-1919","Low",0.300441700413046,NA,NA,NA,NA
"1358","ESS","Ireland","Men","1920-1929","High",2.5220837226777,0.28823924581117,0.213136972946423,11.4,73.9
"1359","ESS","Ireland","Men","1920-1929","Low",2.84714178519926,0.852577857219849,0.576494801641338,29.9,67.6
"1360","ESS","Ireland","Men","1930-1939","High",7.35760325816161,0.614597724725929,0.269739573692076,8.4,43.9
"1361","ESS","Ireland","Men","1930-1939","Low",10.9806132343455,2.02759506970209,1.19492584502887,18.5,58.9
"1362","ESS","Ireland","Men","1930-1939",NA,0.195857688744217,0.045636838537694,0.045636838537694,23.3,100
"1363","ESS","Ireland","Men","1940-1949","High",15.1989434723985,1.70076879094299,0.442863849478351,11.2,26
"1364","ESS","Ireland","Men","1940-1949","Low",17.617221853764,4.06587191004176,2.02714496943569,23.1,49.9
"1365","ESS","Ireland","Men","1940-1949",NA,0.647760873997367,0.166375949940135,0.075102272864747,25.7,45.1
"1366","ESS","Ireland","Men","1950-1959","High",23.6847197040261,2.97798168481154,1.85059907002273,12.6,62.1
"1367","ESS","Ireland","Men","1950-1959","Low",23.3238018060118,4.47409766607123,3.55028641830004,19.2,79.4
"1368","ESS","Ireland","Men","1950-1959",NA,1.15937907945457,0.222517659589879,0.0934076395265748,19.2,42
"1369","ESS","Ireland","Men","1960-1969","High",29.1428153134905,6.93593175359309,2.94492451881108,23.8,42.5
"1370","ESS","Ireland","Men","1960-1969","Low",26.5386732474089,8.42640412138074,5.25801801451544,31.8,62.4
"1371","ESS","Ireland","Men","1960-1969",NA,0.709116981034347,0.0597675139812912,0.0597675139812912,8.4,100
"1372","ESS","Ireland","Men","1970-1979","High",21.2173091031594,5.6274577944867,1.46616996137399,26.5,26.1
"1373","ESS","Ireland","Men","1970-1979","Low",16.5796444718801,3.5312890635425,1.40167979654077,21.3,39.7
"1374","ESS","Ireland","Men","1970-1979",NA,0.205743029624462,0.137162019749641,NA,66.7,NA
"1375","ESS","Ireland","Men","1980-1989","High",9.14671719281312,5.042688274846,1.52072148194084,55.1,30.2
"1376","ESS","Ireland","Men","1980-1989","Low",6.02498237288202,1.24338261213808,0.966740383851451,20.6,77.8
"1377","ESS","Ireland","Men","1980-1989",NA,0.470662922926726,0.17963187068116,NA,38.2,NA
"1378","ESS","Ireland","Women","1905-1909","High",0.0966491712876518,0.0966491712876518,NA,100,NA
"1379","ESS","Ireland","Women","1910-1919","High",0.0966491712876518,NA,NA,NA,NA
"1380","ESS","Ireland","Women","1910-1919","Low",0.080987784508352,0.080987784508352,NA,100,NA
"1381","ESS","Ireland","Women","1920-1929","High",3.20321225571501,0.537084572598089,0.150466916631343,16.8,28
"1382","ESS","Ireland","Women","1920-1929","Low",2.77438696918472,0.532931838204149,0.451944053695797,19.2,84.8
"1383","ESS","Ireland","Women","1930-1939","High",7.15345490014143,1.72316459216463,0.915911468616361,24.1,53.2
"1384","ESS","Ireland","Women","1930-1939","Low",8.32112676765098,1.05069654045091,0.722592668023568,12.6,68.8
"1385","ESS","Ireland","Women","1930-1939",NA,0.366095693476669,0.0761272087975753,0.0761272087975753,20.8,100
"1386","ESS","Ireland","Women","1940-1949","High",15.2843400156293,2.11064233359715,1.36032567457661,13.8,64.5
"1387","ESS","Ireland","Women","1940-1949","Low",21.5303647166075,2.03982398045652,1.07839956063175,9.5,52.9
"1388","ESS","Ireland","Women","1940-1949",NA,0.161453236031075,NA,NA,NA,NA
"1389","ESS","Ireland","Women","1950-1959","High",21.5438702631342,3.83426925470162,1.81843208139084,17.8,47.4
"1390","ESS","Ireland","Women","1950-1959","Low",27.6915038801646,2.52501626551385,1.47234462045803,9.1,58.3
"1391","ESS","Ireland","Women","1950-1959",NA,0.259889908282534,0.0538177453436917,NA,20.7,NA
"1392","ESS","Ireland","Women","1960-1969","High",26.0812532584975,3.01972114858276,1.73310567714697,11.6,57.4
"1393","ESS","Ireland","Women","1960-1969","Low",35.6892535652607,4.18502602627106,2.12645848182095,11.7,50.8
"1394","ESS","Ireland","Women","1960-1969",NA,0.102341113904752,NA,NA,NA,NA
"1395","ESS","Ireland","Women","1970-1979","High",21.0907721530517,3.48782762461133,0.501310680623378,16.5,14.4
"1396","ESS","Ireland","Women","1970-1979","Low",19.4317582430186,1.96237570673298,0.246220333387102,10.1,12.5
"1397","ESS","Ireland","Women","1970-1979",NA,0.31922923524994,NA,NA,NA,NA
"1398","ESS","Ireland","Women","1980-1989","High",11.3792574177034,2.0029932762845,0.914134743935879,17.6,45.6
"1399","ESS","Ireland","Women","1980-1989","Low",4.76306876316727,0.783743587874473,0.434296011048987,16.5,55.4
"1400","ESS","Ireland",NA,"1920-1929","High",0.0881222013580683,0.0881222013580683,NA,100,NA
"1401","ESS","Ireland",NA,"1930-1939","High",0.25010609441437,NA,NA,NA,NA
"1402","ESS","Ireland",NA,"1930-1939","Low",0.412086883967227,0.0881222013580683,0.0881222013580683,21.4,100
"1403","ESS","Ireland",NA,"1940-1949","High",0.528771469912314,NA,NA,NA,NA
"1404","ESS","Ireland",NA,"1940-1949","Low",0.440649268554246,NA,NA,NA,NA
"1405","ESS","Ireland",NA,"1950-1959","High",0.457814042280205,NA,NA,NA,NA
"1406","ESS","Ireland",NA,"1950-1959","Low",0.324168981807389,0.162084490903695,NA,50,NA
"1407","ESS","Ireland",NA,"1960-1969","High",0.32415140267716,NA,NA,NA,NA
"1408","ESS","Ireland",NA,"1960-1969","Low",0.193428312866018,0.193428312866018,NA,100,NA
"1409","ESS","Italy","Men","1920-1929","High",1.79080192663707,NA,NA,NA,NA
"1410","ESS","Italy","Men","1920-1929","Low",5.5618010763496,NA,NA,NA,NA
"1411","ESS","Italy","Men","1920-1929",NA,1.94248968942212,NA,NA,NA,NA
"1412","ESS","Italy","Men","1930-1939","High",43.0559087760995,1.3847841142229,NA,3.2,NA
"1413","ESS","Italy","Men","1930-1939","Low",92.16785323307,6.00781051028886,2.07586867810015,6.5,34.6
"1414","ESS","Italy","Men","1930-1939",NA,4.09237018809783,NA,NA,NA,NA
"1415","ESS","Italy","Men","1940-1949","High",81.5076753615342,13.0060062098719,4.73221030238185,16,36.4
"1416","ESS","Italy","Men","1940-1949","Low",187.334973963529,16.2785577149867,7.47280351127487,8.7,45.9
"1417","ESS","Italy","Men","1940-1949",NA,11.4418362541818,1.84002138605616,NA,16.1,NA
"1418","ESS","Italy","Men","1950-1959","High",170.148788821033,26.2623343634,5.00220830953216,15.4,19
"1419","ESS","Italy","Men","1950-1959","Low",176.134111084913,26.9331636774499,13.6858966608378,15.3,50.8
"1420","ESS","Italy","Men","1950-1959",NA,8.94472911095492,3.35011183763579,3.35011183763579,37.5,100
"1421","ESS","Italy","Men","1960-1969","High",208.00685618849,60.0614047371942,17.1121634222712,28.9,28.5
"1422","ESS","Italy","Men","1960-1969","Low",231.346197229238,68.543489591016,35.8570392356816,29.6,52.3
"1423","ESS","Italy","Men","1960-1969",NA,9.20915156778255,3.11202665607985,3.11202665607985,33.8,100
"1424","ESS","Italy","Men","1970-1979","High",232.743918135879,92.2098028230108,47.0940098875071,39.6,51.1
"1425","ESS","Italy","Men","1970-1979","Low",206.138880470781,67.8221088027697,36.7167714808921,32.9,54.1
"1426","ESS","Italy","Men","1970-1979",NA,17.5181962548417,8.69924786784928,5.71869309574312,49.7,65.7
"1427","ESS","Italy","Men","1980-1989","High",86.0061116655036,57.6130427805697,24.9008070269215,67,43.2
"1428","ESS","Italy","Men","1980-1989","Low",73.9936466414968,31.9020479494221,18.7868681880391,43.1,58.9
"1429","ESS","Italy","Men","1980-1989",NA,11.5295102724562,6.7685965650161,6.7685965650161,58.7,100
"1430","ESS","Italy","Women","1920-1929","High",6.56850225188163,1.70258342769384,NA,25.9,NA
"1431","ESS","Italy","Women","1920-1929","Low",25.1651752063659,NA,NA,NA,NA
"1432","ESS","Italy","Women","1920-1929",NA,7.32646110353703,1.82051156838384,1.82051156838384,24.8,100
"1433","ESS","Italy","Women","1930-1939","High",59.9695101687654,6.67909839426469,1.75368677884832,11.1,26.3
"1434","ESS","Italy","Women","1930-1939","Low",146.267230148309,3.97070271120293,2.15528957559849,2.7,54.3
"1435","ESS","Italy","Women","1930-1939",NA,7.34651153305006,NA,NA,NA,NA
"1436","ESS","Italy","Women","1940-1949","High",101.527491633861,16.4595668712339,11.7842995747456,16.2,71.6
"1437","ESS","Italy","Women","1940-1949","Low",218.465624117739,21.3639288753706,7.38817016435549,9.8,34.6
"1438","ESS","Italy","Women","1940-1949",NA,9.48803923173012,3.41259614334392,1.70629807167196,36,50
"1439","ESS","Italy","Women","1950-1959","High",167.890469620619,40.0431397511697,8.83310294996902,23.9,22.1
"1440","ESS","Italy","Women","1950-1959","Low",205.975725956488,22.0075047983985,10.0059697259921,10.7,45.5
"1441","ESS","Italy","Women","1950-1959",NA,6.87089031595864,NA,NA,NA,NA
"1442","ESS","Italy","Women","1960-1969","High",244.285107376446,68.353159517421,16.9338904378451,28,24.8
"1443","ESS","Italy","Women","1960-1969","Low",256.62389400273,61.5441316499384,26.4581780860672,24,43
"1444","ESS","Italy","Women","1960-1969",NA,11.653695218592,7.51026673980888,5.93726914236113,64.4,79.1
"1445","ESS","Italy","Women","1970-1979","High",250.184355154917,72.107432926478,37.1567892379034,28.8,51.5
"1446","ESS","Italy","Women","1970-1979","Low",178.650310781316,42.9946258553239,17.7839737118376,24.1,41.4
"1447","ESS","Italy","Women","1970-1979",NA,10.8113081816988,2.23989652345513,NA,20.7,NA
"1448","ESS","Italy","Women","1980-1989","High",69.6427373463108,29.2059607155706,4.20231989481112,41.9,14.4
"1449","ESS","Italy","Women","1980-1989","Low",95.2809497339249,38.3182922415215,17.1399706246652,40.2,44.7
"1450","ESS","Italy","Women","1980-1989",NA,4.4237928971969,4.4237928971969,1.97069230881183,100,44.5
"1451","ESS","Latvia","Men","1920-1929","High",0.0638495044665017,NA,NA,NA,NA
"1452","ESS","Latvia","Men","1930-1939","High",1.79586935136775,0.294417240578392,NA,16.4,NA
"1453","ESS","Latvia","Men","1930-1939","Low",0.97046173620999,NA,NA,NA,NA
"1454","ESS","Latvia","Men","1940-1949","High",2.89875237276036,0.299686969861495,0.149374812923673,10.3,49.8
"1455","ESS","Latvia","Men","1940-1949","Low",4.00489059591266,0.448287617462538,NA,11.2,NA
"1456","ESS","Latvia","Men","1950-1959","High",2.97227429495991,0.0692241252706025,0.0692241252706025,2.3,100
"1457","ESS","Latvia","Men","1950-1959","Low",6.06855963032158,0.3292814146623,0.140256036046402,5.4,42.6
"1458","ESS","Latvia","Men","1960-1969","High",4.71287112994227,0.570722915695149,NA,12.1,NA
"1459","ESS","Latvia","Men","1960-1969","Low",10.0874175585346,1.085388276039,0.243725944537996,10.8,22.5
"1460","ESS","Latvia","Men","1970-1979","High",4.36245928056041,0.484583394477293,NA,11.1,NA
"1461","ESS","Latvia","Men","1970-1979","Low",8.15663959195011,1.81977366518101,0.553489894069653,22.3,30.4
"1462","ESS","Latvia","Men","1980-1989","High",1.39340628655599,0.34045291432163,NA,24.4,NA
"1463","ESS","Latvia","Men","1980-1989","Low",3.04711035195271,1.14535200792158,0.835129969145596,37.6,72.9
"1464","ESS","Latvia","Women","1920-1929","High",0.239609273629588,NA,NA,NA,NA
"1465","ESS","Latvia","Women","1920-1929","Low",0.163030466730522,0.0431252368157302,NA,26.5,NA
"1466","ESS","Latvia","Women","1930-1939","High",3.56093006440459,0.37740101473592,0.0709964445054516,10.6,18.8
"1467","ESS","Latvia","Women","1930-1939","Low",2.22811150401096,0.336514986857743,0.212438892346464,15.1,63.1
"1468","ESS","Latvia","Women","1940-1949","High",5.36900109793518,0.0717635916740775,NA,1.3,NA
"1469","ESS","Latvia","Women","1940-1949","Low",5.48729297218325,0.130185915868134,0.0452926220604017,2.4,34.8
"1470","ESS","Latvia","Women","1950-1959","High",6.43704690722513,0.46615276480095,0.0869758767989146,7.2,18.7
"1471","ESS","Latvia","Women","1950-1959","Low",10.2370763581248,0.817014653969425,0.0452926220604017,8,5.5
"1472","ESS","Latvia","Women","1950-1959",NA,0.251201743532585,NA,NA,NA,NA
"1473","ESS","Latvia","Women","1960-1969","High",6.63656970423679,0.273642790746559,0.0706593932961934,4.1,25.8
"1474","ESS","Latvia","Women","1960-1969","Low",8.99694746732694,0.619523197376118,0.289073585329449,6.9,46.7
"1475","ESS","Latvia","Women","1960-1969",NA,0.219623816094575,NA,NA,NA,NA
"1476","ESS","Latvia","Women","1970-1979","High",7.46441697675329,0.768927056043416,0.428041850936562,10.3,55.7
"1477","ESS","Latvia","Women","1970-1979","Low",6.61663782954074,0.75446552829123,0.366172031794095,11.4,48.5
"1478","ESS","Latvia","Women","1980-1989","High",2.91237904693279,0.319957408345593,0.0706593932961934,11,22.1
"1479","ESS","Latvia","Women","1980-1989","Low",1.50767043851895,0.168284110320028,NA,11.2,NA
"1480","ESS","Lithuania","Men","1920-1929","High",0.0625818361886971,NA,NA,NA,NA
"1481","ESS","Lithuania","Men","1930-1939","High",0.98941883079278,0.107655566423988,0.072603960773292,10.9,67.4
"1482","ESS","Lithuania","Men","1930-1939","Low",0.467549876453994,NA,NA,NA,NA
"1483","ESS","Lithuania","Men","1930-1939",NA,0.0789842026919763,NA,NA,NA,NA
"1484","ESS","Lithuania","Men","1940-1949","High",2.74832713415792,0.17820802003174,0.17820802003174,6.5,100
"1485","ESS","Lithuania","Men","1940-1949","Low",3.68250245476368,0.299754654771042,0.207268570509894,8.1,69.1
"1486","ESS","Lithuania","Men","1940-1949",NA,0.545188907493889,NA,NA,NA,NA
"1487","ESS","Lithuania","Men","1950-1959","High",5.6950554390128,0.239051833592595,0.0938439120460111,4.2,39.3
"1488","ESS","Lithuania","Men","1950-1959","Low",11.0151575672027,2.53276723501619,1.14220668242301,23,45.1
"1489","ESS","Lithuania","Men","1950-1959",NA,0.35207157529604,NA,NA,NA,NA
"1490","ESS","Lithuania","Men","1960-1969","High",9.53052087086351,0.718686198773374,0.485846983134954,7.5,67.6
"1491","ESS","Lithuania","Men","1960-1969","Low",13.8576590731181,1.69261301280008,1.32369816627085,12.2,78.2
"1492","ESS","Lithuania","Men","1970-1979","High",9.46343132072284,1.05881316973179,0.652678380593201,11.2,61.6
"1493","ESS","Lithuania","Men","1970-1979","Low",11.8099621058569,1.58203698945181,0.511542604666582,13.4,32.3
"1494","ESS","Lithuania","Men","1980-1989","High",2.74157133196817,1.03717697176999,0.0975172014250036,37.8,9.4
"1495","ESS","Lithuania","Men","1980-1989","Low",1.18696983139248,0.105557620479569,0.0111912300034478,8.9,10.6
"1496","ESS","Lithuania","Women","1920-1929","High",0.203143668707761,0.0649721382187507,0.0649721382187507,32,100
"1497","ESS","Lithuania","Women","1920-1929","Low",0.217092326498599,0.0115476335269682,NA,5.3,NA
"1498","ESS","Lithuania","Women","1920-1929",NA,0.0845133216198313,NA,NA,NA,NA
"1499","ESS","Lithuania","Women","1930-1939","High",2.97211938334458,0.349672888190269,0.0457740217086222,11.8,13.1
"1500","ESS","Lithuania","Women","1930-1939","Low",2.4780911157605,0.0233891964318134,0.0233891964318134,0.9,100
"1501","ESS","Lithuania","Women","1930-1939",NA,0.615626831630449,0.0953428824660829,0.0953428824660829,15.5,100
"1502","ESS","Lithuania","Women","1940-1949","High",6.80069426241533,0.335221238303663,0.0354629183336286,4.9,10.6
"1503","ESS","Lithuania","Women","1940-1949","Low",7.99136853495481,0.585270844147006,0.179123363978206,7.3,30.6
"1504","ESS","Lithuania","Women","1940-1949",NA,1.06863324695029,NA,NA,NA,NA
"1505","ESS","Lithuania","Women","1950-1959","High",10.8167618715239,0.819640428194223,0.298586710660942,7.6,36.4
"1506","ESS","Lithuania","Women","1950-1959","Low",12.6416515112552,0.971610006942971,0.410825615695525,7.7,42.3
"1507","ESS","Lithuania","Women","1950-1959",NA,0.754548467728161,NA,NA,NA,NA
"1508","ESS","Lithuania","Women","1960-1969","High",9.30271174679241,0.769006506751651,0.0982052477796697,8.3,12.8
"1509","ESS","Lithuania","Women","1960-1969","Low",17.1154957621221,1.84194400306462,0.289622457891918,10.8,15.7
"1510","ESS","Lithuania","Women","1960-1969",NA,0.313279364102996,NA,NA,NA,NA
"1511","ESS","Lithuania","Women","1970-1979","High",9.7800347324084,1.23133899909737,0.960611903166687,12.6,78
"1512","ESS","Lithuania","Women","1970-1979","Low",7.8441477880995,0.332934400352976,NA,4.2,NA
"1513","ESS","Lithuania","Women","1980-1989","High",4.36849564996802,0.73530997295862,0.154151960951578,16.8,21
"1514","ESS","Lithuania","Women","1980-1989","Low",3.04509549413503,0.366476921146601,0.128825333158895,12,35.2
"1515","ESS","Montenegro","Men","1920-1929","High",0.023793524002313,NA,NA,NA,NA
"1516","ESS","Montenegro","Men","1930-1939","High",0.10300334287998,0.0166788388805057,0.0166788388805057,16.2,100
"1517","ESS","Montenegro","Men","1930-1939","Low",0.337122868007892,0.0337196884065726,0.00964845316651208,10,28.6
"1518","ESS","Montenegro","Men","1930-1939",NA,0.0193473200763765,NA,NA,NA,NA
"1519","ESS","Montenegro","Men","1940-1949","High",0.766932926042032,0.0388024139663842,NA,5.1,NA
"1520","ESS","Montenegro","Men","1940-1949","Low",0.368904695836902,0.0725388584078818,0.0236308571092605,19.7,32.6
"1521","ESS","Montenegro","Men","1940-1949",NA,0.0199127827487489,NA,NA,NA,NA
"1522","ESS","Montenegro","Men","1950-1959","High",2.61729078098202,0.0968820280998602,0.0487600768288596,3.7,50.3
"1523","ESS","Montenegro","Men","1950-1959","Low",0.872511146304613,0.14007987068523,0.104419113853127,16.1,74.5
"1524","ESS","Montenegro","Men","1950-1959",NA,0.0236564464405049,NA,NA,NA,NA
"1525","ESS","Montenegro","Men","1960-1969","High",1.13379359647741,0.0381379271928209,NA,3.4,NA
"1526","ESS","Montenegro","Men","1960-1969","Low",3.20482239054493,0.639739247859524,0.574762182472944,20,89.8
"1527","ESS","Montenegro","Men","1960-1969",NA,0.0738565747261934,NA,NA,NA,NA
"1528","ESS","Montenegro","Men","1970-1979","High",1.03943329211192,0.300363506197405,0.134835975143656,28.9,44.9
"1529","ESS","Montenegro","Men","1970-1979","Low",3.47731406389138,0.642981729314454,0.380210990921596,18.5,59.1
"1530","ESS","Montenegro","Men","1970-1979",NA,0.092208130922525,0.0340636297371681,0.0340636297371681,36.9,100
"1531","ESS","Montenegro","Men","1980-1989","High",0.677577773164747,0.329973434787962,0.236499369026682,48.7,71.7
"1532","ESS","Montenegro","Men","1980-1989","Low",1.18924068757976,0.398489276982895,0.329556603249056,33.5,82.7
"1533","ESS","Montenegro","Men","1980-1989",NA,0.0797688322939094,NA,NA,NA,NA
"1534","ESS","Montenegro","Women","1930-1939","High",0.44357840302917,0.0505778083757458,0.0505778083757458,11.4,100
"1535","ESS","Montenegro","Women","1930-1939","Low",0.129334376572012,NA,NA,NA,NA
"1536","ESS","Montenegro","Women","1930-1939",NA,0.023366866291918,NA,NA,NA,NA
"1537","ESS","Montenegro","Women","1940-1949","High",0.891744033718319,0.0865753765802686,0.061283188559083,9.7,70.8
"1538","ESS","Montenegro","Women","1940-1949","Low",0.869704560478358,0.062319058770474,0.0238516426596163,7.2,38.3
"1539","ESS","Montenegro","Women","1940-1949",NA,0.01164847735456,NA,NA,NA,NA
"1540","ESS","Montenegro","Women","1950-1959","High",1.98577341399911,0.180657211120996,0.0924694153951744,9.1,51.2
"1541","ESS","Montenegro","Women","1950-1959","Low",1.20424024780992,0.133597032832177,0.133597032832177,11.1,100
"1542","ESS","Montenegro","Women","1960-1969","High",2.7955411012208,0.240471872082119,0.176414729603055,8.6,73.4
"1543","ESS","Montenegro","Women","1960-1969","Low",1.46332219722732,0.150770949793487,0.103296339836233,10.3,68.5
"1544","ESS","Montenegro","Women","1960-1969",NA,0.0444970178463677,NA,NA,NA,NA
"1545","ESS","Montenegro","Women","1970-1979","High",1.28983814891619,0.364699665595722,0.293021484322108,28.3,80.3
"1546","ESS","Montenegro","Women","1970-1979","Low",3.02378506716964,0.210512990294274,0.199974235840447,7,95
"1547","ESS","Montenegro","Women","1970-1979",NA,0.0739903038671459,NA,NA,NA,NA
"1548","ESS","Montenegro","Women","1980-1989","High",1.10005363011519,0.184359757876321,0.184359757876321,16.8,100
"1549","ESS","Montenegro","Women","1980-1989","Low",1.31575265057822,0.140629641117503,0.072974481122527,10.7,51.9
"1550","ESS","Netherlands","Men","1910-1919","High",1.66451270033535,NA,NA,NA,NA
"1551","ESS","Netherlands","Men","1910-1919","Low",0.819005327200468,NA,NA,NA,NA
"1552","ESS","Netherlands","Men","1920-1929","High",13.2038955860045,2.06720671830048,NA,15.7,NA
"1553","ESS","Netherlands","Men","1920-1929","Low",10.7886889388166,2.33072669196834,0.543134370779974,21.6,23.3
"1554","ESS","Netherlands","Men","1920-1929",NA,0.523289532271349,NA,NA,NA,NA
"1555","ESS","Netherlands","Men","1930-1939","High",31.0495707632931,5.42730685706037,2.21823701759362,17.5,40.9
"1556","ESS","Netherlands","Men","1930-1939","Low",49.9556078731696,2.14959917375108,1.35077852510158,4.3,62.8
"1557","ESS","Netherlands","Men","1930-1939",NA,1.37904437916699,NA,NA,NA,NA
"1558","ESS","Netherlands","Men","1940-1949","High",84.8726841005233,11.4475203009037,1.64950559040909,13.5,14.4
"1559","ESS","Netherlands","Men","1940-1949","Low",102.725346478975,9.15228119881242,3.89964080792291,8.9,42.6
"1560","ESS","Netherlands","Men","1940-1949",NA,0.523289532271349,NA,NA,NA,NA
"1561","ESS","Netherlands","Men","1950-1959","High",95.4279445325873,23.4899027842187,8.06151818999194,24.6,34.3
"1562","ESS","Netherlands","Men","1950-1959","Low",125.768202270552,31.1677494917674,9.73381028471936,24.8,31.2
"1563","ESS","Netherlands","Men","1960-1969","High",93.2534166898845,21.3388855306981,5.95017000852298,22.9,27.9
"1564","ESS","Netherlands","Men","1960-1969","Low",146.83145241976,37.7511846051476,10.6418609057469,25.7,28.2
"1565","ESS","Netherlands","Men","1960-1969",NA,1.03096600439812,1.03096600439812,1.03096600439812,100,100
"1566","ESS","Netherlands","Men","1970-1979","High",66.8436340941051,14.0334844529889,2.8236869606846,21,20.1
"1567","ESS","Netherlands","Men","1970-1979","Low",82.684325947306,26.7832905144662,8.57282447480749,32.4,32
"1568","ESS","Netherlands","Men","1980-1989","High",20.2001375374587,8.56770602610902,2.06771998508987,42.4,24.1
"1569","ESS","Netherlands","Men","1980-1989","Low",12.7624483786001,5.86836677103622,1.03900754868437,46,17.7
"1570","ESS","Netherlands","Men","1980-1989",NA,1.03787598734993,NA,NA,NA,NA
"1571","ESS","Netherlands","Women","1910-1919","High",2.91667028615672,0.326250755538151,0.326250755538151,11.2,100
"1572","ESS","Netherlands","Women","1910-1919","Low",2.24652997768278,NA,NA,NA,NA
"1573","ESS","Netherlands","Women","1910-1919",NA,0.326250755538151,0.326250755538151,0.326250755538151,100,100
"1574","ESS","Netherlands","Women","1920-1929","High",16.7391379825672,5.64978334538088,2.65427763681784,33.8,47
"1575","ESS","Netherlands","Women","1920-1929","Low",17.4566498176651,NA,NA,NA,NA
"1576","ESS","Netherlands","Women","1920-1929",NA,2.04559020102297,0.707444220708666,0.707444220708666,34.6,100
"1577","ESS","Netherlands","Women","1930-1939","High",31.2444155521665,4.85571179274111,3.17289612371146,15.5,65.3
"1578","ESS","Netherlands","Women","1930-1939","Low",62.8429085558018,7.16149069344014,4.04749091766915,11.4,56.5
"1579","ESS","Netherlands","Women","1930-1939",NA,0.526113936130717,NA,NA,NA,NA
"1580","ESS","Netherlands","Women","1940-1949","High",75.30937698939,6.51877228445599,0.930739705842507,8.7,14.3
"1581","ESS","Netherlands","Women","1940-1949","Low",100.856565331365,9.60888160224217,3.89720219907611,9.5,40.6
"1582","ESS","Netherlands","Women","1940-1949",NA,2.28489404647021,0.335481293855882,NA,14.7,NA
"1583","ESS","Netherlands","Women","1950-1959","High",95.7971240198455,13.1188779077487,2.64018963223781,13.7,20.1
"1584","ESS","Netherlands","Women","1950-1959","Low",141.924082231251,23.0802003624038,7.61691231874315,16.3,33
"1585","ESS","Netherlands","Women","1960-1969","High",118.553947473403,24.1209147492233,4.01974044423988,20.3,16.7
"1586","ESS","Netherlands","Women","1960-1969","Low",150.968583706413,21.7104442612683,4.58884757507851,14.4,21.1
"1587","ESS","Netherlands","Women","1960-1969",NA,0.618483593553435,NA,NA,NA,NA
"1588","ESS","Netherlands","Women","1970-1979","High",66.6664043845895,13.7214054260954,2.44331724244322,20.6,17.8
"1589","ESS","Netherlands","Women","1970-1979","Low",72.0720538710538,11.134031545633,3.88541605210793,15.4,34.9
"1590","ESS","Netherlands","Women","1980-1989","High",21.5573494517632,1.81489431354635,NA,8.4,NA
"1591","ESS","Netherlands","Women","1980-1989","Low",12.9682476802463,2.85366623158603,1.67599649534469,22,58.7
"1592","ESS","Norway","Men","1910-1919","High",1.37490425887204,0.217321851468398,0.217321851468398,15.8,100
"1593","ESS","Norway","Men","1910-1919","Low",0.974729858015742,0.225199282581976,NA,23.1,NA
"1594","ESS","Norway","Men","1920-1929","High",2.56555946240793,0.252340608101193,NA,9.8,NA
"1595","ESS","Norway","Men","1920-1929","Low",3.83338045541781,0.401918680636474,0.19767812005902,10.5,49.2
"1596","ESS","Norway","Men","1930-1939","High",9.22337939274933,0.105754608704911,NA,1.1,NA
"1597","ESS","Norway","Men","1930-1939","Low",10.134886322431,1.76363596667394,0.966059971273864,17.4,54.8
"1598","ESS","Norway","Men","1930-1939",NA,0.56937926070016,NA,NA,NA,NA
"1599","ESS","Norway","Men","1940-1949","High",19.8086172349866,1.58989177814169,0.225199282581976,8,14.2
"1600","ESS","Norway","Men","1940-1949","Low",28.0303104901054,3.53603812568009,1.58608313959353,12.6,44.9
"1601","ESS","Norway","Men","1940-1949",NA,0.557008566903008,0.557008566903008,0.557008566903008,100,100
"1602","ESS","Norway","Men","1950-1959","High",25.8915505788845,1.90572184786963,0.109265402037192,7.4,5.7
"1603","ESS","Norway","Men","1950-1959","Low",38.1783510707481,2.82310723969263,0.686130971623612,7.4,24.3
"1604","ESS","Norway","Men","1950-1959",NA,0.356336055397236,NA,NA,NA,NA
"1605","ESS","Norway","Men","1960-1969","High",25.5157046794028,5.76345988202478,1.06379425637506,22.6,18.5
"1606","ESS","Norway","Men","1960-1969","Low",47.7220090333108,8.26960900232885,3.64923053360425,17.3,44.1
"1607","ESS","Norway","Men","1970-1979","High",16.9831104934628,2.80181114571013,0.932072622978382,16.5,33.3
"1608","ESS","Norway","Men","1970-1979","Low",23.4389833488024,6.44030613751553,2.05267744455186,27.5,31.9
"1609","ESS","Norway","Men","1980-1989","High",8.7859919819963,3.06667214924785,0.71146643344963,34.9,23.2
"1610","ESS","Norway","Men","1980-1989","Low",5.92174347336929,1.83719403547818,0.688249535200725,31,37.5
"1611","ESS","Norway","Women","1905-1909","High",0.29702238962544,NA,NA,NA,NA
"1612","ESS","Norway","Women","1905-1909","Low",0.243828856439443,0.243828856439443,0.243828856439443,100,100
"1613","ESS","Norway","Women","1910-1919","High",0.866912811057482,0.431333903665632,0.431333903665632,49.8,100
"1614","ESS","Norway","Women","1910-1919","Low",2.99688923976016,0.545081066992317,0.243828856439443,18.2,44.7
"1615","ESS","Norway","Women","1920-1929","High",6.39301432017827,NA,NA,NA,NA
"1616","ESS","Norway","Women","1920-1929","Low",6.42457386416208,0.487801173796704,0.243828856439443,7.6,50
"1617","ESS","Norway","Women","1920-1929",NA,0.268850032539248,NA,NA,NA,NA
"1618","ESS","Norway","Women","1930-1939","High",9.54411269655429,1.57462878347395,0.138556517766411,16.5,8.8
"1619","ESS","Norway","Women","1930-1939","Low",15.5004585065708,1.48182081177542,0.243972317357262,9.6,16.5
"1620","ESS","Norway","Women","1930-1939",NA,0.511949439328475,NA,NA,NA,NA
"1621","ESS","Norway","Women","1940-1949","High",15.5163493171723,2.63163627413341,0.836322450277308,17,31.8
"1622","ESS","Norway","Women","1940-1949","Low",32.7082064076838,4.18145120585758,1.01613274526976,12.8,24.3
"1623","ESS","Norway","Women","1940-1949",NA,0.725345521403653,NA,NA,NA,NA
"1624","ESS","Norway","Women","1950-1959","High",20.5552478504715,2.87257449421052,0.307458074573795,14,10.7
"1625","ESS","Norway","Women","1950-1959","Low",38.4512102965626,6.76288917707593,1.17421671675196,17.6,17.4
"1626","ESS","Norway","Women","1950-1959",NA,0.519060867098972,0.519060867098972,NA,100,NA
"1627","ESS","Norway","Women","1960-1969","High",29.1217990923051,4.56579102214315,0.864427874492048,15.7,18.9
"1628","ESS","Norway","Women","1960-1969","Low",37.3807350547622,5.08706549329926,1.66239257733747,13.6,32.7
"1629","ESS","Norway","Women","1970-1979","High",19.2787343923053,4.1961545697666,0.420504538212043,21.8,10
"1630","ESS","Norway","Women","1970-1979","Low",20.5579452759543,6.04017402667202,1.51747326291798,29.4,25.1
"1631","ESS","Norway","Women","1970-1979",NA,0.420504538212043,NA,NA,NA,NA
"1632","ESS","Norway","Women","1980-1989","High",7.45785106369796,1.87593013251497,0.223655012869742,25.2,11.9
"1633","ESS","Norway","Women","1980-1989","Low",3.01488202771738,0.223655012869742,NA,7.4,NA
"1634","ESS","Norway","Women","1980-1989",NA,0.658323563362657,NA,NA,NA,NA
"1635","ESS","Poland","Men","1920-1929","High",13.9425607401979,NA,NA,NA,NA
"1636","ESS","Poland","Men","1920-1929","Low",30.5577376402885,3.48064478667132,NA,11.4,NA
"1637","ESS","Poland","Men","1920-1929",NA,1.32329477308011,NA,NA,NA,NA
"1638","ESS","Poland","Men","1930-1939","High",80.6874997433343,1.5977320859626,NA,2,NA
"1639","ESS","Poland","Men","1930-1939","Low",85.7317150598511,7.11017572788094,3.55481378244633,8.3,50
"1640","ESS","Poland","Men","1930-1939",NA,9.61964166653874,1.439236398644,1.439236398644,15,100
"1641","ESS","Poland","Men","1940-1949","High",126.57547310397,6.52865793117775,2.92573808176124,5.2,44.8
"1642","ESS","Poland","Men","1940-1949","Low",170.036662279706,16.228959732339,6.83687352780254,9.5,42.1
"1643","ESS","Poland","Men","1940-1949",NA,6.04146485399832,NA,NA,NA,NA
"1644","ESS","Poland","Men","1950-1959","High",230.856160751525,27.3945914613098,10.5980655361743,11.9,38.7
"1645","ESS","Poland","Men","1950-1959","Low",323.827446804284,68.8103795122113,42.9049870139172,21.2,62.4
"1646","ESS","Poland","Men","1950-1959",NA,10.0266704180593,NA,NA,NA,NA
"1647","ESS","Poland","Men","1960-1969","High",185.757761046558,9.97302746994191,8.47878281554165,5.4,85
"1648","ESS","Poland","Men","1960-1969","Low",254.777227069648,46.2406062432082,25.0041011927121,18.1,54.1
"1649","ESS","Poland","Men","1960-1969",NA,4.04271395588046,NA,NA,NA,NA
"1650","ESS","Poland","Men","1970-1979","High",105.046600499479,30.0369586706745,18.8774000750723,28.6,62.8
"1651","ESS","Poland","Men","1970-1979","Low",207.880372393146,41.6601159245881,27.0378874086863,20,64.9
"1652","ESS","Poland","Men","1970-1979",NA,14.2888789086358,4.8060867612952,2.93391142310918,33.6,61
"1653","ESS","Poland","Men","1980-1989","High",67.2109123418869,23.197675589972,10.0389417035202,34.5,43.3
"1654","ESS","Poland","Men","1980-1989","Low",56.3475100190926,18.5493813201024,14.4092269416385,32.9,77.7
"1655","ESS","Poland","Men","1980-1989",NA,7.45638280632056,NA,NA,NA,NA
"1656","ESS","Poland","Women","1920-1929","High",43.839556490345,3.20586845291439,1.85801638721273,7.3,58
"1657","ESS","Poland","Women","1920-1929","Low",46.8125304059415,6.37413596996959,NA,13.6,NA
"1658","ESS","Poland","Women","1920-1929",NA,5.05595309689818,NA,NA,NA,NA
"1659","ESS","Poland","Women","1930-1939","High",94.7934335323502,8.14328654803563,1.34785206570166,8.6,16.6
"1660","ESS","Poland","Women","1930-1939","Low",159.991496992291,9.90660646132073,3.33636600090023,6.2,33.7
"1661","ESS","Poland","Women","1930-1939",NA,20.1576455993445,2.18812640278941,NA,10.9,NA
"1662","ESS","Poland","Women","1940-1949","High",182.37156388359,8.94024817330848,6.2536274600792,4.9,69.9
"1663","ESS","Poland","Women","1940-1949","Low",209.108728641411,11.5612900008761,1.52196445837848,5.5,13.2
"1664","ESS","Poland","Women","1940-1949",NA,4.31454409977994,NA,NA,NA,NA
"1665","ESS","Poland","Women","1950-1959","High",309.996816007404,16.1776453002755,4.16012425317211,5.2,25.7
"1666","ESS","Poland","Women","1950-1959","Low",284.022283257446,22.8410978865701,13.5905733077913,8,59.5
"1667","ESS","Poland","Women","1950-1959",NA,16.5897863983443,4.09744816638533,1.81318373248769,24.7,44.3
"1668","ESS","Poland","Women","1960-1969","High",203.862485375188,31.0011348939459,6.3841585863635,15.2,20.6
"1669","ESS","Poland","Women","1960-1969","Low",280.931499341982,22.2369959545824,15.0005796186717,7.9,67.5
"1670","ESS","Poland","Women","1960-1969",NA,14.1772592776643,NA,NA,NA,NA
"1671","ESS","Poland","Women","1970-1979","High",135.554407643921,18.5098371378258,8.65269886771574,13.7,46.7
"1672","ESS","Poland","Women","1970-1979","Low",160.131462374735,16.3726342608965,5.05942112885592,10.2,30.9
"1673","ESS","Poland","Women","1970-1979",NA,14.1516077169479,1.80718725710403,NA,12.8,NA
"1674","ESS","Poland","Women","1980-1989","High",86.0275142824078,5.45195717337998,NA,6.3,NA
"1675","ESS","Poland","Women","1980-1989","Low",45.2591464942614,13.229953159904,7.00256448400353,29.2,52.9
"1676","ESS","Poland","Women","1980-1989",NA,9.08972625580998,NA,NA,NA,NA
"1677","ESS","Portugal","Men","1910-1919","High",2.15055153551582,NA,NA,NA,NA
"1678","ESS","Portugal","Men","1910-1919","Low",1.24521549801442,NA,NA,NA,NA
"1679","ESS","Portugal","Men","1920-1929","High",4.76513786690403,0.558334706450097,0.363331528504489,11.7,65.1
"1680","ESS","Portugal","Men","1920-1929","Low",18.7919654375812,1.79442083852464,NA,9.5,NA
"1681","ESS","Portugal","Men","1920-1929",NA,0.359335990640133,NA,NA,NA,NA
"1682","ESS","Portugal","Men","1930-1939","High",16.2671280209687,0.769743678961888,NA,4.7,NA
"1683","ESS","Portugal","Men","1930-1939","Low",47.1302820185321,1.01273857377925,NA,2.1,NA
"1684","ESS","Portugal","Men","1930-1939",NA,0.847496620507286,NA,NA,NA,NA
"1685","ESS","Portugal","Men","1940-1949","High",24.257974811227,2.98630956228777,1.13722442953289,12.3,38.1
"1686","ESS","Portugal","Men","1940-1949","Low",84.8346645392336,4.04731351102307,0.451766545623919,4.8,11.2
"1687","ESS","Portugal","Men","1940-1949",NA,1.15055238896507,NA,NA,NA,NA
"1688","ESS","Portugal","Men","1950-1959","High",38.0315021784569,3.78425989815604,1.15553844365488,10,30.5
"1689","ESS","Portugal","Men","1950-1959","Low",82.9869563146886,8.42465681326732,3.30800777719814,10.2,39.3
"1690","ESS","Portugal","Men","1950-1959",NA,1.39194414801513,NA,NA,NA,NA
"1691","ESS","Portugal","Men","1960-1969","High",61.1938606729668,9.81599642690456,5.17267158447665,16,52.7
"1692","ESS","Portugal","Men","1960-1969","Low",79.9896111814813,15.7783793098844,8.45585610964738,19.7,53.6
"1693","ESS","Portugal","Men","1960-1969",NA,5.64428155760293,0.919414674004344,0.919414674004344,16.3,100
"1694","ESS","Portugal","Men","1970-1979","High",36.919546966697,7.95814586401921,3.45331768376539,21.6,43.4
"1695","ESS","Portugal","Men","1970-1979","Low",48.9767809503126,6.92703564353716,1.23945287127965,14.1,17.9
"1696","ESS","Portugal","Men","1980-1989","High",7.68956384720296,3.14588005824566,0.337668670122156,40.9,10.7
"1697","ESS","Portugal","Men","1980-1989","Low",20.3736438684489,9.6381074396563,7.6213803765515,47.3,79.1
"1698","ESS","Portugal","Women","1910-1919","High",0.685651162323524,0.385512619285521,NA,56.2,NA
"1699","ESS","Portugal","Women","1910-1919","Low",1.74043865797819,NA,NA,NA,NA
"1700","ESS","Portugal","Women","1920-1929","High",13.4449888537885,2.14606943476029,1.26940036120382,16,59.2
"1701","ESS","Portugal","Women","1920-1929","Low",14.8646062192753,1.85605660726068,0.298552284566284,12.5,16.1
"1702","ESS","Portugal","Women","1930-1939","High",36.4269145065774,4.56340344380478,0.825224460045,12.5,18.1
"1703","ESS","Portugal","Women","1930-1939","Low",38.4143330079516,4.3228408760535,2.85992742971798,11.3,66.2
"1704","ESS","Portugal","Women","1930-1939",NA,0.592735603967077,NA,NA,NA,NA
"1705","ESS","Portugal","Women","1940-1949","High",26.1886509568783,3.84632598386187,0.62441300152515,14.7,16.2
"1706","ESS","Portugal","Women","1940-1949","Low",99.2484980509406,4.69353845330839,1.09360594871428,4.7,23.3
"1707","ESS","Portugal","Women","1940-1949",NA,3.27185484383936,0.880474161346838,0.880474161346838,26.9,100
"1708","ESS","Portugal","Women","1950-1959","High",42.9333291650823,6.99534387971011,3.6623006108079,16.3,52.4
"1709","ESS","Portugal","Women","1950-1959","Low",97.6888632687516,9.4107008812446,1.71911240858551,9.6,18.3
"1710","ESS","Portugal","Women","1950-1959",NA,0.699098781404416,NA,NA,NA,NA
"1711","ESS","Portugal","Women","1960-1969","High",65.1039254432689,10.4522738191455,2.93488516012438,16.1,28.1
"1712","ESS","Portugal","Women","1960-1969","Low",110.094274256198,9.59984654077477,4.66441679883235,8.7,48.6
"1713","ESS","Portugal","Women","1960-1969",NA,2.54062295922517,1.53625786405311,1.53625786405311,60.5,100
"1714","ESS","Portugal","Women","1970-1979","High",59.6689593086694,11.2130677803059,5.27359245000096,18.8,47
"1715","ESS","Portugal","Women","1970-1979","Low",37.7874128570614,1.40461733230295,0.643785541001421,3.7,45.8
"1716","ESS","Portugal","Women","1970-1979",NA,0.646688350430082,0.216959237130425,NA,33.5,NA
"1717","ESS","Portugal","Women","1980-1989","High",16.5853270014296,2.1109873177171,0.307739209869561,12.7,14.6
"1718","ESS","Portugal","Women","1980-1989","Low",12.6833297952668,0.641066207954804,NA,5.1,NA
"1719","ESS","Portugal","Women","1980-1989",NA,0.268678940119948,NA,NA,NA,NA
"1720","ESS","Russia","Men","1910-1919","High",2.24827383968105,NA,NA,NA,NA
"1721","ESS","Russia","Men","1910-1919","Low",3.4100023848282,NA,NA,NA,NA
"1722","ESS","Russia","Men","1920-1929","High",80.9730527649641,NA,NA,NA,NA
"1723","ESS","Russia","Men","1920-1929","Low",71.7191607541821,14.3643205074447,NA,20,NA
"1724","ESS","Russia","Men","1930-1939","High",197.164337547222,5.24291818426192,NA,2.7,NA
"1725","ESS","Russia","Men","1930-1939","Low",170.680113846986,11.999939572059,2.90353405205224,7,24.2
"1726","ESS","Russia","Men","1940-1949","High",297.66116634379,29.3819286112971,2.1438186473695,9.9,7.3
"1727","ESS","Russia","Men","1940-1949","Low",317.968229635972,15.2371575311527,NA,4.8,NA
"1728","ESS","Russia","Men","1950-1959","High",495.970201898218,4.73099244877133,2.13347821169592,1,45.1
"1729","ESS","Russia","Men","1950-1959","Low",475.486893127838,12.3009164443154,NA,2.6,NA
"1730","ESS","Russia","Men","1960-1969","High",485.783884226667,41.5916892229198,25.2943752163667,8.6,60.8
"1731","ESS","Russia","Men","1960-1969","Low",552.901804617961,99.0280525934594,23.9018578721094,17.9,24.1
"1732","ESS","Russia","Men","1970-1979","High",57.1632865981684,5.28534277801498,NA,9.2,NA
"1733","ESS","Russia","Men","1970-1979","Low",83.5077344812447,14.7497764606626,10.4179494828827,17.7,70.6
"1734","ESS","Russia","Women","1910-1919","High",18.8888955618083,NA,NA,NA,NA
"1735","ESS","Russia","Women","1910-1919","Low",13.6348859000151,8.67054520591353,3.55289940912371,63.6,41
"1736","ESS","Russia","Women","1920-1929","High",113.395256668487,15.6461295646899,7.5695181392291,13.8,48.4
"1737","ESS","Russia","Women","1920-1929","Low",136.05831712987,18.2171226639795,6.8213282528589,13.4,37.4
"1738","ESS","Russia","Women","1930-1939","High",476.995037393497,10.4628606882613,NA,2.2,NA
"1739","ESS","Russia","Women","1930-1939","Low",358.9511677628,19.6574317402426,4.01540679805379,5.5,20.4
"1740","ESS","Russia","Women","1940-1949","High",581.123083110796,10.8189706784721,5.720613737072,1.9,52.9
"1741","ESS","Russia","Women","1940-1949","Low",389.03015733931,35.8025079453451,7.25631662555628,9.2,20.3
"1742","ESS","Russia","Women","1950-1959","High",579.526751875122,40.7308684239169,10.2627330283603,7,25.2
"1743","ESS","Russia","Women","1950-1959","Low",488.350708991727,26.2769802042868,7.00024458008883,5.4,26.6
"1744","ESS","Russia","Women","1960-1969","High",583.87534868453,34.4782273449596,18.5547790973786,5.9,53.8
"1745","ESS","Russia","Women","1960-1969","Low",444.606344227068,32.8967017061203,11.9604194617295,7.4,36.4
"1746","ESS","Russia","Women","1970-1979","High",124.381677046577,15.5388961256961,9.53139077757896,12.5,61.3
"1747","ESS","Russia","Women","1970-1979","Low",135.397384941992,11.0510867434368,6.88477089317985,8.2,62.3
"1748","ESS","Serbia","Men","1920-1929","High",0.191518755864079,NA,NA,NA,NA
"1749","ESS","Serbia","Men","1920-1929","Low",0.243456959539045,NA,NA,NA,NA
"1750","ESS","Serbia","Men","1930-1939","High",5.15265786294719,0.184500556776618,NA,3.6,NA
"1751","ESS","Serbia","Men","1930-1939","Low",4.17243494270311,NA,NA,NA,NA
"1752","ESS","Serbia","Men","1930-1939",NA,0.427891683810031,0.190627475934823,NA,44.6,NA
"1753","ESS","Serbia","Men","1940-1949","High",12.6316192209819,0.763373415227261,NA,6,NA
"1754","ESS","Serbia","Men","1940-1949","Low",7.48439083456407,0.672595166010521,0.300953150790694,9,44.7
"1755","ESS","Serbia","Men","1940-1949",NA,0.324144317268374,0.0756281392936069,0.0756281392936069,23.3,100
"1756","ESS","Serbia","Men","1950-1959","High",21.010896519362,2.15905055236086,1.10643066958892,10.3,51.2
"1757","ESS","Serbia","Men","1950-1959","Low",19.2498947945564,1.75540290025677,0.652468692487348,9.1,37.2
"1758","ESS","Serbia","Men","1950-1959",NA,0.707471575995807,0.0752382876976734,0.0752382876976734,10.6,100
"1759","ESS","Serbia","Men","1960-1969","High",31.2667652177064,4.35101037497081,2.31627071712196,13.9,53.2
"1760","ESS","Serbia","Men","1960-1969","Low",20.1890092507912,3.93222437210651,1.8355686806942,19.5,46.7
"1761","ESS","Serbia","Men","1960-1969",NA,0.516441626595385,0.358142302092083,NA,69.3,NA
"1762","ESS","Serbia","Men","1970-1979","High",35.0896816213324,5.3865311194577,2.96656362168036,15.4,55.1
"1763","ESS","Serbia","Men","1970-1979","Low",18.6766085362424,5.44616107640112,3.25812147846973,29.2,59.8
"1764","ESS","Serbia","Men","1970-1979",NA,1.26001503609919,0.386526765736789,0.386526765736789,30.7,100
"1765","ESS","Serbia","Men","1980-1989","High",6.03414027130154,2.59168876332588,1.80795458573265,43,69.8
"1766","ESS","Serbia","Men","1980-1989","Low",12.3576768477647,4.99728419237673,3.00376829453556,40.4,60.1
"1767","ESS","Serbia","Men","1980-1989",NA,0.429749908188036,NA,NA,NA,NA
"1768","ESS","Serbia","Women","1920-1929","High",0.328252489551783,0.226650767594091,0.226650767594091,69,100
"1769","ESS","Serbia","Women","1920-1929","Low",0.655780874025677,0.077946281487332,NA,11.9,NA
"1770","ESS","Serbia","Women","1930-1939","High",6.05825232965236,0.295258157949666,NA,4.9,NA
"1771","ESS","Serbia","Women","1930-1939","Low",4.85742304290943,0.332608150419014,0.101670633528164,6.8,30.6
"1772","ESS","Serbia","Women","1930-1939",NA,0.455620132243758,0.231606767378942,NA,50.8,NA
"1773","ESS","Serbia","Women","1940-1949","High",12.8909929923502,0.850161371358824,0.33011549872657,6.6,38.8
"1774","ESS","Serbia","Women","1940-1949","Low",12.9166832474716,0.553827132731798,0.0743522430533794,4.3,13.4
"1775","ESS","Serbia","Women","1940-1949",NA,0.563539754105797,0.275996403047836,0.101601721957692,49,36.8
"1776","ESS","Serbia","Women","1950-1959","High",24.9623719237676,2.13050279276483,0.841289570864288,8.5,39.5
"1777","ESS","Serbia","Women","1950-1959","Low",13.0575962562227,0.634567796771162,NA,4.9,NA
"1778","ESS","Serbia","Women","1950-1959",NA,0.351205807017952,0.133800701370789,NA,38.1,NA
"1779","ESS","Serbia","Women","1960-1969","High",28.8499924754909,2.61401563105469,0.464592745869759,9.1,17.8
"1780","ESS","Serbia","Women","1960-1969","Low",21.6104968463042,0.935286982370767,NA,4.3,NA
"1781","ESS","Serbia","Women","1960-1969",NA,1.30628371482313,0.413188318203616,0.115803383689471,31.6,28
"1782","ESS","Serbia","Women","1970-1979","High",19.7643031203379,2.64754187548151,1.462002581802,13.4,55.2
"1783","ESS","Serbia","Women","1970-1979","Low",40.4499493050652,4.31993449539211,2.23391299295921,10.7,51.7
"1784","ESS","Serbia","Women","1970-1979",NA,0.226805350644785,0.226805350644785,NA,100,NA
"1785","ESS","Serbia","Women","1980-1989","High",7.73270398451414,2.27513647523873,0.931220263747228,29.4,40.9
"1786","ESS","Serbia","Women","1980-1989","Low",11.7999020871147,0.717983949472503,0.341394025760371,6.1,47.5
"1787","ESS","Slovakia","Men","1910-1919","High",0.264339665040172,NA,NA,NA,NA
"1788","ESS","Slovakia","Men","1910-1919","Low",0.249334347450404,NA,NA,NA,NA
"1789","ESS","Slovakia","Men","1920-1929","High",1.71562850739488,0.380460052400155,NA,22.2,NA
"1790","ESS","Slovakia","Men","1920-1929","Low",3.95544923748678,0.239883522993534,0.239883522993534,6.1,100
"1791","ESS","Slovakia","Men","1920-1929",NA,0.479767045987067,NA,NA,NA,NA
"1792","ESS","Slovakia","Men","1930-1939","High",9.40715547807312,0.448112539835055,NA,4.8,NA
"1793","ESS","Slovakia","Men","1930-1939","Low",9.04772691769585,1.10950540963004,0.486779443913921,12.3,43.9
"1794","ESS","Slovakia","Men","1930-1939",NA,0.406511532258302,NA,NA,NA,NA
"1795","ESS","Slovakia","Men","1940-1949","High",14.3682435918741,1.28968693938689,0.648013196862177,9,50.2
"1796","ESS","Slovakia","Men","1940-1949","Low",24.5658689735018,2.28846071663662,2.08772072009532,9.3,91.2
"1797","ESS","Slovakia","Men","1940-1949",NA,1.1126823254248,NA,NA,NA,NA
"1798","ESS","Slovakia","Men","1950-1959","High",28.8054388526897,2.89002742613663,2.14105506977055,10,74.1
"1799","ESS","Slovakia","Men","1950-1959","Low",35.7939792271747,4.64061876902605,3.12627470421861,13,67.4
"1800","ESS","Slovakia","Men","1950-1959",NA,0.754778389461585,NA,NA,NA,NA
"1801","ESS","Slovakia","Men","1960-1969","High",21.4422613554221,3.0940597287868,1.71601142743975,14.4,55.5
"1802","ESS","Slovakia","Men","1960-1969","Low",53.7894978726626,9.8837019300733,6.1368537165758,18.4,62.1
"1803","ESS","Slovakia","Men","1960-1969",NA,0.249303550849561,NA,NA,NA,NA
"1804","ESS","Slovakia","Men","1970-1979","High",19.9838586924088,3.16126960934764,2.90150906200317,15.8,91.8
"1805","ESS","Slovakia","Men","1970-1979","Low",27.5278955526174,7.77374091777455,7.20319917923077,28.2,92.7
"1806","ESS","Slovakia","Men","1970-1979",NA,2.41668795044581,0.663206938122926,0.663206938122926,27.4,100
"1807","ESS","Slovakia","Men","1980-1989","High",9.75615825746419,2.43141967573092,1.37116527630825,24.9,56.4
"1808","ESS","Slovakia","Men","1980-1989","Low",7.82348183799478,0.760701523767388,0.319139238449672,9.7,42
"1809","ESS","Slovakia","Men","1980-1989",NA,0.461420465341178,NA,NA,NA,NA
"1810","ESS","Slovakia","Women","1910-1919","High",0.200956528503774,NA,NA,NA,NA
"1811","ESS","Slovakia","Women","1910-1919","Low",0.998752364659058,NA,NA,NA,NA
"1812","ESS","Slovakia","Women","1920-1929","High",3.4248154762291,NA,NA,NA,NA
"1813","ESS","Slovakia","Women","1920-1929","Low",9.54778523350057,1.68692898962717,0.668288847656349,17.7,39.6
"1814","ESS","Slovakia","Women","1920-1929",NA,0.551307822818245,NA,NA,NA,NA
"1815","ESS","Slovakia","Women","1930-1939","High",11.8777486532522,1.26971295952038,1.043012975884,10.7,82.1
"1816","ESS","Slovakia","Women","1930-1939","Low",14.2968738398767,0.532433225945773,NA,3.7,NA
"1817","ESS","Slovakia","Women","1930-1939",NA,0.514401206116531,NA,NA,NA,NA
"1818","ESS","Slovakia","Women","1940-1949","High",23.8853498889124,2.0023944830878,1.25206210744618,8.4,62.5
"1819","ESS","Slovakia","Women","1940-1949","Low",23.4146560533256,2.09133858208538,0.193290111362231,8.9,9.2
"1820","ESS","Slovakia","Women","1940-1949",NA,1.70143636522249,0.254079951932889,0.254079951932889,14.9,100
"1821","ESS","Slovakia","Women","1950-1959","High",42.6309229352672,3.32126671061413,2.31669694885253,7.8,69.8
"1822","ESS","Slovakia","Women","1950-1959","Low",41.6773397458194,3.39898383230079,1.99725272338963,8.2,58.8
"1823","ESS","Slovakia","Women","1950-1959",NA,1.25327811598622,0.230044403463475,NA,18.4,NA
"1824","ESS","Slovakia","Women","1960-1969","High",22.0947121211006,3.97544116140745,2.21106654502909,18,55.6
"1825","ESS","Slovakia","Women","1960-1969","Low",51.3958900215501,4.80434054698035,2.98290218714704,9.3,62.1
"1826","ESS","Slovakia","Women","1960-1969",NA,0.932649778977774,0.244318567271165,0.244318567271165,26.2,100
"1827","ESS","Slovakia","Women","1970-1979","High",11.9816290873136,2.64796607432969,0.855289065607089,22.1,32.3
"1828","ESS","Slovakia","Women","1970-1979","Low",29.1480029178532,2.18057074377721,1.53253433573408,7.5,70.3
"1829","ESS","Slovakia","Women","1970-1979",NA,1.72229699153336,0.24454286665218,NA,14.2,NA
"1830","ESS","Slovakia","Women","1980-1989","High",5.64287799638844,1.97369768929249,1.36226637157227,35,69
"1831","ESS","Slovakia","Women","1980-1989","Low",12.0110618925873,1.19024944711091,0.555015287784357,9.9,46.6
"1832","ESS","Slovakia",NA,"1930-1939","High",0.254347927872439,NA,NA,NA,NA
"1833","ESS","Slovakia",NA,"1940-1949","High",0.254613006200778,NA,NA,NA,NA
"1834","ESS","Slovakia",NA,"1950-1959","High",0.259132035691348,NA,NA,NA,NA
"1835","ESS","Slovakia",NA,"1950-1959","Low",0.254347927872439,NA,NA,NA,NA
"1836","ESS","Slovakia",NA,"1960-1969","High",0.254347927872439,NA,NA,NA,NA
"1837","ESS","Slovakia",NA,"1960-1969","Low",0.249309846706383,NA,NA,NA,NA
"1838","ESS","Slovenia","Men","1910-1919","High",0.107501186885841,NA,NA,NA,NA
"1839","ESS","Slovenia","Men","1910-1919","Low",0.140511223784952,NA,NA,NA,NA
"1840","ESS","Slovenia","Men","1920-1929","High",1.30741454164919,0.262625485974728,0.170336212447054,20.1,64.9
"1841","ESS","Slovenia","Men","1920-1929","Low",1.92631628674904,0.140511223784952,0.140511223784952,7.3,100
"1842","ESS","Slovenia","Men","1920-1929",NA,0.0909113048546581,NA,NA,NA,NA
"1843","ESS","Slovenia","Men","1930-1939","High",5.62642203084371,0.641891008674672,0.367779125437681,11.4,57.3
"1844","ESS","Slovenia","Men","1930-1939","Low",4.55976224939207,0.583303732894422,0.583303732894422,12.8,100
"1845","ESS","Slovenia","Men","1930-1939",NA,0.140511223784952,NA,NA,NA,NA
"1846","ESS","Slovenia","Men","1940-1949","High",6.98027947224062,0.473057700003091,0.0922892735276744,6.8,19.5
"1847","ESS","Slovenia","Men","1940-1949","Low",12.945951352988,1.12280007080075,0.638155425551797,8.7,56.8
"1848","ESS","Slovenia","Men","1940-1949",NA,0.0922892735276744,NA,NA,NA,NA
"1849","ESS","Slovenia","Men","1950-1959","High",13.0297836885573,1.234152222891,0.657521410164687,9.5,53.3
"1850","ESS","Slovenia","Men","1950-1959","Low",15.3284618635499,1.2487529285619,0.406700096572393,8.1,32.6
"1851","ESS","Slovenia","Men","1950-1959",NA,0.128215090051292,0.128215090051292,NA,100,NA
"1852","ESS","Slovenia","Men","1960-1969","High",9.89068049380244,1.2220468510717,0.418528811261147,12.4,34.2
"1853","ESS","Slovenia","Men","1960-1969","Low",21.012684395271,3.1281422592647,1.94100139855313,14.9,62
"1854","ESS","Slovenia","Men","1960-1969",NA,0.295539072777178,NA,NA,NA,NA
"1855","ESS","Slovenia","Men","1970-1979","High",7.41725293550965,1.49997351842879,0.292227528112932,20.2,19.5
"1856","ESS","Slovenia","Men","1970-1979","Low",10.6052803661388,3.10952455237665,1.05710072332677,29.3,34
"1857","ESS","Slovenia","Men","1970-1979",NA,0.155156755175209,0.155156755175209,NA,100,NA
"1858","ESS","Slovenia","Men","1980-1989","High",3.6479860165169,1.52849150157184,0.163700008819665,41.9,10.7
"1859","ESS","Slovenia","Men","1980-1989","Low",2.5608213815226,0.782577003241787,0.292227528112932,30.6,37.3
"1860","ESS","Slovenia","Women","1910-1919","High",0.230691279224734,NA,NA,NA,NA
"1861","ESS","Slovenia","Women","1910-1919","Low",0.628223915363074,0.0992934816310642,0.0992934816310642,15.8,100
"1862","ESS","Slovenia","Women","1920-1929","High",1.95106898654086,0.198317180845557,0.198317180845557,10.2,100
"1863","ESS","Slovenia","Women","1920-1929","Low",3.32484525952322,0.413540330520887,0.0992934816310642,12.4,24
"1864","ESS","Slovenia","Women","1920-1929",NA,0.232194448945083,NA,NA,NA,NA
"1865","ESS","Slovenia","Women","1930-1939","High",7.4177951426178,0.551653743696508,0.249577879551928,7.4,45.2
"1866","ESS","Slovenia","Women","1930-1939","Low",10.2070001768138,0.554362380215808,0.240385313742556,5.4,43.4
"1867","ESS","Slovenia","Women","1940-1949","High",12.1157450816086,0.484484289127719,0.132642963263203,4,27.4
"1868","ESS","Slovenia","Women","1940-1949","Low",9.55930983225936,0.596350414030349,NA,6.2,NA
"1869","ESS","Slovenia","Women","1940-1949",NA,0.115659885627695,NA,NA,NA,NA
"1870","ESS","Slovenia","Women","1950-1959","High",15.0673371883743,1.5021440607864,0.390916108964996,10,26
"1871","ESS","Slovenia","Women","1950-1959","Low",17.3918520226375,0.79252036138554,0.234328829949058,4.6,29.6
"1872","ESS","Slovenia","Women","1960-1969","High",9.57507141275015,1.06403318473811,0.564360223089357,11.1,53
"1873","ESS","Slovenia","Women","1960-1969","Low",18.887054558669,0.352893942891723,0.223325895552323,1.9,63.3
"1874","ESS","Slovenia","Women","1970-1979","High",8.63146043152645,1.2369810334399,0.434583009013763,14.3,35.1
"1875","ESS","Slovenia","Women","1970-1979","Low",9.38483901524552,0.2591360946788,NA,2.8,NA
"1876","ESS","Slovenia","Women","1970-1979",NA,0.285713515817374,0.139049502059793,NA,48.7,NA
"1877","ESS","Slovenia","Women","1980-1989","High",2.65895239793127,0.43390753380653,0.210025740988808,16.3,48.4
"1878","ESS","Slovenia","Women","1980-1989","Low",2.04921457435539,NA,NA,NA,NA
"1879","ESS","Spain","Men","1910-1919","High",1.71618186516298,1.71618186516298,NA,100,NA
"1880","ESS","Spain","Men","1910-1919","Low",1.90784879325179,NA,NA,NA,NA
"1881","ESS","Spain","Men","1910-1919",NA,1.75180773816663,NA,NA,NA,NA
"1882","ESS","Spain","Men","1920-1929","High",56.4288625635769,6.7847445159174,2.79115033320778,12,41.1
"1883","ESS","Spain","Men","1920-1929","Low",61.0704227921237,10.3886609007545,1.88027151416748,17,18.1
"1884","ESS","Spain","Men","1920-1929",NA,8.48143825873788,2.53546855864468,NA,29.9,NA
"1885","ESS","Spain","Men","1930-1939","High",96.1182081691755,13.5049209093051,8.07279391079163,14.1,59.8
"1886","ESS","Spain","Men","1930-1939","Low",128.466981061413,18.117923955303,6.58452722510226,14.1,36.3
"1887","ESS","Spain","Men","1930-1939",NA,7.0412561166784,NA,NA,NA,NA
"1888","ESS","Spain","Men","1940-1949","High",117.554029518722,11.9553510506788,8.44860224674613,10.2,70.7
"1889","ESS","Spain","Men","1940-1949","Low",233.78171719767,34.6247295451407,21.9016916167323,14.8,63.3
"1890","ESS","Spain","Men","1940-1949",NA,26.0232441805851,2.02379738196612,2.02379738196612,7.8,100
"1891","ESS","Spain","Men","1950-1959","High",221.484569440722,26.6396401792679,12.3283323315611,12,46.3
"1892","ESS","Spain","Men","1950-1959","Low",263.971259474988,49.4722681499964,24.2573118757021,18.7,49
"1893","ESS","Spain","Men","1950-1959",NA,28.509621560998,NA,NA,NA,NA
"1894","ESS","Spain","Men","1960-1969","High",299.141165633558,78.7527654301029,30.5720028322186,26.3,38.8
"1895","ESS","Spain","Men","1960-1969","Low",425.191753084441,74.4960572260371,27.58182319033,17.5,37
"1896","ESS","Spain","Men","1960-1969",NA,27.9190783768144,8.6195212699721,5.18314696716095,30.9,60.1
"1897","ESS","Spain","Men","1970-1979","High",204.385726288667,67.5527039740759,27.0055881531607,33.1,40
"1898","ESS","Spain","Men","1970-1979","Low",239.283514897266,58.2892582935086,18.2984392756342,24.4,31.4
"1899","ESS","Spain","Men","1970-1979",NA,13.4540955112548,4.07901479527298,1.88223428379034,30.3,46.1
"1900","ESS","Spain","Men","1980-1989","High",85.0135382203551,40.1276515916919,10.7237491149571,47.2,26.7
"1901","ESS","Spain","Men","1980-1989","Low",97.323799661715,31.8449598049969,13.3120295666357,32.7,41.8
"1902","ESS","Spain","Men","1980-1989",NA,3.72994611294452,3.72994611294452,1.85078490627355,100,49.6
"1903","ESS","Spain","Women","1910-1919","High",6.01993276290358,1.84875071769852,NA,30.7,NA
"1904","ESS","Spain","Women","1910-1919","Low",4.18631308792783,NA,NA,NA,NA
"1905","ESS","Spain","Women","1910-1919",NA,4.12159147003877,NA,NA,NA,NA
"1906","ESS","Spain","Women","1920-1929","High",78.2528001914172,11.127918214541,4.4935531788326,14.2,40.4
"1907","ESS","Spain","Women","1920-1929","Low",76.9691811641913,4.44810026243795,4.44810026243795,5.8,100
"1908","ESS","Spain","Women","1920-1929",NA,15.0822998380218,2.37536602253385,NA,15.7,NA
"1909","ESS","Spain","Women","1930-1939","High",162.053162288333,23.7584491024151,6.64359518694368,14.7,28
"1910","ESS","Spain","Women","1930-1939","Low",146.264154687743,15.1296395488725,6.76201397054083,10.3,44.7
"1911","ESS","Spain","Women","1930-1939",NA,27.7591511757402,3.8248627098838,1.97758587764696,13.8,51.7
"1912","ESS","Spain","Women","1940-1949","High",164.5419285085,28.4486312805293,14.9054264284078,17.3,52.4
"1913","ESS","Spain","Women","1940-1949","Low",228.564439530358,17.4860164871602,7.07292342985396,7.7,40.4
"1914","ESS","Spain","Women","1940-1949",NA,53.5776365832688,2.83063171028641,2.83063171028641,5.3,100
"1915","ESS","Spain","Women","1950-1959","High",224.863855260567,39.7477465264039,14.5219194984207,17.7,36.5
"1916","ESS","Spain","Women","1950-1959","Low",301.135590337936,32.5920152627308,17.6912137530329,10.8,54.3
"1917","ESS","Spain","Women","1950-1959",NA,21.1101363137954,NA,NA,NA,NA
"1918","ESS","Spain","Women","1960-1969","High",328.81109131749,58.230577289246,30.5555444662936,17.7,52.5
"1919","ESS","Spain","Women","1960-1969","Low",373.264182274212,39.7936779526611,13.685042637105,10.7,34.4
"1920","ESS","Spain","Women","1960-1969",NA,21.085736552254,3.61980925164119,3.61980925164119,17.2,100
"1921","ESS","Spain","Women","1970-1979","High",200.801479897983,56.6642890988717,12.5682997473446,28.2,22.2
"1922","ESS","Spain","Women","1970-1979","Low",233.918474969864,51.1944018129634,9.16484426521836,21.9,17.9
"1923","ESS","Spain","Women","1970-1979",NA,18.8742261293568,7.15617612763907,2.60195268847826,37.9,36.4
"1924","ESS","Spain","Women","1980-1989","High",121.513325782578,58.2906325753697,8.49052796389643,48,14.6
"1925","ESS","Spain","Women","1980-1989","Low",65.7484116619467,16.5967407855339,4.21095279870539,25.2,25.4
"1926","ESS","Sweden","Men","1910-1919","High",0.317697884778863,NA,NA,NA,NA
"1927","ESS","Sweden","Men","1910-1919","Low",1.30873801388067,0.314963966344848,NA,24.1,NA
"1928","ESS","Sweden","Men","1910-1919",NA,0.599615327785628,NA,NA,NA,NA
"1929","ESS","Sweden","Men","1920-1929","High",11.0231105139967,2.06836860060656,0.76414824254671,18.8,36.9
"1930","ESS","Sweden","Men","1920-1929","Low",10.6889789151043,1.30694556900974,0.337075973856997,12.2,25.8
"1931","ESS","Sweden","Men","1930-1939","High",22.4692269514337,0.39593657495357,NA,1.8,NA
"1932","ESS","Sweden","Men","1930-1939","Low",27.6312017823209,2.13745755122429,0.326085855186941,7.7,15.3
"1933","ESS","Sweden","Men","1930-1939",NA,0.371112047186486,NA,NA,NA,NA
"1934","ESS","Sweden","Men","1940-1949","High",53.725345483992,5.20333216538653,1.01657697631079,9.7,19.5
"1935","ESS","Sweden","Men","1940-1949","Low",64.7265008139679,7.248218512901,1.68084289693362,11.2,23.2
"1936","ESS","Sweden","Men","1940-1949",NA,0.638209001127409,NA,NA,NA,NA
"1937","ESS","Sweden","Men","1950-1959","High",41.3014563297296,6.16255112632193,0.98723406511697,14.9,16
"1938","ESS","Sweden","Men","1950-1959","Low",72.3557539316339,11.7057977433329,3.12644836440815,16.2,26.7
"1939","ESS","Sweden","Men","1950-1959",NA,0.920596899159968,0.500481269423567,NA,54.4,NA
"1940","ESS","Sweden","Men","1960-1969","High",50.7852164624829,10.8540662162872,3.88556289903883,21.4,35.8
"1941","ESS","Sweden","Men","1960-1969","Low",85.6268430567097,13.3254473849897,6.2072038994072,15.6,46.6
"1942","ESS","Sweden","Men","1970-1979","High",38.660397238344,9.10130704157014,1.91123901700263,23.5,21
"1943","ESS","Sweden","Men","1970-1979","Low",50.0559274491973,9.45181307752635,3.11136446026214,18.9,32.9
"1944","ESS","Sweden","Men","1970-1979",NA,0.528932649565967,NA,NA,NA,NA
"1945","ESS","Sweden","Men","1980-1989","High",13.1904908543773,4.68073130728326,0.597434539497073,35.5,12.8
"1946","ESS","Sweden","Men","1980-1989","Low",10.2006115884565,1.38439522859041,1.38439522859041,13.6,100
"1947","ESS","Sweden","Men","1980-1989",NA,1.29384789232804,NA,NA,NA,NA
"1948","ESS","Sweden","Women","1910-1919","High",2.35081178112573,NA,NA,NA,NA
"1949","ESS","Sweden","Women","1910-1919","Low",3.45430892878515,NA,NA,NA,NA
"1950","ESS","Sweden","Women","1920-1929","High",10.2547206375754,3.26593809515668,0.506094910334326,31.8,15.5
"1951","ESS","Sweden","Women","1920-1929","Low",12.611418695782,1.38299806203321,0.631851892992435,11,45.7
"1952","ESS","Sweden","Women","1920-1929",NA,0.63102896801697,NA,NA,NA,NA
"1953","ESS","Sweden","Women","1930-1939","High",26.5064778554161,1.28615994754388,0.474363633947142,4.9,36.9
"1954","ESS","Sweden","Women","1930-1939","Low",33.2043403118431,2.04198574407754,0.651974243585462,6.1,31.9
"1955","ESS","Sweden","Women","1930-1939",NA,0.547210917484589,NA,NA,NA,NA
"1956","ESS","Sweden","Women","1940-1949","High",57.0252790238788,6.51389492176092,1.46699456250234,11.4,22.5
"1957","ESS","Sweden","Women","1940-1949","Low",67.6753470023528,6.89051283417452,1.0711055846035,10.2,15.5
"1958","ESS","Sweden","Women","1940-1949",NA,1.13401213209484,1.13401213209484,NA,100,NA
"1959","ESS","Sweden","Women","1950-1959","High",47.2788929372233,6.01505622937207,2.30772768812506,12.7,38.4
"1960","ESS","Sweden","Women","1950-1959","Low",58.3789169982783,3.20352039498637,0.486844052420544,5.5,15.2
"1961","ESS","Sweden","Women","1950-1959",NA,0.420471608667853,0.420471608667853,NA,100,NA
"1962","ESS","Sweden","Women","1960-1969","High",60.7697139384432,7.64199758281454,0.482673538054705,12.6,6.3
"1963","ESS","Sweden","Women","1960-1969","Low",81.4573035236093,7.98865282687467,0.405122229645617,9.8,5.1
"1964","ESS","Sweden","Women","1960-1969",NA,1.84534125483076,NA,NA,NA,NA
"1965","ESS","Sweden","Women","1970-1979","High",36.7779465579888,4.20870561937087,0.861797714225553,11.4,20.5
"1966","ESS","Sweden","Women","1970-1979","Low",40.3417108114502,5.57087810095124,2.79424285154092,13.8,50.2
"1967","ESS","Sweden","Women","1970-1979",NA,2.16389274199912,NA,NA,NA,NA
"1968","ESS","Sweden","Women","1980-1989","High",18.3714973464438,3.02907096629473,0.550733779559941,16.5,18.2
"1969","ESS","Sweden","Women","1980-1989","Low",9.20334599513341,3.51407807283228,2.16389274199912,38.2,61.6
"1970","ESS","Switzerland","Men","1910-1919","High",0.859133987502377,0.499636934836952,NA,58.2,NA
"1971","ESS","Switzerland","Men","1910-1919","Low",2.52702454377014,1.00240217128943,0.441496136925842,39.7,44
"1972","ESS","Switzerland","Men","1910-1919",NA,0.172981821945863,NA,NA,NA,NA
"1973","ESS","Switzerland","Men","1920-1929","High",8.26019619773739,0.868768834773189,0.175505415466514,10.5,20.2
"1974","ESS","Switzerland","Men","1920-1929","Low",7.75034761101808,1.56347848307976,0.359497052665425,20.2,23
"1975","ESS","Switzerland","Men","1930-1939","High",17.6821622717971,3.46402246986447,0.69953212270312,19.6,20.2
"1976","ESS","Switzerland","Men","1930-1939","Low",24.6089017270025,1.53678718940724,0.3527132279419,6.2,23
"1977","ESS","Switzerland","Men","1940-1949","High",36.6614037166603,6.84308581983229,0.171109256657097,18.7,2.5
"1978","ESS","Switzerland","Men","1940-1949","Low",43.6059085346732,8.41478996343037,2.78620947574169,19.3,33.1
"1979","ESS","Switzerland","Men","1950-1959","High",39.2493521869554,7.4916081540758,2.02473742356942,19.1,27
"1980","ESS","Switzerland","Men","1950-1959","Low",65.0862750145979,11.6748027708255,3.36614557545414,17.9,28.8
"1981","ESS","Switzerland","Men","1960-1969","High",43.3015834381742,11.6569294996296,1.83174131806877,26.9,15.7
"1982","ESS","Switzerland","Men","1960-1969","Low",66.6869572771111,15.8809659436061,2.00120649393972,23.8,12.6
"1983","ESS","Switzerland","Men","1970-1979","High",24.8078688421622,6.03996811868336,1.42766031246886,24.3,23.6
"1984","ESS","Switzerland","Men","1970-1979","Low",46.416216311462,12.2834702567265,0.938968038016839,26.5,7.6
"1985","ESS","Switzerland","Men","1970-1979",NA,0.917476713682458,NA,NA,NA,NA
"1986","ESS","Switzerland","Men","1980-1989","High",9.42971138746272,5.27491280313093,0.438760792569596,55.9,8.3
"1987","ESS","Switzerland","Men","1980-1989","Low",17.8338369395219,5.91430498028946,0.886856948447157,33.2,15
"1988","ESS","Switzerland","Men","1980-1989",NA,0.948303401324804,0.448096155877561,0.448096155877561,47.3,100
"1989","ESS","Switzerland","Women","1910-1919","High",1.42683205482829,0.575150071670606,0.575150071670606,40.3,100
"1990","ESS","Switzerland","Women","1910-1919","Low",2.33286697693394,NA,NA,NA,NA
"1991","ESS","Switzerland","Women","1920-1929","High",9.53546832178813,1.35441163256458,0.528195705883581,14.2,39
"1992","ESS","Switzerland","Women","1920-1929","Low",10.0804211892924,1.28478763733292,0.873712910259478,12.7,68
"1993","ESS","Switzerland","Women","1920-1929",NA,0.420271246111366,0.420271246111366,0.420271246111366,100,100
"1994","ESS","Switzerland","Women","1930-1939","High",23.4758817423703,5.48795798305445,2.51877803103713,23.4,45.9
"1995","ESS","Switzerland","Women","1930-1939","Low",30.042621352681,5.7122315931951,2.46402274699954,19,43.1
"1996","ESS","Switzerland","Women","1940-1949","High",41.9685086247672,7.48767531786818,1.56450692939548,17.8,20.9
"1997","ESS","Switzerland","Women","1940-1949","Low",48.0651632964661,8.2215625661649,1.76323125123059,17.1,21.4
"1998","ESS","Switzerland","Women","1940-1949",NA,0.459202652882045,NA,NA,NA,NA
"1999","ESS","Switzerland","Women","1950-1959","High",38.4517261032805,6.28696985739645,0.652865562058395,16.4,10.4
"2000","ESS","Switzerland","Women","1950-1959","Low",72.37754693036,16.8505073393964,3.52654118804735,23.3,20.9
"2001","ESS","Switzerland","Women","1950-1959",NA,0.150114631265645,0.150114631265645,0.150114631265645,100,100
"2002","ESS","Switzerland","Women","1960-1969","High",55.6954206705196,12.8374157211676,1.58477752187876,23,12.3
"2003","ESS","Switzerland","Women","1960-1969","Low",71.063640669474,12.7688901325297,3.12655350685655,18,24.5
"2004","ESS","Switzerland","Women","1960-1969",NA,0.303514876647895,NA,NA,NA,NA
"2005","ESS","Switzerland","Women","1970-1979","High",22.4548665233528,5.90556055089754,0.750576599901008,26.3,12.7
"2006","ESS","Switzerland","Women","1970-1979","Low",42.9652523394652,9.32348369350402,2.63389858592445,21.7,28.3
"2007","ESS","Switzerland","Women","1970-1979",NA,0.94739041935949,0.47296214116318,NA,49.9,NA
"2008","ESS","Switzerland","Women","1980-1989","High",7.83530763940658,1.83788680129106,0.446490572674264,23.5,24.3
"2009","ESS","Switzerland","Women","1980-1989","Low",12.0916557775803,3.16123949027656,0.437188676447139,26.1,13.8
"2010","ESS","Switzerland","Women","1980-1989",NA,0.971377224431443,0.47296214116318,NA,48.7,NA
"2011","ESS","The UK","Men","1910-1919","High",8.1887939695175,1.18274594271816,1.18274594271816,14.4,100
"2012","ESS","The UK","Men","1910-1919","Low",15.052140996062,1.25979346146987,NA,8.4,NA
"2013","ESS","The UK","Men","1920-1929","High",62.5206405896168,8.14537366291403,2.70360316980192,13,33.2
"2014","ESS","The UK","Men","1920-1929","Low",96.2198628038733,5.77602672012011,1.18274594271816,6,20.5
"2015","ESS","The UK","Men","1920-1929",NA,5.437304360658,NA,NA,NA,NA
"2016","ESS","The UK","Men","1930-1939","High",179.992223918081,25.2192931823539,11.369427152809,14,45.1
"2017","ESS","The UK","Men","1930-1939","Low",204.350968772266,28.4749994986168,8.47222340884222,13.9,29.8
"2018","ESS","The UK","Men","1930-1939",NA,10.428080733135,2.23439995915751,NA,21.4,NA
"2019","ESS","The UK","Men","1940-1949","High",280.529656952101,46.5499363654367,13.7810787878905,16.6,29.6
"2020","ESS","The UK","Men","1940-1949","Low",475.532636810981,56.9216970240938,12.6813984641,12,22.3
"2021","ESS","The UK","Men","1950-1959","High",341.886790117899,85.8342190322139,18.8139695644277,25.1,21.9
"2022","ESS","The UK","Men","1950-1959","Low",404.942253982291,89.888220883543,19.7745039591219,22.2,22
"2023","ESS","The UK","Men","1950-1959",NA,8.74293211486727,1.29081792144233,1.29081792144233,14.8,100
"2024","ESS","The UK","Men","1960-1969","High",451.109255746265,87.2371130023536,13.9050747219906,19.3,15.9
"2025","ESS","The UK","Men","1960-1969","Low",584.525396868854,125.30645862017,21.9237018440518,21.4,17.5
"2026","ESS","The UK","Men","1960-1969",NA,8.84712517321748,3.24501681276004,1.23869941458081,36.7,38.2
"2027","ESS","The UK","Men","1970-1979","High",292.144049638557,72.7672049753179,17.0132900035815,24.9,23.4
"2028","ESS","The UK","Men","1970-1979","Low",228.846656305212,64.0837432074152,4.38624282633332,28,6.8
"2029","ESS","The UK","Men","1970-1979",NA,1.34927091824875,1.34927091824875,1.34927091824875,100,100
"2030","ESS","The UK","Men","1980-1989","High",99.4935943952223,56.6430927993341,4.55627662788558,56.9,8
"2031","ESS","The UK","Men","1980-1989","Low",68.1992683708941,30.1199818957717,11.2810978523277,44.2,37.5
"2032","ESS","The UK","Women","1905-1909","High",1.82945405548072,1.82945405548072,1.82945405548072,100,100
"2033","ESS","The UK","Women","1910-1919","High",13.2881780666912,3.32934420790434,1.21696351564948,25.1,36.6
"2034","ESS","The UK","Women","1910-1919","Low",18.9377005720806,1.30421841929297,NA,6.9,NA
"2035","ESS","The UK","Women","1920-1929","High",57.7474419674182,15.3214782282652,5.09083633153371,26.5,33.2
"2036","ESS","The UK","Women","1920-1929","Low",138.609854568984,11.0811894346155,6.02179517590348,8,54.3
"2037","ESS","The UK","Women","1920-1929",NA,3.69496583524116,2.38099719616682,1.48558001956144,64.4,62.4
"2038","ESS","The UK","Women","1930-1939","High",172.695508840345,26.6862212301717,8.9331966922845,15.5,33.5
"2039","ESS","The UK","Women","1930-1939","Low",257.314491103827,32.4955896405571,11.0994672305396,12.6,34.2
"2040","ESS","The UK","Women","1940-1949","High",278.154616169368,37.3813983474077,9.83148086980889,13.4,26.3
"2041","ESS","The UK","Women","1940-1949","Low",528.734279875995,55.479110948469,14.2550135197891,10.5,25.7
"2042","ESS","The UK","Women","1940-1949",NA,3.65924937853845,NA,NA,NA,NA
"2043","ESS","The UK","Women","1950-1959","High",390.873961046205,75.7543526383274,5.02467061016051,19.4,6.6
"2044","ESS","The UK","Women","1950-1959","Low",494.58368507912,43.4044182171328,2.07911805225963,8.8,4.8
"2045","ESS","The UK","Women","1950-1959",NA,8.22167464339628,NA,NA,NA,NA
"2046","ESS","The UK","Women","1960-1969","High",464.032194452359,85.9542293925771,15.5249793301173,18.5,18.1
"2047","ESS","The UK","Women","1960-1969","Low",592.25963022825,64.9658766421561,14.8825931595278,11,22.9
"2048","ESS","The UK","Women","1960-1969",NA,15.5439216601458,1.86438146991453,1.86438146991453,12,100
"2049","ESS","The UK","Women","1970-1979","High",230.98686492992,44.054642597308,3.23311353023983,19.1,7.3
"2050","ESS","The UK","Women","1970-1979","Low",256.857363252551,31.9095424418269,1.14948943685124,12.4,3.6
"2051","ESS","The UK","Women","1970-1979",NA,9.81480992679958,NA,NA,NA,NA
"2052","ESS","The UK","Women","1980-1989","High",135.572632477843,22.2588643608901,1.12379157734875,16.4,5
"2053","ESS","The UK","Women","1980-1989","Low",77.7445837881521,9.28425302706093,2.15172022847879,11.9,23.2
"2054","ESS","The UK","Women","1980-1989",NA,0.920118518319967,NA,NA,NA,NA
"2055","ESS","Ukraine","Men","1910-1919","High",2.50434124630694,NA,NA,NA,NA
"2056","ESS","Ukraine","Men","1910-1919","Low",0.392867274226489,NA,NA,NA,NA
"2057","ESS","Ukraine","Men","1920-1929","High",10.5843843530845,0.270949605574486,NA,2.6,NA
"2058","ESS","Ukraine","Men","1920-1929","Low",26.1953033844206,1.87111119260905,NA,7.1,NA
"2059","ESS","Ukraine","Men","1920-1929",NA,8.54961371882936,1.96725228145553,1.96725228145553,23,100
"2060","ESS","Ukraine","Men","1930-1939","High",89.9542739597459,3.30216883091786,0.528982736562185,3.7,16
"2061","ESS","Ukraine","Men","1930-1939","Low",95.562173765365,1.1209664022331,NA,1.2,NA
"2062","ESS","Ukraine","Men","1930-1939",NA,7.14887736534576,NA,NA,NA,NA
"2063","ESS","Ukraine","Men","1940-1949","High",74.2209591175841,0.540401929921899,NA,0.7,NA
"2064","ESS","Ukraine","Men","1940-1949","Low",110.084831780612,2.16815472669094,1.62775279676904,2,75.1
"2065","ESS","Ukraine","Men","1940-1949",NA,10.1032666024568,NA,NA,NA,NA
"2066","ESS","Ukraine","Men","1950-1959","High",176.236919149264,16.6519574449418,7.00661595562911,9.4,42.1
"2067","ESS","Ukraine","Men","1950-1959","Low",150.292254379745,4.49141430141276,0.893796132603271,3,19.9
"2068","ESS","Ukraine","Men","1950-1959",NA,12.2880781461772,NA,NA,NA,NA
"2069","ESS","Ukraine","Men","1960-1969","High",116.367481021915,14.5959010808715,4.2594460259491,12.5,29.2
"2070","ESS","Ukraine","Men","1960-1969","Low",152.066281681737,23.1563380495973,14.0762909562218,15.2,60.8
"2071","ESS","Ukraine","Men","1960-1969",NA,1.70085257519347,0.805961515794706,NA,47.4,NA
"2072","ESS","Ukraine","Men","1970-1979","High",29.2993435036006,9.15757421591579,NA,31.3,NA
"2073","ESS","Ukraine","Men","1970-1979","Low",52.7114624087464,5.83152819995632,3.81812783451238,11.1,65.5
"2074","ESS","Ukraine","Women","1910-1919","High",1.67910989817742,1.07963371366722,NA,64.3,NA
"2075","ESS","Ukraine","Women","1910-1919","Low",0.280762211720997,NA,NA,NA,NA
"2076","ESS","Ukraine","Women","1920-1929","High",27.7090523525049,2.917381994188,1.13041662741816,10.5,38.7
"2077","ESS","Ukraine","Women","1920-1929","Low",70.907634240693,14.4195789924099,4.35095290232582,20.3,30.2
"2078","ESS","Ukraine","Women","1920-1929",NA,20.6344421715826,NA,NA,NA,NA
"2079","ESS","Ukraine","Women","1930-1939","High",136.284640984373,12.5084721974631,1.31567719031153,9.2,10.5
"2080","ESS","Ukraine","Women","1930-1939","Low",169.954540116574,27.5575679716741,16.1173180934856,16.2,58.5
"2081","ESS","Ukraine","Women","1930-1939",NA,5.13768999444331,0.714418384760336,NA,13.9,NA
"2082","ESS","Ukraine","Women","1940-1949","High",139.96595811176,11.1172996886721,8.20277299719734,7.9,73.8
"2083","ESS","Ukraine","Women","1940-1949","Low",132.158775071422,5.76671343888245,NA,4.4,NA
"2084","ESS","Ukraine","Women","1940-1949",NA,10.4046313966355,1.17472438102055,1.17472438102055,11.3,100
"2085","ESS","Ukraine","Women","1950-1959","High",177.754615708307,13.9248877418609,5.39718225495438,7.8,38.8
"2086","ESS","Ukraine","Women","1950-1959","Low",251.07338721552,9.33724578005615,8.61694144861382,3.7,92.3
"2087","ESS","Ukraine","Women","1950-1959",NA,9.1065314520251,NA,NA,NA,NA
"2088","ESS","Ukraine","Women","1960-1969","High",163.379811940789,1.95589617240461,1.95589617240461,1.2,100
"2089","ESS","Ukraine","Women","1960-1969","Low",162.822983263366,22.828527379703,12.2066291067875,14,53.5
"2090","ESS","Ukraine","Women","1960-1969",NA,1.52718927203694,NA,NA,NA,NA
"2091","ESS","Ukraine","Women","1970-1979","High",28.5512003678037,NA,NA,NA,NA
"2092","ESS","Ukraine","Women","1970-1979","Low",33.1457139121557,4.84411657913483,2.53177885553583,14.6,52.3
"2093","ESS","Ukraine","Women","1970-1979",NA,1.60344486182893,NA,NA,NA,NA
"2094","HH","Austria","Men","1960-1969","High",285903.124755859,68392.8868713379,23600.0744628906,23.9,34.5
"2095","HH","Austria","Men","1960-1969","Low",219386.092651367,46247.5186462402,18686.306640625,21.1,40.4
"2096","HH","Austria","Men","1970-1979","High",71426.8164367676,30437.4705810547,12384.8306884766,42.6,40.7
"2097","HH","Austria","Men","1970-1979","Low",172064.889465332,67724.1380004883,27144.5875549316,39.4,40.1
"2098","HH","Austria","Women","1960-1969","High",270923.003356934,60720.5884399414,14795.8865356445,22.4,24.4
"2099","HH","Austria","Women","1960-1969","Low",222364.217788696,28579.5796356201,8810.78358459473,12.9,30.8
"2100","HH","Austria","Women","1970-1979","High",61469.7026977539,22218.2873535156,6088.78991699219,36.1,27.4
"2101","HH","Austria","Women","1970-1979","Low",185711.450134277,35541.9879455566,7868.96939086914,19.1,22.1
"2102","HH","Belarus","Men","1930-1939","High",23.200565636158,3.37826180458069,1.90549194812775,14.6,56.4
"2103","HH","Belarus","Men","1930-1939","Low",13.5385991334915,0,0,0,NA
"2104","HH","Belarus","Men","1930-1939",NA,7.04272848367691,NA,NA,NA,NA
"2105","HH","Belarus","Men","1940-1949","High",133.577302545309,6.50574558973312,3.00422012805939,4.9,46.2
"2106","HH","Belarus","Men","1940-1949","Low",136.689855575562,6.38881918787956,2.44109722971916,4.7,38.2
"2107","HH","Belarus","Men","1940-1949",NA,13.2278960943222,NA,NA,NA,NA
"2108","HH","Belarus","Men","1950-1959","High",384.182270973921,28.1767425537109,9.90423363447189,7.3,35.2
"2109","HH","Belarus","Men","1950-1959","Low",282.941411107779,15.556121557951,7.02847203612328,5.5,45.2
"2110","HH","Belarus","Men","1950-1959",NA,3.810337215662,1.28166618943214,0.838937938213348,33.6,65.5
"2111","HH","Belarus","Men","1960-1969","High",496.910302728415,36.8395000696182,15.0229125618935,7.4,40.8
"2112","HH","Belarus","Men","1960-1969","Low",407.964184820652,49.8720842301846,15.4672626852989,12.2,31
"2113","HH","Belarus","Men","1960-1969",NA,3.52707707881927,0.883307218551636,NA,25,NA
"2114","HH","Belarus","Men","1970-1979","High",421.805979549885,64.9976781010628,24.4271421432495,15.4,37.6
"2115","HH","Belarus","Men","1970-1979","Low",426.515338361263,49.6911039948463,25.6396180987358,11.7,51.6
"2116","HH","Belarus","Men","1970-1979",NA,2.92099177837372,1.94929254055023,0.902835249900818,66.7,46.3
"2117","HH","Belarus","Men","1980-1989","High",41.9927023053169,6.49700781702995,3.01638159155846,15.5,46.4
"2118","HH","Belarus","Men","1980-1989","Low",209.333973765373,46.2373970150948,17.2627672255039,22.1,37.3
"2119","HH","Belarus","Women","1920-1929","High",0,NA,NA,NA,NA
"2120","HH","Belarus","Women","1930-1939","High",49.3504966497421,6.96046227216721,3.49447149038315,14.1,50.2
"2121","HH","Belarus","Women","1930-1939","Low",43.9900027513504,2.41311848163605,2.41311848163605,5.5,100
"2122","HH","Belarus","Women","1930-1939",NA,25.4648633003235,1.41596174240112,1.41596174240112,5.6,100
"2123","HH","Belarus","Women","1940-1949","High",239.445538818836,24.2139711380005,16.4913944602013,10.1,68.1
"2124","HH","Belarus","Women","1940-1949","Low",256.172950237989,25.3920969963074,13.9030165672302,9.9,54.8
"2125","HH","Belarus","Women","1940-1949",NA,49.6149970293045,5.1789847612381,2.96237850189209,10.4,57.2
"2126","HH","Belarus","Women","1950-1959","High",552.681892335415,33.3752916157246,15.5553752779961,6,46.6
"2127","HH","Belarus","Women","1950-1959","Low",397.182072907686,23.5113489031792,13.9439415931702,5.9,59.3
"2128","HH","Belarus","Women","1950-1959",NA,11.0200312435627,0.463979065418243,NA,4.2,NA
"2129","HH","Belarus","Women","1960-1969","High",492.226507365704,44.565417766571,23.067173242569,9.1,51.8
"2130","HH","Belarus","Women","1960-1969","Low",500.649157822132,27.4377617537975,17.5865481495857,5.5,64.1
"2131","HH","Belarus","Women","1960-1969",NA,1.94984614849091,NA,NA,NA,NA
"2132","HH","Belarus","Women","1970-1979","High",499.529912799597,47.8483203053474,23.5062609016895,9.6,49.1
"2133","HH","Belarus","Women","1970-1979","Low",446.101783633232,17.808604747057,5.36366036534309,4,30.1
"2134","HH","Belarus","Women","1970-1979",NA,0.539524674415588,NA,NA,NA,NA
"2135","HH","Belarus","Women","1980-1989","High",45.7590324878693,6.98403871059418,1.77066677808762,15.3,25.4
"2136","HH","Belarus","Women","1980-1989","Low",195.89716514945,18.3178902566433,5.81448882818222,9.4,31.7
"2137","HH","Belarus","Women","1980-1989",NA,0.539524674415588,NA,NA,NA,NA
"2138","HH","Belgium","Men","1920-1929","High",20.2964822053909,8.66256886720657,1.96920937299728,42.7,22.7
"2139","HH","Belgium","Men","1920-1929","Low",17.7917649745941,1.79070675373077,NA,10.1,NA
"2140","HH","Belgium","Men","1920-1929",NA,2.86456274986267,NA,NA,NA,NA
"2141","HH","Belgium","Men","1930-1939","High",174.327810049057,49.8122587800026,5.97650873661041,28.6,12
"2142","HH","Belgium","Men","1930-1939","Low",167.940763235092,33.7267828583717,4.11692136526108,20.1,12.2
"2143","HH","Belgium","Men","1930-1939",NA,17.9731078743935,6.62447887659073,1.79070675373077,36.9,27
"2144","HH","Belgium","Men","1940-1949","High",265.875675201416,77.7100560069084,12.1722614765167,29.2,15.7
"2145","HH","Belgium","Men","1940-1949","Low",230.352410376072,76.783723115921,17.8606455922127,33.3,23.3
"2146","HH","Belgium","Men","1940-1949",NA,12.8483708500862,4.00729936361313,0.964233994483948,31.2,24.1
"2147","HH","Belgium","Men","1950-1959","High",372.565905272961,73.2389696836472,27.3778264522552,19.7,37.4
"2148","HH","Belgium","Men","1950-1959","Low",285.930454730988,69.8739598989487,18.4368948340416,24.4,26.4
"2149","HH","Belgium","Men","1950-1959",NA,15.7818142175674,2.03808999061584,NA,12.9,NA
"2150","HH","Belgium","Men","1960-1969","High",387.025945186615,84.8709374070168,29.2721416354179,21.9,34.5
"2151","HH","Belgium","Men","1960-1969","Low",351.18042498827,61.4689751267433,21.4623401165009,17.5,34.9
"2152","HH","Belgium","Men","1960-1969",NA,8.1661787033081,1.86203324794769,0.931016623973846,22.8,50
"2153","HH","Belgium","Men","1970-1979","High",102.519738852978,22.2934839129448,9.58670723438263,21.7,43
"2154","HH","Belgium","Men","1970-1979","Low",207.960571408272,59.5683053731918,21.6114851236343,28.6,36.3
"2155","HH","Belgium","Men","1970-1979",NA,5.13810616731644,1.86203324794769,1.86203324794769,36.2,100
"2156","HH","Belgium","Women","1920-1929","High",23.0102415680885,5.42081242799759,2.01892989873886,23.6,37.2
"2157","HH","Belgium","Women","1920-1929","Low",17.2844765782356,4.7288743853569,0.884969055652618,27.4,18.7
"2158","HH","Belgium","Women","1920-1929",NA,2.01892989873886,0.884969055652618,0.884969055652618,43.8,100
"2159","HH","Belgium","Women","1930-1939","High",185.488309621811,54.3135816454887,15.8185675740242,29.3,29.1
"2160","HH","Belgium","Women","1930-1939","Low",154.874137222767,39.9068092107773,17.2015202045441,25.8,43.1
"2161","HH","Belgium","Women","1930-1939",NA,16.9804474711418,6.05678969621658,3.1528907418251,35.7,52.1
"2162","HH","Belgium","Women","1940-1949","High",281.867470979691,80.1996804475784,14.4067724347115,28.5,18
"2163","HH","Belgium","Women","1940-1949","Low",241.657433450222,52.9873905777931,11.7807077765465,21.9,22.2
"2164","HH","Belgium","Women","1940-1949",NA,19.468518435955,5.86283522844315,NA,30.1,NA
"2165","HH","Belgium","Women","1950-1959","High",379.49793279171,72.2656483650208,9.90069502592087,19,13.7
"2166","HH","Belgium","Women","1950-1959","Low",319.648846805096,41.4277555346489,7.43974232673645,13,18
"2167","HH","Belgium","Women","1950-1959",NA,18.9705348610878,3.89894264936447,2.07396721839905,20.6,53.2
"2168","HH","Belgium","Women","1960-1969","High",403.315107941628,60.0978896617889,15.7236942648888,14.9,26.2
"2169","HH","Belgium","Women","1960-1969","Low",342.465564191341,42.022670686245,10.7711814045906,12.3,25.6
"2170","HH","Belgium","Women","1960-1969",NA,14.7938914895058,0.967177867889404,NA,6.5,NA
"2171","HH","Belgium","Women","1970-1979","High",54.8940405845642,13.330184340477,6.04814004898071,24.3,45.4
"2172","HH","Belgium","Women","1970-1979","Low",208.072894096375,31.4019318819046,7.101518034935,15.1,22.6
"2173","HH","Belgium","Women","1970-1979",NA,2.89340758323669,NA,NA,NA,NA
"2174","HH","Bulgaria","Men","1910-1919","High",0,NA,NA,NA,NA
"2175","HH","Bulgaria","Men","1920-1929","High",134.120723903179,15.7722644805908,5.20072662830353,11.8,33
"2176","HH","Bulgaria","Men","1920-1929","Low",116.317692577839,12.1889523863792,3.73959064483643,10.5,30.7
"2177","HH","Bulgaria","Men","1920-1929",NA,19.6465367078781,3.425785779953,3.425785779953,17.4,100
"2178","HH","Bulgaria","Men","1930-1939","High",372.291169583797,24.6870968937874,9.9838672876358,6.6,40.4
"2179","HH","Bulgaria","Men","1930-1939","Low",345.725607514381,18.5115466117859,8.02856969833374,5.4,43.4
"2180","HH","Bulgaria","Men","1930-1939",NA,29.9818506240845,2.42650365829468,NA,8.1,NA
"2181","HH","Bulgaria","Men","1940-1949","High",511.056578755379,46.4884810447693,22.4774430990219,9.1,48.4
"2182","HH","Bulgaria","Men","1940-1949","Low",448.955419778824,41.5898725986481,19.8542798757553,9.3,47.7
"2183","HH","Bulgaria","Men","1940-1949",NA,12.4994795322418,NA,NA,NA,NA
"2184","HH","Bulgaria","Men","1950-1959","High",480.78258651495,61.3374704122543,37.8001875281334,12.8,61.6
"2185","HH","Bulgaria","Men","1950-1959","Low",455.639224052429,50.6789367794991,30.2590088248253,11.1,59.7
"2186","HH","Bulgaria","Men","1950-1959",NA,17.9865248799324,4.7742680311203,4.7742680311203,26.5,100
"2187","HH","Bulgaria","Men","1960-1969","High",685.541490316391,153.624115586281,110.629781603813,22.4,72
"2188","HH","Bulgaria","Men","1960-1969","Low",555.336809873581,74.9956476092339,48.366542160511,13.5,64.5
"2189","HH","Bulgaria","Men","1960-1969",NA,14.8626391887665,NA,NA,NA,NA
"2190","HH","Bulgaria","Women","1920-1929","High",117.536201834679,16.5506253242493,4.03990745544434,14.1,24.4
"2191","HH","Bulgaria","Women","1920-1929","Low",73.7963682413101,3.00807988643646,3.00807988643646,4.1,100
"2192","HH","Bulgaria","Women","1920-1929",NA,20.7794944047928,4.41730618476868,1.37465596199036,21.3,31.1
"2193","HH","Bulgaria","Women","1930-1939","High",553.235639452934,45.2514914274216,14.8654178380966,8.2,32.9
"2194","HH","Bulgaria","Women","1930-1939","Low",470.130984187126,32.6192591190338,4.64753377437592,6.9,14.2
"2195","HH","Bulgaria","Women","1930-1939",NA,106.335933923721,11.0391553640366,1.32856440544128,10.4,12
"2196","HH","Bulgaria","Women","1940-1949","High",536.061567306519,41.2924226522446,17.9442178010941,7.7,43.5
"2197","HH","Bulgaria","Women","1940-1949","Low",512.686727166176,18.2637755870819,4.01046371459961,3.6,22
"2198","HH","Bulgaria","Women","1940-1949",NA,47.7963829040527,2.59424722194672,1.21880555152893,5.4,47
"2199","HH","Bulgaria","Women","1950-1959","High",408.349627912045,36.8631247282028,22.4042971134186,9,60.8
"2200","HH","Bulgaria","Women","1950-1959","Low",449.688595592976,23.9089815020561,8.47563683986664,5.3,35.4
"2201","HH","Bulgaria","Women","1950-1959",NA,24.9047632217407,2.29326844215393,0.917826771736145,9.2,40
"2202","HH","Bulgaria","Women","1960-1969","High",711.359696805477,77.7559875249863,49.0221499800682,10.9,63
"2203","HH","Bulgaria","Women","1960-1969","Low",650.784623742104,39.860949754715,22.3500352501869,6.1,56.1
"2204","HH","Bulgaria","Women","1960-1969",NA,23.2162991762161,5.04587310552597,4.2050034403801,21.7,83.3
"2205","HH","Canada","Men","1920-1929","High",46964.0774002075,10156.1468429565,226.806800842285,21.6,2.2
"2206","HH","Canada","Men","1920-1929","Low",38879.3812637329,2916.95265960693,863.598899841309,7.5,29.6
"2207","HH","Canada","Men","1920-1929",NA,110820.735809326,19172.9568328857,1110.29881286621,17.3,5.8
"2208","HH","Canada","Men","1930-1939","High",386568.886611938,50763.5410346985,14213.1932563782,13.1,28
"2209","HH","Canada","Men","1930-1939","Low",387763.394275665,46433.8750305176,6293.92295837402,12,13.6
"2210","HH","Canada","Men","1930-1939",NA,914516.741134644,146502.068817139,35134.5367927551,16,24
"2211","HH","Canada","Men","1940-1949","High",990596.51958847,186775.376853943,15936.8729019165,18.9,8.5
"2212","HH","Canada","Men","1940-1949","Low",916674.96824646,139367.773761749,20377.2973670959,15.2,14.6
"2213","HH","Canada","Men","1940-1949",NA,1262387.00522995,235775.218223572,42338.6787834167,18.7,18
"2214","HH","Canada","Men","1950-1959","High",1809637.22341537,353518.537776947,65780.0549087524,19.5,18.6
"2215","HH","Canada","Men","1950-1959","Low",1418636.30263519,241253.190658569,41349.7013702393,17,17.1
"2216","HH","Canada","Men","1950-1959",NA,1558126.84611511,330217.78779602,102696.95048523,21.2,31.1
"2217","HH","Canada","Men","1960-1969","High",1773863.66651917,421397.676727295,116548.365699768,23.8,27.7
"2218","HH","Canada","Men","1960-1969","Low",1843151.46268463,426914.200927734,116955.333816528,23.2,27.4
"2219","HH","Canada","Men","1960-1969",NA,1567778.28126526,404214.330253601,103982.630310059,25.8,25.7
"2220","HH","Canada","Men","1970-1979","High",523523.216461182,138948.43208313,36226.9895935059,26.5,26.1
"2221","HH","Canada","Men","1970-1979","Low",865324.995582581,208430.889831543,63900.1827545166,24.1,30.7
"2222","HH","Canada","Men","1970-1979",NA,455427.499023438,145013.398574829,56107.1714782715,31.8,38.7
"2223","HH","Canada","Women","1920-1929","High",39167.451385498,6983.9700012207,4365.65460205078,17.8,62.5
"2224","HH","Canada","Women","1920-1929","Low",32602.6743850708,4471.73695373535,1005.3388671875,13.7,22.5
"2225","HH","Canada","Women","1920-1929",NA,174468.222892761,35727.6536407471,11069.2105407715,20.5,31
"2226","HH","Canada","Women","1930-1939","High",371427.16229248,63891.2141418457,25909.9941177368,17.2,40.6
"2227","HH","Canada","Women","1930-1939","Low",340907.343021393,34748.9516181946,8326.13647460938,10.2,24
"2228","HH","Canada","Women","1930-1939",NA,1205742.90585327,128673.487617493,33033.7412490845,10.7,25.7
"2229","HH","Canada","Women","1940-1949","High",890335.01027298,175878.796958923,45026.0799560547,19.8,25.6
"2230","HH","Canada","Women","1940-1949","Low",926026.485462189,121989.342002869,24148.3407859802,13.2,19.8
"2231","HH","Canada","Women","1940-1949",NA,1516319.65194702,159572.001243591,42023.2108078003,10.5,26.3
"2232","HH","Canada","Women","1950-1959","High",1648656.62309647,332574.745567322,63217.1758804321,20.2,19
"2233","HH","Canada","Women","1950-1959","Low",1506666.90224838,274657.392776489,81152.8797073364,18.2,29.5
"2234","HH","Canada","Women","1950-1959",NA,1690804.10439682,221556.714862823,50646.0632019043,13.1,22.9
"2235","HH","Canada","Women","1960-1969","High",2007027.77605057,409014.961975098,96383.0675125122,20.4,23.6
"2236","HH","Canada","Women","1960-1969","Low",1729677.4331131,325243.550930023,77467.1295471191,18.8,23.8
"2237","HH","Canada","Women","1960-1969",NA,1429901.32493591,231750.910018921,47400.8822402954,16.2,20.5
"2238","HH","Canada","Women","1970-1979","High",533587.97089386,119709.527023315,37146.4286804199,22.4,31
"2239","HH","Canada","Women","1970-1979","Low",969686.809928894,190685.749702454,55739.7706604004,19.7,29.2
"2240","HH","Canada","Women","1970-1979",NA,371253.24382782,47244.8581542969,13838.509552002,12.7,29.3
"2241","HH","Czechia","Men","1920-1929","High",0,0,0,NA,NA
"2242","HH","Czechia","Men","1920-1929","Low",0,0,0,NA,NA
"2243","HH","Czechia","Men","1930-1939","High",0,0,0,NA,NA
"2244","HH","Czechia","Men","1930-1939","Low",0,0,0,NA,NA
"2245","HH","Czechia","Men","1940-1949","High",0,0,0,NA,NA
"2246","HH","Czechia","Men","1940-1949","Low",0,0,0,NA,NA
"2247","HH","Czechia","Men","1950-1959","High",0,0,0,NA,NA
"2248","HH","Czechia","Men","1950-1959","Low",0,0,0,NA,NA
"2249","HH","Czechia","Men","1950-1959",NA,0,NA,NA,NA,NA
"2250","HH","Czechia","Men","1960-1969","High",0,0,0,NA,NA
"2251","HH","Czechia","Men","1960-1969","Low",0,0,0,NA,NA
"2252","HH","Czechia","Men","1970-1979","High",0,NA,NA,NA,NA
"2253","HH","Czechia","Men","1970-1979","Low",0,0,0,NA,NA
"2254","HH","Czechia","Women","1920-1929","High",0,0,0,NA,NA
"2255","HH","Czechia","Women","1920-1929","Low",0,0,0,NA,NA
"2256","HH","Czechia","Women","1920-1929",NA,0,NA,NA,NA,NA
"2257","HH","Czechia","Women","1930-1939","High",0,0,0,NA,NA
"2258","HH","Czechia","Women","1930-1939","Low",0,0,0,NA,NA
"2259","HH","Czechia","Women","1930-1939",NA,0,NA,NA,NA,NA
"2260","HH","Czechia","Women","1940-1949","High",0,0,0,NA,NA
"2261","HH","Czechia","Women","1940-1949","Low",0,0,0,NA,NA
"2262","HH","Czechia","Women","1950-1959","High",0,0,0,NA,NA
"2263","HH","Czechia","Women","1950-1959","Low",0,0,0,NA,NA
"2264","HH","Czechia","Women","1950-1959",NA,0,0,0,NA,NA
"2265","HH","Czechia","Women","1960-1969","High",0,0,0,NA,NA
"2266","HH","Czechia","Women","1960-1969","Low",0,0,0,NA,NA
"2267","HH","Czechia","Women","1970-1979","High",0,0,NA,NA,NA
"2268","HH","Czechia","Women","1970-1979","Low",0,0,NA,NA,NA
"2269","HH","Estonia","Men","1920-1929","High",66.8362296819687,6.5914546251297,NA,9.9,NA
"2270","HH","Estonia","Men","1920-1929","Low",68.1291955709457,9.11184763908386,NA,13.4,NA
"2271","HH","Estonia","Men","1930-1939","High",217.153564572334,18.5536979436874,5.25903785228729,8.5,28.3
"2272","HH","Estonia","Men","1930-1939","Low",202.805504918098,28.5009309053421,4.24127244949341,14.1,14.9
"2273","HH","Estonia","Men","1940-1949","High",292.44610452652,16.9825093746185,4.78618597984314,5.8,28.2
"2274","HH","Estonia","Men","1940-1949","Low",253.08007144928,35.8934119939804,10.4158700704575,14.2,29
"2275","HH","Estonia","Men","1950-1959","High",395.637612342834,37.0399479866028,7.98949027061462,9.4,21.6
"2276","HH","Estonia","Men","1950-1959","Low",282.222552895546,35.7127814292908,14.0796188116074,12.7,39.4
"2277","HH","Estonia","Men","1960-1969","High",264.685028672218,50.4792884588242,14.659449338913,19.1,29
"2278","HH","Estonia","Men","1960-1969","Low",422.389352917671,55.5652517080307,26.3767956495285,13.2,47.5
"2279","HH","Estonia","Men","1970-1979","Low",22.4942376613617,2.64638090133667,2.64638090133667,11.8,100
"2280","HH","Estonia","Women","1920-1929","High",168.031271278858,22.1301937103271,6.0280886888504,13.2,27.2
"2281","HH","Estonia","Women","1920-1929","Low",145.304066479206,24.8546806573868,5.36736834049225,17.1,21.6
"2282","HH","Estonia","Women","1930-1939","High",375.596645951271,37.4726343750954,12.5361085534096,10,33.5
"2283","HH","Estonia","Women","1930-1939","Low",297.110433518887,24.3385605812073,5.70977860689163,8.2,23.5
"2284","HH","Estonia","Women","1940-1949","High",390.556192040443,28.4262456893921,10.3113572597504,7.3,36.3
"2285","HH","Estonia","Women","1940-1949","Low",294.757943630219,23.6521494984627,7.00616484880447,8,29.6
"2286","HH","Estonia","Women","1950-1959","High",417.152115702629,26.9131988286972,8.63820064067841,6.5,32.1
"2287","HH","Estonia","Women","1950-1959","Low",393.330149173737,24.6424744129181,7.63061594963074,6.3,31
"2288","HH","Estonia","Women","1960-1969","High",400.162758708,33.7786608338356,18.6179647445679,8.4,55.1
"2289","HH","Estonia","Women","1960-1969","Low",351.351299583912,24.1607139110565,9.50548046827316,6.9,39.3
"2290","HH","Estonia","Women","1970-1979","High",3.18946504592896,0.797366261482239,0.797366261482239,25,100
"2291","HH","Estonia","Women","1970-1979","Low",16.744691491127,3.18946504592896,1.59473252296448,19,50
"2292","HH","France","Men","1920-1929","High",393127.848327637,71521.4128417969,26555.0535888672,18.2,37.1
"2293","HH","France","Men","1920-1929","Low",290356.040893555,54271.4262695312,5285.224609375,18.7,9.7
"2294","HH","France","Men","1920-1929",NA,11114.6022949219,NA,NA,NA,NA
"2295","HH","France","Men","1930-1939","High",1153172.57763672,106048.463134766,38995.1311035156,9.2,36.8
"2296","HH","France","Men","1930-1939","Low",917730.326965332,125556.553955078,57327.0676269531,13.7,45.7
"2297","HH","France","Men","1930-1939",NA,77066.8884277344,3366.13012695312,3366.13012695312,4.4,100
"2298","HH","France","Men","1940-1949","High",2034288.01318359,261181.283813477,99633.1110839844,12.8,38.1
"2299","HH","France","Men","1940-1949","Low",1572193.93945312,216306.779296875,75407.0318603516,13.8,34.9
"2300","HH","France","Men","1940-1949",NA,90118.4008789062,NA,NA,NA,NA
"2301","HH","France","Men","1950-1959","High",1744646.08178711,275980.634887695,71897.0435791016,15.8,26.1
"2302","HH","France","Men","1950-1959","Low",1801234.57373047,234128.495483398,77509.1176757812,13,33.1
"2303","HH","France","Men","1950-1959",NA,35228.3186035156,3266.73217773438,NA,9.3,NA
"2304","HH","France","Men","1960-1969","High",2170796.0826416,468226.868896484,149880.620361328,21.6,32
"2305","HH","France","Men","1960-1969","Low",2021128.95593262,451140.607788086,181255.50012207,22.3,40.2
"2306","HH","France","Men","1960-1969",NA,37628.0080566406,16896.9167480469,10402.1437988281,44.9,61.6
"2307","HH","France","Men","1970-1979","High",97724.7849121094,35290.0217285156,3473.00317382812,36.1,9.8
"2308","HH","France","Men","1970-1979","Low",376499.149047852,94946.2421875,37140.1115722656,25.2,39.1
"2309","HH","France","Women","1920-1929","High",497870.144897461,101473.28125,32131.888671875,20.4,31.7
"2310","HH","France","Women","1920-1929","Low",418932.992675781,75465.732421875,21272.8173828125,18,28.2
"2311","HH","France","Women","1920-1929",NA,14143.4138183594,3429.90844726562,3429.90844726562,24.3,100
"2312","HH","France","Women","1930-1939","High",1462744.54980469,176587.460327148,59600.9663085938,12.1,33.8
"2313","HH","France","Women","1930-1939","Low",1140687.61340332,117250.637573242,39225.0397949219,10.3,33.5
"2314","HH","France","Women","1930-1939",NA,64618.1411132812,NA,NA,NA,NA
"2315","HH","France","Women","1940-1949","High",1775199.20806885,260739.69128418,72258.1721191406,14.7,27.7
"2316","HH","France","Women","1940-1949","Low",1474613.70599365,129077.802001953,41549.8477783203,8.8,32.2
"2317","HH","France","Women","1940-1949",NA,43721.6088867188,NA,NA,NA,NA
"2318","HH","France","Women","1950-1959","High",2194849.17456055,265607.131103516,64296.2103271484,12.1,24.2
"2319","HH","France","Women","1950-1959","Low",2122791.68200684,208763.688049316,82080.309387207,9.8,39.3
"2320","HH","France","Women","1950-1959",NA,21378.353515625,NA,NA,NA,NA
"2321","HH","France","Women","1960-1969","High",2066995.20404053,345017.254638672,104013.069580078,16.7,30.1
"2322","HH","France","Women","1960-1969","Low",2298362.58258057,216157.864135742,65685.1264648438,9.4,30.4
"2323","HH","France","Women","1960-1969",NA,30990.2565917969,4485.26953125,NA,14.5,NA
"2324","HH","France","Women","1970-1979","High",50954.7866210938,3284.79028320312,3284.79028320312,6.4,100
"2325","HH","France","Women","1970-1979","Low",365693.838256836,52188.1555175781,29228.5375976562,14.3,56
"2326","HH","France","Women","1970-1979",NA,3527.3583984375,NA,NA,NA,NA
"2327","HH","Georgia","Men","1920-1929","High",36.6597276926041,1.76418226957321,NA,4.8,NA
"2328","HH","Georgia","Men","1920-1929","Low",34.9967611432076,NA,NA,NA,NA
"2329","HH","Georgia","Men","1920-1929",NA,48.4446204304695,3.02110588550568,1.97717618942261,6.2,65.4
"2330","HH","Georgia","Men","1930-1939","High",154.83999890089,13.2815070152283,5.51832294464111,8.6,41.5
"2331","HH","Georgia","Men","1930-1939","Low",153.661260247231,3.02110588550568,1.04392969608307,2,34.6
"2332","HH","Georgia","Men","1930-1939",NA,185.508282899857,11.860414147377,7.04377490282059,6.4,59.4
"2333","HH","Georgia","Men","1940-1949","High",208.085497140884,9.61222475767136,2.87714648246765,4.6,29.9
"2334","HH","Georgia","Men","1940-1949","Low",182.674438774586,9.73377954959869,3.74774956703186,5.3,38.5
"2335","HH","Georgia","Men","1940-1949",NA,67.2287623286247,7.91455924510956,0.988588094711304,11.8,12.5
"2336","HH","Georgia","Men","1950-1959","High",416.566148519516,36.9907174110413,29.099117398262,8.9,78.7
"2337","HH","Georgia","Men","1950-1959","Low",306.986949265003,17.7380607128143,9.0565270781517,5.8,51.1
"2338","HH","Georgia","Men","1950-1959",NA,38.8920818567276,2.02496671676636,1.03637862205505,5.2,51.2
"2339","HH","Georgia","Men","1960-1969","High",514.531567394733,83.3151389956474,60.329463839531,16.2,72.4
"2340","HH","Georgia","Men","1960-1969","Low",456.844337940216,49.981897175312,35.9296125769615,10.9,71.9
"2341","HH","Georgia","Men","1960-1969",NA,40.0440319776535,11.0466293692589,8.26999324560165,27.6,74.9
"2342","HH","Georgia","Men","1970-1979","High",25.4508457779884,12.7009082436562,9.53736567497253,49.9,75.1
"2343","HH","Georgia","Men","1970-1979","Low",95.7030838727951,28.0901260375977,19.4993463754654,29.4,69.4
"2344","HH","Georgia","Men","1970-1979",NA,3.10688972473145,NA,NA,NA,NA
"2345","HH","Georgia","Women","1920-1929","High",55.9889280796051,11.722011744976,6.38824409246445,20.9,54.5
"2346","HH","Georgia","Women","1920-1929","Low",47.7624838352203,9.8111897110939,7.18165802955627,20.5,73.2
"2347","HH","Georgia","Women","1920-1929",NA,91.6423082947731,11.6399055719376,7.16974014043808,12.7,61.6
"2348","HH","Georgia","Women","1930-1939","High",205.343659996986,33.4281696081161,22.4273985624313,16.3,67.1
"2349","HH","Georgia","Women","1930-1939","Low",197.177649140358,20.886910378933,8.78862833976746,10.6,42.1
"2350","HH","Georgia","Women","1930-1939",NA,247.189857602119,24.4009720683098,13.782035946846,9.9,56.5
"2351","HH","Georgia","Women","1940-1949","High",286.995680570602,41.3131718039513,30.4525483250618,14.4,73.7
"2352","HH","Georgia","Women","1940-1949","Low",241.002857387066,25.2490518093109,14.5050840377808,10.5,57.4
"2353","HH","Georgia","Women","1940-1949",NA,112.1469835639,12.0091381669044,6.85189419984818,10.7,57.1
"2354","HH","Georgia","Women","1950-1959","High",467.488685071468,44.528393805027,31.9820410609245,9.5,71.8
"2355","HH","Georgia","Women","1950-1959","Low",362.40124964714,38.0812175869942,26.3443523049355,10.5,69.2
"2356","HH","Georgia","Women","1950-1959",NA,72.4291791915894,6.90931171178818,3.61901819705963,9.5,52.4
"2357","HH","Georgia","Women","1960-1969","High",673.909622788429,113.482650697231,91.7634429931641,16.8,80.9
"2358","HH","Georgia","Women","1960-1969","Low",429.387718379498,37.8180606365204,27.1976882219315,8.8,71.9
"2359","HH","Georgia","Women","1960-1969",NA,55.7841131687164,5.21072781085968,5.21072781085968,9.3,100
"2360","HH","Georgia","Women","1970-1979","High",18.1629574894905,1.99115771055222,NA,11,NA
"2361","HH","Georgia","Women","1970-1979","Low",146.399229228497,21.9318442940712,15.76935338974,15,71.9
"2362","HH","Georgia","Women","1970-1979",NA,15.9489004015923,NA,NA,NA,NA
"2363","HH","Germany","Men","1920-1929","High",77.4259997978806,15.3179998993874,3.37200000882149,19.8,22
"2364","HH","Germany","Men","1920-1929","Low",75.5780003368855,18.0310001075268,8.25200003385544,23.9,45.8
"2365","HH","Germany","Men","1920-1929",NA,2.37799996137619,NA,NA,NA,NA
"2366","HH","Germany","Men","1930-1939","High",281.557000428438,60.6050002276897,10.8000000119209,21.5,17.8
"2367","HH","Germany","Men","1930-1939","Low",309.990999758244,69.8699997365475,21.2369997501373,22.5,30.4
"2368","HH","Germany","Men","1930-1939",NA,5.90400004386902,3.17700004577637,NA,53.8,NA
"2369","HH","Germany","Men","1940-1949","High",385.66999964416,82.7709997594357,19.7139998674393,21.5,23.8
"2370","HH","Germany","Men","1940-1949","Low",373.559001028538,93.029000416398,26.1980001032352,24.9,28.2
"2371","HH","Germany","Men","1940-1949",NA,5.11199992895126,0.791999995708466,NA,15.5,NA
"2372","HH","Germany","Men","1950-1959","High",424.202998071909,91.1529997289181,30.5530000030994,21.5,33.5
"2373","HH","Germany","Men","1950-1959","Low",469.491000056267,112.235999286175,37.0279994904995,23.9,33
"2374","HH","Germany","Men","1950-1959",NA,2.81199988722801,NA,NA,NA,NA
"2375","HH","Germany","Men","1960-1969","High",612.215001836419,248.041000932455,117.163000404835,40.5,47.2
"2376","HH","Germany","Men","1960-1969","Low",493.961000114679,137.947999805212,71.7939999401569,27.9,52
"2377","HH","Germany","Men","1960-1969",NA,30.5390000343323,15.6839999556541,11.6269999146461,51.4,74.1
"2378","HH","Germany","Men","1970-1979","High",7.03199988603592,5.15899991989136,2.56099998950958,73.4,49.6
"2379","HH","Germany","Men","1970-1979","Low",44.2300000190735,17.1979998350143,6.24800002574921,38.9,36.3
"2380","HH","Germany","Men","1970-1979",NA,2338.93433895707,849.885299764574,332.152783334255,36.3,39.1
"2381","HH","Germany","Women","1920-1929","High",150.082999698818,55.9060000106692,31.9250001013279,37.3,57.1
"2382","HH","Germany","Women","1920-1929","Low",105.279999434948,22.117999881506,16.964999884367,21,76.7
"2383","HH","Germany","Women","1920-1929",NA,4.52400004863739,NA,NA,NA,NA
"2384","HH","Germany","Women","1930-1939","High",400.630000278354,76.2230004072189,27.0790003836155,19,35.5
"2385","HH","Germany","Women","1930-1939","Low",290.817999124527,71.8439995348454,29.0869995951653,24.7,40.5
"2386","HH","Germany","Women","1930-1939",NA,14.7079998850822,4.93399995565414,3.14399996399879,33.5,63.7
"2387","HH","Germany","Women","1940-1949","High",347.977999284863,79.2609997987747,10.7290000319481,22.8,13.5
"2388","HH","Germany","Women","1940-1949","Low",423.642999500036,76.4910000115633,14.8109999448061,18.1,19.4
"2389","HH","Germany","Women","1940-1949",NA,2.77699998021126,0.266000002622604,NA,9.6,NA
"2390","HH","Germany","Women","1950-1959","High",432.519000381231,56.1270002424717,14.7929999232292,13,26.4
"2391","HH","Germany","Women","1950-1959","Low",448.059000208974,71.9930000901222,16.4889999628067,16.1,22.9
"2392","HH","Germany","Women","1950-1959",NA,11.5080000460148,4.80300003290176,NA,41.7,NA
"2393","HH","Germany","Women","1960-1969","High",553.009000986814,102.734000265598,39.8120000362396,18.6,38.8
"2394","HH","Germany","Women","1960-1969","Low",503.138999819756,63.734000056982,17.2049998342991,12.7,27
"2395","HH","Germany","Women","1960-1969",NA,14.0990000963211,3.0160000026226,3.0160000026226,21.4,100
"2396","HH","Germany","Women","1970-1979","High",8.97100013494492,2.07500004768372,2.07500004768372,23.1,100
"2397","HH","Germany","Women","1970-1979","Low",43.9059998989105,11.2509999275208,3.69900000095367,25.6,32.9
"2398","HH","Germany","Women","1970-1979",NA,2294.69846858084,585.179474577308,176.220590978861,25.5,30.1
"2399","HH","Hungary","Men","1920-1929","High",88.7309727668762,9.73663365840912,NA,11,NA
"2400","HH","Hungary","Men","1920-1929","Low",93.4776817560196,11.7238982915878,2.02198219299316,12.5,17.2
"2401","HH","Hungary","Men","1920-1929",NA,1.0745564699173,NA,NA,NA,NA
"2402","HH","Hungary","Men","1930-1939","High",348.706704348326,33.163358092308,3.18092334270477,9.5,9.6
"2403","HH","Hungary","Men","1930-1939","Low",323.017573595047,45.1233677864075,15.4954484701157,14,34.3
"2404","HH","Hungary","Men","1930-1939",NA,7.06628227233887,NA,NA,NA,NA
"2405","HH","Hungary","Men","1940-1949","High",521.862401336432,55.07490670681,11.011375784874,10.6,20
"2406","HH","Hungary","Men","1940-1949","Low",501.065806686878,70.3034577965736,21.9877897500992,14,31.3
"2407","HH","Hungary","Men","1940-1949",NA,1.93254417181015,NA,NA,NA,NA
"2408","HH","Hungary","Men","1950-1959","High",701.751883685589,83.5766422748566,41.1569088697433,11.9,49.2
"2409","HH","Hungary","Men","1950-1959","Low",603.284303069115,96.9417426586151,54.3561955094337,16.1,56.1
"2410","HH","Hungary","Men","1960-1969","High",624.172380924225,151.884377300739,73.0700504779816,24.3,48.1
"2411","HH","Hungary","Men","1960-1969","Low",505.035016000271,114.722080469131,67.8829975128174,22.7,59.2
"2412","HH","Hungary","Men","1970-1979","High",0.851294040679932,NA,NA,NA,NA
"2413","HH","Hungary","Men","1970-1979","Low",4.47778284549713,NA,NA,NA,NA
"2414","HH","Hungary","Women","1920-1929","High",181.676569133997,27.472141623497,5.90536397695541,15.1,21.5
"2415","HH","Hungary","Women","1920-1929","Low",167.785971522331,32.6757235527039,6.99729532003403,19.5,21.4
"2416","HH","Hungary","Women","1920-1929",NA,2.0241219997406,NA,NA,NA,NA
"2417","HH","Hungary","Women","1930-1939","High",501.858617693186,61.0751355290413,15.3499358296394,12.2,25.1
"2418","HH","Hungary","Women","1930-1939","Low",542.195304870605,53.6875286698341,10.4623804092407,9.9,19.5
"2419","HH","Hungary","Women","1930-1939",NA,6.92337888479233,NA,NA,NA,NA
"2420","HH","Hungary","Women","1940-1949","High",666.892656862736,78.5538405179977,29.2887037396431,11.8,37.3
"2421","HH","Hungary","Women","1940-1949","Low",592.199298202991,51.8019250631332,7.66558253765106,8.7,14.8
"2422","HH","Hungary","Women","1940-1949",NA,8.77953916788101,1.72206151485443,1.72206151485443,19.6,100
"2423","HH","Hungary","Women","1950-1959","High",805.71442386508,76.3105030655861,24.3397891521454,9.5,31.9
"2424","HH","Hungary","Women","1950-1959","Low",668.689921289682,51.4719389677048,15.0129724740982,7.7,29.2
"2425","HH","Hungary","Women","1950-1959",NA,9.26161932945251,1.01867938041687,NA,11,NA
"2426","HH","Hungary","Women","1960-1969","High",575.093450605869,60.9507127404213,24.8552273511887,10.6,40.8
"2427","HH","Hungary","Women","1960-1969","Low",607.982316970825,51.5424121618271,20.9154236316681,8.5,40.6
"2428","HH","Hungary","Women","1970-1979","High",1.99710559844971,NA,NA,NA,NA
"2429","HH","Kazakhstan","Men","1930-1939","High",15.4571528434753,NA,NA,NA,NA
"2430","HH","Kazakhstan","Men","1930-1939","Low",10.3047685623169,3.86428821086884,2.57619214057922,37.5,66.7
"2431","HH","Kazakhstan","Men","1940-1949","High",126.921809196472,25.4413201808929,12.3011211156845,20,48.4
"2432","HH","Kazakhstan","Men","1940-1949","Low",135.187686562538,26.761109650135,15.1362229585648,19.8,56.6
"2433","HH","Kazakhstan","Men","1950-1959","High",339.793560504913,54.7005743980408,34.3208956718445,16.1,62.7
"2434","HH","Kazakhstan","Men","1950-1959","Low",258.102426052094,38.6644878387451,25.0210247039795,15,64.7
"2435","HH","Kazakhstan","Men","1960-1969","High",648.294085979462,106.353508472443,67.3153095245361,16.4,63.3
"2436","HH","Kazakhstan","Men","1960-1969","Low",489.317846775055,69.7577633857727,36.5671520233154,14.3,52.4
"2437","HH","Kazakhstan","Men","1970-1979","High",701.68137216568,132.008301734924,86.8465919494629,18.8,65.8
"2438","HH","Kazakhstan","Men","1970-1979","Low",635.405757427216,131.458621025085,75.0541911125183,20.7,57.1
"2439","HH","Kazakhstan","Men","1980-1989","High",96.482271194458,19.9618492126465,12.1989078521729,20.7,61.1
"2440","HH","Kazakhstan","Men","1980-1989","Low",385.929084777832,72.0844554901123,47.6866397857666,18.7,66.2
"2441","HH","Kazakhstan","Women","1920-1929","High",0,0,NA,NA,NA
"2442","HH","Kazakhstan","Women","1930-1939","High",34.5865679979324,6.92238426208496,3.46119213104248,20,50
"2443","HH","Kazakhstan","Women","1930-1939","Low",14.7100665569305,5.19178819656372,5.19178819656372,35.3,100
"2444","HH","Kazakhstan","Women","1940-1949","High",267.473312616348,58.8702675700188,40.2276095747948,22,68.3
"2445","HH","Kazakhstan","Women","1940-1949","Low",234.442914843559,47.29216837883,34.705195248127,20.2,73.4
"2446","HH","Kazakhstan","Women","1950-1959","High",488.771031588316,88.8300573527813,61.7867477536201,18.2,69.6
"2447","HH","Kazakhstan","Women","1950-1959","Low",340.854600995779,49.9697404801846,37.8709462285042,14.7,75.8
"2448","HH","Kazakhstan","Women","1960-1969","High",737.135393857956,129.909682273865,101.329542994499,17.6,78
"2449","HH","Kazakhstan","Women","1960-1969","Low",597.2676166296,87.5411958694458,59.2907463312149,14.7,67.7
"2450","HH","Kazakhstan","Women","1970-1979","High",742.666420340538,131.247984707355,93.0498782992363,17.7,70.9
"2451","HH","Kazakhstan","Women","1970-1979","Low",622.783542454243,82.8041989803314,60.040206193924,13.3,72.5
"2452","HH","Kazakhstan","Women","1980-1989","High",88.3997001647949,14.9963777065277,12.6285285949707,17,84.2
"2453","HH","Kazakhstan","Women","1980-1989","Low",441.209217786789,55.2498126029968,38.6748688220978,12.5,70
"2454","HH","Lithuania","Men","1920-1929","High",25.0339403748512,4.85141798853874,2.72209793329239,19.4,56.1
"2455","HH","Lithuania","Men","1920-1929","Low",15.239068120718,4.42555397748947,3.14796194434166,29,71.1
"2456","HH","Lithuania","Men","1920-1929",NA,49.5884597301483,14.1840279102325,6.24028593301773,28.6,44
"2457","HH","Lithuania","Men","1930-1939","High",223.911856144667,33.7433225512505,10.6900948882103,15.1,31.7
"2458","HH","Lithuania","Men","1930-1939","Low",133.405598163605,24.319156318903,7.56089913845062,18.2,31.1
"2459","HH","Lithuania","Men","1930-1939",NA,137.979916602373,33.9812380969524,18.8730370104313,24.6,55.5
"2460","HH","Lithuania","Men","1940-1949","High",273.750645041466,36.8727519512177,17.5873759388924,13.5,47.7
"2461","HH","Lithuania","Men","1940-1949","Low",249.157893657684,40.3429244160652,11.2988098859787,16.2,28
"2462","HH","Lithuania","Men","1940-1949",NA,36.0975485444069,8.81714582443237,0.904048979282379,24.4,10.3
"2463","HH","Lithuania","Men","1950-1959","High",409.634643435478,48.4842330217361,26.4316234588623,11.8,54.5
"2464","HH","Lithuania","Men","1950-1959","Low",288.374600470066,53.1079643964767,24.0970687270164,18.4,45.4
"2465","HH","Lithuania","Men","1950-1959",NA,3.49341893196106,1.21933197975159,1.21933197975159,34.9,100
"2466","HH","Lithuania","Men","1960-1969","High",525.179352343082,76.8871079683304,38.5474420785904,14.6,50.1
"2467","HH","Lithuania","Men","1960-1969","Low",429.140933036804,58.6165628433228,32.3048115372658,13.7,55.1
"2468","HH","Lithuania","Men","1960-1969",NA,2.46974611282349,1.23487305641174,1.23487305641174,50,100
"2469","HH","Lithuania","Men","1970-1979","High",12.9112199544907,2.42501997947693,NA,18.8,NA
"2470","HH","Lithuania","Men","1970-1979","Low",139.300417542458,32.1780601739883,20.6925451755524,23.1,64.3
"2471","HH","Lithuania","Women","1920-1929","High",38.7402376532555,13.6324288845062,8.29258793592453,35.2,60.8
"2472","HH","Lithuania","Women","1920-1929","Low",28.8562537431717,11.0152899622917,8.62819600105286,38.2,78.3
"2473","HH","Lithuania","Women","1920-1929",NA,83.8948660492897,22.7017960548401,11.916551053524,27.1,52.5
"2474","HH","Lithuania","Women","1930-1939","High",311.646038234234,62.1571273803711,29.7322797179222,19.9,47.8
"2475","HH","Lithuania","Women","1930-1939","Low",231.216821074486,35.3854503035545,22.383718252182,15.3,63.3
"2476","HH","Lithuania","Women","1930-1939",NA,262.533414006233,62.5883045196533,33.977988421917,23.8,54.3
"2477","HH","Lithuania","Women","1940-1949","High",442.652902007103,57.3873362541199,29.4972089529037,13,51.4
"2478","HH","Lithuania","Women","1940-1949","Low",340.803666710854,52.8303725719452,30.2388627529144,15.5,57.2
"2479","HH","Lithuania","Women","1940-1949",NA,43.7620562314987,6.45419788360596,2.93104493618011,14.7,45.4
"2480","HH","Lithuania","Women","1950-1959","High",371.263972580433,54.0777881741524,31.8854131102562,14.6,59
"2481","HH","Lithuania","Women","1950-1959","Low",350.521414756775,48.8656406402588,22.3140052556992,13.9,45.7
"2482","HH","Lithuania","Women","1950-1959",NA,2.90947508811951,0.755604028701782,0.755604028701782,26,100
"2483","HH","Lithuania","Women","1960-1969","High",547.785066127777,62.0453554987907,39.1800650954247,11.3,63.1
"2484","HH","Lithuania","Women","1960-1969","Low",358.508133530617,26.7843655943871,15.5274416804314,7.5,58
"2485","HH","Lithuania","Women","1960-1969",NA,1.71226799488068,NA,NA,NA,NA
"2486","HH","Lithuania","Women","1970-1979","High",11.8860317468643,1.83037996292114,1.83037996292114,15.4,100
"2487","HH","Lithuania","Women","1970-1979","Low",124.567311406136,18.6233775615692,12.2170476913452,15,65.6
"2488","HH","Moldova","Men","1940-1949","High",96.8037706017494,5.46505725383759,1.79394125938416,5.6,32.8
"2489","HH","Moldova","Men","1940-1949","Low",87.1314570307732,7.42546546459198,3.71273273229599,8.5,50
"2490","HH","Moldova","Men","1940-1949",NA,2.85737884044647,0.490102052688599,NA,17.2,NA
"2491","HH","Moldova","Men","1950-1959","High",347.518553674221,32.1506512761116,17.7845676541328,9.3,55.3
"2492","HH","Moldova","Men","1950-1959","Low",267.211547195911,20.5842527747154,8.66297644376755,7.7,42.1
"2493","HH","Moldova","Men","1950-1959",NA,1.36739361286163,0.683696806430817,0.683696806430817,50,100
"2494","HH","Moldova","Men","1960-1969","High",378.415499210358,43.7107949256897,20.3708803653717,11.6,46.6
"2495","HH","Moldova","Men","1960-1969","Low",337.004521012306,37.395421564579,18.536272585392,11.1,49.6
"2496","HH","Moldova","Men","1960-1969",NA,3.55336171388626,1.61524266004562,NA,45.5,NA
"2497","HH","Moldova","Men","1970-1979","High",483.010458827019,95.0306745767593,54.09829890728,19.7,56.9
"2498","HH","Moldova","Men","1970-1979","Low",334.392031550407,51.8378474712372,25.0831261873245,15.5,48.4
"2499","HH","Moldova","Men","1970-1979",NA,5.55329048633575,NA,NA,NA,NA
"2500","HH","Moldova","Men","1980-1989","High",179.002802371979,44.6675350666046,22.4169330596924,25,50.2
"2501","HH","Moldova","Men","1980-1989","Low",422.799874305725,108.885939121246,53.1762685775757,25.8,48.8
"2502","HH","Moldova","Men","1980-1989",NA,1.86807775497437,1.86807775497437,1.86807775497437,100,100
"2503","HH","Moldova","Women","1940-1949","High",163.886491507292,18.0933200716972,10.492907255888,11,58
"2504","HH","Moldova","Women","1940-1949","Low",157.95790886879,18.7174986600876,14.8544936478138,11.8,79.4
"2505","HH","Moldova","Women","1940-1949",NA,5.67462149262428,1.45005467534065,1.45005467534065,25.6,100
"2506","HH","Moldova","Women","1950-1959","High",462.164939194918,32.7627811133862,13.399472206831,7.1,40.9
"2507","HH","Moldova","Women","1950-1959","Low",370.286127984524,35.1147260665894,21.7283690273762,9.5,61.9
"2508","HH","Moldova","Women","1950-1959",NA,3.68665012717247,1.17444205284119,0.587221026420593,31.9,50
"2509","HH","Moldova","Women","1960-1969","High",505.110839009285,37.877592086792,15.5619609355927,7.5,41.1
"2510","HH","Moldova","Women","1960-1969","Low",364.360677301884,22.5923850536346,8.19988805055618,6.2,36.3
"2511","HH","Moldova","Women","1960-1969",NA,3.25651615858078,0.795427203178406,0.795427203178406,24.4,100
"2512","HH","Moldova","Women","1970-1979","High",524.849837183952,40.9429497718811,14.1469359993935,7.8,34.6
"2513","HH","Moldova","Women","1970-1979","Low",338.716471374035,24.1982173919678,8.22351062297821,7.1,34
"2514","HH","Moldova","Women","1970-1979",NA,2.12312304973602,1.01673126220703,1.01673126220703,47.9,100
"2515","HH","Moldova","Women","1980-1989","High",191.429679632187,17.7106798887253,10.4463038444519,9.3,59
"2516","HH","Moldova","Women","1980-1989","Low",378.631252169609,28.2256075143814,6.29523181915283,7.5,22.3
"2517","HH","Moldova","Women","1980-1989",NA,1.03776800632477,NA,NA,NA,NA
"2518","HH","Netherlands","Men","1930-1939","High",109.154967486858,9.33646368980408,2.40821743011475,8.6,25.8
"2519","HH","Netherlands","Men","1930-1939","Low",98.1912513375282,10.690677523613,NA,10.9,NA
"2520","HH","Netherlands","Men","1930-1939",NA,42.1853017807007,5.7489458322525,3.47830545902252,13.6,60.5
"2521","HH","Netherlands","Men","1940-1949","High",713.767080210149,109.259016424417,29.1288983225822,15.3,26.7
"2522","HH","Netherlands","Men","1940-1949","Low",730.244977485971,120.879821181297,41.7930604219437,16.6,34.6
"2523","HH","Netherlands","Men","1940-1949",NA,78.2615661025047,10.177410364151,2.31115508079529,13,22.7
"2524","HH","Netherlands","Men","1950-1959","High",960.047193535836,193.012978255749,56.2194302082062,20.1,29.1
"2525","HH","Netherlands","Men","1950-1959","Low",858.009972123313,175.347227316932,44.6907253265381,20.4,25.5
"2526","HH","Netherlands","Men","1950-1959",NA,45.8117212057114,2.91742962598801,2.07250797748566,6.4,71
"2527","HH","Netherlands","Men","1960-1969","High",913.249669765937,254.81074988842,76.8543784022331,27.9,30.2
"2528","HH","Netherlands","Men","1960-1969","Low",1012.48255406553,295.486249488429,115.853798508644,29.2,39.2
"2529","HH","Netherlands","Men","1960-1969",NA,45.8490455150604,18.0041334629059,9.29079151153564,39.3,51.6
"2530","HH","Netherlands","Men","1970-1979","High",442.133850872517,124.56097817421,31.5463066101074,28.2,25.3
"2531","HH","Netherlands","Men","1970-1979","Low",302.808257043362,95.0225383639336,34.7479087114334,31.4,36.6
"2532","HH","Netherlands","Men","1970-1979",NA,32.7578179836273,14.9716865420341,7.4173874258995,45.7,49.5
"2533","HH","Netherlands","Women","1930-1939","High",125.232571750879,24.6280835568905,12.0082873106003,19.7,48.8
"2534","HH","Netherlands","Women","1930-1939","Low",108.272079378366,5.33193054795265,1.38180285692215,4.9,25.9
"2535","HH","Netherlands","Women","1930-1939",NA,62.9331459701061,4.23232039809227,1.72916740179062,6.7,40.9
"2536","HH","Netherlands","Women","1940-1949","High",767.605437001097,121.020049631596,37.5596039295197,15.8,31
"2537","HH","Netherlands","Women","1940-1949","Low",665.581588887842,49.6362767635146,17.5064920006553,7.5,35.3
"2538","HH","Netherlands","Women","1940-1949",NA,90.0271646976471,9.32305872440338,4.33558940887451,10.4,46.5
"2539","HH","Netherlands","Women","1950-1959","High",990.04199144314,194.674733918742,31.4012508392334,19.7,16.1
"2540","HH","Netherlands","Women","1950-1959","Low",768.140519099776,105.853875268833,17.9078018665314,13.8,16.9
"2541","HH","Netherlands","Women","1950-1959",NA,82.8034358620644,11.3278884291649,1.73188602924347,13.7,15.3
"2542","HH","Netherlands","Women","1960-1969","High",963.932007448399,237.315482199192,49.8798085451126,24.6,21
"2543","HH","Netherlands","Women","1960-1969","Low",895.534645743901,145.96079077688,39.3477725982666,16.3,27
"2544","HH","Netherlands","Women","1960-1969",NA,42.5091800689697,6.4283777475357,1.38984942436218,15.1,21.6
"2545","HH","Netherlands","Women","1970-1979","High",475.117273807526,111.644971132278,25.9584410190582,23.5,23.3
"2546","HH","Netherlands","Women","1970-1979","Low",257.432530045509,44.9253729581833,11.1187099218369,17.5,24.7
"2547","HH","Netherlands","Women","1970-1979",NA,36.2506253123283,9.29517769813538,1.31118476390839,25.6,14.1
"2548","HH","Norway","Men","1920-1929","High",3.45361396670341,0.960078001022339,0.960078001022339,27.8,100
"2549","HH","Norway","Men","1920-1929","Low",1.1512046456337,NA,NA,NA,NA
"2550","HH","Norway","Men","1920-1929",NA,137.126696363091,16.4457806348801,4.82261404395103,12,29.3
"2551","HH","Norway","Men","1930-1939","High",35.2473076879978,3.1913703083992,1.5156786441803,9.1,47.5
"2552","HH","Norway","Men","1930-1939","Low",38.1275419741869,3.07136064767838,NA,8.1,NA
"2553","HH","Norway","Men","1930-1939",NA,603.075659245253,83.9357074350119,34.9761743545532,13.9,41.7
"2554","HH","Norway","Men","1940-1949","High",192.491192743182,29.1623691618443,7.45838360488415,15.1,25.6
"2555","HH","Norway","Men","1940-1949","Low",191.073300227523,12.7921504676342,5.12041601538658,6.7,40
"2556","HH","Norway","Men","1940-1949",NA,774.769604116678,93.3898083418608,23.7441511154175,12.1,25.4
"2557","HH","Norway","Men","1950-1959","High",537.496999561787,79.0464215278625,17.7881116271019,14.7,22.5
"2558","HH","Norway","Men","1950-1959","Low",591.590283811092,84.5579806268215,23.7885992527008,14.3,28.1
"2559","HH","Norway","Men","1950-1959",NA,248.175718218088,58.6092059612274,24.09973564744,23.6,41.1
"2560","HH","Norway","Men","1960-1969","High",581.385004848242,108.004328459501,24.3708684444427,18.6,22.6
"2561","HH","Norway","Men","1960-1969","Low",968.18531820178,164.320015221834,63.2718064188957,17,38.5
"2562","HH","Norway","Men","1960-1969",NA,19.5927026569843,5.02263021469116,1.88015270233154,25.6,37.4
"2563","HH","Norway","Men","1970-1979","High",72.2414237558842,19.9260629713535,6.40051990747452,27.6,32.1
"2564","HH","Norway","Men","1970-1979","Low",353.242028772831,84.1357233226299,26.9399662017822,23.8,32
"2565","HH","Norway","Men","1970-1979",NA,6.9650102853775,NA,NA,NA,NA
"2566","HH","Norway","Women","1920-1929","High",3.11580866575241,0.777840971946716,NA,25,NA
"2567","HH","Norway","Women","1920-1929","Low",4.41369181871414,NA,NA,NA,NA
"2568","HH","Norway","Women","1920-1929",NA,189.273154199123,45.5637013614178,17.8947868347168,24.1,39.3
"2569","HH","Norway","Women","1930-1939","High",51.2797218412161,8.04954290390015,1.92015606164932,15.7,23.9
"2570","HH","Norway","Women","1930-1939","Low",49.7284843176603,6.502750441432,2.04461050033569,13.1,31.4
"2571","HH","Norway","Women","1930-1939",NA,654.399829164147,74.9260870367289,21.663982257247,11.4,28.9
"2572","HH","Norway","Women","1940-1949","High",162.284294575453,23.6552550643682,6.01826673746109,14.6,25.4
"2573","HH","Norway","Women","1940-1949","Low",155.972670972347,24.3441998511553,6.40051990747452,15.6,26.3
"2574","HH","Norway","Women","1940-1949",NA,799.460499361157,73.7126546502113,17.1125013232231,9.2,23.2
"2575","HH","Norway","Women","1950-1959","High",517.410920038819,69.2722938805819,12.0009749084711,13.4,17.3
"2576","HH","Norway","Women","1950-1959","Low",579.144827112556,56.8712866455317,8.35623437166214,9.8,14.7
"2577","HH","Norway","Women","1950-1959",NA,282.867425918579,23.5663592219353,3.79141920804977,8.3,16.1
"2578","HH","Norway","Women","1960-1969","High",662.07600839436,82.3000194132328,26.7177263051271,12.4,32.5
"2579","HH","Norway","Women","1960-1969","Low",811.048110634089,87.1181886792183,12.4632348120213,10.7,14.3
"2580","HH","Norway","Women","1960-1969",NA,15.4634783267975,6.83166599273682,3.54250991344452,44.2,51.9
"2581","HH","Norway","Women","1970-1979","High",127.090325295925,18.9393167495728,5.52933824062347,14.9,29.2
"2582","HH","Norway","Women","1970-1979","Low",292.379306674004,32.0959407091141,12.2898873090744,11,38.3
"2583","HH","Norway","Women","1970-1979",NA,13.6988904178143,NA,NA,NA,NA
"2584","HH","Poland","Men","1920-1929","High",0,NA,NA,NA,NA
"2585","HH","Poland","Men","1930-1939","High",0,0,0,NA,NA
"2586","HH","Poland","Men","1930-1939","Low",0,0,0,NA,NA
"2587","HH","Poland","Men","1940-1949","High",0,0,0,NA,NA
"2588","HH","Poland","Men","1940-1949","Low",0,0,0,NA,NA
"2589","HH","Poland","Men","1950-1959","High",0,0,0,NA,NA
"2590","HH","Poland","Men","1950-1959","Low",0,0,0,NA,NA
"2591","HH","Poland","Men","1960-1969","High",0,0,0,NA,NA
"2592","HH","Poland","Men","1960-1969","Low",0,0,0,NA,NA
"2593","HH","Poland","Men","1970-1979","High",0,0,0,NA,NA
"2594","HH","Poland","Men","1970-1979","Low",0,0,0,NA,NA
"2595","HH","Poland","Women","1920-1929","High",0,NA,NA,NA,NA
"2596","HH","Poland","Women","1920-1929","Low",0,NA,NA,NA,NA
"2597","HH","Poland","Women","1930-1939","High",0,0,0,NA,NA
"2598","HH","Poland","Women","1930-1939","Low",0,0,0,NA,NA
"2599","HH","Poland","Women","1940-1949","High",0,0,0,NA,NA
"2600","HH","Poland","Women","1940-1949","Low",0,0,0,NA,NA
"2601","HH","Poland","Women","1950-1959","High",0,0,0,NA,NA
"2602","HH","Poland","Women","1950-1959","Low",0,0,0,NA,NA
"2603","HH","Poland","Women","1960-1969","High",0,0,0,NA,NA
"2604","HH","Poland","Women","1960-1969","Low",0,0,0,NA,NA
"2605","HH","Poland","Women","1970-1979","High",0,0,0,NA,NA
"2606","HH","Poland","Women","1970-1979","Low",0,0,0,NA,NA
"2607","HH","Romania","Men","1920-1929","High",91.2398688793182,16.6274756193161,1.60403153300285,18.2,9.6
"2608","HH","Romania","Men","1920-1929","Low",71.3928495645523,6.33000361919403,0.89071661233902,8.9,14.1
"2609","HH","Romania","Men","1920-1929",NA,5.23883891105652,1.20281553268433,0.421910583972931,23,35.1
"2610","HH","Romania","Men","1930-1939","High",340.476640373468,47.8778231441975,5.31338414549828,14.1,11.1
"2611","HH","Romania","Men","1930-1939","Low",241.558838546276,31.7522257566452,4.54073816537857,13.1,14.3
"2612","HH","Romania","Men","1930-1939",NA,10.840174227953,4.29953524470329,1.21167108416557,39.7,28.2
"2613","HH","Romania","Men","1940-1949","High",395.434539675713,61.3943959772587,11.1096107959747,15.5,18.1
"2614","HH","Romania","Men","1940-1949","Low",339.701613545418,58.4553670585155,13.7195166051388,17.2,23.5
"2615","HH","Romania","Men","1940-1949",NA,4.96324670314789,2.82315969467163,1.29437774419785,56.9,45.8
"2616","HH","Romania","Men","1950-1959","High",508.532116800547,72.3536965548992,22.8906952440739,14.2,31.6
"2617","HH","Romania","Men","1950-1959","Low",471.384598076344,79.1440598964691,26.1026421189308,16.8,33
"2618","HH","Romania","Men","1950-1959",NA,6.91971677541733,3.83831572532654,2.98376965522766,55.5,77.7
"2619","HH","Romania","Men","1960-1969","High",560.083222985268,101.473941802979,40.9509534239769,18.1,40.4
"2620","HH","Romania","Men","1960-1969","Low",454.235288381577,75.7151833176613,31.7515087723732,16.7,41.9
"2621","HH","Romania","Men","1960-1969",NA,2.70269352197647,0.946538865566254,0.946538865566254,35,100
"2622","HH","Romania","Men","1970-1979","High",25.2227554321289,5.94865173101425,2.49521565437317,23.6,41.9
"2623","HH","Romania","Men","1970-1979","Low",99.5941811800003,35.0400732159615,21.9948787093163,35.2,62.8
"2624","HH","Romania","Women","1920-1929","High",115.631735622883,15.834072470665,4.43021094799042,13.7,28
"2625","HH","Romania","Women","1920-1929","Low",64.3493986129761,12.8399298191071,3.23449677228928,20,25.2
"2626","HH","Romania","Women","1920-1929",NA,22.0916305184364,3.70907509326935,1.09280550479889,16.8,29.5
"2627","HH","Romania","Women","1930-1939","High",450.912360668182,60.800735116005,11.4833856225014,13.5,18.9
"2628","HH","Romania","Women","1930-1939","Low",322.381298780441,44.1236507892609,7.77004212141037,13.7,17.6
"2629","HH","Romania","Women","1930-1939",NA,59.1507001519203,9.08507347106934,2.01968944072723,15.4,22.2
"2630","HH","Romania","Women","1940-1949","High",427.867532610893,55.9708563089371,9.160180747509,13.1,16.4
"2631","HH","Romania","Women","1940-1949","Low",395.945438921452,47.1109536886215,6.24318563938141,11.9,13.3
"2632","HH","Romania","Women","1940-1949",NA,17.0253781080246,0.613010466098785,NA,3.6,NA
"2633","HH","Romania","Women","1950-1959","High",573.579021692276,59.8721409440041,9.46119838953018,10.4,15.8
"2634","HH","Romania","Women","1950-1959","Low",502.285847663879,40.9688956737518,4.81905126571655,8.2,11.8
"2635","HH","Romania","Women","1950-1959",NA,12.2490676045418,0.884575605392456,0.884575605392456,7.2,100
"2636","HH","Romania","Women","1960-1969","High",557.926185190678,64.8640840053558,25.2680510282516,11.6,39
"2637","HH","Romania","Women","1960-1969","Low",456.02304828167,37.5634867548943,11.036047399044,8.2,29.4
"2638","HH","Romania","Women","1960-1969",NA,6.68215990066528,0.990670740604401,0.990670740604401,14.8,100
"2639","HH","Romania","Women","1970-1979","High",21.3175929188728,3.69454395771027,3.69454395771027,17.3,100
"2640","HH","Romania","Women","1970-1979","Low",97.1298759579659,7.52628618478775,2.74248015880585,7.7,36.4
"2641","HH","Romania","Women","1970-1979",NA,1.63358807563782,NA,NA,NA,NA
"2642","HH","Russia","Men","1920-1929","High",85.6541377902031,4.5804351568222,0.45804351568222,5.3,10
"2643","HH","Russia","Men","1920-1929","Low",72.3708760142326,5.49652218818665,NA,7.6,NA
"2644","HH","Russia","Men","1920-1929",NA,0.916087031364441,0.916087031364441,NA,100,NA
"2645","HH","Russia","Men","1930-1939","High",261.084806263447,22.4441323280334,0.916087031364441,8.6,4.1
"2646","HH","Russia","Men","1930-1939","Low",196.958713769913,13.2832619547844,1.83217406272888,6.7,13.8
"2647","HH","Russia","Men","1930-1939",NA,2.74826109409332,NA,NA,NA,NA
"2648","HH","Russia","Men","1940-1949","High",307.347203016281,21.5280453562737,2.2902175784111,7,10.6
"2649","HH","Russia","Men","1940-1949","Low",211.158063411713,12.36717492342,NA,5.9,NA
"2650","HH","Russia","Men","1950-1959","High",442.011999666691,28.3986982703209,7.78673994541168,6.4,27.4
"2651","HH","Russia","Men","1950-1959","Low",436.057433903217,29.7728288173676,8.24478328227997,6.8,27.7
"2652","HH","Russia","Men","1960-1969","High",437.889605402946,61.3778316378593,24.7343499660492,14,40.3
"2653","HH","Russia","Men","1960-1969","Low",410.865038990974,43.5141342878342,16.4895666241646,10.6,37.9
"2654","HH","Russia","Women","1920-1929","High",177.72088509798,24.2763063311577,5.49652218818665,13.7,22.6
"2655","HH","Russia","Women","1920-1929","Low",105.808052957058,13.283262014389,3.20630460977554,12.6,24.1
"2656","HH","Russia","Women","1920-1929",NA,4.12239164113998,0.45804351568222,0.45804351568222,11.1,100
"2657","HH","Russia","Women","1930-1939","High",494.228958189487,32.5210897922516,6.87065273523331,6.6,21.1
"2658","HH","Russia","Women","1930-1939","Low",371.015250980854,22.4441323876381,4.5804351568222,6,20.4
"2659","HH","Russia","Women","1930-1939",NA,5.49652218818665,1.37413054704666,NA,25,NA
"2660","HH","Russia","Women","1940-1949","High",460.791782915592,38.0176119208336,11.9091314673424,8.3,31.3
"2661","HH","Russia","Women","1940-1949","Low",400.788080155849,26.5665239095688,7.32869625091553,6.6,27.6
"2662","HH","Russia","Women","1940-1949",NA,3.66434818506241,NA,NA,NA,NA
"2663","HH","Russia","Women","1950-1959","High",977.922921299934,50.3847871422768,19.6958714127541,5.2,39.1
"2664","HH","Russia","Women","1950-1959","Low",627.51962596178,24.7343499064445,4.5804351568222,3.9,18.5
"2665","HH","Russia","Women","1950-1959",NA,1.83217406272888,NA,NA,NA,NA
"2666","HH","Russia","Women","1960-1969","High",576.676792740822,44.4302214980125,17.4056538939476,7.7,39.2
"2667","HH","Russia","Women","1960-1969","Low",675.156152546406,32.0630465149879,12.3671751618385,4.7,38.6
"2668","HH","Russia","Women","1960-1969",NA,8.70282697677612,2.29021763801575,NA,26.3,NA
"2669","HH","Spain","Women","1908-1909","High",1.75499999523163,1.75499999523163,1.75499999523163,100,100
"2670","HH","Spain","Women","1908-1909",NA,1.25799998641014,NA,NA,NA,NA
"2671","HH","Spain","Women","1910-1919","High",3.93300002813339,NA,NA,NA,NA
"2672","HH","Spain","Women","1910-1919","Low",0.164000004529953,0.164000004529953,NA,100,NA
"2673","HH","Spain","Women","1910-1919",NA,71.1300005316734,5.40799996256828,1.30399996042252,7.6,24.1
"2674","HH","Spain","Women","1920-1929","High",49.0979999899864,11.1930000782013,4.09500005841255,22.8,36.6
"2675","HH","Spain","Women","1920-1929","Low",33.0659999847412,4.15799999237061,1.75499999523163,12.6,42.2
"2676","HH","Spain","Women","1920-1929",NA,585.326000392437,65.5250000059605,25.1440000832081,11.2,38.4
"2677","HH","Spain","Women","1930-1939","High",100.111000299454,5.05200004577637,0.300000011920929,5,5.9
"2678","HH","Spain","Women","1930-1939","Low",86.0540002286434,6.37799990177155,2.67299997806549,7.4,41.9
"2679","HH","Spain","Women","1930-1939",NA,1062.92300319672,104.547000080347,40.6790001690388,9.8,38.9
"2680","HH","Spain","Women","1940-1949","High",154.585000514984,18.8289999365807,10.0390000343323,12.2,53.3
"2681","HH","Spain","Women","1940-1949","Low",121.452000111341,6.35899996757507,3.50999999046326,5.2,55.2
"2682","HH","Spain","Women","1940-1949",NA,952.985002279282,84.6940002441406,37.6450001001358,8.9,44.4
"2683","HH","Spain","Women","1950-1959","High",242.144001305103,38.9020003378391,13.6490001380444,16.1,35.1
"2684","HH","Spain","Women","1950-1959","Low",223.369001537561,14.5420001745224,5.20100009441376,6.5,35.8
"2685","HH","Spain","Women","1950-1959",NA,882.432001650333,104.372000366449,41.2030000686646,11.8,39.5
"2686","HH","Spain","Women","1960-1969","High",362.307001829147,67.9480000734329,25.1500000059605,18.8,37
"2687","HH","Spain","Women","1960-1969","Low",392.062003642321,32.0660001039505,12.310999751091,8.2,38.4
"2688","HH","Spain","Women","1960-1969",NA,1023.16300222278,148.048000574112,55.33100014925,14.5,37.4
"2689","HH","Spain","Women","1970-1979","High",15.2610000371933,7.80900004506111,2.91299998760223,51.2,37.3
"2690","HH","Spain","Women","1970-1979","Low",86.5200006067753,16.4780001044273,9.25100007653236,19,56.1
"2691","HH","Spain","Women","1970-1979",NA,150.827000290155,31.140999943018,11.9829999804497,20.6,38.5
"2692","HH","Sweden","Men","1930-1939","High",0,0,0,NA,NA
"2693","HH","Sweden","Men","1930-1939","Low",0,0,0,NA,NA
"2694","HH","Sweden","Men","1930-1939",NA,0,NA,NA,NA,NA
"2695","HH","Sweden","Men","1940-1949","High",0,0,0,NA,NA
"2696","HH","Sweden","Men","1940-1949","Low",0,0,0,NA,NA
"2697","HH","Sweden","Men","1940-1949",NA,0,NA,NA,NA,NA
"2698","HH","Sweden","Men","1950-1959","High",0,0,0,NA,NA
"2699","HH","Sweden","Men","1950-1959","Low",0,0,0,NA,NA
"2700","HH","Sweden","Men","1960-1969","High",0,0,0,NA,NA
"2701","HH","Sweden","Men","1960-1969","Low",0,0,0,NA,NA
"2702","HH","Sweden","Men","1970-1979","High",0,0,0,NA,NA
"2703","HH","Sweden","Men","1970-1979","Low",0,0,0,NA,NA
"2704","HH","Sweden","Men","1970-1979",NA,0,NA,NA,NA,NA
"2705","HH","Sweden","Women","1930-1939","High",0,0,0,NA,NA
"2706","HH","Sweden","Women","1930-1939","Low",0,0,0,NA,NA
"2707","HH","Sweden","Women","1930-1939",NA,0,NA,NA,NA,NA
"2708","HH","Sweden","Women","1940-1949","High",0,0,0,NA,NA
"2709","HH","Sweden","Women","1940-1949","Low",0,0,0,NA,NA
"2710","HH","Sweden","Women","1940-1949",NA,0,NA,NA,NA,NA
"2711","HH","Sweden","Women","1950-1959","High",0,0,0,NA,NA
"2712","HH","Sweden","Women","1950-1959","Low",0,0,0,NA,NA
"2713","HH","Sweden","Women","1950-1959",NA,0,NA,NA,NA,NA
"2714","HH","Sweden","Women","1960-1969","High",0,0,0,NA,NA
"2715","HH","Sweden","Women","1960-1969","Low",0,0,0,NA,NA
"2716","HH","Sweden","Women","1960-1969",NA,0,NA,NA,NA,NA
"2717","HH","Sweden","Women","1970-1979","High",0,0,0,NA,NA
"2718","HH","Sweden","Women","1970-1979","Low",0,0,0,NA,NA
"2719","HH","Sweden","Women","1970-1979",NA,0,NA,NA,NA,NA
"2720","HH","The UK","Men","1920-1929","High",129.189073748887,29.0102931112051,8.11291375756264,22.5,28
"2721","HH","The UK","Men","1920-1929","Low",72.9255487844348,13.1491747200489,5.37939700484276,18,40.9
"2722","HH","The UK","Men","1920-1929",NA,3.17908430099487,0,0,0,NA
"2723","HH","The UK","Men","1930-1939","High",333.062401860952,49.1306555718184,16.3554912358522,14.8,33.3
"2724","HH","The UK","Men","1930-1939","Low",205.023139074445,47.7685610204935,13.0247784256935,23.3,27.3
"2725","HH","The UK","Men","1930-1939",NA,3.94008256494999,0,NA,0,NA
"2726","HH","The UK","Men","1940-1949","High",491.362724907696,69.6318868175149,19.8844445422292,14.2,28.6
"2727","HH","The UK","Men","1940-1949","Low",285.406462594867,36.6293146386743,14.672537446022,12.8,40.1
"2728","HH","The UK","Men","1940-1949",NA,2.62886513769627,0.183523312211037,0.0983297526836395,7,53.6
"2729","HH","The UK","Men","1950-1959","High",481.014661505818,84.9288862720132,22.7060291320086,17.7,26.7
"2730","HH","The UK","Men","1950-1959","Low",337.33330976218,53.9946447610855,20.5853899866343,16,38.1
"2731","HH","The UK","Men","1950-1959",NA,7.25010985136032,0.470620885491371,0.28640940785408,6.5,60.9
"2732","HH","The UK","Men","1960-1969","High",527.694174617529,122.256032094359,29.6865969151258,23.2,24.3
"2733","HH","The UK","Men","1960-1969","Low",426.873969107866,85.678649187088,35.6001545488834,20.1,41.6
"2734","HH","The UK","Men","1960-1969",NA,21.3936256021261,3.93732734024525,2.50905688107014,18.4,63.7
"2735","HH","The UK","Men","1970-1979","High",0.192143425345421,NA,NA,NA,NA
"2736","HH","The UK","Men","1970-1979","Low",103.076220393181,37.2164924070239,8.03322061151266,36.1,21.6
"2737","HH","The UK","Men","1970-1979",NA,0,0,NA,NA,NA
"2738","HH","The UK","Women","1920-1929","High",122.347753964365,31.0936113446951,6.24346446990967,25.4,20.1
"2739","HH","The UK","Women","1920-1929","Low",112.096554011106,20.1498387604952,2.45424091815948,18,12.2
"2740","HH","The UK","Women","1920-1929",NA,0.0975484251976013,0,NA,0,NA
"2741","HH","The UK","Women","1930-1939","High",345.324182726443,64.5168117508292,15.0056775733829,18.7,23.3
"2742","HH","The UK","Women","1930-1939","Low",305.588306158781,40.3447508737445,12.3963993936777,13.2,30.7
"2743","HH","The UK","Women","1930-1939",NA,6.68565091490746,0,0,0,NA
"2744","HH","The UK","Women","1940-1949","High",515.319279454648,50.9879836440086,11.9271517917514,9.9,23.4
"2745","HH","The UK","Women","1940-1949","Low",447.154315248132,51.0022385567427,14.7208975926042,11.4,28.9
"2746","HH","The UK","Women","1940-1949",NA,13.3227130398154,0.09384535998106,0,0.7,0
"2747","HH","The UK","Women","1950-1959","High",512.899882867932,91.4087807387114,23.8114794418216,17.8,26
"2748","HH","The UK","Women","1950-1959","Low",455.649098791182,39.2574396207929,12.016733571887,8.6,30.6
"2749","HH","The UK","Women","1950-1959",NA,7.67259374260902,0.309955358505249,0,4,0
"2750","HH","The UK","Women","1960-1969","High",676.44923760742,106.830285228789,21.5381383821368,15.8,20.2
"2751","HH","The UK","Women","1960-1969","Low",568.382382303476,69.2895159497857,12.727400816977,12.2,18.4
"2752","HH","The UK","Women","1960-1969",NA,19.9683703631163,1.42235720157623,0,7.1,0
"2753","HH","The UK","Women","1970-1979","Low",82.3852987065911,11.1955785080791,2.03587215393782,13.6,18.2
"2754","HH","The UK","Women","1970-1979",NA,1.08262288570404,0,0,0,NA
"2755","HH","The US","Men","1960-1969","High",3910627.76925603,1009453.70872215,267501.148300332,25.8,26.5
"2756","HH","The US","Men","1960-1969","Low",3177651.9353919,566923.750181827,115288.050116857,17.8,20.3
"2757","HH","The US","Men","1960-1969",NA,7669543.83102722,1975021.19455803,614020.282841951,25.8,31.1
"2758","HH","The US","Men","1970-1979","High",459388.051978924,65736.2739326318,44237.3377934025,14.3,67.3
"2759","HH","The US","Men","1970-1979","Low",2179358.74472558,373073.44982604,138694.651979482,17.1,37.2
"2760","HH","The US","Men","1970-1979",NA,3572671.60684478,831174.000708023,239861.488017088,23.3,28.9
"2761","HH","The US","Women","1950-1959","High",9736002.66429999,2189844.7848,590455.0718,22.5,27
"2762","HH","The US","Women","1950-1959","Low",7618525.71310002,1238071.4153,258915.7498,16.3,20.9
"2763","HH","The US","Women","1950-1959",NA,3278879.1243,420785.6459,93985.6179,12.8,22.3
"2764","HH","The US","Women","1960-1969","High",3471664.40000953,438604.047722047,124594.531083894,12.6,28.4
"2765","HH","The US","Women","1960-1969","Low",3496993.31519086,285726.075572967,75171.6191455473,8.2,26.3
"2766","HH","The US","Women","1960-1969",NA,8963989.13080212,1452417.60657952,310273.300312299,16.2,21.4
"2767","HH","The US","Women","1970-1979","High",628202.142950028,207442.219035052,60037.3406954646,33,28.9
"2768","HH","The US","Women","1970-1979","Low",2261995.82935484,284314.677113089,26607.5744509669,12.6,9.4
"2769","HH","The US","Women","1970-1979",NA,3154101.95387075,690927.708582496,274036.172378094,21.9,39.7
"2770","HH","Uruguay","Men","1970-1979",NA,196657.26701355,38653.1600036621,13201.6664428711,19.7,34.2
"2771","HH","Uruguay","Men","1980-1989",NA,9949.76292419434,2881.94134521484,752.457183837891,29,26.1
"2772","HH","Uruguay","Women","1970-1979",NA,213383.075042725,25924.4427032471,7855.75259399414,12.1,30.3
"2773","HH","Uruguay","Women","1980-1989",NA,11512.8952941895,1697.01528930664,1697.01528930664,14.7,100
"2774","DHS","Albania","Men","1950-1959","All",328.514185652137,15.9080889523029,2.16511699557304,4.8,13.6
"2775","DHS","Albania","Men","1960-1969","All",1543.07687552273,116.58545525372,37.3922821134329,7.6,32.1
"2776","DHS","Albania","Men","1970-1979","All",1192.12521930039,194.160730719566,86.1395239531994,16.3,44.4
"2777","DHS","Albania","Men","1980-1989","All",294.231186211109,88.2328634560108,55.6952434331179,30,63.1
"2778","DHS","Albania","Women","1950-1959","All",854.37332418561,0,0,0,NA
"2779","DHS","Albania","Women","1960-1969","All",3976.04998636246,33.1012591123581,25.3338781446218,0.8,76.5
"2780","DHS","Albania","Women","1970-1979","All",3166.01659652591,201.958475664258,99.8884201347828,6.4,49.5
"2781","DHS","Albania","Women","1980-1989","All",816.690113976598,82.0115460008383,58.1361775696278,10,70.9
"2782","DHS","Angola","Men","1960-1969","All",587.803102172911,12.3653870150447,2.66903401166201,2.1,21.6
"2783","DHS","Angola","Men","1970-1979","All",950.857057869434,21.6567680388689,14.2180500924587,2.3,65.7
"2784","DHS","Angola","Men","1980-1989","All",127.059332080185,2.64446195960045,2.15369094908237,2.1,81.4
"2785","DHS","Angola","Women","1960-1969","All",656.098207078874,16.3793602436781,4.72784507274628,2.5,28.9
"2786","DHS","Angola","Women","1970-1979","All",2667.67845556885,74.180229395628,27.253086745739,2.8,36.7
"2787","DHS","Angola","Women","1980-1989","All",317.899192079902,7.28241591155529,4.2371329665184,2.3,58.2
"2788","DHS","Armenia","Men","1960-1969","All",238.880266919732,10.2541571259499,7.45313608646393,4.3,72.7
"2789","DHS","Armenia","Men","1970-1979","All",727.54389975965,89.1334884464741,64.325823277235,12.3,72.2
"2790","DHS","Armenia","Men","1980-1989","All",84.7449744492769,16.5673428177834,12.1919727325439,19.5,73.6
"2791","DHS","Armenia","Women","1960-1969","All",533.484643936157,40.3124106675386,30.7347857058048,7.6,76.2
"2792","DHS","Armenia","Women","1970-1979","All",1602.5802320987,152.560174271464,101.089702501893,9.5,66.3
"2793","DHS","Armenia","Women","1980-1989","All",220.817432418466,23.6243028640747,22.1556678712368,10.7,93.8
"2794","DHS","Azerbaijan","Men","1940-1949","All",55.4279932975769,1.5364990234375,1.5364990234375,2.8,100
"2795","DHS","Azerbaijan","Men","1950-1959","All",449.5167231448,21.5526209771633,8.13412594795227,4.8,37.7
"2796","DHS","Azerbaijan","Men","1960-1969","All",620.665054511279,33.2251588329673,9.84027204662561,5.4,29.6
"2797","DHS","Azerbaijan","Men","1970-1979","All",121.534448079765,11.340424016118,6.55595900118351,9.3,57.8
"2798","DHS","Azerbaijan","Women","1950-1959","All",564.874494727701,49.6004980430007,30.6009660214186,8.8,61.7
"2799","DHS","Azerbaijan","Women","1960-1969","All",2459.2785618566,257.52545324713,156.873864471912,10.5,60.9
"2800","DHS","Azerbaijan","Women","1970-1979","All",436.543264091015,91.9690191745758,72.6799021959305,21.1,79
"2801","DHS","Benin","Men","1950-1959","All",280.313489049673,3.0373740196228,2.57328402996063,1.1,84.7
"2802","DHS","Benin","Men","1960-1969","All",735.602450340986,12.9674868881702,5.12220698595047,1.8,39.5
"2803","DHS","Benin","Men","1970-1979","All",1269.54323941469,30.5939939320087,12.0758538544178,2.4,39.5
"2804","DHS","Benin","Men","1980-1989","All",606.156063899398,32.4171368777752,15.9068909883499,5.3,49.1
"2805","DHS","Benin","Women","1960-1969","All",399.423812896013,7.64095592498779,2.23555904626846,1.9,29.3
"2806","DHS","Benin","Women","1970-1979","All",2721.98872247338,34.1461989581585,6.09444895386696,1.3,17.8
"2807","DHS","Benin","Women","1980-1989","All",1346.02048188448,25.4918068647385,3.65654194355011,1.9,14.3
"2808","DHS","Bolivia","Men","1940-1949","All",328.413363147527,18.5946587696671,5.45948291197419,5.7,29.4
"2809","DHS","Bolivia","Men","1950-1959","All",782.304966852069,36.7955100759864,22.0986869633198,4.7,60.1
"2810","DHS","Bolivia","Men","1960-1969","All",1157.2001610212,77.7707379199564,52.4851768352091,6.7,67.5
"2811","DHS","Bolivia","Men","1970-1979","All",434.311499536037,30.159065913409,21.4695520140231,6.9,71.2
"2812","DHS","Bolivia","Women","1950-1959","All",519.081064108759,28.7847488895059,13.1940080523491,5.5,45.8
"2813","DHS","Bolivia","Women","1960-1969","All",3640.7520195134,144.129836022854,79.106610044837,4,54.9
"2814","DHS","Bolivia","Women","1970-1979","All",1431.41393594816,82.2239672020078,52.878151267767,5.7,64.3
"2815","DHS","Brazil","Men","1930-1939","All",109.404006004333,5.26488500833511,1.16297805309296,4.8,22.1
"2816","DHS","Brazil","Men","1940-1949","All",435.503425061703,30.1443031132221,12.1944841444492,6.9,40.5
"2817","DHS","Brazil","Men","1950-1959","All",570.301917731762,45.4108375608921,22.1812452971935,8,48.8
"2818","DHS","Brazil","Men","1960-1969","All",67.9916384220123,11.0489511489868,7.00387915968895,16.3,63.4
"2819","DHS","Brazil","Women","1940-1949","All",864.325347930193,74.593931645155,38.4276438355446,8.6,51.5
"2820","DHS","Brazil","Women","1950-1959","All",3071.10867318511,275.054853767157,170.656926006079,9,62
"2821","DHS","Brazil","Women","1960-1969","All",464.168226718903,41.7739008069038,26.9370047450066,9,64.5
"2822","DHS","Burkina Faso","Men","1950-1959","All",685.129138529301,5.66781288385391,0,0.8,0
"2823","DHS","Burkina Faso","Men","1960-1969","All",1292.7986729145,14.615866035223,3.52595001459122,1.1,24.1
"2824","DHS","Burkina Faso","Men","1970-1979","All",965.528952986002,59.8962306082249,28.4850788414478,6.2,47.6
"2825","DHS","Burkina Faso","Women","1960-1969","All",2478.07210567594,22.211295902729,5.56590396165848,0.9,25.1
"2826","DHS","Burkina Faso","Women","1970-1979","All",2440.78863498569,21.3658419847488,4.32669797539711,0.9,20.3
"2827","DHS","Burundi","Men","1950-1959","All",224.330379337072,3.70529896020889,2.1693519949913,1.7,58.5
"2828","DHS","Burundi","Men","1960-1969","All",925.39876255393,18.2896829247475,13.3338660299778,2,72.9
"2829","DHS","Burundi","Men","1970-1979","All",1217.19280099124,31.8134990185499,15.5157029479742,2.6,48.8
"2830","DHS","Burundi","Men","1980-1989","All",363.35219540447,7.9572319984436,6.16318501532078,2.2,77.5
"2831","DHS","Burundi","Women","1960-1969","All",659.777081355453,21.1711401343346,12.6319000124931,3.2,59.7
"2832","DHS","Burundi","Women","1970-1979","All",3109.81232974306,108.800089977682,66.3683689236641,3.5,61
"2833","DHS","Burundi","Women","1980-1989","All",951.10267515108,49.9280767291784,36.6700347959995,5.2,73.4
"2834","DHS","Cambodia","Men","1960-1969","All",577.483252745122,16.6236121505499,0.208885997533798,2.9,1.3
"2835","DHS","Cambodia","Men","1970-1979","All",1130.04884330183,52.7671489268541,20.4948470294476,4.7,38.8
"2836","DHS","Cambodia","Women","1960-1969","All",1988.53920118511,134.872080519795,81.6016076505184,6.8,60.5
"2837","DHS","Cambodia","Women","1970-1979","All",3797.29645932838,300.378923602402,190.997895866632,7.9,63.6
"2838","DHS","Cameroon","Men","1950-1959","All",266.630595810711,7.61452114582062,0,2.9,0
"2839","DHS","Cameroon","Men","1960-1969","All",680.172865569592,13.0443029105663,4.09371599555016,1.9,31.4
"2840","DHS","Cameroon","Men","1970-1979","All",1035.56217612326,45.3842160999775,28.3224940896034,4.4,62.4
"2841","DHS","Cameroon","Men","1980-1989","All",560.473450787365,54.3471576720476,36.4209966659546,9.7,67
"2842","DHS","Cameroon","Women","1950-1959","All",331.521700538695,10.2254330217838,0,3.1,0
"2843","DHS","Cameroon","Women","1960-1969","All",894.967583745718,26.0079470276833,6.28706595301628,2.9,24.2
"2844","DHS","Cameroon","Women","1970-1979","All",2093.56522137672,71.9493831396103,11.2342630624771,3.4,15.6
"2845","DHS","Cameroon","Women","1980-1989","All",1232.43552994728,51.9909346848726,29.8466726690531,4.2,57.4
"2846","DHS","Central African Republic","Men","1930-1939","All",93.8847520947456,8.35695683956146,0,8.9,0
"2847","DHS","Central African Republic","Men","1940-1949","All",191.491388082504,11.5554939508438,0.961750984191895,6,8.3
"2848","DHS","Central African Republic","Men","1950-1959","All",307.578795671463,34.2177065610886,14.8960467576981,11.1,43.5
"2849","DHS","Central African Republic","Men","1960-1969","All",4.22738391160965,1.33554494380951,0,31.6,0
"2850","DHS","Central African Republic","Women","1940-1949","All",429.87178581953,35.7845533490181,1.77607399225235,8.3,5
"2851","DHS","Central African Republic","Women","1950-1959","All",1153.20013308525,88.9786031246185,12.1012578606606,7.7,13.6
"2852","DHS","Central African Republic","Women","1960-1969","All",7.12257009744644,0,0,0,NA
"2853","DHS","Chad","Men","1950-1959","All",210.851445771754,3.83452296257019,0,1.8,0
"2854","DHS","Chad","Men","1960-1969","All",676.450402069837,11.6468918658793,3.49607491493225,1.7,30
"2855","DHS","Chad","Men","1970-1979","All",1029.89181071147,23.4682980626822,12.5418790876865,2.3,53.4
"2856","DHS","Chad","Men","1980-1989","All",81.1611408293247,2.03751903772354,1.11445105075836,2.5,54.7
"2857","DHS","Chad","Women","1960-1969","All",1260.2718228288,10.5796119570732,1.31557700037956,0.8,12.4
"2858","DHS","Chad","Women","1970-1979","All",3463.73110836744,41.416488148272,13.4672221839428,1.2,32.5
"2859","DHS","Chad","Women","1980-1989","All",184.510477401316,3.61724805831909,0,2,0
"2860","DHS","Colombia","Men","1950-1959","All",2053.64343045279,192.413549420889,100.929541354068,9.4,52.5
"2861","DHS","Colombia","Men","1960-1969","All",6041.13142576977,664.162507160101,326.096978453919,11,49.1
"2862","DHS","Colombia","Men","1970-1979","All",6606.33965199068,1155.39353266312,647.260974483099,17.5,56
"2863","DHS","Colombia","Men","1980-1989","All",459.654092085315,123.308690999635,62.4504943946376,26.8,50.6
"2864","DHS","Colombia","Women","1960-1969","All",3909.83287748066,215.319167884998,107.968870475888,5.5,50.1
"2865","DHS","Colombia","Women","1970-1979","All",8917.88798890286,633.936160438228,335.928641260136,7.1,53
"2866","DHS","Colombia","Women","1980-1989","All",545.760228668805,43.8082294762135,29.1586653143167,8,66.6
"2867","DHS","Comoros","Men","1950-1959","All",95.5117952078581,4.48778405785561,0,4.7,0
"2868","DHS","Comoros","Men","1960-1969","All",285.574264973402,19.7420379221439,5.17889094352722,6.9,26.2
"2869","DHS","Comoros","Men","1970-1979","All",404.342114537954,55.596208974719,19.0649770647287,13.7,34.3
"2870","DHS","Comoros","Women","1960-1969","All",421.827690139413,22.558059990406,0,5.3,0
"2871","DHS","Comoros","Women","1970-1979","All",945.759731911123,98.7791609764099,29.2483319044113,10.4,29.6
"2872","DHS","Congo","Men","1950-1959","All",322.892708078027,3.99533906579018,2.16990002989769,1.2,54.3
"2873","DHS","Congo","Men","1960-1969","All",804.192331187427,29.5531266480684,16.1287918686867,3.7,54.6
"2874","DHS","Congo","Men","1970-1979","All",874.517380334437,42.5123797506094,21.4909568428993,4.9,50.6
"2875","DHS","Congo","Women","1960-1969","All",1252.87041711807,27.300314091146,6.01119495928288,2.2,22
"2876","DHS","Congo","Women","1970-1979","All",1763.21934317052,45.9143720567226,9.53290802240372,2.6,20.8
"2877","DHS","Democratic Republic of the Congo","Men","1950-1959","All",501.434743620455,11.1754098236561,4.92353385686874,2.2,44.1
"2878","DHS","Democratic Republic of the Congo","Men","1960-1969","All",1227.78394410014,26.9525898918509,9.33739584684372,2.2,34.6
"2879","DHS","Democratic Republic of the Congo","Men","1970-1979","All",1494.44780433923,49.7726364806294,21.2655247747898,3.3,42.7
"2880","DHS","Democratic Republic of the Congo","Women","1960-1969","All",1477.26588556916,36.8780712112784,8.59091320633888,2.5,23.3
"2881","DHS","Democratic Republic of the Congo","Women","1970-1979","All",3442.20685765892,124.137351043522,38.3523463830352,3.6,30.9
"2882","DHS","Dominican Republic","Men","1940-1949","All",202.141918241978,11.6522098481655,5.59979292750359,5.8,48.1
"2883","DHS","Dominican Republic","Men","1950-1959","All",402.039088912308,19.556089758873,5.07331991195679,4.9,25.9
"2884","DHS","Dominican Republic","Men","1960-1969","All",462.167645782232,49.4690184369683,18.2805497050285,10.7,37
"2885","DHS","Dominican Republic","Women","1950-1959","All",3246.82391215861,150.30574055016,33.9408850073814,4.6,22.6
"2886","DHS","Dominican Republic","Women","1960-1969","All",4526.13369454443,218.850705333054,86.3696463629603,4.8,39.5
"2887","DHS","Ethiopia","Men","1950-1959","All",230.653387787752,5.61752696707845,0.116935003548861,2.4,2.1
"2888","DHS","Ethiopia","Men","1960-1969","All",1326.80067468714,28.7670138506219,9.11338789388537,2.2,31.7
"2889","DHS","Ethiopia","Men","1970-1979","All",2405.73585601244,123.726668441668,71.800128874369,5.1,58
"2890","DHS","Ethiopia","Men","1980-1989","All",658.377251674421,56.9664680156857,32.0156130325049,8.7,56.2
"2891","DHS","Ethiopia","Women","1960-1969","All",537.319930090569,17.1204499714077,3.09592598676682,3.2,18.1
"2892","DHS","Ethiopia","Women","1970-1979","All",2847.90745280683,95.1117888558656,46.3320576809347,3.3,48.7
"2893","DHS","Ethiopia","Women","1980-1989","All",853.129428534769,44.0518869534135,20.1958511509001,5.2,45.8
"2894","DHS","Gabon","Men","1950-1959","All",359.453400216997,3.7617340311408,1.80541502684355,1,48
"2895","DHS","Gabon","Men","1960-1969","All",927.635463062674,28.9506397731602,5.61980701237917,3.1,19.4
"2896","DHS","Gabon","Men","1970-1979","All",951.228232543916,101.082753870636,46.5231081098318,10.6,46
"2897","DHS","Gabon","Women","1960-1969","All",1003.47132635489,33.9897702857852,7.0394100099802,3.4,20.7
"2898","DHS","Gabon","Women","1970-1979","All",1299.34701573476,67.3698025718331,20.5686351507902,5.2,30.5
"2899","DHS","Gambia","Men","1960-1969","All",366.394854485989,8.01261308044195,2.66754104197025,2.2,33.3
"2900","DHS","Gambia","Men","1970-1979","All",693.305074818432,40.6396809741855,23.9593360945582,5.9,59
"2901","DHS","Gambia","Men","1980-1989","All",519.848296843469,76.4431240856647,50.936871945858,14.7,66.6
"2902","DHS","Gambia","Women","1970-1979","All",1698.83593512326,47.3740472346544,4.19390693306923,2.8,8.9
"2903","DHS","Gambia","Women","1980-1989","All",1484.88672599941,70.1391178518534,15.5293029546738,4.7,22.1
"2904","DHS","Ghana","Men","1950-1959","All",225.86422239989,4.82284903526306,1.28259205818176,2.1,26.6
"2905","DHS","Ghana","Men","1960-1969","All",657.823859490454,26.377671867609,16.7584089934826,4,63.5
"2906","DHS","Ghana","Men","1970-1979","All",920.277728922665,74.9478868618608,40.7261150479317,8.1,54.3
"2907","DHS","Ghana","Women","1960-1969","All",866.495033189654,18.7267819046974,1.64277696609497,2.2,8.8
"2908","DHS","Ghana","Women","1970-1979","All",2315.71339775622,98.0231769680977,25.2338019311428,4.2,25.7
"2909","DHS","Guatemala","Men","1950-1959","All",538.32769728452,21.7567622661591,10.4830931127071,4,48.2
"2910","DHS","Guatemala","Men","1960-1969","All",1460.4513810873,73.3021747469902,48.5064168870449,5,66.2
"2911","DHS","Guatemala","Men","1970-1979","All",2012.71785447001,179.362871289253,114.124465316534,8.9,63.6
"2912","DHS","Guatemala","Men","1980-1989","All",45.9429988563061,4.42321389913559,2.9360379576683,9.6,66.4
"2913","DHS","Guatemala","Women","1960-1969","All",2023.41427991539,96.5149848759174,64.6419908702374,4.8,67
"2914","DHS","Guatemala","Women","1970-1979","All",5451.01340861619,341.692985117435,247.345139048994,6.3,72.4
"2915","DHS","Guatemala","Women","1980-1989","All",159.391144514084,19.5592670440674,14.1426921486855,12.3,72.3
"2916","DHS","Guinea","Men","1950-1959","All",37.486220896244,0,0,0,NA
"2917","DHS","Guinea","Men","1960-1969","All",514.963152706623,10.8021518588066,5.64801388978958,2.1,52.3
"2918","DHS","Guinea","Men","1970-1979","All",776.758643597364,33.5230411887169,12.1450400352478,4.3,36.2
"2919","DHS","Guinea","Men","1980-1989","All",362.832261323929,54.5871837735176,28.8695427179337,15,52.9
"2920","DHS","Guinea","Women","1960-1969","All",171.208185315132,11.0521720051765,2.9341059923172,6.5,26.5
"2921","DHS","Guinea","Women","1970-1979","All",1917.01540118456,86.9888456761837,11.531073987484,4.5,13.3
"2922","DHS","Guinea","Women","1980-1989","All",1077.73086249828,53.6257525682449,7.61783814430237,5,14.2
"2923","DHS","Guyana","Men","1950-1959","All",45.7839989066124,1.25896799564362,0.305727005004883,2.7,24.3
"2924","DHS","Guyana","Men","1960-1969","All",882.327027861029,113.131522335112,54.3787377178669,12.8,48.1
"2925","DHS","Guyana","Men","1970-1979","All",405.839086923748,62.3665738478303,30.3802072405815,15.4,48.7
"2926","DHS","Guyana","Women","1950-1959","All",55.3462432324886,3.40560299158096,3.40560299158096,6.2,100
"2927","DHS","Guyana","Women","1960-1969","All",1243.52012580261,93.0060611218214,40.3722960054874,7.5,43.4
"2928","DHS","Guyana","Women","1970-1979","All",611.203567299992,47.0843793451786,25.9330283105373,7.7,55.1
"2929","DHS","Haiti","Men","1950-1959","All",1103.43267981708,21.2478537857533,11.740760833025,1.9,55.3
"2930","DHS","Haiti","Men","1960-1969","All",1908.81161041558,61.2721250504255,28.7074591219425,3.2,46.9
"2931","DHS","Haiti","Men","1970-1979","All",2240.20502339303,155.894103884697,91.8902620971203,7,58.9
"2932","DHS","Haiti","Men","1980-1989","All",601.260769024491,78.8258086442947,47.3002239763737,13.1,60
"2933","DHS","Haiti","Women","1950-1959","All",451.74409724772,0,0,0,NA
"2934","DHS","Haiti","Women","1960-1969","All",1207.19438187778,23.0098567008972,7.36207586526871,1.9,32
"2935","DHS","Haiti","Women","1970-1979","All",2723.25569338351,161.90804733336,66.558139488101,5.9,41.1
"2936","DHS","Haiti","Women","1980-1989","All",724.871198676527,78.2065722867846,41.9447966814041,10.8,53.6
"2937","DHS","Honduras","Men","1950-1959","All",747.483349055052,33.668733805418,15.310035020113,4.5,45.5
"2938","DHS","Honduras","Men","1960-1969","All",1129.77545271069,70.6702416539192,31.3170469105244,6.3,44.3
"2939","DHS","Honduras","Men","1970-1979","All",1000.34929417819,112.390653200448,60.3898769766092,11.2,53.7
"2940","DHS","Honduras","Women","1960-1969","All",3107.07364629954,139.872022077441,81.5007162541151,4.5,58.3
"2941","DHS","Honduras","Women","1970-1979","All",3647.3026805222,167.572947368026,105.408872574568,4.6,62.9
"2942","DHS","India","Men","1960-1969","All",16751.7116256306,1186.60566491843,239.926552519435,7.1,20.2
"2943","DHS","India","Men","1970-1979","All",25427.1437258064,2240.23605486471,733.276053396636,8.8,32.7
"2944","DHS","India","Men","1980-1989","All",3804.34565689904,449.349209240638,188.61202429235,11.8,42
"2945","DHS","India","Women","1960-1969","All",54201.0236464499,1893.64834691025,401.692459995742,3.5,21.2
"2946","DHS","India","Women","1970-1979","All",166293.246106574,6307.9106554878,1688.24860759242,3.8,26.8
"2947","DHS","India","Women","1980-1989","All",22862.3745890966,1203.314720214,393.288058660924,5.3,32.7
"2948","DHS","Indonesia","Men","1960-1969","All",2405.34378487617,49.3289200365543,0,2.1,0
"2949","DHS","Indonesia","Men","1970-1979","All",3580.7717634812,145.896980077028,0,4.1,0
"2950","DHS","Indonesia","Men","1980-1989","All",1035.72405137867,58.7632550001144,0,5.7,0
"2951","DHS","Indonesia","Women","1960-1969","All",2934.92660508305,166.283376865089,59.2843899801373,5.7,35.7
"2952","DHS","Indonesia","Women","1970-1979","All",14282.7678520009,797.097141638398,320.802037894726,5.6,40.2
"2953","DHS","Indonesia","Women","1980-1989","All",4363.43447256088,259.319547072053,93.3319699168205,5.9,36
"2954","DHS","Ivory Coast","Men","1950-1959","All",320.808872766793,2.67891505360603,0.287833005189896,0.8,10.7
"2955","DHS","Ivory Coast","Men","1960-1969","All",750.356207769364,24.988842189312,9.60429719090462,3.3,38.4
"2956","DHS","Ivory Coast","Men","1970-1979","All",816.222971245646,56.732207801193,35.951201967895,7,63.4
"2957","DHS","Ivory Coast","Women","1960-1969","All",1056.5686833486,33.3249029442668,8.30997591465712,3.2,24.9
"2958","DHS","Ivory Coast","Women","1970-1979","All",1596.39056823403,58.0364419966936,18.9686839431524,3.6,32.7
"2959","DHS","Kazakhstan","Men","1930-1939","All",6.77517890930176,0,0,0,NA
"2960","DHS","Kazakhstan","Men","1940-1949","All",168.04233661294,3.03430896997452,0.537073016166687,1.8,17.7
"2961","DHS","Kazakhstan","Men","1950-1959","All",303.951162993908,13.3314748108387,8.93918386101723,4.4,67.1
"2962","DHS","Kazakhstan","Men","1960-1969","All",204.768624812365,12.6945637762547,6.86634692549706,6.2,54.1
"2963","DHS","Kazakhstan","Women","1940-1949","All",17.7938340008259,0,0,0,NA
"2964","DHS","Kazakhstan","Women","1950-1959","All",1235.1549270153,69.2496021687984,47.2512041330338,5.6,68.2
"2965","DHS","Kazakhstan","Women","1960-1969","All",699.558806359768,32.5048139691353,18.9532950818539,4.6,58.3
"2966","DHS","Kenya","Men","1950-1959","All",44.4854817837477,0,0,0,NA
"2967","DHS","Kenya","Men","1960-1969","All",1589.60987130925,43.3284064009786,27.055420294404,2.7,62.4
"2968","DHS","Kenya","Men","1970-1979","All",2630.13560653478,136.040042355657,78.3308572471142,5.2,57.6
"2969","DHS","Kenya","Women","1960-1969","All",2430.21684770659,45.8233221024275,16.2900351583958,1.9,35.5
"2970","DHS","Kenya","Women","1970-1979","All",6484.56768163666,197.673999838531,117.876628816128,3,59.6
"2971","DHS","Kyrgyzstan","Men","1960-1969","All",400.561603203416,7.57808414101601,3.16304904222488,1.9,41.7
"2972","DHS","Kyrgyzstan","Men","1970-1979","All",463.327619150281,25.3981218039989,9.96623504161835,5.5,39.2
"2973","DHS","Kyrgyzstan","Women","1960-1969","All",1316.35000766069,35.7161699533463,15.4328520894051,2.7,43.2
"2974","DHS","Kyrgyzstan","Women","1970-1979","All",1434.93918298185,67.1536670923233,20.658304899931,4.7,30.8
"2975","DHS","Lesotho","Men","1950-1959","All",125.258551590145,8.38191601634026,1.72306898236275,6.7,20.6
"2976","DHS","Lesotho","Men","1960-1969","All",317.98785020411,28.0062488913536,13.2855950295925,8.8,47.4
"2977","DHS","Lesotho","Men","1970-1979","All",492.011423386633,84.622029080987,62.616022080183,17.2,74
"2978","DHS","Lesotho","Women","1960-1969","All",513.990253552794,24.6253219544888,6.80651086568832,4.8,27.6
"2979","DHS","Lesotho","Women","1970-1979","All",1291.17500938475,58.5118911862373,16.0316239595413,4.5,27.4
"2980","DHS","Liberia","Men","1950-1959","All",2.32391905784607,0,0,0,NA
"2981","DHS","Liberia","Men","1960-1969","All",427.262674055994,3.96812492609024,2.95038491487503,0.9,74.4
"2982","DHS","Liberia","Men","1970-1979","All",738.43416890502,13.9600817337632,5.61443290114403,1.9,40.2
"2983","DHS","Liberia","Men","1980-1989","All",495.762800808996,7.34738323092461,5.4074482023716,1.5,73.6
"2984","DHS","Liberia","Women","1960-1969","All",7.93713784217834,0,0,0,NA
"2985","DHS","Liberia","Women","1970-1979","All",1391.56905078888,14.901070997119,5.73561507463455,1.1,38.5
"2986","DHS","Liberia","Women","1980-1989","All",1015.03288649023,14.8610429763794,3.84390109777451,1.5,25.9
"2987","DHS","Madagascar","Men","1940-1949","All",33.0538318827748,0.485190987586975,0,1.5,0
"2988","DHS","Madagascar","Men","1950-1959","All",997.077459260821,33.626638263464,7.76078900694847,3.4,23.1
"2989","DHS","Madagascar","Men","1960-1969","All",1497.9954289645,60.278814420104,14.8661119937897,4,24.7
"2990","DHS","Madagascar","Men","1970-1979","All",775.351020887494,51.4032133072615,22.0424940288067,6.6,42.9
"2991","DHS","Madagascar","Women","1950-1959","All",204.059473194182,7.27243402600288,0.722106993198395,3.6,9.9
"2992","DHS","Madagascar","Women","1960-1969","All",3362.2117164731,160.276163980365,35.3496379256248,4.8,22.1
"2993","DHS","Madagascar","Women","1970-1979","All",1774.78569143265,63.8193732723594,15.9963881075382,3.6,25.1
"2994","DHS","Malawi","Men","1960-1969","All",693.215400006622,14.8998809810728,7.13433901034296,2.1,47.9
"2995","DHS","Malawi","Men","1970-1979","All",1379.6086716596,41.1473381742835,27.2431341707706,3,66.2
"2996","DHS","Malawi","Men","1980-1989","All",232.226986083202,4.33817690610886,0.778351008892059,1.9,17.9
"2997","DHS","Malawi","Women","1960-1969","All",1143.93684117123,14.4474610686302,0,1.3,0
"2998","DHS","Malawi","Women","1970-1979","All",4549.92907932866,48.1722030611709,5.79041803628206,1.1,12
"2999","DHS","Malawi","Women","1980-1989","All",825.774763364345,10.4514699717984,4.4229409378022,1.3,42.3
"3000","DHS","Maldives","Men","1960-1969","All",209.693635970354,17.8851990103722,6.59121704101562,8.5,36.9
"3001","DHS","Maldives","Men","1970-1979","All",908.069121897221,90.2705749571323,36.797415792942,9.9,40.8
"3002","DHS","Maldives","Men","1980-1989","All",216.427684158087,34.3969310522079,11.1268979907036,15.9,32.3
"3003","DHS","Maldives","Women","1960-1969","All",427.631673961878,20.5585948526859,1.55432403087616,4.8,7.6
"3004","DHS","Maldives","Women","1970-1979","All",1673.80586078763,78.4118156582117,25.497860699892,4.7,32.5
"3005","DHS","Maldives","Women","1980-1989","All",524.640858769417,30.9451729655266,5.52973791956902,5.9,17.9
"3006","DHS","Mali","Men","1950-1959","All",33.8210876993835,0.853865027427673,0,2.5,0
"3007","DHS","Mali","Men","1960-1969","All",651.112694907468,8.77861190587282,2.44251698255539,1.3,27.8
"3008","DHS","Mali","Men","1970-1979","All",918.000800231937,17.8584759002551,6.21328700054437,1.9,34.8
"3009","DHS","Mali","Men","1980-1989","All",440.46887424821,27.884836666286,6.14178993925452,6.3,22
"3010","DHS","Mali","Women","1960-1969","All",130.804602466058,2.82539892196655,0,2.2,0
"3011","DHS","Mali","Women","1970-1979","All",1758.84482630016,40.2583787478507,3.57181801553816,2.3,8.9
"3012","DHS","Mali","Women","1980-1989","All",1014.0823473474,30.1514250878245,4.47168689034879,3,14.8
"3013","DHS","Mauritania","Men","1940-1949","All",142.273307815194,6.31270989775658,2.02646493911743,4.4,32.1
"3014","DHS","Mauritania","Men","1950-1959","All",346.592090770602,14.8818902522326,6.26701019704342,4.3,42.1
"3015","DHS","Mauritania","Men","1960-1969","All",330.198389559984,50.5334511399269,34.76474198699,15.3,68.8
"3016","DHS","Mauritania","Women","1950-1959","All",900.910475991666,61.4866902679205,16.3636640161276,6.8,26.6
"3017","DHS","Mauritania","Women","1960-1969","All",1165.04138643295,92.6638089865446,40.4601679444313,8,43.7
"3018","DHS","Mozambique","Men","1940-1949","All",72.6632569432259,0.365552991628647,0,0.5,0
"3019","DHS","Mozambique","Men","1950-1959","All",362.606396228075,8.1437381207943,0,2.2,0
"3020","DHS","Mozambique","Men","1960-1969","All",469.575344592333,12.6228640675545,2.27997997403145,2.7,18.1
"3021","DHS","Mozambique","Men","1970-1979","All",596.222270444036,18.239657074213,4.56962302327156,3.1,25.1
"3022","DHS","Mozambique","Women","1960-1969","All",1801.38788765669,68.6818648576736,7.83358404040337,3.8,11.4
"3023","DHS","Mozambique","Women","1970-1979","All",2156.27024209499,94.2002159953117,13.086128026247,4.4,13.9
"3024","DHS","Myanmar","Men","1960-1969","All",431.466305032372,38.0511011108756,20.7145939767361,8.8,54.4
"3025","DHS","Myanmar","Men","1970-1979","All",1337.37280581146,191.50807775557,113.574859604239,14.3,59.3
"3026","DHS","Myanmar","Men","1980-1989","All",169.52868527174,42.7317386865616,26.4052609950304,25.2,61.8
"3027","DHS","Myanmar","Women","1960-1969","All",1172.43471875787,209.104196511209,166.652313344181,17.8,79.7
"3028","DHS","Myanmar","Women","1970-1979","All",3634.8486591056,667.150825403631,543.121750168502,18.4,81.4
"3029","DHS","Myanmar","Women","1980-1989","All",495.645249508321,125.783906958997,95.1960678994656,25.4,75.7
"3030","DHS","Namibia","Men","1940-1949","All",30.0076306164265,0,0,0,NA
"3031","DHS","Namibia","Men","1950-1959","All",288.326397165656,0,0,0,NA
"3032","DHS","Namibia","Men","1960-1969","All",538.74982444942,47.3589653074741,32.9737213551998,8.8,69.6
"3033","DHS","Namibia","Men","1970-1979","All",715.598424747586,87.2089050859213,72.922813013196,12.2,83.6
"3034","DHS","Namibia","Women","1940-1949","All",0,0,0,NA,NA
"3035","DHS","Namibia","Women","1950-1959","All",0,0,0,NA,NA
"3036","DHS","Namibia","Women","1960-1969","All",948.638073794544,53.1869481354952,29.9473070651293,5.6,56.3
"3037","DHS","Namibia","Women","1970-1979","All",1784.98087352514,102.403099767864,66.4212275743484,5.7,64.9
"3038","DHS","Nepal","Men","1960-1969","All",289.33176843822,1.44464898109436,0,0.5,0
"3039","DHS","Nepal","Men","1970-1979","All",931.65493285656,20.0586179345846,4.22653299570084,2.2,21.1
"3040","DHS","Nepal","Men","1980-1989","All",201.890661895275,12.050430059433,7.20410007238388,6,59.8
"3041","DHS","Nepal","Women","1960-1969","All",703.541640236974,22.8369971066713,8.69674301147461,3.2,38.1
"3042","DHS","Nepal","Women","1970-1979","All",2886.2920075953,81.4866990149021,29.2744651436806,2.8,35.9
"3043","DHS","Nepal","Women","1980-1989","All",482.406487315893,12.7200089693069,4.87541896104813,2.6,38.3
"3044","DHS","Nicaragua","Men","1930-1939","All",23.6490813493729,0,0,0,NA
"3045","DHS","Nicaragua","Men","1940-1949","All",283.525827765465,22.3401182591915,8.73542395234108,7.9,39.1
"3046","DHS","Nicaragua","Men","1950-1959","All",485.03488907218,20.1947173476219,11.6064941883087,4.2,57.5
"3047","DHS","Nicaragua","Men","1960-1969","All",188.540209501982,8.44939106702805,4.3133220076561,4.5,51
"3048","DHS","Nicaragua","Women","1940-1949","All",305.085267961025,10.3596642613411,5.17483103275299,3.4,50
"3049","DHS","Nicaragua","Women","1950-1959","All",2461.01156377792,85.8110231757164,50.1431846618652,3.5,58.4
"3050","DHS","Nicaragua","Women","1960-1969","All",1076.29605913162,51.4388648271561,28.4417964220047,4.8,55.3
"3051","DHS","Niger","Men","1950-1959","All",330.285466559231,2.43305090069771,0.258978992700577,0.7,10.6
"3052","DHS","Niger","Men","1960-1969","All",742.8430782184,7.96320712566376,3.46168103814125,1.1,43.5
"3053","DHS","Niger","Men","1970-1979","All",770.873992495239,37.0028839856386,11.9006690084934,4.8,32.2
"3054","DHS","Niger","Women","1960-1969","All",1125.81199812144,16.9430469870567,2.88251203298569,1.5,17
"3055","DHS","Niger","Women","1970-1979","All",2082.79583282024,41.5762262642384,12.4417660832405,2,29.9
"3056","DHS","Nigeria","Men","1950-1959","All",67.3751730024815,1.61302798986435,0.796519994735718,2.4,49.4
"3057","DHS","Nigeria","Men","1960-1969","All",1499.35735217482,22.0238080322742,9.72823601961136,1.5,44.2
"3058","DHS","Nigeria","Men","1970-1979","All",2858.67941588163,114.933746218681,56.328611344099,4,49
"3059","DHS","Nigeria","Men","1980-1989","All",1606.81810408831,159.287121042609,90.5549629181623,9.9,56.9
"3060","DHS","Nigeria","Women","1960-1969","All",733.405665136874,22.2970591932535,2.3136790394783,3,10.4
"3061","DHS","Nigeria","Women","1970-1979","All",7690.95242066681,263.109476938844,85.1481791138649,3.4,32.4
"3062","DHS","Nigeria","Women","1980-1989","All",4680.44680096954,237.90776386857,118.481758236885,5.1,49.8
"3063","DHS","Peru","Men","1930-1939","All",55.3288195133209,2.55169993638992,2.29400992393494,4.6,89.9
"3064","DHS","Peru","Men","1940-1949","All",312.012684434652,18.6068502217531,5.2281900793314,6,28.1
"3065","DHS","Peru","Men","1950-1959","All",457.620578527451,51.1588537544012,30.8924334049225,11.2,60.4
"3066","DHS","Peru","Men","1960-1969","All",86.8767058998346,18.1664501130581,11.3654019534588,20.9,62.6
"3067","DHS","Peru","Women","1940-1949","All",1260.85054424405,61.248717725277,39.0761068761349,4.9,63.8
"3068","DHS","Peru","Women","1950-1959","All",6205.49830761552,342.236200302839,225.399560555816,5.5,65.9
"3069","DHS","Peru","Women","1960-1969","All",1345.13033011556,100.815738618374,84.9810955673456,7.5,84.3
"3070","DHS","Philippines","Men","1940-1949","All",82.1639978587627,1.75331199169159,1.75331199169159,2.1,100
"3071","DHS","Philippines","Men","1950-1959","All",795.564745724201,71.1360472738743,41.4150532782078,8.9,58.2
"3072","DHS","Philippines","Men","1960-1969","All",945.581382274628,124.130945682526,75.3645468652248,13.1,60.7
"3073","DHS","Philippines","Women","1950-1959","All",1784.04102227092,120.567898392677,70.8759080767632,6.8,58.8
"3074","DHS","Philippines","Women","1960-1969","All",3004.21762415767,277.575754523277,178.651304394007,9.2,64.4
"3075","DHS","Republic of Moldova","Men","1940-1949","All",183.782462030649,10.6371200680733,2.51287406682968,5.8,23.6
"3076","DHS","Republic of Moldova","Men","1950-1959","All",639.594806820154,35.4730869531631,11.6638799309731,5.5,32.9
"3077","DHS","Republic of Moldova","Men","1960-1969","All",503.933032512665,47.6345050930977,12.8338449597359,9.5,26.9
"3078","DHS","Republic of Moldova","Men","1970-1979","All",36.033224850893,3.89612793922424,1.14189195632935,10.8,29.3
"3079","DHS","Republic of Moldova","Women","1950-1959","All",1013.7739251256,43.8777599036694,9.15762197971344,4.3,20.9
"3080","DHS","Republic of Moldova","Women","1960-1969","All",1885.10748249292,86.9155422449112,22.7963740825653,4.6,26.2
"3081","DHS","Republic of Moldova","Women","1970-1979","All",111.774897187948,3.37219700217247,0.472640991210938,3,14
"3082","DHS","Rwanda","Men","1960-1969","All",628.565685674548,18.0677859783173,10.052601993084,2.9,55.6
"3083","DHS","Rwanda","Men","1970-1979","All",982.668150022626,25.4797480404377,12.0698869824409,2.6,47.4
"3084","DHS","Rwanda","Men","1980-1989","All",870.975390225649,52.5051353871822,31.7243301570415,6,60.4
"3085","DHS","Rwanda","Women","1960-1969","All",1.05690503120422,0,0,0,NA
"3086","DHS","Rwanda","Women","1970-1979","All",2492.16186404973,67.4930052012205,34.8618949949741,2.7,51.7
"3087","DHS","Rwanda","Women","1980-1989","All",2278.12345286459,88.8462593704462,57.3405561596155,3.9,64.5
"3088","DHS","Sao Tome and Principe","Men","1940-1949","All",13.1806940883398,0,0,0,NA
"3089","DHS","Sao Tome and Principe","Men","1950-1959","All",235.435841947794,6.56187003850937,5.38000205159187,2.8,82
"3090","DHS","Sao Tome and Principe","Men","1960-1969","All",347.688616111875,24.5844800025225,11.8921290487051,7.1,48.4
"3091","DHS","Sao Tome and Principe","Men","1970-1979","All",188.046105265617,16.2267652899027,9.57615526020527,8.6,59
"3092","DHS","Sao Tome and Principe","Women","1950-1959","All",50.7866867482662,0.801778018474579,0.801778018474579,1.6,100
"3093","DHS","Sao Tome and Principe","Women","1960-1969","All",498.70517809689,4.38690489530563,0,0.9,0
"3094","DHS","Sao Tome and Principe","Women","1970-1979","All",201.601245328784,0.728791981935501,0,0.4,0
"3095","DHS","Senegal","Men","1950-1959","All",31.847346842289,0,0,0,NA
"3096","DHS","Senegal","Men","1960-1969","All",389.28710912168,20.040498226881,6.79300707578659,5.1,33.9
"3097","DHS","Senegal","Men","1970-1979","All",653.218880437315,69.6438574492931,46.7866031527519,10.7,67.2
"3098","DHS","Senegal","Men","1980-1989","All",300.36997282505,78.8897420316935,42.9538827836514,26.3,54.4
"3099","DHS","Senegal","Women","1960-1969","All",132.040401734412,6.98525008559227,3.65670204162598,5.3,52.3
"3100","DHS","Senegal","Women","1970-1979","All",1615.90726334602,111.325486652553,46.8079148232937,6.9,42
"3101","DHS","Senegal","Women","1980-1989","All",947.005913563073,71.5885306894779,18.1710665822029,7.6,25.4
"3102","DHS","Sierra Leone","Men","1950-1959","All",14.400931045413,0,0,0,NA
"3103","DHS","Sierra Leone","Men","1960-1969","All",827.124428138137,6.78684103488922,2.86249208450317,0.8,42.2
"3104","DHS","Sierra Leone","Men","1970-1979","All",1309.55218286812,23.4938340485096,16.8184759020805,1.8,71.6
"3105","DHS","Sierra Leone","Men","1980-1989","All",758.547587230802,52.6550091058016,27.1424379050732,6.9,51.5
"3106","DHS","Sierra Leone","Women","1960-1969","All",34.9770249277353,0,0,0,NA
"3107","DHS","Sierra Leone","Women","1970-1979","All",2675.90233418345,46.8401515036821,6.28819310665131,1.8,13.4
"3108","DHS","Sierra Leone","Women","1980-1989","All",2137.45457112789,53.1960359662771,14.2420510053635,2.5,26.8
"3109","DHS","South Africa","Men","1950-1959","All",132.085782065988,11.6388710737228,8.43004113435745,8.8,72.4
"3110","DHS","South Africa","Men","1960-1969","All",452.170554332435,55.5268457680941,34.5829190164804,12.3,62.3
"3111","DHS","South Africa","Men","1970-1979","All",692.293116517365,77.8681046962738,53.9707827866077,11.2,69.3
"3112","DHS","South Africa","Men","1980-1989","All",150.616266474128,28.5669389218092,22.2488909512758,19,77.9
"3113","DHS","South Africa","Women","1960-1969","All",615.854240566492,38.7494173943996,15.2338821440935,6.3,39.3
"3114","DHS","South Africa","Women","1970-1979","All",1869.81478206068,101.165170922875,54.781428873539,5.4,54.2
"3115","DHS","South Africa","Women","1980-1989","All",409.940397709608,27.2657830715179,17.9928850382566,6.7,66
"3116","DHS","Swaziland","Men","1950-1959","All",150.314933732152,3.64343100786209,1.61559504270554,2.4,44.3
"3117","DHS","Swaziland","Men","1960-1969","All",597.713580936193,42.0521879196167,25.7092730104923,7,61.1
"3118","DHS","Swaziland","Men","1970-1979","All",141.397755712271,13.780993938446,10.3921809792519,9.7,75.4
"3119","DHS","Swaziland","Women","1950-1959","All",232.357053890824,7.87423610687256,2.27870404720306,3.4,28.9
"3120","DHS","Swaziland","Women","1960-1969","All",909.548676945269,39.3247029855847,9.73275396972895,4.3,24.7
"3121","DHS","Swaziland","Women","1970-1979","All",180.900522582233,9.1458720266819,4.55487295985222,5.1,49.8
"3122","DHS","Tanzania","Men","1960-1969","All",250.07960017398,9.87082191556692,3.45597803592682,3.9,35
"3123","DHS","Tanzania","Men","1970-1979","All",790.218854080886,26.7751310765743,16.5378490388393,3.4,61.8
"3124","DHS","Tanzania","Men","1980-1989","All",73.7958229258657,1.01529097557068,0,1.4,0
"3125","DHS","Tanzania","Women","1960-1969","All",746.663967914879,11.3719709664583,1.21150103211403,1.5,10.7
"3126","DHS","Tanzania","Women","1970-1979","All",2875.16195577383,76.1376710757613,18.5654609203339,2.6,24.4
"3127","DHS","Tanzania","Women","1980-1989","All",379.494664885104,8.8084029853344,3.03738693892956,2.3,34.5
"3128","DHS","Timor-Leste","Men","1950-1959","All",108.273905366659,7.9349889755249,2.40236303210258,7.3,30.3
"3129","DHS","Timor-Leste","Men","1960-1969","All",715.850519388914,60.1359626799822,32.428961455822,8.4,53.9
"3130","DHS","Timor-Leste","Men","1970-1979","All",833.408824846148,92.7579489797354,53.3666296601295,11.1,57.5
"3131","DHS","Timor-Leste","Men","1980-1989","All",178.327557310462,37.4554629027843,29.3142069280148,21,78.3
"3132","DHS","Timor-Leste","Women","1960-1969","All",612.837151899934,41.3580051660538,28.9178512245417,6.7,69.9
"3133","DHS","Timor-Leste","Women","1970-1979","All",2513.44474355876,166.688448444009,110.59157127142,6.6,66.3
"3134","DHS","Timor-Leste","Women","1980-1989","All",548.453602820635,62.2357025742531,46.21015201509,11.3,74.3
"3135","DHS","Togo","Men","1950-1959","All",205.933806240559,2.7656979560852,2.7656979560852,1.3,100
"3136","DHS","Togo","Men","1960-1969","All",656.164762824774,15.2339030951262,7.06313614547253,2.3,46.4
"3137","DHS","Togo","Men","1970-1979","All",862.592113822699,60.174939095974,31.968691945076,7,53.1
"3138","DHS","Togo","Women","1960-1969","All",921.260800644755,18.2301938533783,6.24557507038116,2,34.3
"3139","DHS","Togo","Women","1970-1979","All",2084.69378228486,67.7885188162327,19.0264160633087,3.3,28.1
"3140","DHS","Turkey","Men","1910-1919","All",0.966517984867096,0,0,0,NA
"3141","DHS","Turkey","Men","1920-1929","All",6.23384112119675,1.41148102283478,0,22.6,0
"3142","DHS","Turkey","Men","1930-1939","All",29.4154120385647,0,0,0,NA
"3143","DHS","Turkey","Men","1940-1949","All",235.817298203707,6.01355493068695,0,2.6,0
"3144","DHS","Turkey","Men","1950-1959","All",592.939630836248,10.9497210383415,0,1.8,0
"3145","DHS","Turkey","Men","1960-1969","All",286.091470360756,7.30440208315849,0,2.6,0
"3146","DHS","Turkey","Women","1940-1949","All",128.883949100971,5.87401494383812,4.35360500216484,4.6,74.1
"3147","DHS","Turkey","Women","1950-1959","All",1708.71488016844,67.9161053597927,29.2126267254353,4,43
"3148","DHS","Turkey","Women","1960-1969","All",861.721200048923,50.7524827718735,21.0358110070229,5.9,41.4
"3149","DHS","Uganda","Men","1960-1969","All",472.156763803214,9.5616979598999,4.49908304214478,2,47.1
"3150","DHS","Uganda","Men","1970-1979","All",948.100283131003,24.1735290884972,12.1800671219826,2.5,50.4
"3151","DHS","Uganda","Men","1980-1989","All",202.07413938269,7.35570295155048,6.26935897767544,3.6,85.2
"3152","DHS","Uganda","Women","1960-1969","All",731.446914110333,9.16063888370991,0.93028998374939,1.3,10.2
"3153","DHS","Uganda","Women","1970-1979","All",3374.0400586091,74.7750922888517,24.110966861248,2.2,32.2
"3154","DHS","Uganda","Women","1980-1989","All",720.131756931543,8.26686799526215,4.45782196521759,1.1,53.9
"3155","DHS","Ukraine","Men","1950-1959","All",218.993493616581,15.8404978215694,3.88590797781944,7.2,24.5
"3156","DHS","Ukraine","Men","1960-1969","All",863.085322827101,102.359382808208,30.9069300591946,11.9,30.2
"3157","DHS","Ukraine","Men","1970-1979","All",277.728358536959,45.5098280906677,20.3813590109348,16.4,44.8
"3158","DHS","Ukraine","Women","1950-1959","All",433.754307061434,22.2963781952858,2.66917610168457,5.1,12
"3159","DHS","Ukraine","Women","1960-1969","All",2045.27956673503,119.545847177505,29.5686569213867,5.8,24.7
"3160","DHS","Ukraine","Women","1970-1979","All",590.428092703223,50.5565149784088,14.8729389309883,8.6,29.4
"3161","DHS","Zambia","Men","1950-1959","All",58.1338198035955,1.42284202575684,0,2.4,0
"3162","DHS","Zambia","Men","1960-1969","All",1056.31117600203,19.7122111916542,14.4762271344662,1.9,73.4
"3163","DHS","Zambia","Men","1970-1979","All",2070.85412638634,63.9732597246766,41.2848659157753,3.1,64.5
"3164","DHS","Zambia","Men","1980-1989","All",1030.12037087977,63.030874401331,39.1219271719456,6.1,62.1
"3165","DHS","Zambia","Women","1960-1969","All",175.65563853085,2.89738300442696,0,1.6,0
"3166","DHS","Zambia","Women","1970-1979","All",2327.78561836109,47.1939487159252,20.7726420760155,2,44
"3167","DHS","Zambia","Women","1980-1989","All",1346.5020436421,16.9419170282781,7.53982710838318,1.3,44.5
"3168","DHS","Zimbabwe","Men","1960-1969","All",805.527701176703,18.9950738921762,8.0731238797307,2.4,42.5
"3169","DHS","Zimbabwe","Men","1970-1979","All",1687.92750672251,82.8590080887079,31.7206710577011,4.9,38.3
"3170","DHS","Zimbabwe","Men","1980-1989","All",178.344242438674,18.4170549809933,14.7686800062656,10.3,80.2
"3171","DHS","Zimbabwe","Women","1960-1969","All",455.448356337845,19.1609609127045,9.52530501782894,4.2,49.7
"3172","DHS","Zimbabwe","Women","1970-1979","All",2098.90689720958,67.6971870064735,29.6482157707214,3.2,43.8
"3173","DHS","Zimbabwe","Women","1980-1989","All",229.085639975965,4.61328414082527,3.77191814780235,2,81.8
"3174","ESS","Austria","Men","1910-1919","All",1.50058573430245,0,0,0,NA
"3175","ESS","Austria","Men","1920-1929","All",11.8971965221153,1.12452545268644,0.456069280190974,9.5,40.6
"3176","ESS","Austria","Men","1930-1939","All",39.2739581550471,3.77551456184635,0.812174020617771,9.6,21.5
"3177","ESS","Austria","Men","1940-1949","All",88.0249280735422,13.4450197989908,1.07429492061886,15.3,8
"3178","ESS","Austria","Men","1950-1959","All",115.024645840389,15.8154827670597,3.38801789870471,13.7,21.4
"3179","ESS","Austria","Men","1960-1969","All",133.737707328597,30.2701571786006,10.1131782080979,22.6,33.4
"3180","ESS","Austria","Men","1970-1979","All",68.1375794276961,19.8377550964966,3.75350851570283,29.1,18.9
"3181","ESS","Austria","Men","1980-1989","All",24.9472284320035,9.56419604609238,2.06192448077436,38.3,21.6
"3182","ESS","Austria","Women","1910-1919","All",0.239294995345151,0.239294995345151,0,100,0
"3183","ESS","Austria","Women","1920-1929","All",17.455274340431,4.94587368504348,1.15911616918795,28.3,23.4
"3184","ESS","Austria","Women","1930-1939","All",51.3031648518064,4.61952318366704,0.664580072663414,9,14.4
"3185","ESS","Austria","Women","1940-1949","All",112.312281172867,11.8432250811174,1.85661253403765,10.5,15.7
"3186","ESS","Austria","Women","1950-1959","All",102.272104043063,13.1195407175464,4.05771731819349,12.8,30.9
"3187","ESS","Austria","Women","1960-1969","All",150.985939018221,16.3198183604165,3.04823967912063,10.8,18.7
"3188","ESS","Austria","Women","1970-1979","All",73.3542011566371,16.8756529242094,3.78899237890211,23,22.5
"3189","ESS","Austria","Women","1980-1989","All",20.7475723892772,4.75449025721576,1.91916763570097,22.9,40.4
"3190","ESS","Belgium","Men","1910-1919","All",2.77953308410659,0.694635453234312,0,25,0
"3191","ESS","Belgium","Men","1920-1929","All",21.4400153613271,2.27963276353792,1.08043155984111,10.6,47.4
"3192","ESS","Belgium","Men","1930-1939","All",62.954838675019,9.0211364261165,2.97214608649269,14.3,32.9
"3193","ESS","Belgium","Men","1940-1949","All",111.44747677939,16.8248011836066,6.91333397487689,15.1,41.1
"3194","ESS","Belgium","Men","1950-1959","All",140.644133156294,19.3492166366984,5.83257742176695,13.8,30.1
"3195","ESS","Belgium","Men","1960-1969","All",159.762355632371,33.1916898079051,9.31555484931794,20.8,28.1
"3196","ESS","Belgium","Men","1970-1979","All",82.6261064839361,12.5728887904175,2.05143590864374,15.2,16.3
"3197","ESS","Belgium","Men","1980-1989","All",28.628036483409,8.27824878318928,3.64888799985192,28.9,44.1
"3198","ESS","Belgium","Women","1910-1919","All",3.19148085310825,0.386103240753398,0.386103240753398,12.1,100
"3199","ESS","Belgium","Women","1920-1929","All",31.5067882161199,4.51958880120194,0.509075730921097,14.3,11.3
"3200","ESS","Belgium","Women","1930-1939","All",88.5319982183365,13.0336212363577,5.32831580144331,14.7,40.9
"3201","ESS","Belgium","Women","1940-1949","All",94.8295341251908,6.99593486182663,1.14218579609252,7.4,16.3
"3202","ESS","Belgium","Women","1950-1959","All",150.37632524978,20.5174565655119,4.68312903989049,13.6,22.8
"3203","ESS","Belgium","Women","1960-1969","All",168.403710283368,20.4842632402372,4.59811912845343,12.2,22.4
"3204","ESS","Belgium","Women","1970-1979","All",89.873729696931,9.92565822875486,1.82732831544531,11,18.4
"3205","ESS","Belgium","Women","1980-1989","All",34.5964415988649,3.7704606902325,1.52297200039688,10.9,40.4
"3206","ESS","Bulgaria","Men","1920-1929","All",13.6310880881875,0,0,0,NA
"3207","ESS","Bulgaria","Men","1930-1939","All",50.6775108437663,0.805970525610402,0.805970525610402,1.6,100
"3208","ESS","Bulgaria","Men","1940-1949","All",79.6790426652651,3.86220089555113,1.90228841554328,4.8,49.3
"3209","ESS","Bulgaria","Men","1950-1959","All",94.9717996483188,6.08105154993306,3.977947842905,6.4,65.4
"3210","ESS","Bulgaria","Men","1960-1969","All",105.084331244661,12.5280897185602,6.23287792581662,11.9,49.8
"3211","ESS","Bulgaria","Men","1970-1979","All",59.7460121335355,19.1414972780194,13.5641987252181,32,70.9
"3212","ESS","Bulgaria","Men","1980-1989","All",15.6350776850109,7.51872400242737,5.86923380720985,48.1,78.1
"3213","ESS","Bulgaria","Women","1910-1919","All",0.421748916041068,0,0,0,NA
"3214","ESS","Bulgaria","Women","1920-1929","All",13.5552151600279,0.413972078967944,0,3.1,0
"3215","ESS","Bulgaria","Women","1930-1939","All",57.9018343038723,1.82719684409019,0.344251828419873,3.2,18.8
"3216","ESS","Bulgaria","Women","1940-1949","All",109.366310910732,4.71958129680655,0.759427265899348,4.3,16.1
"3217","ESS","Bulgaria","Women","1950-1959","All",119.86718904894,3.89767156122533,1.91451630767948,3.3,49.1
"3218","ESS","Bulgaria","Women","1960-1969","All",100.682026722721,6.11079894853197,4.5799730032788,6.1,74.9
"3219","ESS","Bulgaria","Women","1970-1979","All",63.6226025823063,6.72731370718575,3.46266699182504,10.6,51.5
"3220","ESS","Bulgaria","Women","1980-1989","All",11.4279575865487,3.06631677395242,1.68679056253207,26.8,55
"3221","ESS","Croatia","Men","1930-1939","All",6.5668388547931,0.328248709451592,0.162003832323861,5,49.4
"3222","ESS","Croatia","Men","1940-1949","All",13.2097372804185,0.601446576363874,0.34584761917636,4.6,57.5
"3223","ESS","Croatia","Men","1950-1959","All",30.2044384235203,3.50506580310761,1.47621749399952,11.6,42.1
"3224","ESS","Croatia","Men","1960-1969","All",29.1709282463545,5.50404447825788,2.59068194481692,18.9,47.1
"3225","ESS","Croatia","Men","1970-1979","All",25.1266544732577,6.14626714082839,2.61309713597389,24.5,42.5
"3226","ESS","Croatia","Men","1980-1989","All",10.2800386441603,4.03275314234991,1.98957475702315,39.2,49.3
"3227","ESS","Croatia","Women","1920-1929","All",1.12684290690075,0.339928830742481,0.2682313910357,30.2,78.9
"3228","ESS","Croatia","Women","1930-1939","All",7.31295975853687,0.762374457428183,0.341127582436606,10.4,44.7
"3229","ESS","Croatia","Women","1940-1949","All",20.7641347513717,1.1926126725362,0.55598321523104,5.7,46.6
"3230","ESS","Croatia","Women","1950-1959","All",32.410878502299,2.7180918601838,0.646755667337041,8.4,23.8
"3231","ESS","Croatia","Women","1960-1969","All",32.6815008726879,4.21607276909124,1.51989657057027,12.9,36.1
"3232","ESS","Croatia","Women","1970-1979","All",25.9448331070494,2.50471426386065,0.948771437102504,9.7,37.9
"3233","ESS","Croatia","Women","1980-1989","All",12.8876396000174,1.58570211289237,0.89705557317073,12.3,56.6
"3234","ESS","Cyprus","Men","1920-1929","All",1.46310821572483,0.067306271373202,0.04139319043448,4.6,61.5
"3235","ESS","Cyprus","Men","1930-1939","All",4.62157338548702,0.142317130757625,0.025913080938722,3.1,18.2
"3236","ESS","Cyprus","Men","1940-1949","All",6.78256605539498,0.177040785180098,0.0601894947745993,2.6,34
"3237","ESS","Cyprus","Men","1950-1959","All",10.0904506413903,0.626203596385733,0.24149661025576,6.2,38.6
"3238","ESS","Cyprus","Men","1960-1969","All",10.4996282296941,0.848583962278991,0.192289914516153,8.1,22.7
"3239","ESS","Cyprus","Men","1970-1979","All",6.57735087965355,1.2366320424351,0.391647116502068,18.8,31.7
"3240","ESS","Cyprus","Men","1980-1989","All",2.22841334804205,0.756135551240583,0.357279955629686,33.9,47.3
"3241","ESS","Cyprus","Women","1920-1929","All",0.971190504865214,0.0285846119935442,0.0285846119935442,2.9,100
"3242","ESS","Cyprus","Women","1930-1939","All",4.00112326985278,0.260792603453705,0.0604456121475749,6.5,23.2
"3243","ESS","Cyprus","Women","1940-1949","All",8.00427470630065,0.88065181306599,0.273010851965853,11,31
"3244","ESS","Cyprus","Women","1950-1959","All",11.0549485614891,0.580561325532412,0.345763995052845,5.3,59.6
"3245","ESS","Cyprus","Women","1960-1969","All",12.8445723009571,0.89931166508533,0.409248945613589,7,45.5
"3246","ESS","Cyprus","Women","1970-1979","All",6.19218613626105,0.676930841262855,0.288681862985395,10.9,42.6
"3247","ESS","Cyprus","Women","1980-1989","All",2.39921320092358,0.459807436893719,0.344887574588942,19.2,75
"3248","ESS","Czechia","Men","1920-1929","All",0.197322393657906,0,0,0,NA
"3249","ESS","Czechia","Men","1930-1939","All",7.91393502630111,0.198458042608429,0,2.5,0
"3250","ESS","Czechia","Men","1940-1949","All",37.6548610134003,2.42831971081994,0.199161029528732,6.4,8.2
"3251","ESS","Czechia","Men","1950-1959","All",63.8925512052164,7.0104664262837,2.40521666494729,11,34.3
"3252","ESS","Czechia","Men","1960-1969","All",89.4053067886834,9.20211309624563,2.80686010278533,10.3,30.5
"3253","ESS","Czechia","Men","1970-1979","All",79.9461871137582,13.3746599208905,5.51102014468551,16.7,41.2
"3254","ESS","Czechia","Men","1980-1989","All",28.0079777826913,12.9386329723837,4.95155452120137,46.2,38.3
"3255","ESS","Czechia","Women","1920-1929","All",0.157292034674956,0,0,0,NA
"3256","ESS","Czechia","Women","1930-1939","All",17.310383221748,0.678794564666934,0.511460869111247,3.9,75.3
"3257","ESS","Czechia","Women","1940-1949","All",50.001817338519,2.08893825446896,0.643809277818832,4.2,30.8
"3258","ESS","Czechia","Women","1950-1959","All",78.7767327980929,4.53086027780726,0.842096295383783,5.8,18.6
"3259","ESS","Czechia","Women","1960-1969","All",77.8488911629362,5.58505479068941,1.67866047388275,7.2,30.1
"3260","ESS","Czechia","Women","1970-1979","All",80.488717680566,6.46175456067827,2.7275318350641,8,42.2
"3261","ESS","Czechia","Women","1980-1989","All",30.0479136292939,4.76106496354225,1.67640716283017,15.8,35.2
"3262","ESS","Denmark","Men","1910-1919","All",1.33866874119421,0,0,0,NA
"3263","ESS","Denmark","Men","1920-1929","All",9.71140193933766,1.65651558461365,0,17.1,0
"3264","ESS","Denmark","Men","1930-1939","All",32.3107005700665,3.20996059436135,0.339540705159664,9.9,10.6
"3265","ESS","Denmark","Men","1940-1949","All",62.2980265243398,8.28560005980247,1.90284426837983,13.3,23
"3266","ESS","Denmark","Men","1950-1959","All",70.4552847407961,11.7170130496906,1.63835330826179,16.6,14
"3267","ESS","Denmark","Men","1960-1969","All",80.6299052320135,15.7897406159004,2.72560010704649,19.6,17.3
"3268","ESS","Denmark","Men","1970-1979","All",44.795606623024,10.2853730811008,1.28099687665879,23,12.5
"3269","ESS","Denmark","Men","1980-1989","All",13.876439429691,3.81150208607683,1.0578116746985,27.5,27.8
"3270","ESS","Denmark","Women","1910-1919","All",2.33335752345722,0,0,0,NA
"3271","ESS","Denmark","Women","1920-1929","All",16.899379709719,2.31095406016855,0,13.7,0
"3272","ESS","Denmark","Women","1930-1939","All",30.6147482884506,2.19560478894275,0,7.2,0
"3273","ESS","Denmark","Women","1940-1949","All",74.7724997155787,5.81137235621766,1.15242295090305,7.8,19.8
"3274","ESS","Denmark","Women","1950-1959","All",67.6860370553077,9.59978371966413,0.387499928480388,14.2,4
"3275","ESS","Denmark","Women","1960-1969","All",73.3721405938134,12.0518510216611,1.26493176289499,16.4,10.5
"3276","ESS","Denmark","Women","1970-1979","All",52.4584752227908,5.90506880425991,1.27845891684291,11.3,21.7
"3277","ESS","Denmark","Women","1980-1989","All",12.4630072563191,1.96909355092754,0.21203572748558,15.8,10.8
"3278","ESS","Estonia","Men","1920-1929","All",1.83837677817857,0.25210200540486,0.0959139895997803,13.7,38
"3279","ESS","Estonia","Men","1930-1939","All",7.19712254441368,0.294495907394112,0.0483002139285293,4.1,16.4
"3280","ESS","Estonia","Men","1940-1949","All",10.575866801185,0.979265714218916,0.275030041525548,9.3,28.1
"3281","ESS","Estonia","Men","1950-1959","All",15.0422368852821,1.59472090907208,0.562487251482637,10.6,35.3
"3282","ESS","Estonia","Men","1960-1969","All",16.1961919710128,2.26259820261715,0.845952888242947,14,37.4
"3283","ESS","Estonia","Men","1970-1979","All",12.0369935872099,2.80609260318528,1.01526788539038,23.3,36.2
"3284","ESS","Estonia","Men","1980-1989","All",3.7519451298688,0.997036129113912,0.239242114903837,26.6,24
"3285","ESS","Estonia","Women","1905-1909","All",0.0839714424846782,0,0,0,NA
"3286","ESS","Estonia","Women","1910-1919","All",0.433013340260034,0.0507309047180335,0.0507309047180335,11.7,100
"3287","ESS","Estonia","Women","1920-1929","All",4.63321243122843,0.566446741444548,0.236164156638779,12.2,41.7
"3288","ESS","Estonia","Women","1930-1939","All",12.4336439391116,1.69778774508656,0.419116461888815,13.7,24.7
"3289","ESS","Estonia","Women","1940-1949","All",16.1962817034053,1.40499899995098,0.521099352247925,8.7,37.1
"3290","ESS","Estonia","Women","1950-1959","All",21.0010721519576,1.19755420570006,0.311452276521106,5.7,26
"3291","ESS","Estonia","Women","1960-1969","All",17.7067449690284,1.24624292753092,0.211340049468057,7,17
"3292","ESS","Estonia","Women","1970-1979","All",11.1685243053892,1.05314044663514,0.188403574348335,9.4,17.9
"3293","ESS","Estonia","Women","1980-1989","All",3.59163250565874,0.543826401920485,0.152636936702427,15.1,28.1
"3294","ESS","Finland","Men","1910-1919","All",1.56248212676256,0.204071677887955,0,13.1,0
"3295","ESS","Finland","Men","1920-1929","All",9.33711047304255,0.367362544112076,0.367362544112076,3.9,100
"3296","ESS","Finland","Men","1930-1939","All",30.0124149324869,3.01071570868359,0.733237633729196,10,24.4
"3297","ESS","Finland","Men","1940-1949","All",58.5530058124778,6.46190355321712,1.87154584081946,11,29
"3298","ESS","Finland","Men","1950-1959","All",75.3426120139453,12.9896002142142,4.5783159920611,17.2,35.2
"3299","ESS","Finland","Men","1960-1969","All",75.3746015655211,17.585361193912,5.64653060091984,23.3,32.1
"3300","ESS","Finland","Men","1970-1979","All",39.5308969471574,10.5556071286327,2.94431580746202,26.7,27.9
"3301","ESS","Finland","Men","1980-1989","All",14.4135734801203,4.17608319434769,0.246750907251144,29,5.9
"3302","ESS","Finland","Women","1905-1909","All",0.185056816120351,0,0,0,NA
"3303","ESS","Finland","Women","1910-1919","All",3.39767509900471,0.479637592773409,0,14.1,0
"3304","ESS","Finland","Women","1920-1929","All",16.1796155412739,3.06121193019693,1.94424573365061,18.9,63.5
"3305","ESS","Finland","Women","1930-1939","All",45.1893772505183,4.94092985325722,2.06664476739038,10.9,41.8
"3306","ESS","Finland","Women","1940-1949","All",67.7900503726231,7.84033415473638,2.36188972766246,11.6,30.1
"3307","ESS","Finland","Women","1950-1959","All",77.6321057154483,11.9217080938192,2.05633062845527,15.4,17.2
"3308","ESS","Finland","Women","1960-1969","All",70.8874342425382,11.0783256869455,2.40604471534246,15.6,21.7
"3309","ESS","Finland","Women","1970-1979","All",35.4896576766197,6.62522286400382,1.39121411658081,18.7,21
"3310","ESS","Finland","Women","1980-1989","All",15.9741846603839,2.7579001927348,0.626550900427652,17.3,22.7
"3311","ESS","France","Men","1910-1919","All",19.248117885607,3.85571990383167,3.85571990383167,20,100
"3312","ESS","France","Men","1920-1929","All",113.859657425556,7.30366955637287,5.20695340690209,6.4,71.3
"3313","ESS","France","Men","1930-1939","All",319.22474519253,22.5545048409123,11.6170188933877,7.1,51.5
"3314","ESS","France","Men","1940-1949","All",643.481354008679,72.6793216403893,25.8039746402896,11.3,35.5
"3315","ESS","France","Men","1950-1959","All",778.791918688364,69.8468337515143,17.3961551208989,9,24.9
"3316","ESS","France","Men","1960-1969","All",867.375739261338,142.232397483084,72.157012818775,16.4,50.7
"3317","ESS","France","Men","1970-1979","All",491.601798577218,97.8598186405204,35.0563767412472,19.9,35.8
"3318","ESS","France","Men","1980-1989","All",162.555092284177,39.6699735154304,4.14078590480953,24.4,10.4
"3319","ESS","France","Women","1910-1919","All",13.8167656879172,0,0,0,NA
"3320","ESS","France","Women","1920-1929","All",174.129763710479,19.5217893896272,7.11411049018618,11.2,36.4
"3321","ESS","France","Women","1930-1939","All",451.882056303377,46.9550339470121,15.683007063802,10.4,33.4
"3322","ESS","France","Women","1940-1949","All",699.943993284028,72.1579839606005,21.5751718131318,10.3,29.9
"3323","ESS","France","Women","1950-1959","All",863.685165597819,70.4058503149456,15.05718675375,8.2,21.4
"3324","ESS","France","Women","1960-1969","All",923.998832430986,91.1784563763316,20.3345488668621,9.9,22.3
"3325","ESS","France","Women","1970-1979","All",534.558763161643,80.7846071234012,14.2193356746005,15.1,17.6
"3326","ESS","France","Women","1980-1989","All",186.549122395909,29.3097532252886,0,15.7,0
"3327","ESS","Germany","Men","1910-1919","All",9.83927489316298,0.836481351896225,0,8.5,0
"3328","ESS","Germany","Men","1920-1929","All",139.114383170834,15.3107269857877,0,11,0
"3329","ESS","Germany","Men","1930-1939","All",557.378666823326,63.5384536167496,16.8919182067238,11.4,26.6
"3330","ESS","Germany","Men","1940-1949","All",835.461182099172,129.353046896112,11.7653425566859,15.5,9.1
"3331","ESS","Germany","Men","1950-1959","All",1123.54928058317,256.235846228883,71.9741046018945,22.8,28.1
"3332","ESS","Germany","Men","1960-1969","All",1306.04913522037,364.452609798217,95.6267550899398,27.9,26.2
"3333","ESS","Germany","Men","1970-1979","All",661.133003138102,223.828603856781,66.8309371093032,33.9,29.9
"3334","ESS","Germany","Men","1980-1989","All",228.117446570261,109.801711781194,11.8596406324159,48.1,10.8
"3335","ESS","Germany","Women","1910-1919","All",64.7251946096303,13.5035009857622,2.21847159254891,20.9,16.4
"3336","ESS","Germany","Women","1920-1929","All",341.455721848163,51.6689629687163,13.973773847798,15.1,27
"3337","ESS","Germany","Women","1930-1939","All",572.556181847688,53.5469485932264,18.2654791034189,9.4,34.1
"3338","ESS","Germany","Women","1940-1949","All",895.709828619767,111.898406133286,14.8583941085959,12.5,13.3
"3339","ESS","Germany","Women","1950-1959","All",1282.31345668314,193.864698335772,32.6744342088419,15.1,16.9
"3340","ESS","Germany","Women","1960-1969","All",1320.70998297213,244.17371813684,52.7760976258856,18.5,21.6
"3341","ESS","Germany","Women","1970-1979","All",653.787601648934,119.234183334033,19.7882713862558,18.2,16.6
"3342","ESS","Germany","Women","1980-1989","All",196.502601453951,34.9243376839588,5.2186189625786,17.8,14.9
"3343","ESS","Hungary","Men","1910-1919","All",3.00030722150763,0.356828981488938,0,11.9,0
"3344","ESS","Hungary","Men","1920-1929","All",19.5398773872475,2.17903035504297,0.944862596943702,11.2,43.4
"3345","ESS","Hungary","Men","1930-1939","All",48.6054868636168,5.07756602951362,1.72325197930868,10.4,33.9
"3346","ESS","Hungary","Men","1940-1949","All",92.1849840740687,9.83967702039077,2.01351767014817,10.7,20.5
"3347","ESS","Hungary","Men","1950-1959","All",134.778382278528,17.2252948479554,3.5420157503608,12.8,20.6
"3348","ESS","Hungary","Men","1960-1969","All",113.717263617736,22.6873131280197,7.19148149200426,20,31.7
"3349","ESS","Hungary","Men","1970-1979","All",93.7623154877212,33.595982794156,15.4141513931195,35.8,45.9
"3350","ESS","Hungary","Men","1980-1989","All",34.7591477821747,11.0093103213647,6.39046661442006,31.7,58
"3351","ESS","Hungary","Women","1910-1919","All",2.47603818918154,0.747732356453319,0,30.2,0
"3352","ESS","Hungary","Women","1920-1929","All",30.2772680667743,3.55392058589993,1.76216630954623,11.7,49.6
"3353","ESS","Hungary","Women","1930-1939","All",84.1778170866421,9.3370534823865,2.91610227717832,11.1,31.2
"3354","ESS","Hungary","Women","1940-1949","All",130.607422463611,6.90788780598739,1.73372130317281,5.3,25.1
"3355","ESS","Hungary","Women","1950-1959","All",155.592979611926,10.6253571187929,2.16587927749786,6.8,20.4
"3356","ESS","Hungary","Women","1960-1969","All",129.87849632956,14.4007392722052,4.0161097668871,11.1,27.9
"3357","ESS","Hungary","Women","1970-1979","All",95.166824098213,22.8896052788313,10.4182938983815,24.1,45.5
"3358","ESS","Hungary","Women","1980-1989","All",28.078094377628,8.09184046234336,1.51497425773325,28.8,18.7
"3359","ESS","Iceland","Men","1920-1929","All",0.0507029190825525,0.0248767606836124,0.0248767606836124,49.1,100
"3360","ESS","Iceland","Men","1930-1939","All",0.297563516237415,0.0507029190825525,0.0258261583989401,17,50.9
"3361","ESS","Iceland","Men","1940-1949","All",0.98427014406526,0.0709469066281514,0.0507029190825525,7.2,71.5
"3362","ESS","Iceland","Men","1950-1959","All",1.64520241755475,0.0827467690672394,0.057870008383627,5,69.9
"3363","ESS","Iceland","Men","1960-1969","All",2.54901715114456,0.23918872055803,0.154704600521375,9.4,64.7
"3364","ESS","Iceland","Men","1970-1979","All",2.21688312754611,0.18487268493908,0.0309586914467412,8.3,16.7
"3365","ESS","Iceland","Men","1980-1989","All",1.19504000409407,0.0619173828934825,0,5.2,0
"3366","ESS","Iceland","Women","1920-1929","All",0.093969369305464,0,0,0,NA
"3367","ESS","Iceland","Women","1930-1939","All",0.382501715845156,0,0,0,NA
"3368","ESS","Iceland","Women","1940-1949","All",1.12693159771837,0.0172187424731067,0,1.5,0
"3369","ESS","Iceland","Women","1950-1959","All",1.4389926339624,0.0365353582463244,0,2.5,0
"3370","ESS","Iceland","Women","1960-1969","All",2.06621945387318,0.162723829798889,0.0172187424731067,7.9,10.6
"3371","ESS","Iceland","Women","1970-1979","All",2.36234192362019,0.230215821065346,0.0609599966151535,9.7,26.5
"3372","ESS","Iceland","Women","1980-1989","All",1.1127202048471,0.0304799983075767,0,2.7,0
"3373","ESS","Ireland","Men","1910-1919","All",0.438476400494721,0,0,0,NA
"3374","ESS","Ireland","Men","1920-1929","All",5.36922550787695,1.14081710303102,0.789631774587761,21.2,69.2
"3375","ESS","Ireland","Men","1930-1939","All",18.3382164925071,2.64219279442802,1.46466541872095,14.4,55.4
"3376","ESS","Ireland","Men","1940-1949","All",32.8161653261625,5.76664070098476,2.47000881891404,17.6,42.8
"3377","ESS","Ireland","Men","1950-1959","All",47.0085215100379,7.45207935088277,5.40088548832277,15.9,72.5
"3378","ESS","Ireland","Men","1960-1969","All",55.6814885608994,15.3623358749738,8.20294253332652,27.6,53.4
"3379","ESS","Ireland","Men","1970-1979","All",37.7969535750395,9.1587468580292,2.86784975791477,24.2,31.3
"3380","ESS","Ireland","Men","1980-1989","All",15.1716995656951,6.28607088698407,2.48746186579229,41.4,39.6
"3381","ESS","Ireland","Women","1905-1909","All",0.0966491712876518,0.0966491712876518,0,100,0
"3382","ESS","Ireland","Women","1910-1919","All",0.177636955796004,0.080987784508352,0,45.6,0
"3383","ESS","Ireland","Women","1920-1929","All",5.97759922489973,1.07001641080224,0.602410970327141,17.9,56.3
"3384","ESS","Ireland","Women","1930-1939","All",15.4745816677924,2.77386113261554,1.63850413663993,17.9,59.1
"3385","ESS","Ireland","Women","1940-1949","All",36.8147047322368,4.15046631405367,2.43872523520836,11.3,58.8
"3386","ESS","Ireland","Women","1950-1959","All",49.2353741432988,6.35928552021547,3.29077670184887,12.9,51.7
"3387","ESS","Ireland","Women","1960-1969","All",61.7705068237582,7.20474717485382,3.85956415896792,11.7,53.6
"3388","ESS","Ireland","Women","1970-1979","All",40.5225303960703,5.45020333134431,0.747531014010479,13.4,13.7
"3389","ESS","Ireland","Women","1980-1989","All",16.1423261808707,2.78673686415897,1.34843075498487,17.3,48.4
"3390","ESS","Ireland",NA,"1920-1929","All",0.0881222013580683,0.0881222013580683,0,100,0
"3391","ESS","Ireland",NA,"1930-1939","All",0.662192978381597,0.0881222013580683,0.0881222013580683,13.3,100
"3392","ESS","Ireland",NA,"1940-1949","All",0.96942073846656,0,0,0,NA
"3393","ESS","Ireland",NA,"1950-1959","All",0.781983024087594,0.162084490903695,0,20.7,0
"3394","ESS","Ireland",NA,"1960-1969","All",0.517579715543178,0.193428312866018,0,37.4,0
"3395","ESS","Italy","Men","1920-1929","All",7.35260300298667,0,0,0,NA
"3396","ESS","Italy","Men","1930-1939","All",135.22376200917,7.39259462451176,2.07586867810015,5.5,28.1
"3397","ESS","Italy","Men","1940-1949","All",268.842649325063,29.2845639248586,12.2050138136567,10.9,41.7
"3398","ESS","Italy","Men","1950-1959","All",346.282899905946,53.1954980408499,18.6881049703699,15.4,35.1
"3399","ESS","Italy","Men","1960-1969","All",439.353053417728,128.60489432821,52.9692026579527,29.3,41.2
"3400","ESS","Italy","Men","1970-1979","All",438.88279860666,160.03191162578,83.8107813683992,36.5,52.4
"3401","ESS","Italy","Men","1980-1989","All",159.999758307,89.5150907299918,43.6876752149606,55.9,48.8
"3402","ESS","Italy","Women","1920-1929","All",31.7336774582475,1.70258342769384,0,5.4,0
"3403","ESS","Italy","Women","1930-1939","All",206.236740317075,10.6498011054676,3.90897635444681,5.2,36.7
"3404","ESS","Italy","Women","1940-1949","All",319.993115751601,37.8234957466044,19.1724697391011,11.8,50.7
"3405","ESS","Italy","Women","1950-1959","All",373.866195577107,62.0506445495683,18.8390726759611,16.6,30.4
"3406","ESS","Italy","Women","1960-1969","All",500.909001379177,129.897291167359,43.3920685239123,25.9,33.4
"3407","ESS","Italy","Women","1970-1979","All",428.834665936233,115.102058781802,54.940762949741,26.8,47.7
"3408","ESS","Italy","Women","1980-1989","All",164.923687080236,67.5242529570921,21.3422905194763,40.9,31.6
"3409","ESS","Latvia","Men","1920-1929","All",0.0638495044665017,0,0,0,NA
"3410","ESS","Latvia","Men","1930-1939","All",2.76633108757774,0.294417240578392,0,10.6,0
"3411","ESS","Latvia","Men","1940-1949","All",6.90364296867301,0.747974587324032,0.149374812923673,10.8,20
"3412","ESS","Latvia","Men","1950-1959","All",9.04083392528149,0.398505539932903,0.209480161317005,4.4,52.6
"3413","ESS","Latvia","Men","1960-1969","All",14.8002886884768,1.65611119173415,0.243725944537996,11.2,14.7
"3414","ESS","Latvia","Men","1970-1979","All",12.5190988725105,2.3043570596583,0.553489894069653,18.4,24
"3415","ESS","Latvia","Men","1980-1989","All",4.4405166385087,1.48580492224321,0.835129969145596,33.5,56.2
"3416","ESS","Latvia","Women","1920-1929","All",0.40263974036011,0.0431252368157302,0,10.7,0
"3417","ESS","Latvia","Women","1930-1939","All",5.78904156841555,0.713916001593663,0.283435336851915,12.3,39.7
"3418","ESS","Latvia","Women","1940-1949","All",10.8562940701184,0.201949507542211,0.0452926220604017,1.9,22.4
"3419","ESS","Latvia","Women","1950-1959","All",16.6741232653499,1.28316741877038,0.132268498859316,7.7,10.3
"3420","ESS","Latvia","Women","1960-1969","All",15.6335171715637,0.893165988122677,0.359732978625642,5.7,40.3
"3421","ESS","Latvia","Women","1970-1979","All",14.081054806294,1.52339258433465,0.794213882730657,10.8,52.1
"3422","ESS","Latvia","Women","1980-1989","All",4.42004948545174,0.488241518665621,0.0706593932961934,11,14.5
"3423","ESS","Lithuania","Men","1920-1929","All",0.0625818361886971,0,0,0,NA
"3424","ESS","Lithuania","Men","1930-1939","All",1.45696870724677,0.107655566423988,0.072603960773292,7.4,67.4
"3425","ESS","Lithuania","Men","1940-1949","All",6.4308295889216,0.477962674802783,0.385476590541634,7.4,80.6
"3426","ESS","Lithuania","Men","1950-1959","All",16.7102130062155,2.77181906860879,1.23605059446902,16.6,44.6
"3427","ESS","Lithuania","Men","1960-1969","All",23.3881799439816,2.41129921157346,1.8095451494058,10.3,75
"3428","ESS","Lithuania","Men","1970-1979","All",21.2733934265798,2.64085015918361,1.16422098525978,12.4,44.1
"3429","ESS","Lithuania","Men","1980-1989","All",3.92854116336065,1.14273459224956,0.108708431428451,29.1,9.5
"3430","ESS","Lithuania","Women","1920-1929","All",0.420235995206361,0.0765197717457189,0.0649721382187507,18.2,84.9
"3431","ESS","Lithuania","Women","1930-1939","All",5.45021049910508,0.373062084622082,0.0691632181404356,6.8,18.5
"3432","ESS","Lithuania","Women","1940-1949","All",14.7920627973701,0.920492082450669,0.214586282311835,6.2,23.3
"3433","ESS","Lithuania","Women","1950-1959","All",23.4584133827792,1.79125043513719,0.709412326356467,7.6,39.6
"3434","ESS","Lithuania","Women","1960-1969","All",26.4182075089145,2.61095050981627,0.387827705671588,9.9,14.9
"3435","ESS","Lithuania","Women","1970-1979","All",17.6241825205079,1.56427339945035,0.960611903166687,8.9,61.4
"3436","ESS","Lithuania","Women","1980-1989","All",7.41359114410305,1.10178689410522,0.282977294110474,14.9,25.7
"3437","ESS","Montenegro","Men","1920-1929","All",0.023793524002313,0,0,0,NA
"3438","ESS","Montenegro","Men","1930-1939","All",0.440126210887873,0.0503985272870783,0.0263272920470178,11.5,52.2
"3439","ESS","Montenegro","Men","1940-1949","All",1.13583762187893,0.111341272374266,0.0236308571092605,9.8,21.2
"3440","ESS","Montenegro","Men","1950-1959","All",3.48980192728663,0.23696189878509,0.153179190681986,6.8,64.6
"3441","ESS","Montenegro","Men","1960-1969","All",4.33861598702234,0.677877175052345,0.574762182472944,15.6,84.8
"3442","ESS","Montenegro","Men","1970-1979","All",4.5167473560033,0.943345235511859,0.515046966065252,20.9,54.6
"3443","ESS","Montenegro","Men","1980-1989","All",1.8668184607445,0.728462711770856,0.566055972275738,39,77.7
"3444","ESS","Montenegro","Women","1930-1939","All",0.572912779601183,0.0505778083757458,0.0505778083757458,8.8,100
"3445","ESS","Montenegro","Women","1940-1949","All",1.76144859419668,0.148894435350743,0.0851348312186992,8.5,57.2
"3446","ESS","Montenegro","Women","1950-1959","All",3.19001366180903,0.314254243953173,0.226066448227352,9.9,71.9
"3447","ESS","Montenegro","Women","1960-1969","All",4.25886329844812,0.391242821875605,0.279711069439288,9.2,71.5
"3448","ESS","Montenegro","Women","1970-1979","All",4.31362321608583,0.575212655889996,0.492995720162555,13.3,85.7
"3449","ESS","Montenegro","Women","1980-1989","All",2.41580628069341,0.324989398993824,0.257334238998848,13.5,79.2
"3450","ESS","Netherlands","Men","1910-1919","All",2.48351802753581,0,0,0,NA
"3451","ESS","Netherlands","Men","1920-1929","All",23.9925845248211,4.39793341026883,0.543134370779974,18.3,12.3
"3452","ESS","Netherlands","Men","1930-1939","All",81.0051786364627,7.57690603081145,3.56901554269521,9.4,47.1
"3453","ESS","Netherlands","Men","1940-1949","All",187.598030579499,20.5998014997161,5.54914639833201,11,26.9
"3454","ESS","Netherlands","Men","1950-1959","All",221.196146803139,54.6576522759861,17.7953284747113,24.7,32.6
"3455","ESS","Netherlands","Men","1960-1969","All",240.084869109645,59.0900701358458,16.5920309142699,24.6,28.1
"3456","ESS","Netherlands","Men","1970-1979","All",149.527960041411,40.8167749674551,11.3965114354921,27.3,27.9
"3457","ESS","Netherlands","Men","1980-1989","All",32.9625859160587,14.4360727971452,3.10672753377423,43.8,21.5
"3458","ESS","Netherlands","Women","1910-1919","All",5.1632002638395,0.326250755538151,0.326250755538151,6.3,100
"3459","ESS","Netherlands","Women","1920-1929","All",34.1957878002323,5.64978334538088,2.65427763681784,16.5,47
"3460","ESS","Netherlands","Women","1930-1939","All",94.0873241079683,12.0172024861813,7.2203870413806,12.8,60.1
"3461","ESS","Netherlands","Women","1940-1949","All",176.165942320755,16.1276538866982,4.82794190491862,9.2,29.9
"3462","ESS","Netherlands","Women","1950-1959","All",237.721206251096,36.1990782701525,10.257101950981,15.2,28.3
"3463","ESS","Netherlands","Women","1960-1969","All",269.522531179816,45.8313590104915,8.6085880193184,17,18.8
"3464","ESS","Netherlands","Women","1970-1979","All",138.738458255643,24.8554369717284,6.32873329455114,17.9,25.5
"3465","ESS","Netherlands","Women","1980-1989","All",34.5255971320095,4.66856054513238,1.67599649534469,13.5,35.9
"3466","ESS","Norway","Men","1910-1919","All",2.34963411688778,0.442521134050374,0.217321851468398,18.8,49.1
"3467","ESS","Norway","Men","1920-1929","All",6.39893991782574,0.654259288737666,0.19767812005902,10.2,30.2
"3468","ESS","Norway","Men","1930-1939","All",19.3582657151803,1.86939057537885,0.966059971273864,9.7,51.7
"3469","ESS","Norway","Men","1940-1949","All",47.838927725092,5.12592990382178,1.8112824221755,10.7,35.3
"3470","ESS","Norway","Men","1950-1959","All",64.0699016496326,4.72882908756225,0.795396373660804,7.4,16.8
"3471","ESS","Norway","Men","1960-1969","All",73.2377137127136,14.0330688843536,4.7130247899793,19.2,33.6
"3472","ESS","Norway","Men","1970-1979","All",40.4220938422651,9.24211728322566,2.98475006753024,22.9,32.3
"3473","ESS","Norway","Men","1980-1989","All",14.7077354553656,4.90386618472603,1.39971596865036,33.3,28.5
"3474","ESS","Norway","Women","1905-1909","All",0.540851246064882,0.243828856439443,0.243828856439443,45.1,100
"3475","ESS","Norway","Women","1910-1919","All",3.86380205081764,0.976414970657949,0.675162760105074,25.3,69.1
"3476","ESS","Norway","Women","1920-1929","All",12.8175881843403,0.487801173796704,0.243828856439443,3.8,50
"3477","ESS","Norway","Women","1930-1939","All",25.0445712031251,3.05644959524937,0.382528835123672,12.2,12.5
"3478","ESS","Norway","Women","1940-1949","All",48.2245557248562,6.81308747999099,1.85245519554707,14.1,27.2
"3479","ESS","Norway","Women","1950-1959","All",59.0064581470341,9.63546367128645,1.48167479132575,16.3,15.4
"3480","ESS","Norway","Women","1960-1969","All",66.5025341470673,9.65285651544242,2.52682045182952,14.5,26.2
"3481","ESS","Norway","Women","1970-1979","All",39.8366796682596,10.2363285964386,1.93797780113002,25.7,18.9
"3482","ESS","Norway","Women","1980-1989","All",10.4727330914153,2.09958514538471,0.223655012869742,20,10.7
"3483","ESS","Poland","Men","1920-1929","All",44.5002983804864,3.48064478667132,0,7.8,0
"3484","ESS","Poland","Men","1930-1939","All",166.419214803185,8.70790781384355,3.55481378244633,5.2,40.8
"3485","ESS","Poland","Men","1940-1949","All",296.612135383676,22.7576176635168,9.76261160956378,7.7,42.9
"3486","ESS","Poland","Men","1950-1959","All",554.683607555809,96.2049709735211,53.5030525500915,17.3,55.6
"3487","ESS","Poland","Men","1960-1969","All",440.534988116206,56.2136337131501,33.4828840082537,12.8,59.6
"3488","ESS","Poland","Men","1970-1979","All",312.926972892624,71.6970745952626,45.9152874837586,22.9,64
"3489","ESS","Poland","Men","1980-1989","All",123.55842236098,41.7470569100744,24.4481686451587,33.8,58.6
"3490","ESS","Poland","Women","1920-1929","All",90.6520868962865,9.58000442288397,1.85801638721273,10.6,19.4
"3491","ESS","Poland","Women","1930-1939","All",254.784930524641,18.0498930093564,4.68421806660189,7.1,26
"3492","ESS","Poland","Women","1940-1949","All",391.480292525001,20.5015381741846,7.77559191845768,5.2,37.9
"3493","ESS","Poland","Women","1950-1959","All",594.01909926485,39.0187431868456,17.7506975609634,6.6,45.5
"3494","ESS","Poland","Women","1960-1969","All",484.793984717171,53.2381308485283,21.3847382050352,11,40.2
"3495","ESS","Poland","Women","1970-1979","All",295.685870018655,34.8824713987223,13.7121199965717,11.8,39.3
"3496","ESS","Poland","Women","1980-1989","All",131.286660776669,18.681910333284,7.00256448400353,14.2,37.5
"3497","ESS","Portugal","Men","1910-1919","All",3.39576703353023,0,0,0,NA
"3498","ESS","Portugal","Men","1920-1929","All",23.5571033044852,2.35275554497474,0.363331528504489,10,15.4
"3499","ESS","Portugal","Men","1930-1939","All",63.3974100395008,1.78248225274113,0,2.8,0
"3500","ESS","Portugal","Men","1940-1949","All",109.092639350461,7.03362307331084,1.58899097515681,6.4,22.6
"3501","ESS","Portugal","Men","1950-1959","All",121.018458493145,12.2089167114234,4.46354622085301,10.1,36.6
"3502","ESS","Portugal","Men","1960-1969","All",141.183471854448,25.594375736789,13.628527694124,18.1,53.2
"3503","ESS","Portugal","Men","1970-1979","All",85.8963279170096,14.8851815075564,4.69277055504504,17.3,31.5
"3504","ESS","Portugal","Men","1980-1989","All",28.0632077156518,12.783987497902,7.95904904667366,45.6,62.3
"3505","ESS","Portugal","Women","1910-1919","All",2.42608982030171,0.385512619285521,0,15.9,0
"3506","ESS","Portugal","Women","1920-1929","All",28.3095950730638,4.00212604202098,1.56795264577011,14.1,39.2
"3507","ESS","Portugal","Women","1930-1939","All",74.841247514529,8.88624431985828,3.68515188976298,11.9,41.5
"3508","ESS","Portugal","Women","1940-1949","All",125.437149007819,8.53986443717026,1.71801895023942,6.8,20.1
"3509","ESS","Portugal","Women","1950-1959","All",140.622192433834,16.4060447609547,5.3814130193934,11.7,32.8
"3510","ESS","Portugal","Women","1960-1969","All",175.198199699467,20.0521203599202,7.59930195895673,11.4,37.9
"3511","ESS","Portugal","Women","1970-1979","All",97.4563721657308,12.6176851126088,5.91737799100238,12.9,46.9
"3512","ESS","Portugal","Women","1980-1989","All",29.2686567966965,2.7520535256719,0.307739209869561,9.4,11.2
"3513","ESS","Russia","Men","1910-1919","All",5.65827622450925,0,0,0,NA
"3514","ESS","Russia","Men","1920-1929","All",152.692213519146,14.3643205074447,0,9.4,0
"3515","ESS","Russia","Men","1930-1939","All",367.844451394208,17.242857756321,2.90353405205224,4.7,16.8
"3516","ESS","Russia","Men","1940-1949","All",615.629395979762,44.6190861424498,2.1438186473695,7.2,4.8
"3517","ESS","Russia","Men","1950-1959","All",971.457095026056,17.0319088930867,2.13347821169592,1.8,12.5
"3518","ESS","Russia","Men","1960-1969","All",1038.68568884463,140.619741816379,49.196233088476,13.5,35
"3519","ESS","Russia","Men","1970-1979","All",140.671021079413,20.0351192386776,10.4179494828827,14.2,52
"3520","ESS","Russia","Women","1910-1919","All",32.5237814618234,8.67054520591353,3.55289940912371,26.7,41
"3521","ESS","Russia","Women","1920-1929","All",249.453573798357,33.8632522286694,14.390846392088,13.6,42.5
"3522","ESS","Russia","Women","1930-1939","All",835.946205156297,30.120292428504,4.01540679805379,3.6,13.3
"3523","ESS","Russia","Women","1940-1949","All",970.153240450106,46.6214786238172,12.9769303626283,4.8,27.8
"3524","ESS","Russia","Women","1950-1959","All",1067.87746086685,67.0078486282037,17.2629776084491,6.3,25.8
"3525","ESS","Russia","Women","1960-1969","All",1028.4816929116,67.3749290510798,30.5151985591081,6.6,45.3
"3526","ESS","Russia","Women","1970-1979","All",259.779061988569,26.5899828691328,16.4161616707588,10.2,61.7
"3527","ESS","Serbia","Men","1920-1929","All",0.434975715403124,0,0,0,NA
"3528","ESS","Serbia","Men","1930-1939","All",9.3250928056503,0.184500556776618,0,2,0
"3529","ESS","Serbia","Men","1940-1949","All",20.1160100555459,1.43596858123778,0.300953150790694,7.1,21
"3530","ESS","Serbia","Men","1950-1959","All",40.2607913139184,3.91445345261763,1.75889936207627,9.7,44.9
"3531","ESS","Serbia","Men","1960-1969","All",51.4557744684976,8.28323474707732,4.15183939781617,16.1,50.1
"3532","ESS","Serbia","Men","1970-1979","All",53.7662901575747,10.8326921958588,6.22468510015009,20.1,57.5
"3533","ESS","Serbia","Men","1980-1989","All",18.3918171190663,7.58897295570261,4.81172288026821,41.3,63.4
"3534","ESS","Serbia","Women","1920-1929","All",0.98403336357746,0.304597049081423,0.226650767594091,31,74.4
"3535","ESS","Serbia","Women","1930-1939","All",10.9156753725618,0.62786630836868,0.101670633528164,5.8,16.2
"3536","ESS","Serbia","Women","1940-1949","All",25.8076762398218,1.40398850409062,0.40446774177995,5.4,28.8
"3537","ESS","Serbia","Women","1950-1959","All",38.0199681799903,2.76507058953599,0.841289570864288,7.3,30.4
"3538","ESS","Serbia","Women","1960-1969","All",50.4604893217951,3.54930261342546,0.464592745869759,7,13.1
"3539","ESS","Serbia","Women","1970-1979","All",60.214252425403,6.96747637087362,3.69591557476121,11.6,53
"3540","ESS","Serbia","Women","1980-1989","All",19.5326060716288,2.99312042471123,1.2726142895076,15.3,42.5
"3541","ESS","Slovakia","Men","1910-1919","All",0.513674012490576,0,0,0,NA
"3542","ESS","Slovakia","Men","1920-1929","All",5.67107774488166,0.620343575393688,0.239883522993534,10.9,38.7
"3543","ESS","Slovakia","Men","1930-1939","All",18.454882395769,1.5576179494651,0.486779443913921,8.4,31.3
"3544","ESS","Slovakia","Men","1940-1949","All",38.9341125653759,3.57814765602351,2.7357339169575,9.2,76.5
"3545","ESS","Slovakia","Men","1950-1959","All",64.5994180798644,7.53064619516268,5.26732977398916,11.7,69.9
"3546","ESS","Slovakia","Men","1960-1969","All",75.2317592280847,12.9777616588601,7.85286514401556,17.3,60.5
"3547","ESS","Slovakia","Men","1970-1979","All",47.5117542450261,10.9350105271222,10.1047082412339,23,92.4
"3548","ESS","Slovakia","Men","1980-1989","All",17.579640095459,3.19212119949831,1.69030451475792,18.2,53
"3549","ESS","Slovakia","Women","1910-1919","All",1.19970889316283,0,0,0,NA
"3550","ESS","Slovakia","Women","1920-1929","All",12.9726007097297,1.68692898962717,0.668288847656349,13,39.6
"3551","ESS","Slovakia","Women","1930-1939","All",26.1746224931289,1.80214618546615,1.043012975884,6.9,57.9
"3552","ESS","Slovakia","Women","1940-1949","All",47.3000059422381,4.09373306517319,1.44535221880841,8.7,35.3
"3553","ESS","Slovakia","Women","1950-1959","All",84.3082626810866,6.72025054291492,4.31394967224216,8,64.2
"3554","ESS","Slovakia","Women","1960-1969","All",73.4906021426507,8.7797817083878,5.19396873217613,11.9,59.2
"3555","ESS","Slovakia","Women","1970-1979","All",41.1296320051668,4.8285368181069,2.38782340134117,11.7,49.5
"3556","ESS","Slovakia","Women","1980-1989","All",17.6539398889757,3.16394713640339,1.91728165935663,17.9,60.6
"3557","ESS","Slovakia",NA,"1930-1939","All",0.254347927872439,0,0,0,NA
"3558","ESS","Slovakia",NA,"1940-1949","All",0.254613006200778,0,0,0,NA
"3559","ESS","Slovakia",NA,"1950-1959","All",0.513479963563787,0,0,0,NA
"3560","ESS","Slovakia",NA,"1960-1969","All",0.503657774578823,0,0,0,NA
"3561","ESS","Slovenia","Men","1910-1919","All",0.248012410670793,0,0,0,NA
"3562","ESS","Slovenia","Men","1920-1929","All",3.23373082839823,0.403136709759679,0.310847436232005,12.5,77.1
"3563","ESS","Slovenia","Men","1930-1939","All",10.1861842802358,1.22519474156909,0.951082858332103,12,77.6
"3564","ESS","Slovenia","Men","1940-1949","All",19.9262308252287,1.59585777080384,0.730444699079471,8,45.8
"3565","ESS","Slovenia","Men","1950-1959","All",28.3582455521071,2.4829051514529,1.06422150673708,8.8,42.9
"3566","ESS","Slovenia","Men","1960-1969","All",30.9033648890734,4.3501891103364,2.35953020981428,14.1,54.2
"3567","ESS","Slovenia","Men","1970-1979","All",18.0225333016485,4.60949807080544,1.3493282514397,25.6,29.3
"3568","ESS","Slovenia","Men","1980-1989","All",6.2088073980395,2.31106850481363,0.455927536932597,37.2,19.7
"3569","ESS","Slovenia","Women","1910-1919","All",0.858915194587809,0.0992934816310642,0.0992934816310642,11.6,100
"3570","ESS","Slovenia","Women","1920-1929","All",5.27591424606408,0.611857511366444,0.297610662476621,11.6,48.6
"3571","ESS","Slovenia","Women","1930-1939","All",17.6247953194316,1.10601612391232,0.489963193294484,6.3,44.3
"3572","ESS","Slovenia","Women","1940-1949","All",21.675054913868,1.08083470315807,0.132642963263203,5,12.3
"3573","ESS","Slovenia","Women","1950-1959","All",32.4591892110118,2.29466442217193,0.625244938914054,7.1,27.2
"3574","ESS","Slovenia","Women","1960-1969","All",28.4621259714192,1.41692712762983,0.78768611864168,5,55.6
"3575","ESS","Slovenia","Women","1970-1979","All",18.016299446772,1.4961171281187,0.434583009013763,8.3,29
"3576","ESS","Slovenia","Women","1980-1989","All",4.70816697228666,0.43390753380653,0.210025740988808,9.2,48.4
"3577","ESS","Spain","Men","1910-1919","All",3.62403065841477,1.71618186516298,0,47.4,0
"3578","ESS","Spain","Men","1920-1929","All",117.499285355701,17.1734054166719,4.67142184737526,14.6,27.2
"3579","ESS","Spain","Men","1930-1939","All",224.585189230589,31.6228448646081,14.6573211358939,14.1,46.4
"3580","ESS","Spain","Men","1940-1949","All",351.335746716392,46.5800805958195,30.3502938634784,13.3,65.2
"3581","ESS","Spain","Men","1950-1959","All",485.45582891571,76.1119083292643,36.5856442072633,15.7,48.1
"3582","ESS","Spain","Men","1960-1969","All",724.332918717999,153.24882265614,58.1538260225486,21.2,37.9
"3583","ESS","Spain","Men","1970-1979","All",443.669241185932,125.841962267584,45.3040274287949,28.4,36
"3584","ESS","Spain","Men","1980-1989","All",182.33733788207,71.9726113966888,24.0357786815928,39.5,33.4
"3585","ESS","Spain","Women","1910-1919","All",10.2062458508314,1.84875071769852,0,18.1,0
"3586","ESS","Spain","Women","1920-1929","All",155.221981355609,15.5760184769789,8.94165344127055,10,57.4
"3587","ESS","Spain","Women","1930-1939","All",308.317316976076,38.8880886512875,13.4056091574845,12.6,34.5
"3588","ESS","Spain","Women","1940-1949","All",393.106368038858,45.9346477676895,21.9783498582617,11.7,47.8
"3589","ESS","Spain","Women","1950-1959","All",525.999445598504,72.3397617891347,32.2131332514536,13.8,44.5
"3590","ESS","Spain","Women","1960-1969","All",702.075273591702,98.0242552419071,44.2405871033986,14,45.1
"3591","ESS","Spain","Women","1970-1979","All",434.719954867846,107.858690911835,21.733144012563,24.8,20.1
"3592","ESS","Spain","Women","1980-1989","All",187.261737444525,74.8873733609035,12.7014807626018,40,17
"3593","ESS","Sweden","Men","1910-1919","All",1.62643589865953,0.314963966344848,0,19.4,0
"3594","ESS","Sweden","Men","1920-1929","All",21.712089429101,3.37531416961631,1.10122421640371,15.5,32.6
"3595","ESS","Sweden","Men","1930-1939","All",50.1004287337546,2.53339412617786,0.326085855186941,5.1,12.9
"3596","ESS","Sweden","Men","1940-1949","All",118.45184629796,12.4515506782875,2.69741987324441,10.5,21.7
"3597","ESS","Sweden","Men","1950-1959","All",113.657210261363,17.8683488696548,4.11368242952512,15.7,23
"3598","ESS","Sweden","Men","1960-1969","All",136.412059519193,24.1795136012768,10.092766798446,17.7,41.7
"3599","ESS","Sweden","Men","1970-1979","All",88.7163246875413,18.5531201190965,5.02260347726477,20.9,27.1
"3600","ESS","Sweden","Men","1980-1989","All",23.3911024428338,6.06512653587367,1.98182976808748,25.9,32.7
"3601","ESS","Sweden","Women","1910-1919","All",5.80512070991088,0,0,0,NA
"3602","ESS","Sweden","Women","1920-1929","All",22.8661393333574,4.64893615718989,1.13794680332676,20.3,24.5
"3603","ESS","Sweden","Women","1930-1939","All",59.7108181672592,3.32814569162142,1.1263378775326,5.6,33.8
"3604","ESS","Sweden","Women","1940-1949","All",124.700626026232,13.4044077559354,2.53810014710584,10.7,18.9
"3605","ESS","Sweden","Women","1950-1959","All",105.657809935502,9.21857662435843,2.79457174054561,8.7,30.3
"3606","ESS","Sweden","Women","1960-1969","All",142.227017462052,15.6306504096892,0.887795767700322,11,5.7
"3607","ESS","Sweden","Women","1970-1979","All",77.1196573694391,9.77958372032211,3.65604056576647,12.7,37.4
"3608","ESS","Sweden","Women","1980-1989","All",27.5748433415772,6.54314903912702,2.71462652155906,23.7,41.5
"3609","ESS","Switzerland","Men","1910-1919","All",3.38615853127252,1.50203910612638,0.441496136925842,44.4,29.4
"3610","ESS","Switzerland","Men","1920-1929","All",16.0105438087555,2.43224731785295,0.535002468131939,15.2,22
"3611","ESS","Switzerland","Men","1930-1939","All",42.2910639987996,5.00080965927171,1.05224535064502,11.8,21
"3612","ESS","Switzerland","Men","1940-1949","All",80.2673122513335,15.2578757832627,2.95731873239878,19,19.4
"3613","ESS","Switzerland","Men","1950-1959","All",104.335627201553,19.1664109249013,5.39088299902356,18.4,28.1
"3614","ESS","Switzerland","Men","1960-1969","All",109.988540715285,27.5378954432356,3.83294781200849,25,13.9
"3615","ESS","Switzerland","Men","1970-1979","All",71.2240851536241,18.3234383754099,2.3666283504857,25.7,12.9
"3616","ESS","Switzerland","Men","1980-1989","All",27.2635483269846,11.1892177834204,1.32561774101675,41,11.8
"3617","ESS","Switzerland","Women","1910-1919","All",3.75969903176223,0.575150071670606,0.575150071670606,15.3,100
"3618","ESS","Switzerland","Women","1920-1929","All",19.6158895110805,2.6391992698975,1.40190861614306,13.5,53.1
"3619","ESS","Switzerland","Women","1930-1939","All",53.5185030950513,11.2001895762495,4.98280077803667,20.9,44.5
"3620","ESS","Switzerland","Women","1940-1949","All",90.0336719212333,15.7092378840331,3.32773818062607,17.4,21.2
"3621","ESS","Switzerland","Women","1950-1959","All",110.829273033641,23.1374771967929,4.17940675010574,20.9,18.1
"3622","ESS","Switzerland","Women","1960-1969","All",126.759061339994,25.6063058536973,4.71133102873532,20.2,18.4
"3623","ESS","Switzerland","Women","1970-1979","All",65.420118862818,15.2290442444016,3.38447518582546,23.3,22.2
"3624","ESS","Switzerland","Women","1980-1989","All",19.9269634169869,4.99912629156762,0.883679249121403,25.1,17.7
"3625","ESS","The UK","Men","1910-1919","All",23.2409349655795,2.44253940418803,1.18274594271816,10.5,48.4
"3626","ESS","The UK","Men","1920-1929","All",158.74050339349,13.9214003830341,3.88634911252008,8.8,27.9
"3627","ESS","The UK","Men","1930-1939","All",384.343192690347,53.6942926809706,19.8416505616512,14,37
"3628","ESS","The UK","Men","1940-1949","All",756.062293763082,103.471633389531,26.4624772519905,13.7,25.6
"3629","ESS","The UK","Men","1950-1959","All",746.82904410019,175.722439915757,38.5884735235497,23.5,22
"3630","ESS","The UK","Men","1960-1969","All",1035.63465261512,212.543571622523,35.8287765660423,20.5,16.9
"3631","ESS","The UK","Men","1970-1979","All",520.99070594377,136.850948182733,21.3995328299148,26.3,15.6
"3632","ESS","The UK","Men","1980-1989","All",167.692862766116,86.7630746951058,15.8373744802133,51.7,18.3
"3633","ESS","The UK","Women","1905-1909","All",1.82945405548072,1.82945405548072,1.82945405548072,100,100
"3634","ESS","The UK","Women","1910-1919","All",32.2258786387718,4.63356262719731,1.21696351564948,14.4,26.3
"3635","ESS","The UK","Women","1920-1929","All",196.357296536402,26.4026676628808,11.1126315074372,13.4,42.1
"3636","ESS","The UK","Women","1930-1939","All",430.009999944172,59.1818108707288,20.0326639228241,13.8,33.8
"3637","ESS","The UK","Women","1940-1949","All",806.888896045363,92.8605092958768,24.086494389598,11.5,25.9
"3638","ESS","The UK","Women","1950-1959","All",885.457646125324,119.15877085546,7.10378866242014,13.5,6
"3639","ESS","The UK","Women","1960-1969","All",1056.29182468061,150.920106034733,30.4075724896451,14.3,20.1
"3640","ESS","The UK","Women","1970-1979","All",487.84422818247,75.9641850391349,4.38260296709107,15.6,5.8
"3641","ESS","The UK","Women","1980-1989","All",213.317216265996,31.5431173879511,3.27551180582755,14.8,10.4
"3642","ESS","Ukraine","Men","1910-1919","All",2.89720852053343,0,0,0,NA
"3643","ESS","Ukraine","Men","1920-1929","All",36.7796877375052,2.14206079818354,0,5.8,0
"3644","ESS","Ukraine","Men","1930-1939","All",185.516447725111,4.42313523315097,0.528982736562185,2.4,12
"3645","ESS","Ukraine","Men","1940-1949","All",184.305790898197,2.70855665661283,1.62775279676904,1.5,60.1
"3646","ESS","Ukraine","Men","1950-1959","All",326.529173529009,21.1433717463545,7.90041208823238,6.5,37.4
"3647","ESS","Ukraine","Men","1960-1969","All",268.433762703653,37.7522391304688,18.3357369821709,14.1,48.6
"3648","ESS","Ukraine","Men","1970-1979","All",82.010805912347,14.9891024158721,3.81812783451238,18.3,25.5
"3649","ESS","Ukraine","Women","1910-1919","All",1.95987210989841,1.07963371366722,0,55.1,0
"3650","ESS","Ukraine","Women","1920-1929","All",98.6166865931979,17.3369609865979,5.48136952974398,17.6,31.6
"3651","ESS","Ukraine","Women","1930-1939","All",306.239181100947,40.0660401691372,17.4329952837971,13.1,43.5
"3652","ESS","Ukraine","Women","1940-1949","All",272.124733183182,16.8840131275545,8.20277299719734,6.2,48.6
"3653","ESS","Ukraine","Women","1950-1959","All",428.828002923826,23.262133521917,14.0141237035682,5.4,60.2
"3654","ESS","Ukraine","Women","1960-1969","All",326.202795204154,24.7844235521076,14.1625252791922,7.6,57.1
"3655","ESS","Ukraine","Women","1970-1979","All",61.6969142799594,4.84411657913483,2.53177885553583,7.9,52.3
"3656","HH","Austria","Men","1960-1969","All",505289.217407227,114640.405517578,42286.3811035156,22.7,36.9
"3657","HH","Austria","Men","1970-1979","All",243491.7059021,98161.608581543,39529.4182434082,40.3,40.3
"3658","HH","Austria","Women","1960-1969","All",493287.22114563,89300.1680755615,23606.6701202393,18.1,26.4
"3659","HH","Austria","Women","1970-1979","All",247181.152832031,57760.2752990723,13957.7593078613,23.4,24.2
"3660","HH","Belarus","Men","1930-1939","All",36.7391647696495,3.37826180458069,1.90549194812775,9.2,56.4
"3661","HH","Belarus","Men","1940-1949","All",270.267158120871,12.8945647776127,5.44531735777855,4.8,42.2
"3662","HH","Belarus","Men","1950-1959","All",667.123682081699,43.7328641116619,16.9327056705952,6.6,38.7
"3663","HH","Belarus","Men","1960-1969","All",904.874487549067,86.7115842998028,30.4901752471924,9.6,35.2
"3664","HH","Belarus","Men","1970-1979","All",848.321317911148,114.688782095909,50.0667602419853,13.5,43.7
"3665","HH","Belarus","Men","1980-1989","All",251.32667607069,52.7344048321247,20.2791488170624,21,38.5
"3666","HH","Belarus","Women","1920-1929","All",0,0,0,NA,NA
"3667","HH","Belarus","Women","1930-1939","All",93.3404994010925,9.37358075380325,5.9075899720192,10,63
"3668","HH","Belarus","Women","1940-1949","All",495.618489056826,49.6060681343079,30.3944110274315,10,61.3
"3669","HH","Belarus","Women","1950-1959","All",949.863965243101,56.8866405189037,29.4993168711662,6,51.9
"3670","HH","Belarus","Women","1960-1969","All",992.875665187836,72.0031795203686,40.6537213921547,7.3,56.5
"3671","HH","Belarus","Women","1970-1979","All",945.631696432829,65.6569250524044,28.8699212670326,6.9,44
"3672","HH","Belarus","Women","1980-1989","All",241.65619763732,25.3019289672375,7.58515560626984,10.5,30
"3673","HH","Belgium","Men","1920-1929","All",38.088247179985,10.4532756209373,1.96920937299728,27.4,18.8
"3674","HH","Belgium","Men","1930-1939","All",342.268573284149,83.5390416383743,10.0934301018715,24.4,12.1
"3675","HH","Belgium","Men","1940-1949","All",496.228085577488,154.493779122829,30.0329070687294,31.1,19.4
"3676","HH","Belgium","Men","1950-1959","All",658.496360003948,143.112929582596,45.8147212862968,21.7,32
"3677","HH","Belgium","Men","1960-1969","All",738.206370174885,146.33991253376,50.7344817519188,19.8,34.7
"3678","HH","Belgium","Men","1970-1979","All",310.48031026125,81.8617892861366,31.198192358017,26.4,38.1
"3679","HH","Belgium","Women","1920-1929","All",40.2947181463242,10.1496868133545,2.90389895439148,25.2,28.6
"3680","HH","Belgium","Women","1930-1939","All",340.362446844578,94.220390856266,33.0200877785683,27.7,35
"3681","HH","Belgium","Women","1940-1949","All",523.524904429913,133.187071025372,26.1874802112579,25.4,19.7
"3682","HH","Belgium","Women","1950-1959","All",699.146779596806,113.69340389967,17.3404373526573,16.3,15.3
"3683","HH","Belgium","Women","1960-1969","All",745.780672132969,102.120560348034,26.4948756694794,13.7,25.9
"3684","HH","Belgium","Women","1970-1979","All",262.966934680939,44.7321162223816,13.1496580839157,17,29.4
"3685","HH","Bulgaria","Men","1910-1919","All",0,0,0,NA,NA
"3686","HH","Bulgaria","Men","1920-1929","All",250.438416481018,27.9612168669701,8.94031727313995,11.2,32
"3687","HH","Bulgaria","Men","1930-1939","All",718.016777098179,43.1986435055733,18.0124369859695,6,41.7
"3688","HH","Bulgaria","Men","1940-1949","All",960.011998534203,88.0783536434174,42.3317229747772,9.2,48.1
"3689","HH","Bulgaria","Men","1950-1959","All",936.421810567379,112.016407191753,68.0591963529587,12,60.8
"3690","HH","Bulgaria","Men","1960-1969","All",1240.87830018997,228.619763195515,158.996323764324,18.4,69.5
"3691","HH","Bulgaria","Women","1920-1929","All",191.332570075989,19.5587052106857,7.0479873418808,10.2,36
"3692","HH","Bulgaria","Women","1930-1939","All",1023.36662364006,77.8707505464554,19.5129516124725,7.6,25.1
"3693","HH","Bulgaria","Women","1940-1949","All",1048.74829447269,59.5561982393265,21.9546815156937,5.7,36.9
"3694","HH","Bulgaria","Women","1950-1959","All",858.03822350502,60.7721062302589,30.8799339532852,7.1,50.8
"3695","HH","Bulgaria","Women","1960-1969","All",1362.14432054758,117.616937279701,71.3721852302551,8.6,60.7
"3696","HH","Canada","Men","1920-1929","All",85843.4586639404,13073.0995025635,1090.40570068359,15.2,8.3
"3697","HH","Canada","Men","1930-1939","All",774332.280887604,97197.4160652161,20507.1162147522,12.6,21.1
"3698","HH","Canada","Men","1940-1949","All",1907271.48783493,326143.150615692,36314.1702690125,17.1,11.1
"3699","HH","Canada","Men","1950-1959","All",3228273.52605057,594771.728435516,107129.756278992,18.4,18
"3700","HH","Canada","Men","1960-1969","All",3617015.1292038,848311.877655029,233503.699516296,23.5,27.5
"3701","HH","Canada","Men","1970-1979","All",1388848.21204376,347379.321914673,100127.172348022,25,28.8
"3702","HH","Canada","Women","1920-1929","All",71770.1257705688,11455.7069549561,5370.99346923828,16,46.9
"3703","HH","Canada","Women","1930-1939","All",712334.505313873,98640.1657600403,34236.1305923462,13.8,34.7
"3704","HH","Canada","Women","1940-1949","All",1816361.49573517,297868.138961792,69174.4207420349,16.4,23.2
"3705","HH","Canada","Women","1950-1959","All",3155323.52534485,607232.138343811,144370.055587769,19.2,23.8
"3706","HH","Canada","Women","1960-1969","All",3736705.20916367,734258.512905121,173850.197059631,19.6,23.7
"3707","HH","Canada","Women","1970-1979","All",1503274.78082275,310395.276725769,92886.1993408203,20.6,29.9
"3708","HH","Czechia","Men","1920-1929","All",0,0,0,NA,NA
"3709","HH","Czechia","Men","1930-1939","All",0,0,0,NA,NA
"3710","HH","Czechia","Men","1940-1949","All",0,0,0,NA,NA
"3711","HH","Czechia","Men","1950-1959","All",0,0,0,NA,NA
"3712","HH","Czechia","Men","1960-1969","All",0,0,0,NA,NA
"3713","HH","Czechia","Men","1970-1979","All",0,0,0,NA,NA
"3714","HH","Czechia","Women","1920-1929","All",0,0,0,NA,NA
"3715","HH","Czechia","Women","1930-1939","All",0,0,0,NA,NA
"3716","HH","Czechia","Women","1940-1949","All",0,0,0,NA,NA
"3717","HH","Czechia","Women","1950-1959","All",0,0,0,NA,NA
"3718","HH","Czechia","Women","1960-1969","All",0,0,0,NA,NA
"3719","HH","Czechia","Women","1970-1979","All",0,0,0,NA,NA
"3720","HH","Estonia","Men","1920-1929","All",134.965425252914,15.7033022642136,0,11.6,0
"3721","HH","Estonia","Men","1930-1939","All",419.959069490433,47.0546288490295,9.5003103017807,11.2,20.2
"3722","HH","Estonia","Men","1940-1949","All",545.5261759758,52.8759213685989,15.2020560503006,9.7,28.8
"3723","HH","Estonia","Men","1950-1959","All",677.86016523838,72.7527294158936,22.069109082222,10.7,30.3
"3724","HH","Estonia","Men","1960-1969","All",687.07438158989,106.044540166855,41.0362449884415,15.4,38.7
"3725","HH","Estonia","Men","1970-1979","All",22.4942376613617,2.64638090133667,2.64638090133667,11.8,100
"3726","HH","Estonia","Women","1920-1929","All",313.335337758064,46.9848743677139,11.3954570293427,15,24.3
"3727","HH","Estonia","Women","1930-1939","All",672.707079470158,61.8111949563026,18.2458871603012,9.2,29.5
"3728","HH","Estonia","Women","1940-1949","All",685.314135670662,52.0783951878548,17.3175221085548,7.6,33.3
"3729","HH","Estonia","Women","1950-1959","All",810.482264876366,51.5556732416153,16.2688165903091,6.4,31.6
"3730","HH","Estonia","Women","1960-1969","All",751.514058291912,57.9393747448921,28.123445212841,7.7,48.5
"3731","HH","Estonia","Women","1970-1979","All",19.934156537056,3.98683130741119,2.39209878444672,20,60
"3732","HH","France","Men","1920-1929","All",683483.889221191,125792.839111328,31840.2781982422,18.4,25.3
"3733","HH","France","Men","1930-1939","All",2070902.90460205,231605.017089844,96322.1987304688,11.2,41.6
"3734","HH","France","Men","1940-1949","All",3606481.95263672,477488.063110352,175040.142944336,13.2,36.7
"3735","HH","France","Men","1950-1959","All",3545880.65551758,510109.130371094,149406.161254883,14.4,29.3
"3736","HH","France","Men","1960-1969","All",4191925.03857422,919367.47668457,331136.120483398,21.9,36
"3737","HH","France","Men","1970-1979","All",474223.933959961,130236.263916016,40613.1147460938,27.5,31.2
"3738","HH","France","Women","1920-1929","All",916803.137573242,176939.013671875,53404.7060546875,19.3,30.2
"3739","HH","France","Women","1930-1939","All",2603432.16320801,293838.097900391,98826.0061035156,11.3,33.6
"3740","HH","France","Women","1940-1949","All",3249812.9140625,389817.493286133,113808.019897461,12,29.2
"3741","HH","France","Women","1950-1959","All",4317640.85656738,474370.819152832,146376.519714355,11,30.9
"3742","HH","France","Women","1960-1969","All",4365357.78662109,561175.118774414,169698.196044922,12.9,30.2
"3743","HH","France","Women","1970-1979","All",416648.62487793,55472.9458007812,32513.3278808594,13.3,58.6
"3744","HH","Georgia","Men","1920-1929","All",71.6564888358116,1.76418226957321,0,2.5,0
"3745","HH","Georgia","Men","1930-1939","All",308.501259148121,16.3026129007339,6.56225264072418,5.3,40.3
"3746","HH","Georgia","Men","1940-1949","All",390.75993591547,19.34600430727,6.62489604949951,5,34.2
"3747","HH","Georgia","Men","1950-1959","All",723.553097784519,54.7287781238556,38.1556444764137,7.6,69.7
"3748","HH","Georgia","Men","1960-1969","All",971.37590533495,133.297036170959,96.2590764164925,13.7,72.2
"3749","HH","Georgia","Men","1970-1979","All",121.153929650784,40.7910342812538,29.0367120504379,33.7,71.2
"3750","HH","Georgia","Women","1920-1929","All",103.751411914825,21.5332014560699,13.5699021220207,20.8,63
"3751","HH","Georgia","Women","1930-1939","All",402.521309137344,54.3150799870491,31.2160269021988,13.5,57.5
"3752","HH","Georgia","Women","1940-1949","All",527.998537957668,66.5622236132622,44.9576323628426,12.6,67.5
"3753","HH","Georgia","Women","1950-1959","All",829.889934718609,82.6096113920212,58.32639336586,10,70.6
"3754","HH","Georgia","Women","1960-1969","All",1103.29734116793,151.300711333752,118.961131215096,13.7,78.6
"3755","HH","Georgia","Women","1970-1979","All",164.562186717987,23.9230020046234,15.76935338974,14.5,65.9
"3756","HH","Germany","Men","1920-1929","All",153.004000134766,33.3490000069141,11.6240000426769,21.8,34.9
"3757","HH","Germany","Men","1930-1939","All",591.548000186682,130.474999964237,32.0369997620583,22.1,24.6
"3758","HH","Germany","Men","1940-1949","All",759.229000672698,175.800000175834,45.9119999706745,23.2,26.1
"3759","HH","Germany","Men","1950-1959","All",893.693998128176,203.388999015093,67.5809994935989,22.8,33.2
"3760","HH","Germany","Men","1960-1969","All",1106.1760019511,385.989000737667,188.957000344992,34.9,49
"3761","HH","Germany","Men","1970-1979","All",51.2619999051094,22.3569997549057,8.80900001525879,43.6,39.4
"3762","HH","Germany","Women","1920-1929","All",255.362999133766,78.0239998921752,48.8899999856949,30.6,62.7
"3763","HH","Germany","Women","1930-1939","All",691.447999402881,148.066999942064,56.1659999787807,21.4,37.9
"3764","HH","Germany","Women","1940-1949","All",771.6209987849,155.751999810338,25.5399999767542,20.2,16.4
"3765","HH","Germany","Women","1950-1959","All",880.578000590205,128.120000332594,31.2819998860359,14.5,24.4
"3766","HH","Germany","Women","1960-1969","All",1056.14800080657,166.46800032258,57.0169998705387,15.8,34.3
"3767","HH","Germany","Women","1970-1979","All",52.8770000338554,13.3259999752045,5.77400004863739,25.2,43.3
"3768","HH","Hungary","Men","1920-1929","All",182.208654522896,21.4605319499969,2.02198219299316,11.8,9.4
"3769","HH","Hungary","Men","1930-1939","All",671.724277943373,78.2867258787155,18.6763718128204,11.7,23.9
"3770","HH","Hungary","Men","1940-1949","All",1022.92820802331,125.378364503384,32.9991655349731,12.3,26.3
"3771","HH","Hungary","Men","1950-1959","All",1305.0361867547,180.518384933472,95.5131043791771,13.8,52.9
"3772","HH","Hungary","Men","1960-1969","All",1129.2073969245,266.606457769871,140.953047990799,23.6,52.9
"3773","HH","Hungary","Men","1970-1979","All",5.32907688617706,0,0,0,NA
"3774","HH","Hungary","Women","1920-1929","All",349.462540656328,60.1478651762009,12.9026592969894,17.2,21.5
"3775","HH","Hungary","Women","1930-1939","All",1044.05392256379,114.762664198875,25.8123162388802,11,22.5
"3776","HH","Hungary","Women","1940-1949","All",1259.09195506573,130.355765581131,36.9542862772942,10.4,28.3
"3777","HH","Hungary","Women","1950-1959","All",1474.40434515476,127.782442033291,39.3527616262436,8.7,30.8
"3778","HH","Hungary","Women","1960-1969","All",1183.07576757669,112.493124902248,45.7706509828568,9.5,40.7
"3779","HH","Hungary","Women","1970-1979","All",1.99710559844971,0,0,0,NA
"3780","HH","Kazakhstan","Men","1930-1939","All",25.7619214057922,3.86428821086884,2.57619214057922,15,66.7
"3781","HH","Kazakhstan","Men","1940-1949","All",262.10949575901,52.202429831028,27.4373440742493,19.9,52.6
"3782","HH","Kazakhstan","Men","1950-1959","All",597.895986557007,93.3650622367859,59.341920375824,15.6,63.6
"3783","HH","Kazakhstan","Men","1960-1969","All",1137.61193275452,176.111271858215,103.882461547852,15.5,59
"3784","HH","Kazakhstan","Men","1970-1979","All",1337.0871295929,263.46692276001,161.900783061981,19.7,61.5
"3785","HH","Kazakhstan","Men","1980-1989","All",482.41135597229,92.0463047027588,59.8855476379395,19.1,65.1
"3786","HH","Kazakhstan","Women","1920-1929","All",0,0,0,NA,NA
"3787","HH","Kazakhstan","Women","1930-1939","All",49.296634554863,12.1141724586487,8.6529803276062,24.6,71.4
"3788","HH","Kazakhstan","Women","1940-1949","All",501.916227459908,106.162435948849,74.9328048229218,21.2,70.6
"3789","HH","Kazakhstan","Women","1950-1959","All",829.625632584095,138.799797832966,99.6576939821243,16.7,71.8
"3790","HH","Kazakhstan","Women","1960-1969","All",1334.40301048756,217.450878143311,160.620289325714,16.3,73.9
"3791","HH","Kazakhstan","Women","1970-1979","All",1365.44996279478,214.052183687687,153.09008449316,15.7,71.5
"3792","HH","Kazakhstan","Women","1980-1989","All",529.608917951584,70.2461903095245,51.3033974170685,13.3,73
"3793","HH","Lithuania","Men","1920-1929","All",40.2730084955692,9.27697196602821,5.87005987763405,23,63.3
"3794","HH","Lithuania","Men","1930-1939","All",357.317454308271,58.0624788701534,18.2509940266609,16.2,31.4
"3795","HH","Lithuania","Men","1940-1949","All",522.90853869915,77.2156763672829,28.8861858248711,14.8,37.4
"3796","HH","Lithuania","Men","1950-1959","All",698.009243905544,101.592197418213,50.5286921858788,14.6,49.7
"3797","HH","Lithuania","Men","1960-1969","All",954.320285379887,135.503670811653,70.8522536158562,14.2,52.3
"3798","HH","Lithuania","Men","1970-1979","All",152.211637496948,34.6030801534653,20.6925451755524,22.7,59.8
"3799","HH","Lithuania","Women","1920-1929","All",67.5964913964272,24.6477188467979,16.9207839369774,36.5,68.7
"3800","HH","Lithuania","Women","1930-1939","All",542.86285930872,97.5425776839256,52.1159979701042,18,53.4
"3801","HH","Lithuania","Women","1940-1949","All",783.456568717957,110.217708826065,59.7360717058182,14.1,54.2
"3802","HH","Lithuania","Women","1950-1959","All",721.785387337208,102.943428814411,54.1994183659554,14.3,52.6
"3803","HH","Lithuania","Women","1960-1969","All",906.293199658394,88.8297210931778,54.707506775856,9.8,61.6
"3804","HH","Lithuania","Women","1970-1979","All",136.453343153,20.4537575244904,14.0474276542664,15,68.7
"3805","HH","Moldova","Men","1940-1949","All",183.935227632523,12.8905227184296,5.50667399168015,7,42.7
"3806","HH","Moldova","Men","1950-1959","All",614.730100870132,52.734904050827,26.4475440979004,8.6,50.2
"3807","HH","Moldova","Men","1960-1969","All",715.420020222664,81.1062164902687,38.9071529507637,11.3,48
"3808","HH","Moldova","Men","1970-1979","All",817.402490377426,146.868522047997,79.1814250946045,18,53.9
"3809","HH","Moldova","Men","1980-1989","All",601.802676677704,153.553474187851,75.5932016372681,25.5,49.2
"3810","HH","Moldova","Women","1940-1949","All",321.844400376081,36.8108187317848,25.3474009037018,11.4,68.9
"3811","HH","Moldova","Women","1950-1959","All",832.451067179441,67.8775071799755,35.1278412342072,8.2,51.8
"3812","HH","Moldova","Women","1960-1969","All",869.471516311169,60.4699771404266,23.7618489861488,7,39.3
"3813","HH","Moldova","Women","1970-1979","All",863.566308557987,65.1411671638489,22.3704466223717,7.5,34.3
"3814","HH","Moldova","Women","1980-1989","All",570.060931801796,45.9362874031067,16.7415356636047,8.1,36.4
"3815","HH","Netherlands","Men","1930-1939","All",207.346218824387,20.0271412134171,2.40821743011475,9.7,12
"3816","HH","Netherlands","Men","1940-1949","All",1444.01205769612,230.138837605715,70.9219587445259,15.9,30.8
"3817","HH","Netherlands","Men","1950-1959","All",1818.05716565915,368.360205572681,100.910155534744,20.3,27.4
"3818","HH","Netherlands","Men","1960-1969","All",1925.73222383147,550.296999376849,192.708176910877,28.6,35
"3819","HH","Netherlands","Men","1970-1979","All",744.942107915878,219.583516538143,66.2942153215408,29.5,30.2
"3820","HH","Netherlands","Women","1930-1939","All",233.504651129246,29.9600141048431,13.3900901675224,12.8,44.7
"3821","HH","Netherlands","Women","1940-1949","All",1433.18702588894,170.65632639511,55.0660959301749,11.9,32.3
"3822","HH","Netherlands","Women","1950-1959","All",1758.18251054292,300.528609187575,49.3090527057648,17.1,16.4
"3823","HH","Netherlands","Women","1960-1969","All",1859.4666531923,383.276272976073,89.2275811433792,20.6,23.3
"3824","HH","Netherlands","Women","1970-1979","All",732.549803853035,156.570344090462,37.0771509408951,21.4,23.7
"3825","HH","Norway","Men","1920-1929","All",4.60481861233711,0.960078001022339,0.960078001022339,20.8,100
"3826","HH","Norway","Men","1930-1939","All",73.3748496621847,6.26273095607758,1.5156786441803,8.5,24.2
"3827","HH","Norway","Men","1940-1949","All",383.564492970705,41.9545196294785,12.5787996202707,10.9,30
"3828","HH","Norway","Men","1950-1959","All",1129.08728337288,163.604402154684,41.5767108798027,14.5,25.4
"3829","HH","Norway","Men","1960-1969","All",1549.57032305002,272.324343681335,87.6426748633385,17.6,32.2
"3830","HH","Norway","Men","1970-1979","All",425.483452528715,104.061786293983,33.3404861092567,24.5,32
"3831","HH","Norway","Women","1920-1929","All",7.52950048446655,0.777840971946716,0,10.3,0
"3832","HH","Norway","Women","1930-1939","All",101.008206158876,14.5522933453321,3.96476656198502,14.4,27.2
"3833","HH","Norway","Women","1940-1949","All",318.2569655478,47.9994549155235,12.4187866449356,15.1,25.9
"3834","HH","Norway","Women","1950-1959","All",1096.55574715137,126.143580526114,20.3572092801332,11.5,16.1
"3835","HH","Norway","Women","1960-1969","All",1473.12411902845,169.418208092451,39.1809611171484,11.5,23.1
"3836","HH","Norway","Women","1970-1979","All",419.469631969929,51.0352574586868,17.8192255496979,12.2,34.9
"3837","HH","Poland","Men","1920-1929","All",0,0,0,NA,NA
"3838","HH","Poland","Men","1930-1939","All",0,0,0,NA,NA
"3839","HH","Poland","Men","1940-1949","All",0,0,0,NA,NA
"3840","HH","Poland","Men","1950-1959","All",0,0,0,NA,NA
"3841","HH","Poland","Men","1960-1969","All",0,0,0,NA,NA
"3842","HH","Poland","Men","1970-1979","All",0,0,0,NA,NA
"3843","HH","Poland","Women","1920-1929","All",0,0,0,NA,NA
"3844","HH","Poland","Women","1930-1939","All",0,0,0,NA,NA
"3845","HH","Poland","Women","1940-1949","All",0,0,0,NA,NA
"3846","HH","Poland","Women","1950-1959","All",0,0,0,NA,NA
"3847","HH","Poland","Women","1960-1969","All",0,0,0,NA,NA
"3848","HH","Poland","Women","1970-1979","All",0,0,0,NA,NA
"3849","HH","Romania","Men","1920-1929","All",162.632718443871,22.9574792385101,2.49474814534187,14.1,10.9
"3850","HH","Romania","Men","1930-1939","All",582.035478919744,79.6300489008427,9.85412231087685,13.7,12.4
"3851","HH","Romania","Men","1940-1949","All",735.13615322113,119.849763035774,24.8291274011135,16.3,20.7
"3852","HH","Romania","Men","1950-1959","All",979.91671487689,151.497756451368,48.9933373630047,15.5,32.3
"3853","HH","Romania","Men","1960-1969","All",1014.31851136684,177.18912512064,72.7024621963501,17.5,41
"3854","HH","Romania","Men","1970-1979","All",124.816936612129,40.9887249469757,24.4900943636894,32.8,59.7
"3855","HH","Romania","Women","1920-1929","All",179.981134235859,28.674002289772,7.66470772027969,15.9,26.7
"3856","HH","Romania","Women","1930-1939","All",773.293659448624,104.924385905266,19.2534277439117,13.6,18.3
"3857","HH","Romania","Women","1940-1949","All",823.812971532345,103.081809997559,15.4033663868904,12.5,14.9
"3858","HH","Romania","Women","1950-1959","All",1075.86486935616,100.841036617756,14.2802496552467,9.4,14.2
"3859","HH","Romania","Women","1960-1969","All",1013.94923347235,102.42757076025,36.3040984272957,10.1,35.4
"3860","HH","Romania","Women","1970-1979","All",118.447468876839,11.220830142498,6.43702411651611,9.5,57.4
"3861","HH","Russia","Men","1920-1929","All",158.025013804436,10.0769573450089,0.45804351568222,6.4,4.5
"3862","HH","Russia","Men","1930-1939","All",458.04352003336,35.7273942828178,2.74826109409332,7.8,7.7
"3863","HH","Russia","Men","1940-1949","All",518.505266427994,33.8952202796936,2.2902175784111,6.5,6.8
"3864","HH","Russia","Men","1950-1959","All",878.069433569908,58.1715270876884,16.0315232276917,6.6,27.6
"3865","HH","Russia","Men","1960-1969","All",848.754644393921,104.891965925694,41.2239165902138,12.4,39.3
"3866","HH","Russia","Women","1920-1929","All",283.528938055038,37.5595683455467,8.70282679796219,13.2,23.2
"3867","HH","Russia","Women","1930-1939","All",865.244209170341,54.9652221798897,11.4510878920555,6.4,20.8
"3868","HH","Russia","Women","1940-1949","All",861.579863071442,64.5841358304024,19.2378277182579,7.5,29.8
"3869","HH","Russia","Women","1950-1959","All",1605.44254726171,75.1191370487213,24.2763065695763,4.7,32.3
"3870","HH","Russia","Women","1960-1969","All",1251.83294528723,76.4932680130005,29.7728290557861,6.1,38.9
"3871","HH","Spain","Women","1908-1909","All",1.75499999523163,1.75499999523163,1.75499999523163,100,100
"3872","HH","Spain","Women","1910-1919","All",4.09700003266335,0.164000004529953,0,4,0
"3873","HH","Spain","Women","1920-1929","All",82.1639999747276,15.3510000705719,5.85000005364418,18.7,38.1
"3874","HH","Spain","Women","1930-1939","All",186.165000528097,11.4299999475479,2.97299998998642,6.1,26
"3875","HH","Spain","Women","1940-1949","All",276.037000626326,25.1879999041557,13.5490000247955,9.1,53.8
"3876","HH","Spain","Women","1950-1959","All",465.513002842665,53.4440005123615,18.8500002324581,11.5,35.3
"3877","HH","Spain","Women","1960-1969","All",754.369005471468,100.014000177383,37.4609997570515,13.3,37.5
"3878","HH","Spain","Women","1970-1979","All",101.781000643969,24.2870001494884,12.1640000641346,23.9,50.1
"3879","HH","Sweden","Men","1930-1939","All",0,0,0,NA,NA
"3880","HH","Sweden","Men","1940-1949","All",0,0,0,NA,NA
"3881","HH","Sweden","Men","1950-1959","All",0,0,0,NA,NA
"3882","HH","Sweden","Men","1960-1969","All",0,0,0,NA,NA
"3883","HH","Sweden","Men","1970-1979","All",0,0,0,NA,NA
"3884","HH","Sweden","Women","1930-1939","All",0,0,0,NA,NA
"3885","HH","Sweden","Women","1940-1949","All",0,0,0,NA,NA
"3886","HH","Sweden","Women","1950-1959","All",0,0,0,NA,NA
"3887","HH","Sweden","Women","1960-1969","All",0,0,0,NA,NA
"3888","HH","Sweden","Women","1970-1979","All",0,0,0,NA,NA
"3889","HH","The UK","Men","1920-1929","All",202.114622533321,42.159467831254,13.4923107624054,20.9,32
"3890","HH","The UK","Men","1930-1939","All",538.085540935397,96.8992165923119,29.3802696615458,18,30.3
"3891","HH","The UK","Men","1940-1949","All",776.769187502563,106.261201456189,34.5569819882512,13.7,32.5
"3892","HH","The UK","Men","1950-1959","All",818.347971267998,138.923531033099,43.2914191186428,17,31.2
"3893","HH","The UK","Men","1960-1969","All",954.568143725395,207.934681281447,65.2867514640093,21.8,31.4
"3894","HH","The UK","Men","1970-1979","All",103.268363818526,37.2164924070239,8.03322061151266,36,21.6
"3895","HH","The UK","Women","1920-1929","All",234.444307975471,51.2434501051903,8.69770538806915,21.9,17
"3896","HH","The UK","Women","1930-1939","All",650.912488885224,104.861562624574,27.4020769670606,16.1,26.1
"3897","HH","The UK","Women","1940-1949","All",962.47359470278,101.990222200751,26.6480493843555,10.6,26.1
"3898","HH","The UK","Women","1950-1959","All",968.548981659114,130.666220359504,35.8282130137086,13.5,27.4
"3899","HH","The UK","Women","1960-1969","All",1244.8316199109,176.119801178575,34.2655391991138,14.1,19.5
"3900","HH","The UK","Women","1970-1979","All",82.3852987065911,11.1955785080791,2.03587215393782,13.6,18.2
"3901","HH","The US","Men","1960-1969","All",7088279.70464793,1576377.45890398,382789.198417188,22.2,24.3
"3902","HH","The US","Men","1970-1979","All",2638746.7967045,438809.723758672,182931.989772885,16.6,41.7
"3903","HH","The US","Women","1950-1959","All",17354528.3774,3427916.2001,849370.8216,19.8,24.8
"3904","HH","The US","Women","1960-1969","All",6968657.71520039,724330.123295013,199766.150229441,10.4,27.6
"3905","HH","The US","Women","1970-1979","All",2890197.97230487,491756.896148141,86644.9151464316,17,17.6
