"","country","sex","bc_cate","education","datasetname","TotalN","ChildlessN","NeverInUnionN","prop_childless","prop_neverinunion"
"1","Albania","Men","1955-1959","Low","DHS",6,NA,NA,NA,NA
"2","Albania","Men","1955-1959","Medium","DHS",518,NA,NA,NA,NA
"3","Albania","Men","1955-1959","High","DHS",337,NA,NA,NA,NA
"4","Albania","Men","1960-1964","Low","DHS",18,NA,NA,NA,NA
"5","Albania","Men","1960-1964","Medium","DHS",1243,NA,NA,NA,NA
"6","Albania","Men","1960-1964","High","DHS",859,NA,NA,NA,NA
"7","Albania","Men","1965-1969","Low","DHS",11,NA,NA,NA,NA
"8","Albania","Men","1965-1969","Medium","DHS",1020,13,5,1.3,38.5
"9","Albania","Men","1965-1969","High","DHS",901,21,17,2.3,81
"10","Albania","Men","1970-1974","Low","DHS",7,1,1,14.3,100
"11","Albania","Men","1970-1974","Medium","DHS",853,50,15,5.9,30
"12","Albania","Men","1970-1974","High","DHS",846,58,25,6.9,43.1
"13","Albania","Men","1975-1979","Low","DHS",9,1,1,11.1,100
"14","Albania","Men","1975-1979","Medium","DHS",926,55,28,5.9,50.9
"15","Albania","Men","1975-1979","High","DHS",603,49,35,8.1,71.4
"16","Albania","Men","1980-1984","Low","DHS",12,6,5,50,83.3
"17","Albania","Men","1980-1984","Medium","DHS",491,32,24,6.5,75
"18","Albania","Men","1980-1984","High","DHS",298,35,24,11.7,68.6
"19","Albania","Women","1955-1959","Low","DHS",2,NA,NA,NA,NA
"20","Albania","Women","1955-1959","Medium","DHS",144,8,1,5.6,12.5
"21","Albania","Women","1955-1959","High","DHS",183,8,2,4.4,25
"22","Albania","Women","1960-1964","Low","DHS",5,2,1,40,50
"23","Albania","Women","1960-1964","Medium","DHS",401,19,6,4.7,31.6
"24","Albania","Women","1960-1964","High","DHS",471,35,8,7.4,22.9
"25","Albania","Women","1965-1969","Low","DHS",2,NA,NA,NA,NA
"26","Albania","Women","1965-1969","Medium","DHS",326,27,3,8.3,11.1
"27","Albania","Women","1965-1969","High","DHS",395,36,13,9.1,36.1
"28","Albania","Women","1970-1974","Low","DHS",6,NA,NA,NA,NA
"29","Albania","Women","1970-1974","Medium","DHS",292,34,10,11.6,29.4
"30","Albania","Women","1970-1974","High","DHS",336,29,8,8.6,27.6
"31","Albania","Women","1975-1979","Low","DHS",3,NA,NA,NA,NA
"32","Albania","Women","1975-1979","Medium","DHS",321,41,20,12.8,48.8
"33","Albania","Women","1975-1979","High","DHS",242,43,24,17.8,55.8
"34","Albania","Women","1980-1984","Low","DHS",5,2,2,40,100
"35","Albania","Women","1980-1984","Medium","DHS",174,37,24,21.3,64.9
"36","Albania","Women","1980-1984","High","DHS",137,50,33,36.5,66
"37","Angola","Men","1965-1969","Low","DHS",236,12,3,5.1,25
"38","Angola","Men","1965-1969","Medium","DHS",283,8,3,2.8,37.5
"39","Angola","Men","1965-1969","High","DHS",123,4,2,3.3,50
"40","Angola","Men","1970-1974","Low","DHS",388,17,2,4.4,11.8
"41","Angola","Men","1970-1974","Medium","DHS",433,10,2,2.3,20
"42","Angola","Men","1970-1974","High","DHS",198,5,3,2.5,60
"43","Angola","Men","1975-1979","Low","DHS",629,26,9,4.1,34.6
"44","Angola","Men","1975-1979","Medium","DHS",602,9,2,1.5,22.2
"45","Angola","Men","1975-1979","High","DHS",367,14,8,3.8,57.1
"46","Angola","Men","1980-1984","Low","DHS",170,4,4,2.4,100
"47","Angola","Men","1980-1984","Medium","DHS",119,2,1,1.7,50
"48","Angola","Men","1980-1984","High","DHS",73,2,1,2.7,50
"49","Angola","Women","1960-1964","Low","DHS",26,1,1,3.8,100
"50","Angola","Women","1960-1964","Medium","DHS",103,3,2,2.9,66.7
"51","Angola","Women","1960-1964","High","DHS",108,4,NA,3.7,NA
"52","Angola","Women","1965-1969","Low","DHS",39,4,1,10.3,25
"53","Angola","Women","1965-1969","Medium","DHS",155,7,2,4.5,28.6
"54","Angola","Women","1965-1969","High","DHS",180,5,1,2.8,20
"55","Angola","Women","1970-1974","Low","DHS",47,NA,NA,NA,NA
"56","Angola","Women","1970-1974","Medium","DHS",155,8,2,5.2,25
"57","Angola","Women","1970-1974","High","DHS",232,8,3,3.4,37.5
"58","Angola","Women","1975-1979","Low","DHS",71,5,3,7,60
"59","Angola","Women","1975-1979","Medium","DHS",183,6,2,3.3,33.3
"60","Angola","Women","1975-1979","High","DHS",271,6,4,2.2,66.7
"61","Angola","Women","1980-1984","Low","DHS",31,3,2,9.7,66.7
"62","Angola","Women","1980-1984","Medium","DHS",42,4,3,9.5,75
"63","Angola","Women","1980-1984","High","DHS",67,3,3,4.5,100
"64","Armenia","Men","1965-1969","Medium","DHS",29,1,1,3.4,100
"65","Armenia","Men","1965-1969","High","DHS",499,32,22,6.4,68.8
"66","Armenia","Men","1970-1974","Low","DHS",1,NA,NA,NA,NA
"67","Armenia","Men","1970-1974","Medium","DHS",34,2,NA,5.9,NA
"68","Armenia","Men","1970-1974","High","DHS",732,49,27,6.7,55.1
"69","Armenia","Men","1975-1979","Low","DHS",1,NA,NA,NA,NA
"70","Armenia","Men","1975-1979","Medium","DHS",53,5,3,9.4,60
"71","Armenia","Men","1975-1979","High","DHS",802,74,54,9.2,73
"72","Armenia","Men","1980-1984","Medium","DHS",16,1,1,6.2,100
"73","Armenia","Men","1980-1984","High","DHS",203,22,19,10.8,86.4
"74","Armenia","Women","1965-1969","Medium","DHS",21,1,1,4.8,100
"75","Armenia","Women","1965-1969","High","DHS",218,11,8,5,72.7
"76","Armenia","Women","1970-1974","Medium","DHS",26,3,NA,11.5,NA
"77","Armenia","Women","1970-1974","High","DHS",316,28,19,8.9,67.9
"78","Armenia","Women","1975-1979","Low","DHS",1,NA,NA,NA,NA
"79","Armenia","Women","1975-1979","Medium","DHS",50,7,7,14,100
"80","Armenia","Women","1975-1979","High","DHS",334,42,30,12.6,71.4
"81","Armenia","Women","1980-1984","Low","DHS",2,1,1,50,100
"82","Armenia","Women","1980-1984","Medium","DHS",11,2,2,18.2,100
"83","Armenia","Women","1980-1984","High","DHS",69,12,9,17.4,75
"84","Austria","Men","1960-1964","Low","GGS",15,2,1,13.3,50
"85","Austria","Men","1960-1964","Medium","GGS",102,23,14,22.5,60.9
"86","Austria","Men","1960-1964","High","GGS",27,5,3,18.5,60
"87","Austria","Men","1965-1969","Low","GGS",39,14,6,35.9,42.9
"88","Austria","Men","1965-1969","Medium","GGS",325,68,36,20.9,52.9
"89","Austria","Men","1965-1969","High","GGS",97,30,16,30.9,53.3
"90","Austria","Men","1970-1974","Low","GGS",14,5,5,35.7,100
"91","Austria","Men","1970-1974","Medium","GGS",219,79,38,36.1,48.1
"92","Austria","Men","1970-1974","High","GGS",68,25,16,36.8,64
"93","Austria","Women","1960-1964","Low","GGS",44,6,4,13.6,66.7
"94","Austria","Women","1960-1964","Medium","GGS",127,15,9,11.8,60
"95","Austria","Women","1960-1964","High","GGS",32,10,8,31.2,80
"96","Austria","Women","1965-1969","Low","GGS",120,16,8,13.3,50
"97","Austria","Women","1965-1969","Medium","GGS",448,70,33,15.6,47.1
"98","Austria","Women","1965-1969","High","GGS",144,35,16,24.3,45.7
"99","Austria","Women","1970-1974","Low","GGS",65,2,1,3.1,50
"100","Austria","Women","1970-1974","Medium","GGS",323,61,27,18.9,44.3
"101","Austria","Women","1970-1974","High","GGS",78,28,10,35.9,35.7
"102","Azerbaijan","Men","1955-1959","Low","DHS",13,2,2,15.4,100
"103","Azerbaijan","Men","1955-1959","Medium","DHS",13,1,1,7.7,100
"104","Azerbaijan","Men","1955-1959","High","DHS",567,58,32,10.2,55.2
"105","Azerbaijan","Men","1960-1964","Low","DHS",23,5,4,21.7,80
"106","Azerbaijan","Men","1960-1964","Medium","DHS",13,3,2,23.1,66.7
"107","Azerbaijan","Men","1960-1964","High","DHS",1244,124,75,10,60.5
"108","Azerbaijan","Men","1965-1969","Low","DHS",10,1,NA,10,NA
"109","Azerbaijan","Men","1965-1969","Medium","DHS",9,2,1,22.2,50
"110","Azerbaijan","Men","1965-1969","High","DHS",1167,146,104,12.5,71.2
"111","Azerbaijan","Men","1970-1974","Low","DHS",5,2,2,40,100
"112","Azerbaijan","Men","1970-1974","Medium","DHS",4,1,NA,25,NA
"113","Azerbaijan","Men","1970-1974","High","DHS",427,82,61,19.2,74.4
"114","Azerbaijan","Women","1945-1949","High","DHS",53,1,1,1.9,100
"115","Azerbaijan","Women","1950-1954","Low","DHS",1,NA,NA,NA,NA
"116","Azerbaijan","Women","1950-1954","High","DHS",154,6,2,3.9,33.3
"117","Azerbaijan","Women","1955-1959","Low","DHS",2,NA,NA,NA,NA
"118","Azerbaijan","Women","1955-1959","Medium","DHS",3,NA,NA,NA,NA
"119","Azerbaijan","Women","1955-1959","High","DHS",281,11,2,3.9,18.2
"120","Azerbaijan","Women","1960-1964","Low","DHS",1,NA,NA,NA,NA
"121","Azerbaijan","Women","1960-1964","Medium","DHS",2,NA,NA,NA,NA
"122","Azerbaijan","Women","1960-1964","High","DHS",319,8,1,2.5,12.5
"123","Azerbaijan","Women","1965-1969","Medium","DHS",3,NA,NA,NA,NA
"124","Azerbaijan","Women","1965-1969","High","DHS",299,14,7,4.7,50
"125","Azerbaijan","Women","1970-1974","Medium","DHS",2,1,NA,50,NA
"126","Azerbaijan","Women","1970-1974","High","DHS",119,15,8,12.6,53.3
"127","Belgium","Men","1925-1929","Low","GGS",25,3,1,12,33.3
"128","Belgium","Men","1925-1929","Medium","GGS",9,4,3,44.4,75
"129","Belgium","Men","1925-1929","High","GGS",7,4,3,57.1,75
"130","Belgium","Men","1930-1934","Low","GGS",89,24,17,27,70.8
"131","Belgium","Men","1930-1934","Medium","GGS",42,7,5,16.7,71.4
"132","Belgium","Men","1930-1934","High","GGS",36,12,9,33.3,75
"133","Belgium","Men","1930-1934",NA,"GGS",2,NA,NA,NA,NA
"134","Belgium","Men","1935-1939","Low","GGS",97,26,16,26.8,61.5
"135","Belgium","Men","1935-1939","Medium","GGS",47,14,13,29.8,92.9
"136","Belgium","Men","1935-1939","High","GGS",46,10,8,21.7,80
"137","Belgium","Men","1940-1944","Low","GGS",99,32,22,32.3,68.8
"138","Belgium","Men","1940-1944","Medium","GGS",53,18,13,34,72.2
"139","Belgium","Men","1940-1944","High","GGS",61,23,12,37.7,52.2
"140","Belgium","Men","1940-1944",NA,"GGS",2,1,1,50,100
"141","Belgium","Men","1945-1949","Low","GGS",114,41,29,36,70.7
"142","Belgium","Men","1945-1949","Medium","GGS",78,20,15,25.6,75
"143","Belgium","Men","1945-1949","High","GGS",98,25,15,25.5,60
"144","Belgium","Men","1950-1954","Low","GGS",128,37,25,28.9,67.6
"145","Belgium","Men","1950-1954","Medium","GGS",106,28,19,26.4,67.9
"146","Belgium","Men","1950-1954","High","GGS",101,17,9,16.8,52.9
"147","Belgium","Men","1950-1954",NA,"GGS",3,NA,NA,NA,NA
"148","Belgium","Men","1955-1959","Low","GGS",111,23,15,20.7,65.2
"149","Belgium","Men","1955-1959","Medium","GGS",122,30,14,24.6,46.7
"150","Belgium","Men","1955-1959","High","GGS",106,14,10,13.2,71.4
"151","Belgium","Men","1955-1959",NA,"GGS",2,NA,NA,NA,NA
"152","Belgium","Men","1960-1964","Low","GGS",115,20,15,17.4,75
"153","Belgium","Men","1960-1964","Medium","GGS",139,23,11,16.5,47.8
"154","Belgium","Men","1960-1964","High","GGS",135,26,8,19.3,30.8
"155","Belgium","Men","1960-1964",NA,"GGS",3,1,NA,33.3,NA
"156","Belgium","Men","1965-1969","Low","GGS",75,25,14,33.3,56
"157","Belgium","Men","1965-1969","Medium","GGS",117,25,14,21.4,56
"158","Belgium","Men","1965-1969","High","GGS",127,22,9,17.3,40.9
"159","Belgium","Men","1965-1969",NA,"GGS",1,NA,NA,NA,NA
"160","Belgium","Men","1970-1974","Low","GGS",69,30,14,43.5,46.7
"161","Belgium","Men","1970-1974","Medium","GGS",84,17,11,20.2,64.7
"162","Belgium","Men","1970-1974","High","GGS",130,29,14,22.3,48.3
"163","Belgium","Men","1970-1974",NA,"GGS",2,NA,NA,NA,NA
"164","Belgium","Men","1975-1979","Medium","GGS",4,2,NA,50,NA
"165","Belgium","Men","1975-1979","High","GGS",6,1,1,16.7,100
"166","Belgium","Women","1925-1929","Low","GGS",35,9,8,25.7,88.9
"167","Belgium","Women","1925-1929","Medium","GGS",6,2,1,33.3,50
"168","Belgium","Women","1925-1929","High","GGS",1,NA,NA,NA,NA
"169","Belgium","Women","1930-1934","Low","GGS",114,30,23,26.3,76.7
"170","Belgium","Women","1930-1934","Medium","GGS",28,12,10,42.9,83.3
"171","Belgium","Women","1930-1934","High","GGS",24,8,5,33.3,62.5
"172","Belgium","Women","1935-1939","Low","GGS",108,30,21,27.8,70
"173","Belgium","Women","1935-1939","Medium","GGS",44,9,7,20.5,77.8
"174","Belgium","Women","1935-1939","High","GGS",30,12,11,40,91.7
"175","Belgium","Women","1940-1944","Low","GGS",113,27,18,23.9,66.7
"176","Belgium","Women","1940-1944","Medium","GGS",40,10,9,25,90
"177","Belgium","Women","1940-1944","High","GGS",62,19,17,30.6,89.5
"178","Belgium","Women","1945-1949","Low","GGS",142,37,26,26.1,70.3
"179","Belgium","Women","1945-1949","Medium","GGS",83,26,17,31.3,65.4
"180","Belgium","Women","1945-1949","High","GGS",93,24,17,25.8,70.8
"181","Belgium","Women","1945-1949",NA,"GGS",1,NA,NA,NA,NA
"182","Belgium","Women","1950-1954","Low","GGS",134,17,14,12.7,82.4
"183","Belgium","Women","1950-1954","Medium","GGS",92,13,9,14.1,69.2
"184","Belgium","Women","1950-1954","High","GGS",100,23,9,23,39.1
"185","Belgium","Women","1950-1954",NA,"GGS",2,1,NA,50,NA
"186","Belgium","Women","1955-1959","Low","GGS",129,25,12,19.4,48
"187","Belgium","Women","1955-1959","Medium","GGS",125,18,8,14.4,44.4
"188","Belgium","Women","1955-1959","High","GGS",118,20,11,16.9,55
"189","Belgium","Women","1955-1959",NA,"GGS",1,NA,NA,NA,NA
"190","Belgium","Women","1960-1964","Low","GGS",126,16,11,12.7,68.8
"191","Belgium","Women","1960-1964","Medium","GGS",141,16,6,11.3,37.5
"192","Belgium","Women","1960-1964","High","GGS",163,23,10,14.1,43.5
"193","Belgium","Women","1965-1969","Low","GGS",61,7,3,11.5,42.9
"194","Belgium","Women","1965-1969","Medium","GGS",144,18,6,12.5,33.3
"195","Belgium","Women","1965-1969","High","GGS",164,28,7,17.1,25
"196","Belgium","Women","1965-1969",NA,"GGS",2,NA,NA,NA,NA
"197","Belgium","Women","1970-1974","Low","GGS",43,5,4,11.6,80
"198","Belgium","Women","1970-1974","Medium","GGS",100,15,7,15,46.7
"199","Belgium","Women","1970-1974","High","GGS",148,30,14,20.3,46.7
"200","Belgium","Women","1975-1979","Medium","GGS",3,NA,NA,NA,NA
"201","Belgium","Women","1975-1979","High","GGS",3,NA,NA,NA,NA
"202","Benin","Men","1965-1969","Low","DHS",302,3,1,1,33.3
"203","Benin","Men","1965-1969","Medium","DHS",46,1,NA,2.2,NA
"204","Benin","Men","1965-1969","High","DHS",50,3,2,6,66.7
"205","Benin","Men","1970-1974","Low","DHS",893,8,NA,0.9,NA
"206","Benin","Men","1970-1974","Medium","DHS",196,5,1,2.6,20
"207","Benin","Men","1970-1974","High","DHS",109,6,2,5.5,33.3
"208","Benin","Men","1975-1979","Low","DHS",1186,14,3,1.2,21.4
"209","Benin","Men","1975-1979","Medium","DHS",251,3,NA,1.2,NA
"210","Benin","Men","1975-1979","High","DHS",117,6,3,5.1,50
"211","Benin","Men","1980-1984","Low","DHS",1013,14,2,1.4,14.3
"212","Benin","Men","1980-1984","Medium","DHS",211,8,NA,3.8,NA
"213","Benin","Men","1980-1984","High","DHS",137,5,1,3.6,20
"214","Benin","Women","1950-1954","Low","DHS",29,1,1,3.4,100
"215","Benin","Women","1950-1954","Medium","DHS",11,NA,NA,NA,NA
"216","Benin","Women","1950-1954","High","DHS",13,1,NA,7.7,NA
"217","Benin","Women","1955-1959","Low","DHS",145,1,1,0.7,100
"218","Benin","Women","1955-1959","Medium","DHS",40,NA,NA,NA,NA
"219","Benin","Women","1955-1959","High","DHS",45,NA,NA,NA,NA
"220","Benin","Women","1960-1964","Low","DHS",173,5,3,2.9,60
"221","Benin","Women","1960-1964","Medium","DHS",57,2,NA,3.5,NA
"222","Benin","Women","1960-1964","High","DHS",82,NA,NA,NA,NA
"223","Benin","Women","1965-1969","Low","DHS",173,3,2,1.7,66.7
"224","Benin","Women","1965-1969","Medium","DHS",116,1,1,0.9,100
"225","Benin","Women","1965-1969","High","DHS",132,3,NA,2.3,NA
"226","Benin","Women","1970-1974","Low","DHS",296,5,1,1.7,20
"227","Benin","Women","1970-1974","Medium","DHS",175,2,NA,1.1,NA
"228","Benin","Women","1970-1974","High","DHS",133,4,2,3,50
"229","Benin","Women","1975-1979","Low","DHS",335,9,3,2.7,33.3
"230","Benin","Women","1975-1979","Medium","DHS",186,5,3,2.7,60
"231","Benin","Women","1975-1979","High","DHS",139,7,3,5,42.9
"232","Benin","Women","1980-1984","Low","DHS",314,16,8,5.1,50
"233","Benin","Women","1980-1984","Medium","DHS",141,6,3,4.3,50
"234","Benin","Women","1980-1984","High","DHS",141,12,6,8.5,50
"235","Bolivia","Men","1955-1959","Low","DHS",103,7,2,6.8,28.6
"236","Bolivia","Men","1955-1959","Medium","DHS",258,9,4,3.5,44.4
"237","Bolivia","Men","1955-1959","High","DHS",150,9,5,6,55.6
"238","Bolivia","Men","1960-1964","Low","DHS",197,4,1,2,25
"239","Bolivia","Men","1960-1964","Medium","DHS",898,22,13,2.4,59.1
"240","Bolivia","Men","1960-1964","High","DHS",561,29,17,5.2,58.6
"241","Bolivia","Men","1965-1969","Low","DHS",154,2,1,1.3,50
"242","Bolivia","Men","1965-1969","Medium","DHS",1009,22,10,2.2,45.5
"243","Bolivia","Men","1965-1969","High","DHS",781,59,39,7.6,66.1
"244","Bolivia","Men","1970-1974","Low","DHS",78,3,1,3.8,33.3
"245","Bolivia","Men","1970-1974","Medium","DHS",712,16,10,2.2,62.5
"246","Bolivia","Men","1970-1974","High","DHS",628,63,42,10,66.7
"247","Bolivia","Women","1940-1944","Low","DHS",6,NA,NA,NA,NA
"248","Bolivia","Women","1940-1944","Medium","DHS",36,NA,NA,NA,NA
"249","Bolivia","Women","1940-1944","High","DHS",25,1,1,4,100
"250","Bolivia","Women","1945-1949","Low","DHS",27,1,NA,3.7,NA
"251","Bolivia","Women","1945-1949","Medium","DHS",178,8,4,4.5,50
"252","Bolivia","Women","1945-1949","High","DHS",90,7,2,7.8,28.6
"253","Bolivia","Women","1950-1954","Low","DHS",20,NA,NA,NA,NA
"254","Bolivia","Women","1950-1954","Medium","DHS",218,9,4,4.1,44.4
"255","Bolivia","Women","1950-1954","High","DHS",150,3,3,2,100
"256","Bolivia","Women","1955-1959","Low","DHS",13,NA,NA,NA,NA
"257","Bolivia","Women","1955-1959","Medium","DHS",210,10,5,4.8,50
"258","Bolivia","Women","1955-1959","High","DHS",198,15,8,7.6,53.3
"259","Bolivia","Women","1960-1964","Low","DHS",7,NA,NA,NA,NA
"260","Bolivia","Women","1960-1964","Medium","DHS",259,14,6,5.4,42.9
"261","Bolivia","Women","1960-1964","High","DHS",269,21,19,7.8,90.5
"262","Bolivia","Women","1965-1969","Low","DHS",7,1,NA,14.3,NA
"263","Bolivia","Women","1965-1969","Medium","DHS",272,16,13,5.9,81.2
"264","Bolivia","Women","1965-1969","High","DHS",318,23,14,7.2,60.9
"265","Bolivia","Women","1970-1974","Low","DHS",9,NA,NA,NA,NA
"266","Bolivia","Women","1970-1974","Medium","DHS",183,12,7,6.6,58.3
"267","Bolivia","Women","1970-1974","High","DHS",242,21,14,8.7,66.7
"268","Brazil","Men","1945-1949","Low","DHS",121,6,3,5,50
"269","Brazil","Men","1945-1949","Medium","DHS",380,24,13,6.3,54.2
"270","Brazil","Men","1945-1949","High","DHS",316,38,21,12,55.3
"271","Brazil","Men","1950-1954","Low","DHS",170,7,1,4.1,14.3
"272","Brazil","Men","1950-1954","Medium","DHS",581,36,18,6.2,50
"273","Brazil","Men","1950-1954","High","DHS",560,62,39,11.1,62.9
"274","Brazil","Men","1950-1954",NA,"DHS",2,NA,NA,NA,NA
"275","Brazil","Men","1955-1959","Low","DHS",157,6,6,3.8,100
"276","Brazil","Men","1955-1959","Medium","DHS",646,40,25,6.2,62.5
"277","Brazil","Men","1955-1959","High","DHS",859,104,71,12.1,68.3
"278","Brazil","Men","1960-1964","Low","DHS",29,NA,NA,NA,NA
"279","Brazil","Men","1960-1964","Medium","DHS",178,10,7,5.6,70
"280","Brazil","Men","1960-1964","High","DHS",261,30,19,11.5,63.3
"281","Brazil","Women","1935-1939","Low","DHS",39,3,NA,7.7,NA
"282","Brazil","Women","1935-1939","Medium","DHS",41,2,1,4.9,50
"283","Brazil","Women","1935-1939","High","DHS",22,NA,NA,NA,NA
"284","Brazil","Women","1940-1944","Low","DHS",55,3,1,5.5,33.3
"285","Brazil","Women","1940-1944","Medium","DHS",80,3,1,3.8,33.3
"286","Brazil","Women","1940-1944","High","DHS",45,5,2,11.1,40
"287","Brazil","Women","1945-1949","Low","DHS",45,4,2,8.9,50
"288","Brazil","Women","1945-1949","Medium","DHS",105,6,4,5.7,66.7
"289","Brazil","Women","1945-1949","High","DHS",66,3,NA,4.5,NA
"290","Brazil","Women","1950-1954","Low","DHS",34,3,2,8.8,66.7
"291","Brazil","Women","1950-1954","Medium","DHS",106,2,1,1.9,50
"292","Brazil","Women","1950-1954","High","DHS",103,5,3,4.9,60
"293","Brazil","Women","1955-1959","Low","DHS",29,4,3,13.8,75
"294","Brazil","Women","1955-1959","Medium","DHS",125,9,6,7.2,66.7
"295","Brazil","Women","1955-1959","High","DHS",160,19,6,11.9,31.6
"296","Brazil","Women","1960-1964","Low","DHS",10,1,1,10,100
"297","Brazil","Women","1960-1964","Medium","DHS",21,5,1,23.8,20
"298","Brazil","Women","1960-1964","High","DHS",44,7,5,15.9,71.4
"299","Bulgaria","Men","1919","Medium","GGS",1,NA,NA,NA,NA
"300","Bulgaria","Men","1920-1924","Low","GGS",3,NA,NA,NA,NA
"301","Bulgaria","Men","1920-1924","Medium","GGS",3,NA,NA,NA,NA
"302","Bulgaria","Men","1920-1924","High","GGS",2,NA,NA,NA,NA
"303","Bulgaria","Men","1925-1929","Low","GGS",142,18,12,12.7,66.7
"304","Bulgaria","Men","1925-1929","Medium","GGS",51,6,6,11.8,100
"305","Bulgaria","Men","1925-1929","High","GGS",42,4,4,9.5,100
"306","Bulgaria","Men","1930-1934","Low","GGS",159,6,6,3.8,100
"307","Bulgaria","Men","1930-1934","Medium","GGS",77,6,5,7.8,83.3
"308","Bulgaria","Men","1930-1934","High","GGS",58,3,2,5.2,66.7
"309","Bulgaria","Men","1935-1939","Low","GGS",170,15,11,8.8,73.3
"310","Bulgaria","Men","1935-1939","Medium","GGS",104,7,5,6.7,71.4
"311","Bulgaria","Men","1935-1939","High","GGS",78,3,2,3.8,66.7
"312","Bulgaria","Men","1940-1944","Low","GGS",154,19,16,12.3,84.2
"313","Bulgaria","Men","1940-1944","Medium","GGS",151,10,10,6.6,100
"314","Bulgaria","Men","1940-1944","High","GGS",67,9,9,13.4,100
"315","Bulgaria","Men","1945-1949","Low","GGS",133,15,12,11.3,80
"316","Bulgaria","Men","1945-1949","Medium","GGS",230,15,13,6.5,86.7
"317","Bulgaria","Men","1945-1949","High","GGS",66,3,3,4.5,100
"318","Bulgaria","Men","1945-1949",NA,"GGS",1,NA,NA,NA,NA
"319","Bulgaria","Men","1950-1954","Low","GGS",98,15,14,15.3,93.3
"320","Bulgaria","Men","1950-1954","Medium","GGS",242,20,15,8.3,75
"321","Bulgaria","Men","1950-1954","High","GGS",95,15,11,15.8,73.3
"322","Bulgaria","Men","1955-1959","Low","GGS",88,12,11,13.6,91.7
"323","Bulgaria","Men","1955-1959","Medium","GGS",240,35,35,14.6,100
"324","Bulgaria","Men","1955-1959","High","GGS",83,6,6,7.2,100
"325","Bulgaria","Men","1955-1959",NA,"GGS",1,NA,NA,NA,NA
"326","Bulgaria","Men","1960-1964","Low","GGS",128,11,8,8.6,72.7
"327","Bulgaria","Men","1960-1964","Medium","GGS",398,57,43,14.3,75.4
"328","Bulgaria","Men","1960-1964","High","GGS",86,20,17,23.3,85
"329","Bulgaria","Men","1960-1964",NA,"GGS",1,NA,NA,NA,NA
"330","Bulgaria","Men","1965-1969","Low","GGS",130,26,22,20,84.6
"331","Bulgaria","Men","1965-1969","Medium","GGS",385,84,78,21.8,92.9
"332","Bulgaria","Men","1965-1969","High","GGS",89,24,20,27,83.3
"333","Bulgaria","Women","1920-1924","Low","GGS",3,NA,NA,NA,NA
"334","Bulgaria","Women","1920-1924","Medium","GGS",3,NA,NA,NA,NA
"335","Bulgaria","Women","1925-1929","Low","GGS",106,14,6,13.2,42.9
"336","Bulgaria","Women","1925-1929","Medium","GGS",21,2,1,9.5,50
"337","Bulgaria","Women","1925-1929","High","GGS",13,1,1,7.7,100
"338","Bulgaria","Women","1930-1934","Low","GGS",227,18,6,7.9,33.3
"339","Bulgaria","Women","1930-1934","Medium","GGS",101,5,3,5,60
"340","Bulgaria","Women","1930-1934","High","GGS",31,6,3,19.4,50
"341","Bulgaria","Women","1935-1939","Low","GGS",198,15,8,7.6,53.3
"342","Bulgaria","Women","1935-1939","Medium","GGS",117,6,2,5.1,33.3
"343","Bulgaria","Women","1935-1939","High","GGS",51,9,7,17.6,77.8
"344","Bulgaria","Women","1940-1944","Low","GGS",180,7,5,3.9,71.4
"345","Bulgaria","Women","1940-1944","Medium","GGS",133,7,6,5.3,85.7
"346","Bulgaria","Women","1940-1944","High","GGS",69,8,4,11.6,50
"347","Bulgaria","Women","1945-1949","Low","GGS",137,3,3,2.2,100
"348","Bulgaria","Women","1945-1949","Medium","GGS",216,9,6,4.2,66.7
"349","Bulgaria","Women","1945-1949","High","GGS",105,14,10,13.3,71.4
"350","Bulgaria","Women","1950-1954","Low","GGS",110,5,2,4.5,40
"351","Bulgaria","Women","1950-1954","Medium","GGS",206,9,7,4.4,77.8
"352","Bulgaria","Women","1950-1954","High","GGS",109,13,11,11.9,84.6
"353","Bulgaria","Women","1950-1954",NA,"GGS",1,NA,NA,NA,NA
"354","Bulgaria","Women","1955-1959","Low","GGS",94,7,4,7.4,57.1
"355","Bulgaria","Women","1955-1959","Medium","GGS",202,17,14,8.4,82.4
"356","Bulgaria","Women","1955-1959","High","GGS",114,10,10,8.8,100
"357","Bulgaria","Women","1955-1959",NA,"GGS",1,NA,NA,NA,NA
"358","Bulgaria","Women","1960-1964","Low","GGS",157,7,5,4.5,71.4
"359","Bulgaria","Women","1960-1964","Medium","GGS",489,30,26,6.1,86.7
"360","Bulgaria","Women","1960-1964","High","GGS",246,24,20,9.8,83.3
"361","Bulgaria","Women","1965-1969","Low","GGS",143,12,10,8.4,83.3
"362","Bulgaria","Women","1965-1969","Medium","GGS",465,37,34,8,91.9
"363","Bulgaria","Women","1965-1969","High","GGS",232,39,35,16.8,89.7
"364","Bulgaria","Women","1965-1969",NA,"GGS",3,1,1,33.3,100
"365","Burkina Faso","Men","1960-1964","Low","DHS",898,7,NA,0.8,NA
"366","Burkina Faso","Men","1960-1964","Medium","DHS",82,2,NA,2.4,NA
"367","Burkina Faso","Men","1960-1964","High","DHS",32,NA,NA,NA,NA
"368","Burkina Faso","Men","1965-1969","Low","DHS",1324,7,NA,0.5,NA
"369","Burkina Faso","Men","1965-1969","Medium","DHS",126,2,1,1.6,50
"370","Burkina Faso","Men","1965-1969","High","DHS",65,3,3,4.6,100
"371","Burkina Faso","Men","1970-1974","Low","DHS",1683,13,NA,0.8,NA
"372","Burkina Faso","Men","1970-1974","Medium","DHS",151,2,1,1.3,50
"373","Burkina Faso","Men","1970-1974","High","DHS",126,6,3,4.8,50
"374","Burkina Faso","Men","1975-1979","Low","DHS",420,2,NA,0.5,NA
"375","Burkina Faso","Men","1975-1979","Medium","DHS",45,1,NA,2.2,NA
"376","Burkina Faso","Men","1975-1979","High","DHS",18,NA,NA,NA,NA
"377","Burkina Faso","Women","1950-1954","Low","DHS",207,1,NA,0.5,NA
"378","Burkina Faso","Women","1950-1954","Medium","DHS",31,NA,NA,NA,NA
"379","Burkina Faso","Women","1950-1954","High","DHS",19,NA,NA,NA,NA
"380","Burkina Faso","Women","1955-1959","Low","DHS",356,3,NA,0.8,NA
"381","Burkina Faso","Women","1955-1959","Medium","DHS",52,1,NA,1.9,NA
"382","Burkina Faso","Women","1955-1959","High","DHS",26,NA,NA,NA,NA
"383","Burkina Faso","Women","1960-1964","Low","DHS",450,6,NA,1.3,NA
"384","Burkina Faso","Women","1960-1964","Medium","DHS",73,2,2,2.7,100
"385","Burkina Faso","Women","1960-1964","High","DHS",39,NA,NA,NA,NA
"386","Burkina Faso","Women","1965-1969","Low","DHS",552,5,NA,0.9,NA
"387","Burkina Faso","Women","1965-1969","Medium","DHS",86,3,2,3.5,66.7
"388","Burkina Faso","Women","1965-1969","High","DHS",62,NA,NA,NA,NA
"389","Burkina Faso","Women","1970-1974","Low","DHS",539,23,9,4.3,39.1
"390","Burkina Faso","Women","1970-1974","Medium","DHS",151,7,3,4.6,42.9
"391","Burkina Faso","Women","1970-1974","High","DHS",125,11,7,8.8,63.6
"392","Burkina Faso","Women","1975-1979","Low","DHS",110,5,2,4.5,40
"393","Burkina Faso","Women","1975-1979","Medium","DHS",30,3,3,10,100
"394","Burkina Faso","Women","1975-1979","High","DHS",25,6,4,24,66.7
"395","Burundi","Men","1965-1969","Low","DHS",469,18,12,3.8,66.7
"396","Burundi","Men","1965-1969","Medium","DHS",144,1,NA,0.7,NA
"397","Burundi","Men","1965-1969","High","DHS",38,NA,NA,NA,NA
"398","Burundi","Men","1970-1974","Low","DHS",1004,35,19,3.5,54.3
"399","Burundi","Men","1970-1974","Medium","DHS",315,9,5,2.9,55.6
"400","Burundi","Men","1970-1974","High","DHS",106,2,1,1.9,50
"401","Burundi","Men","1975-1979","Low","DHS",796,35,20,4.4,57.1
"402","Burundi","Men","1975-1979","Medium","DHS",669,30,22,4.5,73.3
"403","Burundi","Men","1975-1979","High","DHS",216,13,4,6,30.8
"404","Burundi","Men","1980-1984","Low","DHS",403,23,18,5.7,78.3
"405","Burundi","Men","1980-1984","Medium","DHS",415,20,16,4.8,80
"406","Burundi","Men","1980-1984","High","DHS",110,8,4,7.3,50
"407","Burundi","Women","1955-1959","Low","DHS",114,4,3,3.5,75
"408","Burundi","Women","1955-1959","Medium","DHS",81,1,1,1.2,100
"409","Burundi","Women","1955-1959","High","DHS",16,NA,NA,NA,NA
"410","Burundi","Women","1960-1964","Low","DHS",243,6,3,2.5,50
"411","Burundi","Women","1960-1964","Medium","DHS",152,3,3,2,100
"412","Burundi","Women","1960-1964","High","DHS",44,1,1,2.3,100
"413","Burundi","Women","1965-1969","Low","DHS",315,4,3,1.3,75
"414","Burundi","Women","1965-1969","Medium","DHS",122,5,4,4.1,80
"415","Burundi","Women","1965-1969","High","DHS",48,1,NA,2.1,NA
"416","Burundi","Women","1970-1974","Low","DHS",253,8,2,3.2,25
"417","Burundi","Women","1970-1974","Medium","DHS",206,3,NA,1.5,NA
"418","Burundi","Women","1970-1974","High","DHS",100,5,4,5,80
"419","Burundi","Women","1975-1979","Low","DHS",195,8,6,4.1,75
"420","Burundi","Women","1975-1979","Medium","DHS",340,9,4,2.6,44.4
"421","Burundi","Women","1975-1979","High","DHS",122,4,2,3.3,50
"422","Burundi","Women","1980-1984","Low","DHS",119,2,1,1.7,50
"423","Burundi","Women","1980-1984","Medium","DHS",189,4,3,2.1,75
"424","Burundi","Women","1980-1984","High","DHS",44,8,6,18.2,75
"425","Cambodia","Men","1960-1964","Low","DHS",20,1,1,5,100
"426","Cambodia","Men","1960-1964","Medium","DHS",43,2,1,4.7,50
"427","Cambodia","Men","1960-1964","High","DHS",10,1,1,10,100
"428","Cambodia","Men","1965-1969","Low","DHS",453,27,18,6,66.7
"429","Cambodia","Men","1965-1969","Medium","DHS",1049,62,40,5.9,64.5
"430","Cambodia","Men","1965-1969","High","DHS",400,35,23,8.8,65.7
"431","Cambodia","Men","1970-1974","Low","DHS",345,27,20,7.8,74.1
"432","Cambodia","Men","1970-1974","Medium","DHS",1042,71,44,6.8,62
"433","Cambodia","Men","1970-1974","High","DHS",602,52,34,8.6,65.4
"434","Cambodia","Men","1975-1979","Low","DHS",312,28,22,9,78.6
"435","Cambodia","Men","1975-1979","Medium","DHS",965,68,40,7,58.8
"436","Cambodia","Men","1975-1979","High","DHS",431,55,33,12.8,60
"437","Cambodia","Women","1960-1964","Low","DHS",2,NA,NA,NA,NA
"438","Cambodia","Women","1960-1964","Medium","DHS",17,NA,NA,NA,NA
"439","Cambodia","Women","1960-1964","High","DHS",9,NA,NA,NA,NA
"440","Cambodia","Women","1965-1969","Low","DHS",45,1,NA,2.2,NA
"441","Cambodia","Women","1965-1969","Medium","DHS",237,9,1,3.8,11.1
"442","Cambodia","Women","1965-1969","High","DHS",260,6,NA,2.3,NA
"443","Cambodia","Women","1970-1974","Low","DHS",50,2,NA,4,NA
"444","Cambodia","Women","1970-1974","Medium","DHS",261,8,4,3.1,50
"445","Cambodia","Women","1970-1974","High","DHS",286,12,3,4.2,25
"446","Cambodia","Women","1975-1979","Low","DHS",52,4,NA,7.7,NA
"447","Cambodia","Women","1975-1979","Medium","DHS",241,11,6,4.6,54.5
"448","Cambodia","Women","1975-1979","High","DHS",219,20,7,9.1,35
"449","Cameroon","Men","1950-1954","Low","DHS",24,NA,NA,NA,NA
"450","Cameroon","Men","1950-1954","Medium","DHS",43,3,NA,7,NA
"451","Cameroon","Men","1950-1954","High","DHS",6,NA,NA,NA,NA
"452","Cameroon","Men","1955-1959","Low","DHS",108,4,NA,3.7,NA
"453","Cameroon","Men","1955-1959","Medium","DHS",148,5,NA,3.4,NA
"454","Cameroon","Men","1955-1959","High","DHS",39,1,NA,2.6,NA
"455","Cameroon","Men","1960-1964","Low","DHS",123,2,1,1.6,50
"456","Cameroon","Men","1960-1964","Medium","DHS",165,7,NA,4.2,NA
"457","Cameroon","Men","1960-1964","High","DHS",89,3,1,3.4,33.3
"458","Cameroon","Men","1965-1969","Low","DHS",185,7,1,3.8,14.3
"459","Cameroon","Men","1965-1969","Medium","DHS",237,8,2,3.4,25
"460","Cameroon","Men","1965-1969","High","DHS",162,2,1,1.2,50
"461","Cameroon","Men","1970-1974","Low","DHS",233,10,NA,4.3,NA
"462","Cameroon","Men","1970-1974","Medium","DHS",350,11,1,3.1,9.1
"463","Cameroon","Men","1970-1974","High","DHS",333,12,5,3.6,41.7
"464","Cameroon","Men","1975-1979","Low","DHS",273,9,NA,3.3,NA
"465","Cameroon","Men","1975-1979","Medium","DHS",400,16,2,4,12.5
"466","Cameroon","Men","1975-1979","High","DHS",504,17,3,3.4,17.6
"467","Cameroon","Men","1980-1984","Low","DHS",312,13,6,4.2,46.2
"468","Cameroon","Men","1980-1984","Medium","DHS",426,15,6,3.5,40
"469","Cameroon","Men","1980-1984","High","DHS",476,34,22,7.1,64.7
"470","Cameroon","Women","1950-1954","Low","DHS",3,NA,NA,NA,NA
"471","Cameroon","Women","1950-1954","Medium","DHS",30,1,NA,3.3,NA
"472","Cameroon","Women","1950-1954","High","DHS",22,NA,NA,NA,NA
"473","Cameroon","Women","1955-1959","Low","DHS",46,2,NA,4.3,NA
"474","Cameroon","Women","1955-1959","Medium","DHS",108,3,NA,2.8,NA
"475","Cameroon","Women","1955-1959","High","DHS",85,1,NA,1.2,NA
"476","Cameroon","Women","1960-1964","Low","DHS",54,1,NA,1.9,NA
"477","Cameroon","Women","1960-1964","Medium","DHS",121,4,2,3.3,50
"478","Cameroon","Women","1960-1964","High","DHS",144,3,NA,2.1,NA
"479","Cameroon","Women","1965-1969","Low","DHS",64,2,1,3.1,50
"480","Cameroon","Women","1965-1969","Medium","DHS",126,4,3,3.2,75
"481","Cameroon","Women","1965-1969","High","DHS",201,4,NA,2,NA
"482","Cameroon","Women","1970-1974","Low","DHS",73,3,2,4.1,66.7
"483","Cameroon","Women","1970-1974","Medium","DHS",141,5,3,3.5,60
"484","Cameroon","Women","1970-1974","High","DHS",245,4,4,1.6,100
"485","Cameroon","Women","1975-1979","Low","DHS",81,5,3,6.2,60
"486","Cameroon","Women","1975-1979","Medium","DHS",190,16,10,8.4,62.5
"487","Cameroon","Women","1975-1979","High","DHS",290,20,12,6.9,60
"488","Cameroon","Women","1980-1984","Low","DHS",73,5,4,6.8,80
"489","Cameroon","Women","1980-1984","Medium","DHS",188,21,18,11.2,85.7
"490","Cameroon","Women","1980-1984","High","DHS",288,29,14,10.1,48.3
"491","Central African Republic","Men","1940-1944","Low","DHS",4,NA,NA,NA,NA
"492","Central African Republic","Men","1945-1949","Low","DHS",363,32,2,8.8,6.2
"493","Central African Republic","Men","1945-1949","Medium","DHS",58,4,NA,6.9,NA
"494","Central African Republic","Men","1945-1949","High","DHS",3,NA,NA,NA,NA
"495","Central African Republic","Men","1950-1954","Low","DHS",329,35,2,10.6,5.7
"496","Central African Republic","Men","1950-1954","Medium","DHS",116,5,1,4.3,20
"497","Central African Republic","Men","1950-1954","High","DHS",19,NA,NA,NA,NA
"498","Central African Republic","Men","1955-1959","Low","DHS",439,42,7,9.6,16.7
"499","Central African Republic","Men","1955-1959","Medium","DHS",199,10,3,5,30
"500","Central African Republic","Men","1955-1959","High","DHS",51,NA,NA,NA,NA
"501","Central African Republic","Men","1960-1964","Low","DHS",4,NA,NA,NA,NA
"502","Central African Republic","Men","1960-1964","Medium","DHS",3,NA,NA,NA,NA
"503","Central African Republic","Women","1930-1934","Low","DHS",1,NA,NA,NA,NA
"504","Central African Republic","Women","1930-1934","Medium","DHS",2,NA,NA,NA,NA
"505","Central African Republic","Women","1935-1939","Low","DHS",47,5,NA,10.6,NA
"506","Central African Republic","Women","1935-1939","Medium","DHS",40,4,NA,10,NA
"507","Central African Republic","Women","1935-1939","High","DHS",3,NA,NA,NA,NA
"508","Central African Republic","Women","1940-1944","Low","DHS",38,3,NA,7.9,NA
"509","Central African Republic","Women","1940-1944","Medium","DHS",58,2,NA,3.4,NA
"510","Central African Republic","Women","1940-1944","High","DHS",2,NA,NA,NA,NA
"511","Central African Republic","Women","1945-1949","Low","DHS",37,3,NA,8.1,NA
"512","Central African Republic","Women","1945-1949","Medium","DHS",49,5,1,10.2,20
"513","Central African Republic","Women","1945-1949","High","DHS",13,NA,NA,NA,NA
"514","Central African Republic","Women","1950-1954","Low","DHS",29,5,2,17.2,40
"515","Central African Republic","Women","1950-1954","Medium","DHS",69,9,3,13,33.3
"516","Central African Republic","Women","1950-1954","High","DHS",28,NA,NA,NA,NA
"517","Central African Republic","Women","1955-1959","Low","DHS",38,9,5,23.7,55.6
"518","Central African Republic","Women","1955-1959","Medium","DHS",87,9,3,10.3,33.3
"519","Central African Republic","Women","1955-1959","High","DHS",60,4,2,6.7,50
"520","Central African Republic","Women","1960-1964","Low","DHS",2,1,NA,50,NA
"521","Central African Republic","Women","1960-1964","Medium","DHS",1,NA,NA,NA,NA
"522","Central African Republic","Women","1960-1964","High","DHS",1,NA,NA,NA,NA
"523","Chad","Men","1960-1964","Low","DHS",1,NA,NA,NA,NA
"524","Chad","Men","1965-1969","Low","DHS",1058,11,2,1,18.2
"525","Chad","Men","1965-1969","Medium","DHS",168,1,NA,0.6,NA
"526","Chad","Men","1965-1969","High","DHS",34,1,NA,2.9,NA
"527","Chad","Men","1970-1974","Low","DHS",1271,12,2,0.9,16.7
"528","Chad","Men","1970-1974","Medium","DHS",180,2,NA,1.1,NA
"529","Chad","Men","1970-1974","High","DHS",51,3,1,5.9,33.3
"530","Chad","Men","1975-1979","Low","DHS",1680,14,5,0.8,35.7
"531","Chad","Men","1975-1979","Medium","DHS",300,3,NA,1,NA
"532","Chad","Men","1975-1979","High","DHS",101,5,3,5,60
"533","Chad","Men","1980-1984","Low","DHS",127,NA,NA,NA,NA
"534","Chad","Men","1980-1984","Medium","DHS",29,1,NA,3.4,NA
"535","Chad","Men","1980-1984","High","DHS",8,NA,NA,NA,NA
"536","Chad","Women","1950-1954","Medium","DHS",1,NA,NA,NA,NA
"537","Chad","Women","1955-1959","Low","DHS",146,2,NA,1.4,NA
"538","Chad","Women","1955-1959","Medium","DHS",51,NA,NA,NA,NA
"539","Chad","Women","1955-1959","High","DHS",21,NA,NA,NA,NA
"540","Chad","Women","1960-1964","Low","DHS",189,2,NA,1.1,NA
"541","Chad","Women","1960-1964","Medium","DHS",77,2,NA,2.6,NA
"542","Chad","Women","1960-1964","High","DHS",38,NA,NA,NA,NA
"543","Chad","Women","1965-1969","Low","DHS",231,4,2,1.7,50
"544","Chad","Women","1965-1969","Medium","DHS",93,NA,NA,NA,NA
"545","Chad","Women","1965-1969","High","DHS",58,2,1,3.4,50
"546","Chad","Women","1970-1974","Low","DHS",320,1,NA,0.3,NA
"547","Chad","Women","1970-1974","Medium","DHS",107,1,NA,0.9,NA
"548","Chad","Women","1970-1974","High","DHS",83,2,1,2.4,50
"549","Chad","Women","1975-1979","Low","DHS",280,3,NA,1.1,NA
"550","Chad","Women","1975-1979","Medium","DHS",149,8,5,5.4,62.5
"551","Chad","Women","1975-1979","High","DHS",118,11,7,9.3,63.6
"552","Chad","Women","1980-1984","Low","DHS",46,1,NA,2.2,NA
"553","Chad","Women","1980-1984","Medium","DHS",14,NA,NA,NA,NA
"554","Chad","Women","1980-1984","High","DHS",17,1,1,5.9,100
"555","Colombia","Men","1965-1969","Low","DHS",161,5,3,3.1,60
"556","Colombia","Men","1965-1969","Medium","DHS",1406,46,21,3.3,45.7
"557","Colombia","Men","1965-1969","High","DHS",2196,145,71,6.6,49
"558","Colombia","Men","1970-1974","Low","DHS",201,3,1,1.5,33.3
"559","Colombia","Men","1970-1974","Medium","DHS",1513,40,20,2.6,50
"560","Colombia","Men","1970-1974","High","DHS",2524,173,90,6.9,52
"561","Colombia","Men","1975-1979","Low","DHS",123,7,3,5.7,42.9
"562","Colombia","Men","1975-1979","Medium","DHS",1238,27,17,2.2,63
"563","Colombia","Men","1975-1979","High","DHS",3205,255,135,8,52.9
"564","Colombia","Men","1980-1984","Low","DHS",28,1,NA,3.6,NA
"565","Colombia","Men","1980-1984","Medium","DHS",159,3,2,1.9,66.7
"566","Colombia","Men","1980-1984","High","DHS",489,46,29,9.4,63
"567","Colombia","Women","1955-1959","Low","DHS",228,32,16,14,50
"568","Colombia","Women","1955-1959","Medium","DHS",954,95,49,10,51.6
"569","Colombia","Women","1955-1959","High","DHS",942,76,39,8.1,51.3
"570","Colombia","Women","1960-1964","Low","DHS",242,31,17,12.8,54.8
"571","Colombia","Women","1960-1964","Medium","DHS",1249,132,70,10.6,53
"572","Colombia","Women","1960-1964","High","DHS",1490,149,69,10,46.3
"573","Colombia","Women","1965-1969","Low","DHS",201,33,21,16.4,63.6
"574","Colombia","Women","1965-1969","Medium","DHS",1295,154,81,11.9,52.6
"575","Colombia","Women","1965-1969","High","DHS",1667,206,90,12.4,43.7
"576","Colombia","Women","1970-1974","Low","DHS",156,25,13,16,52
"577","Colombia","Women","1970-1974","Medium","DHS",1170,160,90,13.7,56.2
"578","Colombia","Women","1970-1974","High","DHS",1717,227,115,13.2,50.7
"579","Colombia","Women","1975-1979","Low","DHS",127,17,12,13.4,70.6
"580","Colombia","Women","1975-1979","Medium","DHS",1023,161,96,15.7,59.6
"581","Colombia","Women","1975-1979","High","DHS",2066,378,189,18.3,50
"582","Colombia","Women","1980-1984","Low","DHS",9,4,2,44.4,50
"583","Colombia","Women","1980-1984","Medium","DHS",145,17,10,11.7,58.8
"584","Colombia","Women","1980-1984","High","DHS",314,61,35,19.4,57.4
"585","Comoros","Men","1960-1964","Low","DHS",65,2,NA,3.1,NA
"586","Comoros","Men","1960-1964","Medium","DHS",7,3,NA,42.9,NA
"587","Comoros","Men","1960-1964","High","DHS",30,3,NA,10,NA
"588","Comoros","Men","1965-1969","Low","DHS",188,9,NA,4.8,NA
"589","Comoros","Men","1965-1969","Medium","DHS",46,3,NA,6.5,NA
"590","Comoros","Men","1965-1969","High","DHS",97,6,NA,6.2,NA
"591","Comoros","Men","1965-1969",NA,"DHS",1,NA,NA,NA,NA
"592","Comoros","Men","1970-1974","Low","DHS",279,11,2,3.9,18.2
"593","Comoros","Men","1970-1974","Medium","DHS",124,8,1,6.5,12.5
"594","Comoros","Men","1970-1974","High","DHS",163,31,10,19,32.3
"595","Comoros","Men","1970-1974",NA,"DHS",2,NA,NA,NA,NA
"596","Comoros","Men","1975-1979","Low","DHS",163,14,6,8.6,42.9
"597","Comoros","Men","1975-1979","Medium","DHS",107,9,1,8.4,11.1
"598","Comoros","Men","1975-1979","High","DHS",120,35,13,29.2,37.1
"599","Comoros","Women","1950-1954","Low","DHS",12,1,NA,8.3,NA
"600","Comoros","Women","1950-1954","Medium","DHS",6,NA,NA,NA,NA
"601","Comoros","Women","1950-1954","High","DHS",9,2,NA,22.2,NA
"602","Comoros","Women","1955-1959","Low","DHS",37,2,NA,5.4,NA
"603","Comoros","Women","1955-1959","Medium","DHS",11,NA,NA,NA,NA
"604","Comoros","Women","1955-1959","High","DHS",25,1,NA,4,NA
"605","Comoros","Women","1960-1964","Low","DHS",49,3,2,6.1,66.7
"606","Comoros","Women","1960-1964","Medium","DHS",22,NA,NA,NA,NA
"607","Comoros","Women","1960-1964","High","DHS",55,5,1,9.1,20
"608","Comoros","Women","1960-1964",NA,"DHS",1,NA,NA,NA,NA
"609","Comoros","Women","1965-1969","Low","DHS",42,2,1,4.8,50
"610","Comoros","Women","1965-1969","Medium","DHS",37,2,NA,5.4,NA
"611","Comoros","Women","1965-1969","High","DHS",76,3,NA,3.9,NA
"612","Comoros","Women","1970-1974","Low","DHS",60,3,2,5,66.7
"613","Comoros","Women","1970-1974","Medium","DHS",70,8,2,11.4,25
"614","Comoros","Women","1970-1974","High","DHS",104,16,6,15.4,37.5
"615","Comoros","Women","1975-1979","Low","DHS",44,7,4,15.9,57.1
"616","Comoros","Women","1975-1979","Medium","DHS",49,8,3,16.3,37.5
"617","Comoros","Women","1975-1979","High","DHS",75,15,9,20,60
"618","Congo","Men","1960-1964","Low","DHS",105,2,NA,1.9,NA
"619","Congo","Men","1960-1964","Medium","DHS",157,NA,NA,NA,NA
"620","Congo","Men","1960-1964","High","DHS",264,8,2,3,25
"621","Congo","Men","1965-1969","Low","DHS",104,4,1,3.8,25
"622","Congo","Men","1965-1969","Medium","DHS",294,6,1,2,16.7
"623","Congo","Men","1965-1969","High","DHS",544,10,NA,1.8,NA
"624","Congo","Men","1970-1974","Low","DHS",129,3,1,2.3,33.3
"625","Congo","Men","1970-1974","Medium","DHS",455,8,2,1.8,25
"626","Congo","Men","1970-1974","High","DHS",753,18,1,2.4,5.6
"627","Congo","Men","1975-1979","Low","DHS",46,2,1,4.3,50
"628","Congo","Men","1975-1979","Medium","DHS",208,3,1,1.4,33.3
"629","Congo","Men","1975-1979","High","DHS",309,12,4,3.9,33.3
"630","Congo","Women","1950-1954","Low","DHS",6,NA,NA,NA,NA
"631","Congo","Women","1950-1954","Medium","DHS",48,1,1,2.1,100
"632","Congo","Women","1950-1954","High","DHS",51,NA,NA,NA,NA
"633","Congo","Women","1955-1959","Low","DHS",12,NA,NA,NA,NA
"634","Congo","Women","1955-1959","Medium","DHS",82,2,2,2.4,100
"635","Congo","Women","1955-1959","High","DHS",167,3,NA,1.8,NA
"636","Congo","Women","1960-1964","Low","DHS",13,1,1,7.7,100
"637","Congo","Women","1960-1964","Medium","DHS",53,2,2,3.8,100
"638","Congo","Women","1960-1964","High","DHS",315,9,6,2.9,66.7
"639","Congo","Women","1965-1969","Low","DHS",11,1,NA,9.1,NA
"640","Congo","Women","1965-1969","Medium","DHS",96,6,4,6.2,66.7
"641","Congo","Women","1965-1969","High","DHS",415,13,5,3.1,38.5
"642","Congo","Women","1970-1974","Low","DHS",21,1,1,4.8,100
"643","Congo","Women","1970-1974","Medium","DHS",111,6,1,5.4,16.7
"644","Congo","Women","1970-1974","High","DHS",511,14,5,2.7,35.7
"645","Congo","Women","1975-1979","Low","DHS",11,5,4,45.5,80
"646","Congo","Women","1975-1979","Medium","DHS",64,6,6,9.4,100
"647","Congo","Women","1975-1979","High","DHS",197,12,7,6.1,58.3
"648","CzechRepublic","Men","1925-1929","Low","GGS",42,12,7,28.6,58.3
"649","CzechRepublic","Men","1925-1929","Medium","GGS",101,21,16,20.8,76.2
"650","CzechRepublic","Men","1925-1929","High","GGS",22,3,2,13.6,66.7
"651","CzechRepublic","Men","1930-1934","Low","GGS",94,25,18,26.6,72
"652","CzechRepublic","Men","1930-1934","Medium","GGS",138,27,23,19.6,85.2
"653","CzechRepublic","Men","1930-1934","High","GGS",32,4,3,12.5,75
"654","CzechRepublic","Men","1930-1934",NA,"GGS",2,NA,NA,NA,NA
"655","CzechRepublic","Men","1935-1939","Low","GGS",51,17,14,33.3,82.4
"656","CzechRepublic","Men","1935-1939","Medium","GGS",169,24,20,14.2,83.3
"657","CzechRepublic","Men","1935-1939","High","GGS",40,4,4,10,100
"658","CzechRepublic","Men","1935-1939",NA,"GGS",2,NA,NA,NA,NA
"659","CzechRepublic","Men","1940-1944","Low","GGS",59,21,17,35.6,81
"660","CzechRepublic","Men","1940-1944","Medium","GGS",222,35,30,15.8,85.7
"661","CzechRepublic","Men","1940-1944","High","GGS",51,9,6,17.6,66.7
"662","CzechRepublic","Men","1940-1944",NA,"GGS",8,1,1,12.5,100
"663","CzechRepublic","Men","1945-1949","Low","GGS",68,18,16,26.5,88.9
"664","CzechRepublic","Men","1945-1949","Medium","GGS",248,46,41,18.5,89.1
"665","CzechRepublic","Men","1945-1949","High","GGS",66,14,10,21.2,71.4
"666","CzechRepublic","Men","1945-1949",NA,"GGS",8,4,4,50,100
"667","CzechRepublic","Men","1950-1954","Low","GGS",62,24,23,38.7,95.8
"668","CzechRepublic","Men","1950-1954","Medium","GGS",289,68,55,23.5,80.9
"669","CzechRepublic","Men","1950-1954","High","GGS",68,7,6,10.3,85.7
"670","CzechRepublic","Men","1950-1954",NA,"GGS",6,1,1,16.7,100
"671","CzechRepublic","Men","1955-1959","Low","GGS",54,21,19,38.9,90.5
"672","CzechRepublic","Men","1955-1959","Medium","GGS",246,61,51,24.8,83.6
"673","CzechRepublic","Men","1955-1959","High","GGS",71,15,9,21.1,60
"674","CzechRepublic","Men","1955-1959",NA,"GGS",10,2,2,20,100
"675","CzechRepublic","Men","1960-1964","Low","GGS",60,27,26,45,96.3
"676","CzechRepublic","Men","1960-1964","Medium","GGS",250,63,53,25.2,84.1
"677","CzechRepublic","Men","1960-1964","High","GGS",87,21,17,24.1,81
"678","CzechRepublic","Men","1960-1964",NA,"GGS",4,1,1,25,100
"679","CzechRepublic","Men","1965-1969","Low","GGS",59,22,20,37.3,90.9
"680","CzechRepublic","Men","1965-1969","Medium","GGS",244,55,47,22.5,85.5
"681","CzechRepublic","Men","1965-1969","High","GGS",91,22,17,24.2,77.3
"682","CzechRepublic","Men","1965-1969",NA,"GGS",11,2,2,18.2,100
"683","CzechRepublic","Men","1970-1974","Low","GGS",4,1,1,25,100
"684","CzechRepublic","Men","1970-1974","Medium","GGS",29,5,4,17.2,80
"685","CzechRepublic","Men","1970-1974","High","GGS",6,4,2,66.7,50
"686","CzechRepublic","Men","1970-1974",NA,"GGS",2,1,1,50,100
"687","CzechRepublic","Women","1925-1929","Low","GGS",145,27,18,18.6,66.7
"688","CzechRepublic","Women","1925-1929","Medium","GGS",106,27,17,25.5,63
"689","CzechRepublic","Women","1925-1929","High","GGS",7,2,2,28.6,100
"690","CzechRepublic","Women","1925-1929",NA,"GGS",1,NA,NA,NA,NA
"691","CzechRepublic","Women","1930-1934","Low","GGS",128,23,12,18,52.2
"692","CzechRepublic","Women","1930-1934","Medium","GGS",140,21,12,15,57.1
"693","CzechRepublic","Women","1930-1934","High","GGS",8,2,2,25,100
"694","CzechRepublic","Women","1930-1934",NA,"GGS",4,1,NA,25,NA
"695","CzechRepublic","Women","1935-1939","Low","GGS",128,18,14,14.1,77.8
"696","CzechRepublic","Women","1935-1939","Medium","GGS",176,28,21,15.9,75
"697","CzechRepublic","Women","1935-1939","High","GGS",17,3,2,17.6,66.7
"698","CzechRepublic","Women","1935-1939",NA,"GGS",2,NA,NA,NA,NA
"699","CzechRepublic","Women","1940-1944","Low","GGS",125,19,14,15.2,73.7
"700","CzechRepublic","Women","1940-1944","Medium","GGS",219,25,19,11.4,76
"701","CzechRepublic","Women","1940-1944","High","GGS",35,5,3,14.3,60
"702","CzechRepublic","Women","1940-1944",NA,"GGS",6,1,NA,16.7,NA
"703","CzechRepublic","Women","1945-1949","Low","GGS",85,15,10,17.6,66.7
"704","CzechRepublic","Women","1945-1949","Medium","GGS",312,26,13,8.3,50
"705","CzechRepublic","Women","1945-1949","High","GGS",40,10,6,25,60
"706","CzechRepublic","Women","1945-1949",NA,"GGS",16,5,4,31.2,80
"707","CzechRepublic","Women","1950-1954","Low","GGS",98,8,8,8.2,100
"708","CzechRepublic","Women","1950-1954","Medium","GGS",275,27,17,9.8,63
"709","CzechRepublic","Women","1950-1954","High","GGS",58,5,3,8.6,60
"710","CzechRepublic","Women","1950-1954",NA,"GGS",7,3,3,42.9,100
"711","CzechRepublic","Women","1955-1959","Low","GGS",88,17,14,19.3,82.4
"712","CzechRepublic","Women","1955-1959","Medium","GGS",282,35,25,12.4,71.4
"713","CzechRepublic","Women","1955-1959","High","GGS",61,7,3,11.5,42.9
"714","CzechRepublic","Women","1955-1959",NA,"GGS",8,NA,NA,NA,NA
"715","CzechRepublic","Women","1960-1964","Low","GGS",70,10,7,14.3,70
"716","CzechRepublic","Women","1960-1964","Medium","GGS",323,32,19,9.9,59.4
"717","CzechRepublic","Women","1960-1964","High","GGS",56,8,6,14.3,75
"718","CzechRepublic","Women","1960-1964",NA,"GGS",9,1,NA,11.1,NA
"719","CzechRepublic","Women","1965-1969","Low","GGS",48,10,9,20.8,90
"720","CzechRepublic","Women","1965-1969","Medium","GGS",303,36,26,11.9,72.2
"721","CzechRepublic","Women","1965-1969","High","GGS",75,9,7,12,77.8
"722","CzechRepublic","Women","1965-1969",NA,"GGS",6,2,1,33.3,50
"723","CzechRepublic","Women","1970-1974","Low","GGS",4,NA,NA,NA,NA
"724","CzechRepublic","Women","1970-1974","Medium","GGS",22,1,NA,4.5,NA
"725","CzechRepublic","Women","1970-1974","High","GGS",3,2,NA,66.7,NA
"726","CzechRepublic","Women","1970-1974",NA,"GGS",1,NA,NA,NA,NA
"727","Democratic Republic of the Congo","Men","1960-1964","Low","DHS",85,3,NA,3.5,NA
"728","Democratic Republic of the Congo","Men","1960-1964","Medium","DHS",142,3,NA,2.1,NA
"729","Democratic Republic of the Congo","Men","1960-1964","High","DHS",86,1,NA,1.2,NA
"730","Democratic Republic of the Congo","Men","1965-1969","Low","DHS",359,7,NA,1.9,NA
"731","Democratic Republic of the Congo","Men","1965-1969","Medium","DHS",510,11,1,2.2,9.1
"732","Democratic Republic of the Congo","Men","1965-1969","High","DHS",411,18,7,4.4,38.9
"733","Democratic Republic of the Congo","Men","1970-1974","Low","DHS",427,21,3,4.9,14.3
"734","Democratic Republic of the Congo","Men","1970-1974","Medium","DHS",705,11,1,1.6,9.1
"735","Democratic Republic of the Congo","Men","1970-1974","High","DHS",613,21,13,3.4,61.9
"736","Democratic Republic of the Congo","Men","1975-1979","Low","DHS",389,9,1,2.3,11.1
"737","Democratic Republic of the Congo","Men","1975-1979","Medium","DHS",718,19,2,2.6,10.5
"738","Democratic Republic of the Congo","Men","1975-1979","High","DHS",664,31,12,4.7,38.7
"739","Democratic Republic of the Congo","Women","1950-1954","Low","DHS",2,NA,NA,NA,NA
"740","Democratic Republic of the Congo","Women","1950-1954","Medium","DHS",27,NA,NA,NA,NA
"741","Democratic Republic of the Congo","Women","1950-1954","High","DHS",39,1,NA,2.6,NA
"742","Democratic Republic of the Congo","Women","1955-1959","Low","DHS",20,3,2,15,66.7
"743","Democratic Republic of the Congo","Women","1955-1959","Medium","DHS",131,1,NA,0.8,NA
"744","Democratic Republic of the Congo","Women","1955-1959","High","DHS",298,4,1,1.3,25
"745","Democratic Republic of the Congo","Women","1960-1964","Low","DHS",31,2,1,6.5,50
"746","Democratic Republic of the Congo","Women","1960-1964","Medium","DHS",166,6,1,3.6,16.7
"747","Democratic Republic of the Congo","Women","1960-1964","High","DHS",390,6,2,1.5,33.3
"748","Democratic Republic of the Congo","Women","1965-1969","Low","DHS",33,NA,NA,NA,NA
"749","Democratic Republic of the Congo","Women","1965-1969","Medium","DHS",170,8,3,4.7,37.5
"750","Democratic Republic of the Congo","Women","1965-1969","High","DHS",488,10,3,2,30
"751","Democratic Republic of the Congo","Women","1970-1974","Low","DHS",38,1,NA,2.6,NA
"752","Democratic Republic of the Congo","Women","1970-1974","Medium","DHS",242,8,4,3.3,50
"753","Democratic Republic of the Congo","Women","1970-1974","High","DHS",518,10,2,1.9,20
"754","Democratic Republic of the Congo","Women","1975-1979","Low","DHS",42,3,3,7.1,100
"755","Democratic Republic of the Congo","Women","1975-1979","Medium","DHS",180,7,3,3.9,42.9
"756","Democratic Republic of the Congo","Women","1975-1979","High","DHS",457,19,8,4.2,42.1
"757","Dominican Republic","Men","1950-1954","Low","DHS",107,4,2,3.7,50
"758","Dominican Republic","Men","1950-1954","Medium","DHS",614,16,2,2.6,12.5
"759","Dominican Republic","Men","1950-1954","High","DHS",199,12,3,6,25
"760","Dominican Republic","Men","1955-1959","Low","DHS",229,9,NA,3.9,NA
"761","Dominican Republic","Men","1955-1959","Medium","DHS",1443,48,8,3.3,16.7
"762","Dominican Republic","Men","1955-1959","High","DHS",655,50,17,7.6,34
"763","Dominican Republic","Men","1960-1964","Low","DHS",230,14,5,6.1,35.7
"764","Dominican Republic","Men","1960-1964","Medium","DHS",1530,45,8,2.9,17.8
"765","Dominican Republic","Men","1960-1964","High","DHS",950,50,22,5.3,44
"766","Dominican Republic","Men","1965-1969","Low","DHS",129,9,4,7,44.4
"767","Dominican Republic","Men","1965-1969","Medium","DHS",830,19,4,2.3,21.1
"768","Dominican Republic","Men","1965-1969","High","DHS",808,48,28,5.9,58.3
"769","Dominican Republic","Women","1940-1944","Low","DHS",6,NA,NA,NA,NA
"770","Dominican Republic","Women","1940-1944","Medium","DHS",50,1,NA,2,NA
"771","Dominican Republic","Women","1940-1944","High","DHS",3,NA,NA,NA,NA
"772","Dominican Republic","Women","1945-1949","Low","DHS",16,1,NA,6.2,NA
"773","Dominican Republic","Women","1945-1949","Medium","DHS",148,15,8,10.1,53.3
"774","Dominican Republic","Women","1945-1949","High","DHS",28,1,1,3.6,100
"775","Dominican Republic","Women","1950-1954","Low","DHS",22,6,2,27.3,33.3
"776","Dominican Republic","Women","1950-1954","Medium","DHS",134,5,1,3.7,20
"777","Dominican Republic","Women","1950-1954","High","DHS",33,1,1,3,100
"778","Dominican Republic","Women","1955-1959","Low","DHS",29,2,NA,6.9,NA
"779","Dominican Republic","Women","1955-1959","Medium","DHS",147,12,3,8.2,25
"780","Dominican Republic","Women","1955-1959","High","DHS",66,4,1,6.1,25
"781","Dominican Republic","Women","1960-1964","Low","DHS",25,7,4,28,57.1
"782","Dominican Republic","Women","1960-1964","Medium","DHS",150,13,6,8.7,46.2
"783","Dominican Republic","Women","1960-1964","High","DHS",102,13,4,12.7,30.8
"784","Dominican Republic","Women","1965-1969","Low","DHS",16,4,1,25,25
"785","Dominican Republic","Women","1965-1969","Medium","DHS",101,20,7,19.8,35
"786","Dominican Republic","Women","1965-1969","High","DHS",65,5,1,7.7,20
"787","Estonia","Men","1920-1924","Low","GGS",5,1,NA,20,NA
"788","Estonia","Men","1920-1924","Medium","GGS",2,NA,NA,NA,NA
"789","Estonia","Men","1920-1924","High","GGS",4,NA,NA,NA,NA
"790","Estonia","Men","1925-1929","Low","GGS",64,8,7,12.5,87.5
"791","Estonia","Men","1925-1929","Medium","GGS",24,3,1,12.5,33.3
"792","Estonia","Men","1925-1929","High","GGS",19,2,1,10.5,50
"793","Estonia","Men","1930-1934","Low","GGS",99,15,9,15.2,60
"794","Estonia","Men","1930-1934","Medium","GGS",44,3,3,6.8,100
"795","Estonia","Men","1930-1934","High","GGS",35,3,3,8.6,100
"796","Estonia","Men","1935-1939","Low","GGS",99,15,10,15.2,66.7
"797","Estonia","Men","1935-1939","Medium","GGS",57,1,NA,1.8,NA
"798","Estonia","Men","1935-1939","High","GGS",56,7,4,12.5,57.1
"799","Estonia","Men","1940-1944","Low","GGS",79,14,12,17.7,85.7
"800","Estonia","Men","1940-1944","Medium","GGS",67,7,5,10.4,71.4
"801","Estonia","Men","1940-1944","High","GGS",60,2,1,3.3,50
"802","Estonia","Men","1945-1949","Low","GGS",79,10,4,12.7,40
"803","Estonia","Men","1945-1949","Medium","GGS",105,9,5,8.6,55.6
"804","Estonia","Men","1945-1949","High","GGS",72,3,1,4.2,33.3
"805","Estonia","Men","1950-1954","Low","GGS",55,15,11,27.3,73.3
"806","Estonia","Men","1950-1954","Medium","GGS",109,7,5,6.4,71.4
"807","Estonia","Men","1950-1954","High","GGS",64,5,2,7.8,40
"808","Estonia","Men","1955-1959","Low","GGS",47,9,6,19.1,66.7
"809","Estonia","Men","1955-1959","Medium","GGS",187,18,9,9.6,50
"810","Estonia","Men","1955-1959","High","GGS",65,2,1,3.1,50
"811","Estonia","Men","1960-1964","Low","GGS",24,5,3,20.8,60
"812","Estonia","Men","1960-1964","Medium","GGS",158,19,13,12,68.4
"813","Estonia","Men","1960-1964","High","GGS",62,9,6,14.5,66.7
"814","Estonia","Men","1965-1969","Low","GGS",25,4,4,16,100
"815","Estonia","Men","1965-1969","Medium","GGS",191,37,25,19.4,67.6
"816","Estonia","Men","1965-1969","High","GGS",40,4,2,10,50
"817","Estonia","Men","1970-1974","Medium","GGS",16,2,2,12.5,100
"818","Estonia","Men","1970-1974","High","GGS",1,NA,NA,NA,NA
"819","Estonia","Women","1920-1924","Low","GGS",29,6,NA,20.7,NA
"820","Estonia","Women","1920-1924","Medium","GGS",6,NA,NA,NA,NA
"821","Estonia","Women","1920-1924","High","GGS",5,1,NA,20,NA
"822","Estonia","Women","1925-1929","Low","GGS",178,26,9,14.6,34.6
"823","Estonia","Women","1925-1929","Medium","GGS",76,12,4,15.8,33.3
"824","Estonia","Women","1925-1929","High","GGS",49,7,5,14.3,71.4
"825","Estonia","Women","1930-1934","Low","GGS",228,19,10,8.3,52.6
"826","Estonia","Women","1930-1934","Medium","GGS",102,9,2,8.8,22.2
"827","Estonia","Women","1930-1934","High","GGS",65,10,5,15.4,50
"828","Estonia","Women","1935-1939","Low","GGS",160,13,7,8.1,53.8
"829","Estonia","Women","1935-1939","Medium","GGS",144,9,2,6.2,22.2
"830","Estonia","Women","1935-1939","High","GGS",114,15,6,13.2,40
"831","Estonia","Women","1940-1944","Low","GGS",118,10,3,8.5,30
"832","Estonia","Women","1940-1944","Medium","GGS",147,7,5,4.8,71.4
"833","Estonia","Women","1940-1944","High","GGS",122,13,8,10.7,61.5
"834","Estonia","Women","1945-1949","Low","GGS",69,9,4,13,44.4
"835","Estonia","Women","1945-1949","Medium","GGS",200,7,2,3.5,28.6
"836","Estonia","Women","1945-1949","High","GGS",138,14,8,10.1,57.1
"837","Estonia","Women","1950-1954","Low","GGS",55,3,3,5.5,100
"838","Estonia","Women","1950-1954","Medium","GGS",239,14,6,5.9,42.9
"839","Estonia","Women","1950-1954","High","GGS",182,14,9,7.7,64.3
"840","Estonia","Women","1955-1959","Low","GGS",34,3,2,8.8,66.7
"841","Estonia","Women","1955-1959","Medium","GGS",226,12,5,5.3,41.7
"842","Estonia","Women","1955-1959","High","GGS",206,14,6,6.8,42.9
"843","Estonia","Women","1960-1964","Low","GGS",25,1,1,4,100
"844","Estonia","Women","1960-1964","Medium","GGS",234,13,7,5.6,53.8
"845","Estonia","Women","1960-1964","High","GGS",211,17,15,8.1,88.2
"846","Estonia","Women","1965-1969","Low","GGS",23,4,3,17.4,75
"847","Estonia","Women","1965-1969","Medium","GGS",222,20,14,9,70
"848","Estonia","Women","1965-1969","High","GGS",164,13,10,7.9,76.9
"849","Estonia","Women","1970-1974","Low","GGS",1,NA,NA,NA,NA
"850","Estonia","Women","1970-1974","Medium","GGS",17,3,2,17.6,66.7
"851","Estonia","Women","1970-1974","High","GGS",7,2,2,28.6,100
"852","Ethiopia","Men","1965-1969","Low","DHS",362,6,NA,1.7,NA
"853","Ethiopia","Men","1965-1969","Medium","DHS",81,4,1,4.9,25
"854","Ethiopia","Men","1965-1969","High","DHS",51,7,5,13.7,71.4
"855","Ethiopia","Men","1970-1974","Low","DHS",744,17,3,2.3,17.6
"856","Ethiopia","Men","1970-1974","Medium","DHS",202,10,2,5,20
"857","Ethiopia","Men","1970-1974","High","DHS",129,22,15,17.1,68.2
"858","Ethiopia","Men","1975-1979","Low","DHS",1138,19,7,1.7,36.8
"859","Ethiopia","Men","1975-1979","Medium","DHS",336,18,8,5.4,44.4
"860","Ethiopia","Men","1975-1979","High","DHS",226,51,34,22.6,66.7
"861","Ethiopia","Men","1980-1984","Low","DHS",627,21,8,3.3,38.1
"862","Ethiopia","Men","1980-1984","Medium","DHS",188,8,3,4.3,37.5
"863","Ethiopia","Men","1980-1984","High","DHS",112,28,19,25,67.9
"864","Ethiopia","Women","1955-1959","Low","DHS",120,1,NA,0.8,NA
"865","Ethiopia","Women","1955-1959","Medium","DHS",52,3,1,5.8,33.3
"866","Ethiopia","Women","1955-1959","High","DHS",45,2,1,4.4,50
"867","Ethiopia","Women","1960-1964","Low","DHS",326,6,NA,1.8,NA
"868","Ethiopia","Women","1960-1964","Medium","DHS",161,4,2,2.5,50
"869","Ethiopia","Women","1960-1964","High","DHS",102,12,7,11.8,58.3
"870","Ethiopia","Women","1965-1969","Low","DHS",366,4,NA,1.1,NA
"871","Ethiopia","Women","1965-1969","Medium","DHS",224,4,2,1.8,50
"872","Ethiopia","Women","1965-1969","High","DHS",137,12,6,8.8,50
"873","Ethiopia","Women","1970-1974","Low","DHS",481,13,5,2.7,38.5
"874","Ethiopia","Women","1970-1974","Medium","DHS",371,16,8,4.3,50
"875","Ethiopia","Women","1970-1974","High","DHS",208,32,20,15.4,62.5
"876","Ethiopia","Women","1975-1979","Low","DHS",542,16,6,3,37.5
"877","Ethiopia","Women","1975-1979","Medium","DHS",519,25,10,4.8,40
"878","Ethiopia","Women","1975-1979","High","DHS",291,65,44,22.3,67.7
"879","Ethiopia","Women","1980-1984","Low","DHS",241,17,7,7.1,41.2
"880","Ethiopia","Women","1980-1984","Medium","DHS",244,18,10,7.4,55.6
"881","Ethiopia","Women","1980-1984","High","DHS",141,38,23,27,60.5
"882","France","Men","1925-1929","Low","GGS",130,29,20,22.3,69
"883","France","Men","1925-1929","Medium","GGS",31,5,4,16.1,80
"884","France","Men","1925-1929","High","GGS",22,3,1,13.6,33.3
"885","France","Men","1930-1934","Low","GGS",157,28,21,17.8,75
"886","France","Men","1930-1934","Medium","GGS",85,12,10,14.1,83.3
"887","France","Men","1930-1934","High","GGS",28,NA,NA,NA,NA
"888","France","Men","1935-1939","Low","GGS",137,16,11,11.7,68.8
"889","France","Men","1935-1939","Medium","GGS",114,18,12,15.8,66.7
"890","France","Men","1935-1939","High","GGS",43,4,2,9.3,50
"891","France","Men","1940-1944","Low","GGS",139,24,19,17.3,79.2
"892","France","Men","1940-1944","Medium","GGS",116,20,11,17.2,55
"893","France","Men","1940-1944","High","GGS",65,7,5,10.8,71.4
"894","France","Men","1945-1949","Low","GGS",160,23,16,14.4,69.6
"895","France","Men","1945-1949","Medium","GGS",178,24,18,13.5,75
"896","France","Men","1945-1949","High","GGS",98,13,6,13.3,46.2
"897","France","Men","1950-1954","Low","GGS",127,16,10,12.6,62.5
"898","France","Men","1950-1954","Medium","GGS",196,29,15,14.8,51.7
"899","France","Men","1950-1954","High","GGS",85,13,5,15.3,38.5
"900","France","Men","1955-1959","Low","GGS",122,32,19,26.2,59.4
"901","France","Men","1955-1959","Medium","GGS",172,34,20,19.8,58.8
"902","France","Men","1955-1959","High","GGS",109,28,15,25.7,53.6
"903","France","Men","1960-1964","Low","GGS",95,30,20,31.6,66.7
"904","France","Men","1960-1964","Medium","GGS",218,49,21,22.5,42.9
"905","France","Men","1960-1964","High","GGS",101,23,8,22.8,34.8
"906","France","Men","1965-1969","Low","GGS",87,19,15,21.8,78.9
"907","France","Men","1965-1969","Medium","GGS",248,47,28,19,59.6
"908","France","Men","1965-1969","High","GGS",135,32,15,23.7,46.9
"909","France","Men","1970-1974","Low","GGS",10,5,5,50,100
"910","France","Men","1970-1974","Medium","GGS",45,6,4,13.3,66.7
"911","France","Men","1970-1974","High","GGS",29,12,6,41.4,50
"912","France","Women","1925-1929","Low","GGS",193,33,17,17.1,51.5
"913","France","Women","1925-1929","Medium","GGS",46,12,7,26.1,58.3
"914","France","Women","1925-1929","High","GGS",11,5,3,45.5,60
"915","France","Women","1930-1934","Low","GGS",261,30,21,11.5,70
"916","France","Women","1930-1934","Medium","GGS",41,11,4,26.8,36.4
"917","France","Women","1930-1934","High","GGS",26,5,4,19.2,80
"918","France","Women","1935-1939","Low","GGS",245,27,15,11,55.6
"919","France","Women","1935-1939","Medium","GGS",87,7,5,8,71.4
"920","France","Women","1935-1939","High","GGS",43,9,7,20.9,77.8
"921","France","Women","1940-1944","Low","GGS",189,17,12,9,70.6
"922","France","Women","1940-1944","Medium","GGS",128,22,13,17.2,59.1
"923","France","Women","1940-1944","High","GGS",50,10,5,20,50
"924","France","Women","1945-1949","Low","GGS",230,19,13,8.3,68.4
"925","France","Women","1945-1949","Medium","GGS",189,28,20,14.8,71.4
"926","France","Women","1945-1949","High","GGS",95,27,15,28.4,55.6
"927","France","Women","1950-1954","Low","GGS",215,24,16,11.2,66.7
"928","France","Women","1950-1954","Medium","GGS",207,26,20,12.6,76.9
"929","France","Women","1950-1954","High","GGS",126,21,11,16.7,52.4
"930","France","Women","1955-1959","Low","GGS",178,19,10,10.7,52.6
"931","France","Women","1955-1959","Medium","GGS",202,30,15,14.9,50
"932","France","Women","1955-1959","High","GGS",160,32,16,20,50
"933","France","Women","1960-1964","Low","GGS",134,9,5,6.7,55.6
"934","France","Women","1960-1964","Medium","GGS",215,38,23,17.7,60.5
"935","France","Women","1960-1964","High","GGS",172,31,12,18,38.7
"936","France","Women","1965-1969","Low","GGS",108,14,9,13,64.3
"937","France","Women","1965-1969","Medium","GGS",272,34,24,12.5,70.6
"938","France","Women","1965-1969","High","GGS",193,43,23,22.3,53.5
"939","France","Women","1970-1974","Low","GGS",17,3,3,17.6,100
"940","France","Women","1970-1974","Medium","GGS",40,3,2,7.5,66.7
"941","France","Women","1970-1974","High","GGS",46,7,4,15.2,57.1
"942","Gabon","Men","1960-1964","Low","DHS",28,2,1,7.1,50
"943","Gabon","Men","1960-1964","Medium","DHS",235,11,NA,4.7,NA
"944","Gabon","Men","1960-1964","High","DHS",154,8,NA,5.2,NA
"945","Gabon","Men","1965-1969","Low","DHS",69,2,1,2.9,50
"946","Gabon","Men","1965-1969","Medium","DHS",400,18,1,4.5,5.6
"947","Gabon","Men","1965-1969","High","DHS",346,14,4,4,28.6
"948","Gabon","Men","1970-1974","Low","DHS",53,4,NA,7.5,NA
"949","Gabon","Men","1970-1974","Medium","DHS",407,13,2,3.2,15.4
"950","Gabon","Men","1970-1974","High","DHS",459,19,7,4.1,36.8
"951","Gabon","Men","1975-1979","Low","DHS",31,NA,NA,NA,NA
"952","Gabon","Men","1975-1979","Medium","DHS",196,9,3,4.6,33.3
"953","Gabon","Men","1975-1979","High","DHS",241,17,4,7.1,23.5
"954","Gabon","Women","1950-1954","Low","DHS",7,NA,NA,NA,NA
"955","Gabon","Women","1950-1954","Medium","DHS",46,2,NA,4.3,NA
"956","Gabon","Women","1950-1954","High","DHS",72,NA,NA,NA,NA
"957","Gabon","Women","1955-1959","Low","DHS",31,1,NA,3.2,NA
"958","Gabon","Women","1955-1959","Medium","DHS",92,4,2,4.3,50
"959","Gabon","Women","1955-1959","High","DHS",198,5,3,2.5,60
"960","Gabon","Women","1960-1964","Low","DHS",27,1,1,3.7,100
"961","Gabon","Women","1960-1964","Medium","DHS",140,11,NA,7.9,NA
"962","Gabon","Women","1960-1964","High","DHS",315,9,2,2.9,22.2
"963","Gabon","Women","1965-1969","Low","DHS",38,1,1,2.6,100
"964","Gabon","Women","1965-1969","Medium","DHS",143,16,5,11.2,31.2
"965","Gabon","Women","1965-1969","High","DHS",355,7,2,2,28.6
"966","Gabon","Women","1970-1974","Low","DHS",40,10,5,25,50
"967","Gabon","Women","1970-1974","Medium","DHS",152,19,11,12.5,57.9
"968","Gabon","Women","1970-1974","High","DHS",405,22,6,5.4,27.3
"969","Gabon","Women","1975-1979","Low","DHS",24,6,3,25,50
"970","Gabon","Women","1975-1979","Medium","DHS",73,11,7,15.1,63.6
"971","Gabon","Women","1975-1979","High","DHS",229,22,10,9.6,45.5
"972","Gambia","Men","1970-1974","Low","DHS",485,8,NA,1.6,NA
"973","Gambia","Men","1970-1974","Medium","DHS",96,NA,NA,NA,NA
"974","Gambia","Men","1970-1974","High","DHS",127,6,NA,4.7,NA
"975","Gambia","Men","1975-1979","Low","DHS",705,16,1,2.3,6.2
"976","Gambia","Men","1975-1979","Medium","DHS",127,3,NA,2.4,NA
"977","Gambia","Men","1975-1979","High","DHS",193,10,2,5.2,20
"978","Gambia","Men","1980-1984","Low","DHS",898,17,3,1.9,17.6
"979","Gambia","Men","1980-1984","Medium","DHS",223,11,1,4.9,9.1
"980","Gambia","Men","1980-1984","High","DHS",359,29,10,8.1,34.5
"981","Gambia","Men","1985-1989","Low","DHS",46,1,1,2.2,100
"982","Gambia","Men","1985-1989","Medium","DHS",8,NA,NA,NA,NA
"983","Gambia","Men","1985-1989","High","DHS",9,1,NA,11.1,NA
"984","Gambia","Women","1960-1964","Low","DHS",94,NA,NA,NA,NA
"985","Gambia","Women","1960-1964","Medium","DHS",10,NA,NA,NA,NA
"986","Gambia","Women","1960-1964","High","DHS",48,4,1,8.3,25
"987","Gambia","Women","1965-1969","Low","DHS",134,2,NA,1.5,NA
"988","Gambia","Women","1965-1969","Medium","DHS",30,1,1,3.3,100
"989","Gambia","Women","1965-1969","High","DHS",101,5,3,5,60
"990","Gambia","Women","1970-1974","Low","DHS",159,2,NA,1.3,NA
"991","Gambia","Women","1970-1974","Medium","DHS",49,1,NA,2,NA
"992","Gambia","Women","1970-1974","High","DHS",149,9,8,6,88.9
"993","Gambia","Women","1975-1979","Low","DHS",151,7,2,4.6,28.6
"994","Gambia","Women","1975-1979","Medium","DHS",62,4,3,6.5,75
"995","Gambia","Women","1975-1979","High","DHS",155,16,12,10.3,75
"996","Gambia","Women","1980-1984","Low","DHS",201,15,9,7.5,60
"997","Gambia","Women","1980-1984","Medium","DHS",73,9,4,12.3,44.4
"998","Gambia","Women","1980-1984","High","DHS",230,43,34,18.7,79.1
"999","Gambia","Women","1985-1989","Low","DHS",8,1,NA,12.5,NA
"1000","Gambia","Women","1985-1989","Medium","DHS",4,1,NA,25,NA
"1001","Gambia","Women","1985-1989","High","DHS",8,2,NA,25,NA
"1002","Georgia","Men","1925-1929","Low","GGS",48,3,3,6.2,100
"1003","Georgia","Men","1925-1929","Medium","GGS",50,NA,NA,NA,NA
"1004","Georgia","Men","1925-1929","High","GGS",23,2,1,8.7,50
"1005","Georgia","Men","1930-1934","Low","GGS",100,6,5,6,83.3
"1006","Georgia","Men","1930-1934","Medium","GGS",53,NA,NA,NA,NA
"1007","Georgia","Men","1930-1934","High","GGS",39,2,2,5.1,100
"1008","Georgia","Men","1935-1939","Low","GGS",89,6,6,6.7,100
"1009","Georgia","Men","1935-1939","Medium","GGS",154,7,6,4.5,85.7
"1010","Georgia","Men","1935-1939","High","GGS",74,8,7,10.8,87.5
"1011","Georgia","Men","1940-1944","Low","GGS",46,6,3,13,50
"1012","Georgia","Men","1940-1944","Medium","GGS",116,5,5,4.3,100
"1013","Georgia","Men","1940-1944","High","GGS",56,4,4,7.1,100
"1014","Georgia","Men","1945-1949","Low","GGS",23,2,1,8.7,50
"1015","Georgia","Men","1945-1949","Medium","GGS",147,11,10,7.5,90.9
"1016","Georgia","Men","1945-1949","High","GGS",88,NA,NA,NA,NA
"1017","Georgia","Men","1950-1954","Low","GGS",25,2,2,8,100
"1018","Georgia","Men","1950-1954","Medium","GGS",202,11,11,5.4,100
"1019","Georgia","Men","1950-1954","High","GGS",110,7,7,6.4,100
"1020","Georgia","Men","1955-1959","Low","GGS",15,NA,NA,NA,NA
"1021","Georgia","Men","1955-1959","Medium","GGS",288,22,21,7.6,95.5
"1022","Georgia","Men","1955-1959","High","GGS",154,16,16,10.4,100
"1023","Georgia","Men","1960-1964","Low","GGS",20,4,3,20,75
"1024","Georgia","Men","1960-1964","Medium","GGS",321,34,33,10.6,97.1
"1025","Georgia","Men","1960-1964","High","GGS",128,17,16,13.3,94.1
"1026","Georgia","Men","1965-1969","Low","GGS",16,6,6,37.5,100
"1027","Georgia","Men","1965-1969","Medium","GGS",304,45,43,14.8,95.6
"1028","Georgia","Men","1965-1969","High","GGS",130,26,25,20,96.2
"1029","Georgia","Men","1970-1974","Low","GGS",3,NA,NA,NA,NA
"1030","Georgia","Men","1970-1974","Medium","GGS",65,21,20,32.3,95.2
"1031","Georgia","Men","1970-1974","High","GGS",42,16,15,38.1,93.8
"1032","Georgia","Women","1925-1929","Low","GGS",103,13,10,12.6,76.9
"1033","Georgia","Women","1925-1929","Medium","GGS",84,14,12,16.7,85.7
"1034","Georgia","Women","1925-1929","High","GGS",31,10,6,32.3,60
"1035","Georgia","Women","1930-1934","Low","GGS",141,11,9,7.8,81.8
"1036","Georgia","Women","1930-1934","Medium","GGS",120,20,12,16.7,60
"1037","Georgia","Women","1930-1934","High","GGS",39,6,4,15.4,66.7
"1038","Georgia","Women","1935-1939","Low","GGS",139,17,14,12.2,82.4
"1039","Georgia","Women","1935-1939","Medium","GGS",203,19,11,9.4,57.9
"1040","Georgia","Women","1935-1939","High","GGS",87,16,14,18.4,87.5
"1041","Georgia","Women","1940-1944","Low","GGS",73,7,4,9.6,57.1
"1042","Georgia","Women","1940-1944","Medium","GGS",197,24,17,12.2,70.8
"1043","Georgia","Women","1940-1944","High","GGS",73,15,15,20.5,100
"1044","Georgia","Women","1945-1949","Low","GGS",55,7,5,12.7,71.4
"1045","Georgia","Women","1945-1949","Medium","GGS",199,14,13,7,92.9
"1046","Georgia","Women","1945-1949","High","GGS",121,21,18,17.4,85.7
"1047","Georgia","Women","1950-1954","Low","GGS",51,6,6,11.8,100
"1048","Georgia","Women","1950-1954","Medium","GGS",306,26,21,8.5,80.8
"1049","Georgia","Women","1950-1954","High","GGS",118,19,18,16.1,94.7
"1050","Georgia","Women","1955-1959","Low","GGS",32,2,2,6.2,100
"1051","Georgia","Women","1955-1959","Medium","GGS",356,31,31,8.7,100
"1052","Georgia","Women","1955-1959","High","GGS",156,17,16,10.9,94.1
"1053","Georgia","Women","1960-1964","Low","GGS",31,2,2,6.5,100
"1054","Georgia","Women","1960-1964","Medium","GGS",415,44,39,10.6,88.6
"1055","Georgia","Women","1960-1964","High","GGS",180,32,31,17.8,96.9
"1056","Georgia","Women","1965-1969","Low","GGS",23,3,3,13,100
"1057","Georgia","Women","1965-1969","Medium","GGS",345,37,33,10.7,89.2
"1058","Georgia","Women","1965-1969","High","GGS",152,37,36,24.3,97.3
"1059","Georgia","Women","1970-1974","Low","GGS",16,NA,NA,NA,NA
"1060","Georgia","Women","1970-1974","Medium","GGS",101,12,11,11.9,91.7
"1061","Georgia","Women","1970-1974","High","GGS",57,11,10,19.3,90.9
"1062","Germany","Men","1925-1929","Low","GGS",23,10,6,43.5,60
"1063","Germany","Men","1925-1929","Medium","GGS",92,19,15,20.7,78.9
"1064","Germany","Men","1925-1929","High","GGS",80,11,8,13.8,72.7
"1065","Germany","Men","1925-1929",NA,"GGS",7,NA,NA,NA,NA
"1066","Germany","Men","1930-1934","Low","GGS",24,9,8,37.5,88.9
"1067","Germany","Men","1930-1934","Medium","GGS",136,33,28,24.3,84.8
"1068","Germany","Men","1930-1934","High","GGS",97,15,15,15.5,100
"1069","Germany","Men","1930-1934",NA,"GGS",7,1,NA,14.3,NA
"1070","Germany","Men","1935-1939","Low","GGS",38,14,12,36.8,85.7
"1071","Germany","Men","1935-1939","Medium","GGS",208,56,39,26.9,69.6
"1072","Germany","Men","1935-1939","High","GGS",146,28,20,19.2,71.4
"1073","Germany","Men","1935-1939",NA,"GGS",6,1,1,16.7,100
"1074","Germany","Men","1940-1944","Low","GGS",39,14,10,35.9,71.4
"1075","Germany","Men","1940-1944","Medium","GGS",238,62,43,26.1,69.4
"1076","Germany","Men","1940-1944","High","GGS",166,39,28,23.5,71.8
"1077","Germany","Men","1940-1944",NA,"GGS",9,1,1,11.1,100
"1078","Germany","Men","1945-1949","Low","GGS",16,9,8,56.2,88.9
"1079","Germany","Men","1945-1949","Medium","GGS",191,43,33,22.5,76.7
"1080","Germany","Men","1945-1949","High","GGS",142,32,18,22.5,56.2
"1081","Germany","Men","1945-1949",NA,"GGS",3,NA,NA,NA,NA
"1082","Germany","Men","1950-1954","Low","GGS",25,7,6,28,85.7
"1083","Germany","Men","1950-1954","Medium","GGS",233,69,49,29.6,71
"1084","Germany","Men","1950-1954","High","GGS",134,27,17,20.1,63
"1085","Germany","Men","1950-1954",NA,"GGS",4,1,1,25,100
"1086","Germany","Men","1955-1959","Low","GGS",21,7,5,33.3,71.4
"1087","Germany","Men","1955-1959","Medium","GGS",230,58,38,25.2,65.5
"1088","Germany","Men","1955-1959","High","GGS",162,32,21,19.8,65.6
"1089","Germany","Men","1955-1959",NA,"GGS",4,NA,NA,NA,NA
"1090","Germany","Men","1960-1964","Low","GGS",30,10,8,33.3,80
"1091","Germany","Men","1960-1964","Medium","GGS",302,88,59,29.1,67
"1092","Germany","Men","1960-1964","High","GGS",180,44,31,24.4,70.5
"1093","Germany","Men","1960-1964",NA,"GGS",9,5,2,55.6,40
"1094","Germany","Men","1965-1969","Low","GGS",41,15,10,36.6,66.7
"1095","Germany","Men","1965-1969","Medium","GGS",272,102,72,37.5,70.6
"1096","Germany","Men","1965-1969","High","GGS",127,52,31,40.9,59.6
"1097","Germany","Men","1965-1969",NA,"GGS",7,3,3,42.9,100
"1098","Germany","Men","1970-1974","Low","GGS",3,NA,NA,NA,NA
"1099","Germany","Men","1970-1974","Medium","GGS",29,14,11,48.3,78.6
"1100","Germany","Men","1970-1974","High","GGS",8,4,3,50,75
"1101","Germany","Women","1920-1924","Medium","GGS",1,NA,NA,NA,NA
"1102","Germany","Women","1925-1929","Low","GGS",102,31,24,30.4,77.4
"1103","Germany","Women","1925-1929","Medium","GGS",115,29,21,25.2,72.4
"1104","Germany","Women","1925-1929","High","GGS",28,14,10,50,71.4
"1105","Germany","Women","1925-1929",NA,"GGS",2,NA,NA,NA,NA
"1106","Germany","Women","1930-1934","Low","GGS",117,27,18,23.1,66.7
"1107","Germany","Women","1930-1934","Medium","GGS",132,29,17,22,58.6
"1108","Germany","Women","1930-1934","High","GGS",42,12,9,28.6,75
"1109","Germany","Women","1930-1934",NA,"GGS",2,NA,NA,NA,NA
"1110","Germany","Women","1935-1939","Low","GGS",101,19,12,18.8,63.2
"1111","Germany","Women","1935-1939","Medium","GGS",228,55,42,24.1,76.4
"1112","Germany","Women","1935-1939","High","GGS",47,6,3,12.8,50
"1113","Germany","Women","1935-1939",NA,"GGS",5,1,NA,20,NA
"1114","Germany","Women","1940-1944","Low","GGS",66,17,9,25.8,52.9
"1115","Germany","Women","1940-1944","Medium","GGS",249,44,29,17.7,65.9
"1116","Germany","Women","1940-1944","High","GGS",74,17,12,23,70.6
"1117","Germany","Women","1940-1944",NA,"GGS",7,1,1,14.3,100
"1118","Germany","Women","1945-1949","Low","GGS",52,13,11,25,84.6
"1119","Germany","Women","1945-1949","Medium","GGS",219,46,30,21,65.2
"1120","Germany","Women","1945-1949","High","GGS",75,14,9,18.7,64.3
"1121","Germany","Women","1945-1949",NA,"GGS",10,3,1,30,33.3
"1122","Germany","Women","1950-1954","Low","GGS",48,8,5,16.7,62.5
"1123","Germany","Women","1950-1954","Medium","GGS",269,51,35,19,68.6
"1124","Germany","Women","1950-1954","High","GGS",129,19,10,14.7,52.6
"1125","Germany","Women","1950-1954",NA,"GGS",6,2,1,33.3,50
"1126","Germany","Women","1955-1959","Low","GGS",48,6,5,12.5,83.3
"1127","Germany","Women","1955-1959","Medium","GGS",351,42,24,12,57.1
"1128","Germany","Women","1955-1959","High","GGS",163,27,13,16.6,48.1
"1129","Germany","Women","1955-1959",NA,"GGS",9,3,1,33.3,33.3
"1130","Germany","Women","1960-1964","Low","GGS",63,9,6,14.3,66.7
"1131","Germany","Women","1960-1964","Medium","GGS",401,47,28,11.7,59.6
"1132","Germany","Women","1960-1964","High","GGS",173,27,17,15.6,63
"1133","Germany","Women","1960-1964",NA,"GGS",7,1,1,14.3,100
"1134","Germany","Women","1965-1969","Low","GGS",73,10,5,13.7,50
"1135","Germany","Women","1965-1969","Medium","GGS",381,52,35,13.6,67.3
"1136","Germany","Women","1965-1969","High","GGS",177,32,17,18.1,53.1
"1137","Germany","Women","1965-1969",NA,"GGS",10,4,4,40,100
"1138","Germany","Women","1970-1974","Low","GGS",7,1,1,14.3,100
"1139","Germany","Women","1970-1974","Medium","GGS",34,8,7,23.5,87.5
"1140","Germany","Women","1970-1974","High","GGS",16,3,3,18.8,100
"1141","Ghana","Men","1960-1964","Low","DHS",5,1,1,20,100
"1142","Ghana","Men","1960-1964","Medium","DHS",2,NA,NA,NA,NA
"1143","Ghana","Men","1960-1964","High","DHS",8,NA,NA,NA,NA
"1144","Ghana","Men","1965-1969","Low","DHS",388,4,NA,1,NA
"1145","Ghana","Men","1965-1969","Medium","DHS",157,4,1,2.5,25
"1146","Ghana","Men","1965-1969","High","DHS",322,7,NA,2.2,NA
"1147","Ghana","Men","1970-1974","Low","DHS",417,6,NA,1.4,NA
"1148","Ghana","Men","1970-1974","Medium","DHS",202,5,2,2.5,40
"1149","Ghana","Men","1970-1974","High","DHS",416,14,1,3.4,7.1
"1150","Ghana","Men","1975-1979","Low","DHS",436,11,2,2.5,18.2
"1151","Ghana","Men","1975-1979","Medium","DHS",217,6,1,2.8,16.7
"1152","Ghana","Men","1975-1979","High","DHS",592,38,16,6.4,42.1
"1153","Ghana","Women","1950-1954","High","DHS",6,NA,NA,NA,NA
"1154","Ghana","Women","1955-1959","Low","DHS",69,NA,NA,NA,NA
"1155","Ghana","Women","1955-1959","Medium","DHS",16,NA,NA,NA,NA
"1156","Ghana","Women","1955-1959","High","DHS",144,4,1,2.8,25
"1157","Ghana","Women","1960-1964","Low","DHS",85,4,4,4.7,100
"1158","Ghana","Women","1960-1964","Medium","DHS",45,NA,NA,NA,NA
"1159","Ghana","Women","1960-1964","High","DHS",173,6,5,3.5,83.3
"1160","Ghana","Women","1965-1969","Low","DHS",94,2,1,2.1,50
"1161","Ghana","Women","1965-1969","Medium","DHS",46,NA,NA,NA,NA
"1162","Ghana","Women","1965-1969","High","DHS",225,9,6,4,66.7
"1163","Ghana","Women","1970-1974","Low","DHS",94,4,2,4.3,50
"1164","Ghana","Women","1970-1974","Medium","DHS",65,3,1,4.6,33.3
"1165","Ghana","Women","1970-1974","High","DHS",276,16,9,5.8,56.2
"1166","Ghana","Women","1975-1979","Low","DHS",96,4,2,4.2,50
"1167","Ghana","Women","1975-1979","Medium","DHS",67,6,3,9,50
"1168","Ghana","Women","1975-1979","High","DHS",304,30,17,9.9,56.7
"1169","Guatemala","Men","1960-1964","Low","DHS",3,NA,NA,NA,NA
"1170","Guatemala","Men","1960-1964","Medium","DHS",9,NA,NA,NA,NA
"1171","Guatemala","Men","1960-1964","High","DHS",3,NA,NA,NA,NA
"1172","Guatemala","Men","1965-1969","Low","DHS",676,27,20,4,74.1
"1173","Guatemala","Men","1965-1969","Medium","DHS",983,43,29,4.4,67.4
"1174","Guatemala","Men","1965-1969","High","DHS",390,32,22,8.2,68.8
"1175","Guatemala","Men","1970-1974","Low","DHS",609,31,27,5.1,87.1
"1176","Guatemala","Men","1970-1974","Medium","DHS",1321,58,44,4.4,75.9
"1177","Guatemala","Men","1970-1974","High","DHS",587,53,35,9,66
"1178","Guatemala","Men","1975-1979","Low","DHS",677,41,31,6.1,75.6
"1179","Guatemala","Men","1975-1979","Medium","DHS",1593,107,83,6.7,77.6
"1180","Guatemala","Men","1975-1979","High","DHS",773,79,60,10.2,75.9
"1181","Guatemala","Men","1980-1984","Low","DHS",21,2,1,9.5,50
"1182","Guatemala","Men","1980-1984","Medium","DHS",52,7,5,13.5,71.4
"1183","Guatemala","Men","1980-1984","High","DHS",42,7,5,16.7,71.4
"1184","Guatemala","Women","1950-1954","Low","DHS",2,NA,NA,NA,NA
"1185","Guatemala","Women","1950-1954","Medium","DHS",3,NA,NA,NA,NA
"1186","Guatemala","Women","1950-1954","High","DHS",1,NA,NA,NA,NA
"1187","Guatemala","Women","1955-1959","Low","DHS",173,7,4,4,57.1
"1188","Guatemala","Women","1955-1959","Medium","DHS",292,11,6,3.8,54.5
"1189","Guatemala","Women","1955-1959","High","DHS",118,6,3,5.1,50
"1190","Guatemala","Women","1960-1964","Low","DHS",169,9,6,5.3,66.7
"1191","Guatemala","Women","1960-1964","Medium","DHS",382,16,8,4.2,50
"1192","Guatemala","Women","1960-1964","High","DHS",159,14,12,8.8,85.7
"1193","Guatemala","Women","1965-1969","Low","DHS",142,11,8,7.7,72.7
"1194","Guatemala","Women","1965-1969","Medium","DHS",404,17,8,4.2,47.1
"1195","Guatemala","Women","1965-1969","High","DHS",231,11,5,4.8,45.5
"1196","Guatemala","Women","1970-1974","Low","DHS",150,17,11,11.3,64.7
"1197","Guatemala","Women","1970-1974","Medium","DHS",519,30,16,5.8,53.3
"1198","Guatemala","Women","1970-1974","High","DHS",252,25,17,9.9,68
"1199","Guatemala","Women","1975-1979","Low","DHS",144,22,15,15.3,68.2
"1200","Guatemala","Women","1975-1979","Medium","DHS",551,60,37,10.9,61.7
"1201","Guatemala","Women","1975-1979","High","DHS",357,39,32,10.9,82.1
"1202","Guatemala","Women","1980-1984","Low","DHS",7,NA,NA,NA,NA
"1203","Guatemala","Women","1980-1984","Medium","DHS",19,3,3,15.8,100
"1204","Guatemala","Women","1980-1984","High","DHS",20,2,1,10,50
"1205","Guinea","Men","1965-1969","Low","DHS",157,9,2,5.7,22.2
"1206","Guinea","Men","1965-1969","Medium","DHS",12,NA,NA,NA,NA
"1207","Guinea","Men","1965-1969","High","DHS",8,NA,NA,NA,NA
"1208","Guinea","Men","1970-1974","Low","DHS",863,40,2,4.6,5
"1209","Guinea","Men","1970-1974","Medium","DHS",51,3,1,5.9,33.3
"1210","Guinea","Men","1970-1974","High","DHS",44,3,NA,6.8,NA
"1211","Guinea","Men","1975-1979","Low","DHS",932,30,4,3.2,13.3
"1212","Guinea","Men","1975-1979","Medium","DHS",46,NA,NA,NA,NA
"1213","Guinea","Men","1975-1979","High","DHS",60,8,2,13.3,25
"1214","Guinea","Men","1980-1984","Low","DHS",921,41,3,4.5,7.3
"1215","Guinea","Men","1980-1984","Medium","DHS",79,5,2,6.3,40
"1216","Guinea","Men","1980-1984","High","DHS",80,8,4,10,50
"1217","Guinea","Women","1955-1959","Low","DHS",28,NA,NA,NA,NA
"1218","Guinea","Women","1955-1959","Medium","DHS",1,NA,NA,NA,NA
"1219","Guinea","Women","1955-1959","High","DHS",10,NA,NA,NA,NA
"1220","Guinea","Women","1960-1964","Low","DHS",219,7,4,3.2,57.1
"1221","Guinea","Women","1960-1964","Medium","DHS",19,NA,NA,NA,NA
"1222","Guinea","Women","1960-1964","High","DHS",47,1,NA,2.1,NA
"1223","Guinea","Women","1965-1969","Low","DHS",191,2,NA,1,NA
"1224","Guinea","Women","1965-1969","Medium","DHS",27,NA,NA,NA,NA
"1225","Guinea","Women","1965-1969","High","DHS",50,1,1,2,100
"1226","Guinea","Women","1970-1974","Low","DHS",262,6,1,2.3,16.7
"1227","Guinea","Women","1970-1974","Medium","DHS",49,2,1,4.1,50
"1228","Guinea","Women","1970-1974","High","DHS",73,5,2,6.8,40
"1229","Guinea","Women","1975-1979","Low","DHS",257,10,5,3.9,50
"1230","Guinea","Women","1975-1979","Medium","DHS",37,3,2,8.1,66.7
"1231","Guinea","Women","1975-1979","High","DHS",104,6,3,5.8,50
"1232","Guinea","Women","1980-1984","Low","DHS",213,20,10,9.4,50
"1233","Guinea","Women","1980-1984","Medium","DHS",39,2,2,5.1,100
"1234","Guinea","Women","1980-1984","High","DHS",113,23,12,20.4,52.2
"1235","Guyana","Men","1955-1959","Medium","DHS",16,NA,NA,NA,NA
"1236","Guyana","Men","1955-1959","High","DHS",37,3,3,8.1,100
"1237","Guyana","Men","1960-1964","Low","DHS",15,NA,NA,NA,NA
"1238","Guyana","Men","1960-1964","Medium","DHS",218,13,5,6,38.5
"1239","Guyana","Men","1960-1964","High","DHS",363,16,11,4.4,68.8
"1240","Guyana","Men","1965-1969","Low","DHS",8,NA,NA,NA,NA
"1241","Guyana","Men","1965-1969","Medium","DHS",187,11,4,5.9,36.4
"1242","Guyana","Men","1965-1969","High","DHS",422,41,19,9.7,46.3
"1243","Guyana","Men","1970-1974","Low","DHS",16,NA,NA,NA,NA
"1244","Guyana","Men","1970-1974","Medium","DHS",155,8,5,5.2,62.5
"1245","Guyana","Men","1970-1974","High","DHS",449,35,19,7.8,54.3
"1246","Guyana","Women","1955-1959","Low","DHS",1,NA,NA,NA,NA
"1247","Guyana","Women","1955-1959","Medium","DHS",23,1,NA,4.3,NA
"1248","Guyana","Women","1955-1959","High","DHS",24,2,1,8.3,50
"1249","Guyana","Women","1960-1964","Low","DHS",12,3,3,25,100
"1250","Guyana","Women","1960-1964","Medium","DHS",148,17,8,11.5,47.1
"1251","Guyana","Women","1960-1964","High","DHS",266,28,12,10.5,42.9
"1252","Guyana","Women","1965-1969","Low","DHS",9,NA,NA,NA,NA
"1253","Guyana","Women","1965-1969","Medium","DHS",150,16,8,10.7,50
"1254","Guyana","Women","1965-1969","High","DHS",302,39,18,12.9,46.2
"1255","Guyana","Women","1970-1974","Low","DHS",8,1,NA,12.5,NA
"1256","Guyana","Women","1970-1974","Medium","DHS",117,17,10,14.5,58.8
"1257","Guyana","Women","1970-1974","High","DHS",298,44,23,14.8,52.3
"1258","Haiti","Men","1950-1954","Low","DHS",155,NA,NA,NA,NA
"1259","Haiti","Men","1950-1954","Medium","DHS",28,NA,NA,NA,NA
"1260","Haiti","Men","1950-1954","High","DHS",6,NA,NA,NA,NA
"1261","Haiti","Men","1955-1959","Low","DHS",225,NA,NA,NA,NA
"1262","Haiti","Men","1955-1959","Medium","DHS",82,NA,NA,NA,NA
"1263","Haiti","Men","1955-1959","High","DHS",20,NA,NA,NA,NA
"1264","Haiti","Men","1960-1964","Low","DHS",278,NA,NA,NA,NA
"1265","Haiti","Men","1960-1964","Medium","DHS",116,NA,NA,NA,NA
"1266","Haiti","Men","1960-1964","High","DHS",42,NA,NA,NA,NA
"1267","Haiti","Men","1965-1969","Low","DHS",418,6,1,1.4,16.7
"1268","Haiti","Men","1965-1969","Medium","DHS",302,10,1,3.3,10
"1269","Haiti","Men","1965-1969","High","DHS",132,10,5,7.6,50
"1270","Haiti","Men","1970-1974","Low","DHS",492,11,3,2.2,27.3
"1271","Haiti","Men","1970-1974","Medium","DHS",449,17,6,3.8,35.3
"1272","Haiti","Men","1970-1974","High","DHS",310,33,14,10.6,42.4
"1273","Haiti","Men","1975-1979","Low","DHS",405,5,3,1.2,60
"1274","Haiti","Men","1975-1979","Medium","DHS",536,17,9,3.2,52.9
"1275","Haiti","Men","1975-1979","High","DHS",558,74,35,13.3,47.3
"1276","Haiti","Men","1980-1984","Low","DHS",165,1,1,0.6,100
"1277","Haiti","Men","1980-1984","Medium","DHS",301,14,9,4.7,64.3
"1278","Haiti","Men","1980-1984","High","DHS",292,46,24,15.8,52.2
"1279","Haiti","Women","1950-1954","Low","DHS",270,7,5,2.6,71.4
"1280","Haiti","Women","1950-1954","Medium","DHS",136,2,1,1.5,50
"1281","Haiti","Women","1950-1954","High","DHS",31,NA,NA,NA,NA
"1282","Haiti","Women","1955-1959","Low","DHS",419,11,5,2.6,45.5
"1283","Haiti","Women","1955-1959","Medium","DHS",255,7,2,2.7,28.6
"1284","Haiti","Women","1955-1959","High","DHS",119,1,1,0.8,100
"1285","Haiti","Women","1960-1964","Low","DHS",452,14,8,3.1,57.1
"1286","Haiti","Women","1960-1964","Medium","DHS",352,9,2,2.6,22.2
"1287","Haiti","Women","1960-1964","High","DHS",191,7,4,3.7,57.1
"1288","Haiti","Women","1965-1969","Low","DHS",313,12,9,3.8,75
"1289","Haiti","Women","1965-1969","Medium","DHS",364,8,5,2.2,62.5
"1290","Haiti","Women","1965-1969","High","DHS",278,14,6,5,42.9
"1291","Haiti","Women","1970-1974","Low","DHS",298,20,14,6.7,70
"1292","Haiti","Women","1970-1974","Medium","DHS",418,15,13,3.6,86.7
"1293","Haiti","Women","1970-1974","High","DHS",380,22,14,5.8,63.6
"1294","Haiti","Women","1975-1979","Low","DHS",219,18,15,8.2,83.3
"1295","Haiti","Women","1975-1979","Medium","DHS",424,24,17,5.7,70.8
"1296","Haiti","Women","1975-1979","High","DHS",548,49,23,8.9,46.9
"1297","Haiti","Women","1980-1984","Low","DHS",91,14,9,15.4,64.3
"1298","Haiti","Women","1980-1984","Medium","DHS",188,17,12,9,70.6
"1299","Haiti","Women","1980-1984","High","DHS",293,42,26,14.3,61.9
"1300","Honduras","Men","1960-1964","Low","DHS",149,5,3,3.4,60
"1301","Honduras","Men","1960-1964","Medium","DHS",642,23,14,3.6,60.9
"1302","Honduras","Men","1960-1964","High","DHS",221,14,9,6.3,64.3
"1303","Honduras","Men","1965-1969","Low","DHS",204,2,2,1,100
"1304","Honduras","Men","1965-1969","Medium","DHS",1306,50,30,3.8,60
"1305","Honduras","Men","1965-1969","High","DHS",508,34,20,6.7,58.8
"1306","Honduras","Men","1970-1974","Low","DHS",208,7,3,3.4,42.9
"1307","Honduras","Men","1970-1974","Medium","DHS",1631,65,38,4,58.5
"1308","Honduras","Men","1970-1974","High","DHS",627,43,26,6.9,60.5
"1309","Honduras","Men","1975-1979","Low","DHS",75,6,6,8,100
"1310","Honduras","Men","1975-1979","Medium","DHS",796,22,14,2.8,63.6
"1311","Honduras","Men","1975-1979","High","DHS",307,21,15,6.8,71.4
"1312","Honduras","Women","1950-1954","Low","DHS",40,7,3,17.5,42.9
"1313","Honduras","Women","1950-1954","Medium","DHS",147,8,1,5.4,12.5
"1314","Honduras","Women","1950-1954","High","DHS",33,1,NA,3,NA
"1315","Honduras","Women","1955-1959","Low","DHS",71,3,2,4.2,66.7
"1316","Honduras","Women","1955-1959","Medium","DHS",351,13,7,3.7,53.8
"1317","Honduras","Women","1955-1959","High","DHS",71,3,3,4.2,100
"1318","Honduras","Women","1960-1964","Low","DHS",64,5,2,7.8,40
"1319","Honduras","Women","1960-1964","Medium","DHS",354,23,11,6.5,47.8
"1320","Honduras","Women","1960-1964","High","DHS",132,6,2,4.5,33.3
"1321","Honduras","Women","1965-1969","Low","DHS",65,5,3,7.7,60
"1322","Honduras","Women","1965-1969","Medium","DHS",416,27,14,6.5,51.9
"1323","Honduras","Women","1965-1969","High","DHS",144,11,8,7.6,72.7
"1324","Honduras","Women","1970-1974","Low","DHS",57,5,3,8.8,60
"1325","Honduras","Women","1970-1974","Medium","DHS",556,57,27,10.3,47.4
"1326","Honduras","Women","1970-1974","High","DHS",168,19,10,11.3,52.6
"1327","Honduras","Women","1975-1979","Low","DHS",29,4,2,13.8,50
"1328","Honduras","Women","1975-1979","Medium","DHS",293,25,15,8.5,60
"1329","Honduras","Women","1975-1979","High","DHS",79,9,5,11.4,55.6
"1330","Hungary","Men","1925-1929","Low","GGS",81,5,2,6.2,40
"1331","Hungary","Men","1925-1929","Medium","GGS",74,14,7,18.9,50
"1332","Hungary","Men","1925-1929","High","GGS",36,2,1,5.6,50
"1333","Hungary","Men","1930-1934","Low","GGS",140,12,8,8.6,66.7
"1334","Hungary","Men","1930-1934","Medium","GGS",135,22,17,16.3,77.3
"1335","Hungary","Men","1930-1934","High","GGS",53,5,5,9.4,100
"1336","Hungary","Men","1935-1939","Low","GGS",131,15,8,11.5,53.3
"1337","Hungary","Men","1935-1939","Medium","GGS",187,11,7,5.9,63.6
"1338","Hungary","Men","1935-1939","High","GGS",56,7,1,12.5,14.3
"1339","Hungary","Men","1940-1944","Low","GGS",114,12,8,10.5,66.7
"1340","Hungary","Men","1940-1944","Medium","GGS",269,29,19,10.8,65.5
"1341","Hungary","Men","1940-1944","High","GGS",100,11,8,11,72.7
"1342","Hungary","Men","1945-1949","Low","GGS",90,13,9,14.4,69.2
"1343","Hungary","Men","1945-1949","Medium","GGS",348,31,19,8.9,61.3
"1344","Hungary","Men","1945-1949","High","GGS",92,10,8,10.9,80
"1345","Hungary","Men","1950-1954","Low","GGS",101,14,12,13.9,85.7
"1346","Hungary","Men","1950-1954","Medium","GGS",425,42,28,9.9,66.7
"1347","Hungary","Men","1950-1954","High","GGS",92,3,2,3.3,66.7
"1348","Hungary","Men","1955-1959","Low","GGS",98,27,24,27.6,88.9
"1349","Hungary","Men","1955-1959","Medium","GGS",411,54,36,13.1,66.7
"1350","Hungary","Men","1955-1959","High","GGS",83,7,6,8.4,85.7
"1351","Hungary","Men","1960-1964","Low","GGS",58,11,9,19,81.8
"1352","Hungary","Men","1960-1964","Medium","GGS",338,63,42,18.6,66.7
"1353","Hungary","Men","1960-1964","High","GGS",67,11,5,16.4,45.5
"1354","Hungary","Men","1965-1969","Low","GGS",67,19,17,28.4,89.5
"1355","Hungary","Men","1965-1969","Medium","GGS",358,72,54,20.1,75
"1356","Hungary","Men","1965-1969","High","GGS",88,24,18,27.3,75
"1357","Hungary","Men","1970-1974","Low","GGS",1,NA,NA,NA,NA
"1358","Hungary","Men","1970-1974","Medium","GGS",3,NA,NA,NA,NA
"1359","Hungary","Women","1925-1929","Low","GGS",254,38,11,15,28.9
"1360","Hungary","Women","1925-1929","Medium","GGS",91,20,9,22,45
"1361","Hungary","Women","1925-1929","High","GGS",15,3,NA,20,NA
"1362","Hungary","Women","1930-1934","Low","GGS",353,31,15,8.8,48.4
"1363","Hungary","Women","1930-1934","Medium","GGS",126,19,7,15.1,36.8
"1364","Hungary","Women","1930-1934","High","GGS",36,5,4,13.9,80
"1365","Hungary","Women","1935-1939","Low","GGS",333,27,9,8.1,33.3
"1366","Hungary","Women","1935-1939","Medium","GGS",225,27,12,12,44.4
"1367","Hungary","Women","1935-1939","High","GGS",50,10,5,20,50
"1368","Hungary","Women","1940-1944","Low","GGS",277,22,9,7.9,40.9
"1369","Hungary","Women","1940-1944","Medium","GGS",288,28,10,9.7,35.7
"1370","Hungary","Women","1940-1944","High","GGS",80,11,6,13.8,54.5
"1371","Hungary","Women","1945-1949","Low","GGS",235,16,8,6.8,50
"1372","Hungary","Women","1945-1949","Medium","GGS",361,35,21,9.7,60
"1373","Hungary","Women","1945-1949","High","GGS",99,12,7,12.1,58.3
"1374","Hungary","Women","1950-1954","Low","GGS",224,12,9,5.4,75
"1375","Hungary","Women","1950-1954","Medium","GGS",419,39,23,9.3,59
"1376","Hungary","Women","1950-1954","High","GGS",126,13,6,10.3,46.2
"1377","Hungary","Women","1955-1959","Low","GGS",174,11,6,6.3,54.5
"1378","Hungary","Women","1955-1959","Medium","GGS",405,30,21,7.4,70
"1379","Hungary","Women","1955-1959","High","GGS",130,15,10,11.5,66.7
"1380","Hungary","Women","1960-1964","Low","GGS",114,6,4,5.3,66.7
"1381","Hungary","Women","1960-1964","Medium","GGS",347,18,10,5.2,55.6
"1382","Hungary","Women","1960-1964","High","GGS",123,10,6,8.1,60
"1383","Hungary","Women","1965-1969","Low","GGS",83,11,8,13.3,72.7
"1384","Hungary","Women","1965-1969","Medium","GGS",373,34,21,9.1,61.8
"1385","Hungary","Women","1965-1969","High","GGS",132,18,11,13.6,61.1
"1386","Hungary","Women","1970-1974","Medium","GGS",1,NA,NA,NA,NA
"1387","Hungary","Women","1970-1974","High","GGS",1,NA,NA,NA,NA
"1388","India","Men","1965-1969","Low","DHS",28041,862,167,3.1,19.4
"1389","India","Men","1965-1969","Medium","DHS",7882,267,63,3.4,23.6
"1390","India","Men","1965-1969","High","DHS",15573,739,310,4.7,41.9
"1391","India","Men","1970-1974","Low","DHS",37142,1192,283,3.2,23.7
"1392","India","Men","1970-1974","Medium","DHS",11535,414,112,3.6,27.1
"1393","India","Men","1970-1974","High","DHS",26688,1239,531,4.6,42.9
"1394","India","Men","1975-1979","Low","DHS",36420,1285,337,3.5,26.2
"1395","India","Men","1975-1979","Medium","DHS",13271,490,146,3.7,29.8
"1396","India","Men","1975-1979","High","DHS",37938,2170,961,5.7,44.3
"1397","India","Men","1980-1984","Low","DHS",10485,540,158,5.2,29.3
"1398","India","Men","1980-1984","Medium","DHS",3765,176,53,4.7,30.1
"1399","India","Men","1980-1984","High","DHS",10989,821,397,7.5,48.4
"1400","India","Women","1960-1964","Low","DHS",1624,114,27,7,23.7
"1401","India","Women","1960-1964","Medium","DHS",1180,70,7,5.9,10
"1402","India","Women","1960-1964","High","DHS",3230,197,42,6.1,21.3
"1403","India","Women","1965-1969","Low","DHS",2526,174,51,6.9,29.3
"1404","India","Women","1965-1969","Medium","DHS",1853,106,23,5.7,21.7
"1405","India","Women","1965-1969","High","DHS",5744,389,83,6.8,21.3
"1406","India","Women","1970-1974","Low","DHS",2420,202,71,8.3,35.1
"1407","India","Women","1970-1974","Medium","DHS",1919,129,41,6.7,31.8
"1408","India","Women","1970-1974","High","DHS",7480,550,171,7.4,31.1
"1409","India","Women","1975-1979","Low","DHS",2284,227,85,9.9,37.4
"1410","India","Women","1975-1979","Medium","DHS",2046,176,57,8.6,32.4
"1411","India","Women","1975-1979","High","DHS",9000,981,391,10.9,39.9
"1412","India","Women","1980-1984","Low","DHS",909,92,38,10.1,41.3
"1413","India","Women","1980-1984","Medium","DHS",699,67,29,9.6,43.3
"1414","India","Women","1980-1984","High","DHS",2705,356,148,13.2,41.6
"1415","Indonesia","Men","1965-1969","Low","DHS",175,25,8,14.3,32
"1416","Indonesia","Men","1965-1969","Medium","DHS",1215,49,18,4,36.7
"1417","Indonesia","Men","1965-1969","High","DHS",1383,95,40,6.9,42.1
"1418","Indonesia","Men","1970-1974","Low","DHS",264,24,10,9.1,41.7
"1419","Indonesia","Men","1970-1974","Medium","DHS",2724,132,52,4.8,39.4
"1420","Indonesia","Men","1970-1974","High","DHS",3592,268,121,7.5,45.1
"1421","Indonesia","Men","1975-1979","Low","DHS",155,14,11,9,78.6
"1422","Indonesia","Men","1975-1979","Medium","DHS",2725,122,57,4.5,46.7
"1423","Indonesia","Men","1975-1979","High","DHS",4434,309,130,7,42.1
"1424","Indonesia","Men","1980-1984","Low","DHS",80,12,8,15,66.7
"1425","Indonesia","Men","1980-1984","Medium","DHS",1359,78,36,5.7,46.2
"1426","Indonesia","Men","1980-1984","High","DHS",2780,189,77,6.8,40.7
"1427","Indonesia","Women","1960-1964","Low","DHS",37,NA,NA,NA,NA
"1428","Indonesia","Women","1960-1964","Medium","DHS",326,11,NA,3.4,NA
"1429","Indonesia","Women","1960-1964","High","DHS",328,5,NA,1.5,NA
"1430","Indonesia","Women","1965-1969","Low","DHS",62,3,NA,4.8,NA
"1431","Indonesia","Women","1965-1969","Medium","DHS",580,12,NA,2.1,NA
"1432","Indonesia","Women","1965-1969","High","DHS",996,19,NA,1.9,NA
"1433","Indonesia","Women","1970-1974","Low","DHS",43,NA,NA,NA,NA
"1434","Indonesia","Women","1970-1974","Medium","DHS",563,24,NA,4.3,NA
"1435","Indonesia","Women","1970-1974","High","DHS",1124,33,NA,2.9,NA
"1436","Indonesia","Women","1975-1979","Low","DHS",27,2,NA,7.4,NA
"1437","Indonesia","Women","1975-1979","Medium","DHS",598,22,NA,3.7,NA
"1438","Indonesia","Women","1975-1979","High","DHS",1227,56,NA,4.6,NA
"1439","Indonesia","Women","1980-1984","Low","DHS",6,NA,NA,NA,NA
"1440","Indonesia","Women","1980-1984","Medium","DHS",316,15,NA,4.7,NA
"1441","Indonesia","Women","1980-1984","High","DHS",722,41,NA,5.7,NA
"1442","Italy","Men","1935-1939","Low","GGS",89,11,10,12.4,90.9
"1443","Italy","Men","1935-1939","Medium","GGS",23,2,1,8.7,50
"1444","Italy","Men","1935-1939","High","GGS",6,1,1,16.7,100
"1445","Italy","Men","1940-1944","Low","GGS",329,55,50,16.7,90.9
"1446","Italy","Men","1940-1944","Medium","GGS",103,15,12,14.6,80
"1447","Italy","Men","1940-1944","High","GGS",22,4,4,18.2,100
"1448","Italy","Men","1945-1949","Low","GGS",323,59,50,18.3,84.7
"1449","Italy","Men","1945-1949","Medium","GGS",140,28,23,20,82.1
"1450","Italy","Men","1945-1949","High","GGS",59,11,9,18.6,81.8
"1451","Italy","Men","1950-1954","Low","GGS",243,61,54,25.1,88.5
"1452","Italy","Men","1950-1954","Medium","GGS",167,45,37,26.9,82.2
"1453","Italy","Men","1950-1954","High","GGS",61,14,11,23,78.6
"1454","Italy","Men","1955-1959","Low","GGS",273,56,52,20.5,92.9
"1455","Italy","Men","1955-1959","Medium","GGS",219,45,34,20.5,75.6
"1456","Italy","Men","1955-1959","High","GGS",83,23,16,27.7,69.6
"1457","Italy","Men","1960-1964","Low","GGS",279,93,85,33.3,91.4
"1458","Italy","Men","1960-1964","Medium","GGS",270,70,59,25.9,84.3
"1459","Italy","Men","1960-1964","High","GGS",72,28,17,38.9,60.7
"1460","Italy","Men","1965-1969","Low","GGS",202,75,68,37.1,90.7
"1461","Italy","Men","1965-1969","Medium","GGS",179,72,62,40.2,86.1
"1462","Italy","Men","1965-1969","High","GGS",62,30,30,48.4,100
"1463","Italy","Women","1935-1939","Low","GGS",157,23,10,14.6,43.5
"1464","Italy","Women","1935-1939","Medium","GGS",18,4,1,22.2,25
"1465","Italy","Women","1935-1939","High","GGS",12,1,NA,8.3,NA
"1466","Italy","Women","1940-1944","Low","GGS",576,45,20,7.8,44.4
"1467","Italy","Women","1940-1944","Medium","GGS",107,22,14,20.6,63.6
"1468","Italy","Women","1940-1944","High","GGS",34,11,6,32.4,54.5
"1469","Italy","Women","1945-1949","Low","GGS",436,59,34,13.5,57.6
"1470","Italy","Women","1945-1949","Medium","GGS",139,26,17,18.7,65.4
"1471","Italy","Women","1945-1949","High","GGS",50,18,7,36,38.9
"1472","Italy","Women","1950-1954","Low","GGS",309,38,19,12.3,50
"1473","Italy","Women","1950-1954","Medium","GGS",156,41,22,26.3,53.7
"1474","Italy","Women","1950-1954","High","GGS",58,11,8,19,72.7
"1475","Italy","Women","1955-1959","Low","GGS",237,32,14,13.5,43.8
"1476","Italy","Women","1955-1959","Medium","GGS",238,41,16,17.2,39
"1477","Italy","Women","1955-1959","High","GGS",84,31,15,36.9,48.4
"1478","Italy","Women","1960-1964","Low","GGS",274,42,25,15.3,59.5
"1479","Italy","Women","1960-1964","Medium","GGS",305,70,34,23,48.6
"1480","Italy","Women","1960-1964","High","GGS",75,27,17,36,63
"1481","Italy","Women","1965-1969","Low","GGS",195,39,27,20,69.2
"1482","Italy","Women","1965-1969","Medium","GGS",273,78,42,28.6,53.8
"1483","Italy","Women","1965-1969","High","GGS",87,40,19,46,47.5
"1484","Ivory Coast","Men","1960-1964","Low","DHS",253,5,NA,2,NA
"1485","Ivory Coast","Men","1960-1964","Medium","DHS",54,NA,NA,NA,NA
"1486","Ivory Coast","Men","1960-1964","High","DHS",36,3,2,8.3,66.7
"1487","Ivory Coast","Men","1965-1969","Low","DHS",522,13,3,2.5,23.1
"1488","Ivory Coast","Men","1965-1969","Medium","DHS",148,5,2,3.4,40
"1489","Ivory Coast","Men","1965-1969","High","DHS",95,6,2,6.3,33.3
"1490","Ivory Coast","Men","1970-1974","Low","DHS",636,17,3,2.7,17.6
"1491","Ivory Coast","Men","1970-1974","Medium","DHS",243,7,NA,2.9,NA
"1492","Ivory Coast","Men","1970-1974","High","DHS",127,13,9,10.2,69.2
"1493","Ivory Coast","Men","1975-1979","Low","DHS",432,7,2,1.6,28.6
"1494","Ivory Coast","Men","1975-1979","Medium","DHS",130,7,3,5.4,42.9
"1495","Ivory Coast","Men","1975-1979","High","DHS",60,9,6,15,66.7
"1496","Ivory Coast","Women","1950-1954","Low","DHS",39,NA,NA,NA,NA
"1497","Ivory Coast","Women","1950-1954","Medium","DHS",23,NA,NA,NA,NA
"1498","Ivory Coast","Women","1950-1954","High","DHS",24,NA,NA,NA,NA
"1499","Ivory Coast","Women","1955-1959","Low","DHS",134,2,NA,1.5,NA
"1500","Ivory Coast","Women","1955-1959","Medium","DHS",50,1,1,2,100
"1501","Ivory Coast","Women","1955-1959","High","DHS",64,NA,NA,NA,NA
"1502","Ivory Coast","Women","1960-1964","Low","DHS",221,4,1,1.8,25
"1503","Ivory Coast","Women","1960-1964","Medium","DHS",70,5,2,7.1,40
"1504","Ivory Coast","Women","1960-1964","High","DHS",95,1,1,1.1,100
"1505","Ivory Coast","Women","1965-1969","Low","DHS",182,6,4,3.3,66.7
"1506","Ivory Coast","Women","1965-1969","Medium","DHS",76,3,NA,3.9,NA
"1507","Ivory Coast","Women","1965-1969","High","DHS",109,3,1,2.8,33.3
"1508","Ivory Coast","Women","1970-1974","Low","DHS",228,10,6,4.4,60
"1509","Ivory Coast","Women","1970-1974","Medium","DHS",146,7,3,4.8,42.9
"1510","Ivory Coast","Women","1970-1974","High","DHS",136,9,5,6.6,55.6
"1511","Ivory Coast","Women","1975-1979","Low","DHS",120,6,4,5,66.7
"1512","Ivory Coast","Women","1975-1979","Medium","DHS",63,6,5,9.5,83.3
"1513","Ivory Coast","Women","1975-1979","High","DHS",99,13,9,13.1,69.2
"1514","Kazakhstan","Men","1945-1949","High","DHS",17,NA,NA,NA,NA
"1515","Kazakhstan","Men","1950-1954","Low","DHS",1,NA,NA,NA,NA
"1516","Kazakhstan","Men","1950-1954","Medium","DHS",3,NA,NA,NA,NA
"1517","Kazakhstan","Men","1950-1954","High","DHS",548,31,21,5.7,67.7
"1518","Kazakhstan","Men","1955-1959","Low","DHS",5,NA,NA,NA,NA
"1519","Kazakhstan","Men","1955-1959","Medium","DHS",1,NA,NA,NA,NA
"1520","Kazakhstan","Men","1955-1959","High","DHS",694,44,29,6.3,65.9
"1521","Kazakhstan","Men","1960-1964","Low","DHS",2,1,NA,50,NA
"1522","Kazakhstan","Men","1960-1964","Medium","DHS",3,NA,NA,NA,NA
"1523","Kazakhstan","Men","1960-1964","High","DHS",705,38,24,5.4,63.2
"1524","Kazakhstan","Women","1935-1939","Medium","DHS",3,NA,NA,NA,NA
"1525","Kazakhstan","Women","1935-1939","High","DHS",2,NA,NA,NA,NA
"1526","Kazakhstan","Women","1940-1944","Medium","DHS",35,1,NA,2.9,NA
"1527","Kazakhstan","Women","1940-1944","High","DHS",26,NA,NA,NA,NA
"1528","Kazakhstan","Women","1945-1949","Medium","DHS",47,1,1,2.1,100
"1529","Kazakhstan","Women","1945-1949","High","DHS",62,3,NA,4.8,NA
"1530","Kazakhstan","Women","1950-1954","Medium","DHS",57,4,4,7,100
"1531","Kazakhstan","Women","1950-1954","High","DHS",72,2,1,2.8,50
"1532","Kazakhstan","Women","1955-1959","Medium","DHS",70,8,3,11.4,37.5
"1533","Kazakhstan","Women","1955-1959","High","DHS",110,2,2,1.8,100
"1534","Kazakhstan","Women","1960-1964","Medium","DHS",57,9,6,15.8,66.7
"1535","Kazakhstan","Women","1960-1964","High","DHS",142,6,3,4.2,50
"1536","Kenya","Men","1960-1964","Low","DHS",18,1,NA,5.6,NA
"1537","Kenya","Men","1960-1964","Medium","DHS",59,NA,NA,NA,NA
"1538","Kenya","Men","1960-1964","High","DHS",36,NA,NA,NA,NA
"1539","Kenya","Men","1965-1969","Low","DHS",438,11,2,2.5,18.2
"1540","Kenya","Men","1965-1969","Medium","DHS",1241,21,5,1.7,23.8
"1541","Kenya","Men","1965-1969","High","DHS",728,12,6,1.6,50
"1542","Kenya","Men","1970-1974","Low","DHS",534,11,1,2.1,9.1
"1543","Kenya","Men","1970-1974","Medium","DHS",1635,19,8,1.2,42.1
"1544","Kenya","Men","1970-1974","High","DHS",872,32,17,3.7,53.1
"1545","Kenya","Men","1975-1979","Low","DHS",602,8,3,1.3,37.5
"1546","Kenya","Men","1975-1979","Medium","DHS",1978,34,13,1.7,38.2
"1547","Kenya","Men","1975-1979","High","DHS",1064,43,28,4,65.1
"1548","Kenya","Women","1955-1959","Medium","DHS",20,NA,NA,NA,NA
"1549","Kenya","Women","1955-1959","High","DHS",23,NA,NA,NA,NA
"1550","Kenya","Women","1960-1964","Low","DHS",104,5,2,4.8,40
"1551","Kenya","Women","1960-1964","Medium","DHS",362,13,6,3.6,46.2
"1552","Kenya","Women","1960-1964","High","DHS",337,8,7,2.4,87.5
"1553","Kenya","Women","1965-1969","Low","DHS",66,1,NA,1.5,NA
"1554","Kenya","Women","1965-1969","Medium","DHS",482,15,10,3.1,66.7
"1555","Kenya","Women","1965-1969","High","DHS",374,9,5,2.4,55.6
"1556","Kenya","Women","1970-1974","Low","DHS",95,5,3,5.3,60
"1557","Kenya","Women","1970-1974","Medium","DHS",602,29,20,4.8,69
"1558","Kenya","Women","1970-1974","High","DHS",523,12,10,2.3,83.3
"1559","Kenya","Women","1975-1979","Low","DHS",139,10,5,7.2,50
"1560","Kenya","Women","1975-1979","Medium","DHS",785,55,38,7,69.1
"1561","Kenya","Women","1975-1979","High","DHS",472,34,17,7.2,50
"1562","Kyrgyzstan","Men","1960-1964","Medium","DHS",2,NA,NA,NA,NA
"1563","Kyrgyzstan","Men","1960-1964","High","DHS",393,11,8,2.8,72.7
"1564","Kyrgyzstan","Men","1965-1969","Medium","DHS",2,NA,NA,NA,NA
"1565","Kyrgyzstan","Men","1965-1969","High","DHS",912,24,4,2.6,16.7
"1566","Kyrgyzstan","Men","1970-1974","Low","DHS",1,1,1,100,100
"1567","Kyrgyzstan","Men","1970-1974","Medium","DHS",2,NA,NA,NA,NA
"1568","Kyrgyzstan","Men","1970-1974","High","DHS",931,32,11,3.4,34.4
"1569","Kyrgyzstan","Men","1975-1979","Low","DHS",1,1,1,100,100
"1570","Kyrgyzstan","Men","1975-1979","High","DHS",531,14,3,2.6,21.4
"1571","Kyrgyzstan","Women","1960-1964","High","DHS",97,1,NA,1,NA
"1572","Kyrgyzstan","Women","1965-1969","High","DHS",290,8,4,2.8,50
"1573","Kyrgyzstan","Women","1970-1974","High","DHS",317,14,5,4.4,35.7
"1574","Kyrgyzstan","Women","1975-1979","Medium","DHS",1,NA,NA,NA,NA
"1575","Kyrgyzstan","Women","1975-1979","High","DHS",176,10,4,5.7,40
"1576","Lesotho","Men","1960-1964","Medium","DHS",7,NA,NA,NA,NA
"1577","Lesotho","Men","1960-1964","High","DHS",5,NA,NA,NA,NA
"1578","Lesotho","Men","1965-1969","Low","DHS",12,NA,NA,NA,NA
"1579","Lesotho","Men","1965-1969","Medium","DHS",283,13,1,4.6,7.7
"1580","Lesotho","Men","1965-1969","High","DHS",197,9,5,4.6,55.6
"1581","Lesotho","Men","1970-1974","Low","DHS",16,1,NA,6.2,NA
"1582","Lesotho","Men","1970-1974","Medium","DHS",307,5,1,1.6,20
"1583","Lesotho","Men","1970-1974","High","DHS",260,16,5,6.2,31.2
"1584","Lesotho","Men","1975-1979","Low","DHS",20,2,NA,10,NA
"1585","Lesotho","Men","1975-1979","Medium","DHS",368,15,7,4.1,46.7
"1586","Lesotho","Men","1975-1979","High","DHS",325,16,3,4.9,18.8
"1587","Lesotho","Women","1950-1954","Low","DHS",1,NA,NA,NA,NA
"1588","Lesotho","Women","1950-1954","Medium","DHS",1,NA,NA,NA,NA
"1589","Lesotho","Women","1955-1959","Low","DHS",37,5,3,13.5,60
"1590","Lesotho","Women","1955-1959","Medium","DHS",66,NA,NA,NA,NA
"1591","Lesotho","Women","1955-1959","High","DHS",36,4,1,11.1,25
"1592","Lesotho","Women","1960-1964","Low","DHS",54,5,3,9.3,60
"1593","Lesotho","Women","1960-1964","Medium","DHS",80,5,2,6.2,40
"1594","Lesotho","Women","1960-1964","High","DHS",32,NA,NA,NA,NA
"1595","Lesotho","Women","1965-1969","Low","DHS",28,3,1,10.7,33.3
"1596","Lesotho","Women","1965-1969","Medium","DHS",86,13,7,15.1,53.8
"1597","Lesotho","Women","1965-1969","High","DHS",54,6,5,11.1,83.3
"1598","Lesotho","Women","1970-1974","Low","DHS",49,5,4,10.2,80
"1599","Lesotho","Women","1970-1974","Medium","DHS",111,15,10,13.5,66.7
"1600","Lesotho","Women","1970-1974","High","DHS",64,5,3,7.8,60
"1601","Lesotho","Women","1975-1979","Low","DHS",48,15,13,31.2,86.7
"1602","Lesotho","Women","1975-1979","Medium","DHS",121,28,20,23.1,71.4
"1603","Lesotho","Women","1975-1979","High","DHS",100,18,14,18,77.8
"1604","Liberia","Men","1965-1969","Low","DHS",6,NA,NA,NA,NA
"1605","Liberia","Men","1965-1969","Medium","DHS",3,NA,NA,NA,NA
"1606","Liberia","Men","1965-1969","High","DHS",1,NA,NA,NA,NA
"1607","Liberia","Men","1970-1974","Low","DHS",494,7,1,1.4,14.3
"1608","Liberia","Men","1970-1974","Medium","DHS",138,1,1,0.7,100
"1609","Liberia","Men","1970-1974","High","DHS",82,NA,NA,NA,NA
"1610","Liberia","Men","1975-1979","Low","DHS",544,1,NA,0.2,NA
"1611","Liberia","Men","1975-1979","Medium","DHS",173,2,NA,1.2,NA
"1612","Liberia","Men","1975-1979","High","DHS",138,3,2,2.2,66.7
"1613","Liberia","Men","1980-1984","Low","DHS",661,8,2,1.2,25
"1614","Liberia","Men","1980-1984","Medium","DHS",246,1,NA,0.4,NA
"1615","Liberia","Men","1980-1984","High","DHS",193,5,2,2.6,40
"1616","Liberia","Men","1985-1989","Low","DHS",5,NA,NA,NA,NA
"1617","Liberia","Men","1985-1989","Medium","DHS",2,NA,NA,NA,NA
"1618","Liberia","Men","1985-1989","High","DHS",1,NA,NA,NA,NA
"1619","Liberia","Women","1955-1959","Low","DHS",3,NA,NA,NA,NA
"1620","Liberia","Women","1960-1964","Low","DHS",48,NA,NA,NA,NA
"1621","Liberia","Women","1960-1964","Medium","DHS",43,2,1,4.7,50
"1622","Liberia","Women","1960-1964","High","DHS",107,NA,NA,NA,NA
"1623","Liberia","Women","1965-1969","Low","DHS",74,3,2,4.1,66.7
"1624","Liberia","Women","1965-1969","Medium","DHS",63,NA,NA,NA,NA
"1625","Liberia","Women","1965-1969","High","DHS",152,NA,NA,NA,NA
"1626","Liberia","Women","1970-1974","Low","DHS",121,2,1,1.7,50
"1627","Liberia","Women","1970-1974","Medium","DHS",92,NA,NA,NA,NA
"1628","Liberia","Women","1970-1974","High","DHS",182,2,2,1.1,100
"1629","Liberia","Women","1975-1979","Low","DHS",111,2,1,1.8,50
"1630","Liberia","Women","1975-1979","Medium","DHS",108,2,1,1.9,50
"1631","Liberia","Women","1975-1979","High","DHS",227,3,1,1.3,33.3
"1632","Liberia","Women","1980-1984","Low","DHS",120,3,3,2.5,100
"1633","Liberia","Women","1980-1984","Medium","DHS",109,1,NA,0.9,NA
"1634","Liberia","Women","1980-1984","High","DHS",258,1,NA,0.4,NA
"1635","Liberia","Women","1985-1989","Low","DHS",3,NA,NA,NA,NA
"1636","Liberia","Women","1985-1989","Medium","DHS",1,NA,NA,NA,NA
"1637","Liberia","Women","1985-1989","High","DHS",5,NA,NA,NA,NA
"1638","Lithuania","Men","1925-1929","Low","GGS",114,30,20,26.3,66.7
"1639","Lithuania","Men","1925-1929","Medium","GGS",27,7,6,25.9,85.7
"1640","Lithuania","Men","1925-1929","High","GGS",18,NA,NA,NA,NA
"1641","Lithuania","Men","1930-1934","Low","GGS",204,38,27,18.6,71.1
"1642","Lithuania","Men","1930-1934","Medium","GGS",77,7,5,9.1,71.4
"1643","Lithuania","Men","1930-1934","High","GGS",38,6,3,15.8,50
"1644","Lithuania","Men","1935-1939","Low","GGS",223,60,45,26.9,75
"1645","Lithuania","Men","1935-1939","Medium","GGS",116,16,12,13.8,75
"1646","Lithuania","Men","1935-1939","High","GGS",72,8,5,11.1,62.5
"1647","Lithuania","Men","1940-1944","Low","GGS",140,28,17,20,60.7
"1648","Lithuania","Men","1940-1944","Medium","GGS",153,24,14,15.7,58.3
"1649","Lithuania","Men","1940-1944","High","GGS",53,4,4,7.5,100
"1650","Lithuania","Men","1945-1949","Low","GGS",101,22,17,21.8,77.3
"1651","Lithuania","Men","1945-1949","Medium","GGS",148,17,16,11.5,94.1
"1652","Lithuania","Men","1945-1949","High","GGS",48,4,2,8.3,50
"1653","Lithuania","Men","1950-1954","Low","GGS",68,25,20,36.8,80
"1654","Lithuania","Men","1950-1954","Medium","GGS",285,39,27,13.7,69.2
"1655","Lithuania","Men","1950-1954","High","GGS",74,8,6,10.8,75
"1656","Lithuania","Men","1955-1959","Low","GGS",63,17,14,27,82.4
"1657","Lithuania","Men","1955-1959","Medium","GGS",289,32,26,11.1,81.2
"1658","Lithuania","Men","1955-1959","High","GGS",100,8,8,8,100
"1659","Lithuania","Men","1960-1964","Low","GGS",43,11,7,25.6,63.6
"1660","Lithuania","Men","1960-1964","Medium","GGS",321,44,33,13.7,75
"1661","Lithuania","Men","1960-1964","High","GGS",93,6,4,6.5,66.7
"1662","Lithuania","Men","1965-1969","Low","GGS",38,14,10,36.8,71.4
"1663","Lithuania","Men","1965-1969","Medium","GGS",285,38,34,13.3,89.5
"1664","Lithuania","Men","1965-1969","High","GGS",82,9,7,11,77.8
"1665","Lithuania","Men","1970-1974","Low","GGS",20,6,5,30,83.3
"1666","Lithuania","Men","1970-1974","Medium","GGS",95,19,15,20,78.9
"1667","Lithuania","Men","1970-1974","High","GGS",20,6,4,30,66.7
"1668","Lithuania","Women","1925-1929","Low","GGS",112,32,20,28.6,62.5
"1669","Lithuania","Women","1925-1929","Medium","GGS",27,11,6,40.7,54.5
"1670","Lithuania","Women","1925-1929","High","GGS",13,3,2,23.1,66.7
"1671","Lithuania","Women","1930-1934","Low","GGS",231,58,38,25.1,65.5
"1672","Lithuania","Women","1930-1934","Medium","GGS",79,20,10,25.3,50
"1673","Lithuania","Women","1930-1934","High","GGS",26,5,3,19.2,60
"1674","Lithuania","Women","1935-1939","Low","GGS",250,47,33,18.8,70.2
"1675","Lithuania","Women","1935-1939","Medium","GGS",152,18,9,11.8,50
"1676","Lithuania","Women","1935-1939","High","GGS",60,13,7,21.7,53.8
"1677","Lithuania","Women","1940-1944","Low","GGS",133,28,21,21.1,75
"1678","Lithuania","Women","1940-1944","Medium","GGS",223,27,19,12.1,70.4
"1679","Lithuania","Women","1940-1944","High","GGS",65,9,8,13.8,88.9
"1680","Lithuania","Women","1945-1949","Low","GGS",63,6,3,9.5,50
"1681","Lithuania","Women","1945-1949","Medium","GGS",229,28,20,12.2,71.4
"1682","Lithuania","Women","1945-1949","High","GGS",67,14,12,20.9,85.7
"1683","Lithuania","Women","1950-1954","Low","GGS",26,5,4,19.2,80
"1684","Lithuania","Women","1950-1954","Medium","GGS",228,28,21,12.3,75
"1685","Lithuania","Women","1950-1954","High","GGS",102,24,18,23.5,75
"1686","Lithuania","Women","1955-1959","Low","GGS",20,5,5,25,100
"1687","Lithuania","Women","1955-1959","Medium","GGS",303,31,22,10.2,71
"1688","Lithuania","Women","1955-1959","High","GGS",131,20,15,15.3,75
"1689","Lithuania","Women","1960-1964","Low","GGS",13,3,3,23.1,100
"1690","Lithuania","Women","1960-1964","Medium","GGS",317,25,20,7.9,80
"1691","Lithuania","Women","1960-1964","High","GGS",135,15,11,11.1,73.3
"1692","Lithuania","Women","1965-1969","Low","GGS",20,1,1,5,100
"1693","Lithuania","Women","1965-1969","Medium","GGS",320,28,24,8.8,85.7
"1694","Lithuania","Women","1965-1969","High","GGS",132,20,15,15.2,75
"1695","Lithuania","Women","1970-1974","Low","GGS",7,2,2,28.6,100
"1696","Lithuania","Women","1970-1974","Medium","GGS",104,14,14,13.5,100
"1697","Lithuania","Women","1970-1974","High","GGS",31,6,5,19.4,83.3
"1698","Madagascar","Men","1955-1959","Low","DHS",39,3,NA,7.7,NA
"1699","Madagascar","Men","1955-1959","Medium","DHS",97,3,NA,3.1,NA
"1700","Madagascar","Men","1955-1959","High","DHS",50,4,1,8,25
"1701","Madagascar","Men","1960-1964","Low","DHS",353,24,1,6.8,4.2
"1702","Madagascar","Men","1960-1964","Medium","DHS",691,36,8,5.2,22.2
"1703","Madagascar","Men","1960-1964","High","DHS",458,29,8,6.3,27.6
"1704","Madagascar","Men","1965-1969","Low","DHS",401,17,1,4.2,5.9
"1705","Madagascar","Men","1965-1969","Medium","DHS",709,25,2,3.5,8
"1706","Madagascar","Men","1965-1969","High","DHS",676,37,13,5.5,35.1
"1707","Madagascar","Men","1970-1974","Low","DHS",329,16,3,4.9,18.8
"1708","Madagascar","Men","1970-1974","Medium","DHS",841,23,4,2.7,17.4
"1709","Madagascar","Men","1970-1974","High","DHS",577,30,11,5.2,36.7
"1710","Madagascar","Women","1945-1949","Low","DHS",5,NA,NA,NA,NA
"1711","Madagascar","Women","1945-1949","Medium","DHS",21,NA,NA,NA,NA
"1712","Madagascar","Women","1945-1949","High","DHS",16,1,NA,6.2,NA
"1713","Madagascar","Women","1950-1954","Low","DHS",97,5,NA,5.2,NA
"1714","Madagascar","Women","1950-1954","Medium","DHS",216,3,NA,1.4,NA
"1715","Madagascar","Women","1950-1954","High","DHS",130,3,2,2.3,66.7
"1716","Madagascar","Women","1955-1959","Low","DHS",114,6,NA,5.3,NA
"1717","Madagascar","Women","1955-1959","Medium","DHS",259,10,3,3.9,30
"1718","Madagascar","Women","1955-1959","High","DHS",162,5,3,3.1,60
"1719","Madagascar","Women","1960-1964","Low","DHS",144,6,1,4.2,16.7
"1720","Madagascar","Women","1960-1964","Medium","DHS",322,14,4,4.3,28.6
"1721","Madagascar","Women","1960-1964","High","DHS",238,8,2,3.4,25
"1722","Madagascar","Women","1965-1969","Low","DHS",105,7,2,6.7,28.6
"1723","Madagascar","Women","1965-1969","Medium","DHS",319,11,3,3.4,27.3
"1724","Madagascar","Women","1965-1969","High","DHS",341,19,7,5.6,36.8
"1725","Madagascar","Women","1970-1974","Low","DHS",136,10,3,7.4,30
"1726","Madagascar","Women","1970-1974","Medium","DHS",388,22,9,5.7,40.9
"1727","Madagascar","Women","1970-1974","High","DHS",263,23,10,8.7,43.5
"1728","Malawi","Men","1965-1969","Low","DHS",390,2,NA,0.5,NA
"1729","Malawi","Men","1965-1969","Medium","DHS",615,12,NA,2,NA
"1730","Malawi","Men","1965-1969","High","DHS",122,1,NA,0.8,NA
"1731","Malawi","Men","1970-1974","Low","DHS",561,7,1,1.2,14.3
"1732","Malawi","Men","1970-1974","Medium","DHS",1140,11,2,1,18.2
"1733","Malawi","Men","1970-1974","High","DHS",232,8,2,3.4,25
"1734","Malawi","Men","1975-1979","Low","DHS",585,14,2,2.4,14.3
"1735","Malawi","Men","1975-1979","Medium","DHS",1607,13,1,0.8,7.7
"1736","Malawi","Men","1975-1979","High","DHS",479,8,2,1.7,25
"1737","Malawi","Men","1980-1984","Low","DHS",134,5,1,3.7,20
"1738","Malawi","Men","1980-1984","Medium","DHS",524,5,1,1,20
"1739","Malawi","Men","1980-1984","High","DHS",182,6,5,3.3,83.3
"1740","Malawi","Women","1960-1964","Low","DHS",45,NA,NA,NA,NA
"1741","Malawi","Women","1960-1964","Medium","DHS",182,2,NA,1.1,NA
"1742","Malawi","Women","1960-1964","High","DHS",47,1,NA,2.1,NA
"1743","Malawi","Women","1965-1969","Low","DHS",50,2,2,4,100
"1744","Malawi","Women","1965-1969","Medium","DHS",258,5,3,1.9,60
"1745","Malawi","Women","1965-1969","High","DHS",94,2,1,2.1,50
"1746","Malawi","Women","1970-1974","Low","DHS",78,2,1,2.6,50
"1747","Malawi","Women","1970-1974","Medium","DHS",328,7,4,2.1,57.1
"1748","Malawi","Women","1970-1974","High","DHS",187,6,1,3.2,16.7
"1749","Malawi","Women","1975-1979","Low","DHS",59,2,2,3.4,100
"1750","Malawi","Women","1975-1979","Medium","DHS",409,10,5,2.4,50
"1751","Malawi","Women","1975-1979","High","DHS",305,9,6,3,66.7
"1752","Malawi","Women","1980-1984","Low","DHS",14,NA,NA,NA,NA
"1753","Malawi","Women","1980-1984","Medium","DHS",104,1,NA,1,NA
"1754","Malawi","Women","1980-1984","High","DHS",117,2,2,1.7,100
"1755","Maldives","Men","1965-1969","Low","DHS",110,3,1,2.7,33.3
"1756","Maldives","Men","1965-1969","Medium","DHS",202,9,2,4.5,22.2
"1757","Maldives","Men","1965-1969","High","DHS",49,4,NA,8.2,NA
"1758","Maldives","Men","1970-1974","Low","DHS",147,7,3,4.8,42.9
"1759","Maldives","Men","1970-1974","Medium","DHS",590,23,4,3.9,17.4
"1760","Maldives","Men","1970-1974","High","DHS",114,3,1,2.6,33.3
"1761","Maldives","Men","1975-1979","Low","DHS",61,6,4,9.8,66.7
"1762","Maldives","Men","1975-1979","Medium","DHS",565,25,7,4.4,28
"1763","Maldives","Men","1975-1979","High","DHS",289,13,2,4.5,15.4
"1764","Maldives","Men","1980-1984","Low","DHS",15,NA,NA,NA,NA
"1765","Maldives","Men","1980-1984","Medium","DHS",266,15,5,5.6,33.3
"1766","Maldives","Men","1980-1984","High","DHS",278,20,2,7.2,10
"1767","Maldives","Women","1965-1969","Low","DHS",51,4,2,7.8,50
"1768","Maldives","Women","1965-1969","Medium","DHS",119,7,1,5.9,14.3
"1769","Maldives","Women","1965-1969","High","DHS",34,4,2,11.8,50
"1770","Maldives","Women","1970-1974","Low","DHS",53,5,1,9.4,20
"1771","Maldives","Women","1970-1974","Medium","DHS",258,18,8,7,44.4
"1772","Maldives","Women","1970-1974","High","DHS",135,10,3,7.4,30
"1773","Maldives","Women","1975-1979","Low","DHS",22,3,2,13.6,66.7
"1774","Maldives","Women","1975-1979","Medium","DHS",216,26,7,12,26.9
"1775","Maldives","Women","1975-1979","High","DHS",235,27,12,11.5,44.4
"1776","Maldives","Women","1980-1984","Low","DHS",2,NA,NA,NA,NA
"1777","Maldives","Women","1980-1984","Medium","DHS",98,16,8,16.3,50
"1778","Maldives","Women","1980-1984","High","DHS",140,19,3,13.6,15.8
"1779","Mali","Men","1965-1969","Low","DHS",109,2,NA,1.8,NA
"1780","Mali","Men","1965-1969","Medium","DHS",9,NA,NA,NA,NA
"1781","Mali","Men","1965-1969","High","DHS",5,1,NA,20,NA
"1782","Mali","Men","1970-1974","Low","DHS",593,21,2,3.5,9.5
"1783","Mali","Men","1970-1974","Medium","DHS",74,1,NA,1.4,NA
"1784","Mali","Men","1970-1974","High","DHS",48,1,NA,2.1,NA
"1785","Mali","Men","1975-1979","Low","DHS",842,19,3,2.3,15.8
"1786","Mali","Men","1975-1979","Medium","DHS",97,1,NA,1,NA
"1787","Mali","Men","1975-1979","High","DHS",69,7,3,10.1,42.9
"1788","Mali","Men","1980-1984","Low","DHS",822,30,4,3.6,13.3
"1789","Mali","Men","1980-1984","Medium","DHS",90,4,NA,4.4,NA
"1790","Mali","Men","1980-1984","High","DHS",83,5,1,6,20
"1791","Mali","Women","1955-1959","Low","DHS",29,NA,NA,NA,NA
"1792","Mali","Women","1955-1959","Medium","DHS",4,NA,NA,NA,NA
"1793","Mali","Women","1955-1959","High","DHS",5,1,NA,20,NA
"1794","Mali","Women","1960-1964","Low","DHS",218,2,1,0.9,50
"1795","Mali","Women","1960-1964","Medium","DHS",29,NA,NA,NA,NA
"1796","Mali","Women","1960-1964","High","DHS",50,1,NA,2,NA
"1797","Mali","Women","1965-1969","Low","DHS",237,6,1,2.5,16.7
"1798","Mali","Women","1965-1969","Medium","DHS",50,NA,NA,NA,NA
"1799","Mali","Women","1965-1969","High","DHS",45,1,NA,2.2,NA
"1800","Mali","Women","1970-1974","Low","DHS",287,7,2,2.4,28.6
"1801","Mali","Women","1970-1974","Medium","DHS",48,NA,NA,NA,NA
"1802","Mali","Women","1970-1974","High","DHS",51,NA,NA,NA,NA
"1803","Mali","Women","1975-1979","Low","DHS",373,11,3,2.9,27.3
"1804","Mali","Women","1975-1979","Medium","DHS",66,2,1,3,50
"1805","Mali","Women","1975-1979","High","DHS",85,4,1,4.7,25
"1806","Mali","Women","1980-1984","Low","DHS",300,20,4,6.7,20
"1807","Mali","Women","1980-1984","Medium","DHS",37,3,NA,8.1,NA
"1808","Mali","Women","1980-1984","High","DHS",90,7,5,7.8,71.4
"1809","Mauritania","Men","1950-1954","Low","DHS",246,14,3,5.7,21.4
"1810","Mauritania","Men","1950-1954","Medium","DHS",21,3,1,14.3,33.3
"1811","Mauritania","Men","1950-1954","High","DHS",17,NA,NA,NA,NA
"1812","Mauritania","Men","1955-1959","Low","DHS",505,38,12,7.5,31.6
"1813","Mauritania","Men","1955-1959","Medium","DHS",52,3,1,5.8,33.3
"1814","Mauritania","Men","1955-1959","High","DHS",33,3,NA,9.1,NA
"1815","Mauritania","Men","1960-1964","Low","DHS",723,57,26,7.9,45.6
"1816","Mauritania","Men","1960-1964","Medium","DHS",103,9,4,8.7,44.4
"1817","Mauritania","Men","1960-1964","High","DHS",76,9,3,11.8,33.3
"1818","Mauritania","Men","1965-1969","Low","DHS",224,21,12,9.4,57.1
"1819","Mauritania","Men","1965-1969","Medium","DHS",35,1,1,2.9,100
"1820","Mauritania","Men","1965-1969","High","DHS",18,5,3,27.8,60
"1821","Mauritania","Women","1940-1944","Low","DHS",25,1,NA,4,NA
"1822","Mauritania","Women","1940-1944","Medium","DHS",10,NA,NA,NA,NA
"1823","Mauritania","Women","1940-1944","High","DHS",5,NA,NA,NA,NA
"1824","Mauritania","Women","1945-1949","Low","DHS",66,3,1,4.5,33.3
"1825","Mauritania","Women","1945-1949","Medium","DHS",27,NA,NA,NA,NA
"1826","Mauritania","Women","1945-1949","High","DHS",7,1,NA,14.3,NA
"1827","Mauritania","Women","1950-1954","Low","DHS",102,2,NA,2,NA
"1828","Mauritania","Women","1950-1954","Medium","DHS",28,NA,NA,NA,NA
"1829","Mauritania","Women","1950-1954","High","DHS",24,1,NA,4.2,NA
"1830","Mauritania","Women","1955-1959","Low","DHS",98,8,5,8.2,62.5
"1831","Mauritania","Women","1955-1959","Medium","DHS",42,3,1,7.1,33.3
"1832","Mauritania","Women","1955-1959","High","DHS",40,NA,NA,NA,NA
"1833","Mauritania","Women","1960-1964","Low","DHS",128,15,11,11.7,73.3
"1834","Mauritania","Women","1960-1964","Medium","DHS",64,12,10,18.8,83.3
"1835","Mauritania","Women","1960-1964","High","DHS",66,13,7,19.7,53.8
"1836","Mauritania","Women","1965-1969","Low","DHS",31,6,5,19.4,83.3
"1837","Mauritania","Women","1965-1969","Medium","DHS",20,4,2,20,50
"1838","Mauritania","Women","1965-1969","High","DHS",21,7,4,33.3,57.1
"1839","Mozambique","Men","1960-1964","Low","DHS",345,11,1,3.2,9.1
"1840","Mozambique","Men","1960-1964","Medium","DHS",323,13,1,4,7.7
"1841","Mozambique","Men","1960-1964","High","DHS",57,1,NA,1.8,NA
"1842","Mozambique","Men","1965-1969","Low","DHS",389,19,2,4.9,10.5
"1843","Mozambique","Men","1965-1969","Medium","DHS",526,24,4,4.6,16.7
"1844","Mozambique","Men","1965-1969","High","DHS",100,4,1,4,25
"1845","Mozambique","Men","1970-1974","Low","DHS",560,24,NA,4.3,NA
"1846","Mozambique","Men","1970-1974","Medium","DHS",726,25,2,3.4,8
"1847","Mozambique","Men","1970-1974","High","DHS",182,10,6,5.5,60
"1848","Mozambique","Men","1975-1979","Low","DHS",287,14,3,4.9,21.4
"1849","Mozambique","Men","1975-1979","Medium","DHS",316,11,2,3.5,18.2
"1850","Mozambique","Men","1975-1979","High","DHS",86,9,3,10.5,33.3
"1851","Mozambique","Women","1945-1949","Low","DHS",33,1,NA,3,NA
"1852","Mozambique","Women","1945-1949","Medium","DHS",44,NA,NA,NA,NA
"1853","Mozambique","Women","1945-1949","High","DHS",3,NA,NA,NA,NA
"1854","Mozambique","Women","1950-1954","Low","DHS",49,1,NA,2,NA
"1855","Mozambique","Women","1950-1954","Medium","DHS",88,3,NA,3.4,NA
"1856","Mozambique","Women","1950-1954","High","DHS",18,NA,NA,NA,NA
"1857","Mozambique","Women","1955-1959","Low","DHS",50,2,NA,4,NA
"1858","Mozambique","Women","1955-1959","Medium","DHS",126,2,NA,1.6,NA
"1859","Mozambique","Women","1955-1959","High","DHS",28,1,NA,3.6,NA
"1860","Mozambique","Women","1960-1964","Low","DHS",34,3,NA,8.8,NA
"1861","Mozambique","Women","1960-1964","Medium","DHS",153,3,2,2,66.7
"1862","Mozambique","Women","1960-1964","High","DHS",56,NA,NA,NA,NA
"1863","Mozambique","Women","1965-1969","Low","DHS",49,6,3,12.2,50
"1864","Mozambique","Women","1965-1969","Medium","DHS",130,4,NA,3.1,NA
"1865","Mozambique","Women","1965-1969","High","DHS",59,2,NA,3.4,NA
"1866","Mozambique","Women","1970-1974","Low","DHS",68,4,NA,5.9,NA
"1867","Mozambique","Women","1970-1974","Medium","DHS",231,9,6,3.9,66.7
"1868","Mozambique","Women","1970-1974","High","DHS",76,2,1,2.6,50
"1869","Mozambique","Women","1975-1979","Low","DHS",39,1,NA,2.6,NA
"1870","Mozambique","Women","1975-1979","Medium","DHS",116,3,1,2.6,33.3
"1871","Mozambique","Women","1975-1979","High","DHS",31,NA,NA,NA,NA
"1872","Myanmar","Men","1965-1969","Low","DHS",240,23,19,9.6,82.6
"1873","Myanmar","Men","1965-1969","Medium","DHS",605,83,66,13.7,79.5
"1874","Myanmar","Men","1965-1969","High","DHS",340,82,66,24.1,80.5
"1875","Myanmar","Men","1970-1974","Low","DHS",304,34,26,11.2,76.5
"1876","Myanmar","Men","1970-1974","Medium","DHS",852,126,95,14.8,75.4
"1877","Myanmar","Men","1970-1974","High","DHS",609,139,108,22.8,77.7
"1878","Myanmar","Men","1975-1979","Low","DHS",307,21,15,6.8,71.4
"1879","Myanmar","Men","1975-1979","Medium","DHS",925,142,118,15.4,83.1
"1880","Myanmar","Men","1975-1979","High","DHS",650,174,145,26.8,83.3
"1881","Myanmar","Men","1975-1979",NA,"DHS",1,NA,NA,NA,NA
"1882","Myanmar","Men","1980-1984","Low","DHS",74,14,10,18.9,71.4
"1883","Myanmar","Men","1980-1984","Medium","DHS",229,47,31,20.5,66
"1884","Myanmar","Men","1980-1984","High","DHS",170,52,39,30.6,75
"1885","Myanmar","Women","1965-1969","Low","DHS",78,6,2,7.7,33.3
"1886","Myanmar","Women","1965-1969","Medium","DHS",158,7,2,4.4,28.6
"1887","Myanmar","Women","1965-1969","High","DHS",183,18,11,9.8,61.1
"1888","Myanmar","Women","1970-1974","Low","DHS",108,10,4,9.3,40
"1889","Myanmar","Women","1970-1974","Medium","DHS",301,35,21,11.6,60
"1890","Myanmar","Women","1970-1974","High","DHS",269,36,23,13.4,63.9
"1891","Myanmar","Women","1975-1979","Low","DHS",99,13,7,13.1,53.8
"1892","Myanmar","Women","1975-1979","Medium","DHS",294,37,22,12.6,59.5
"1893","Myanmar","Women","1975-1979","High","DHS",253,53,30,20.9,56.6
"1894","Myanmar","Women","1980-1984","Low","DHS",22,5,2,22.7,40
"1895","Myanmar","Women","1980-1984","Medium","DHS",84,21,11,25,52.4
"1896","Myanmar","Women","1980-1984","High","DHS",69,18,11,26.1,61.1
"1897","Namibia","Men","1945-1949","Low","DHS",16,NA,NA,NA,NA
"1898","Namibia","Men","1945-1949","Medium","DHS",18,NA,NA,NA,NA
"1899","Namibia","Men","1945-1949","High","DHS",8,NA,NA,NA,NA
"1900","Namibia","Men","1950-1954","Low","DHS",66,NA,NA,NA,NA
"1901","Namibia","Men","1950-1954","Medium","DHS",100,NA,NA,NA,NA
"1902","Namibia","Men","1950-1954","High","DHS",71,NA,NA,NA,NA
"1903","Namibia","Men","1955-1959","Low","DHS",46,NA,NA,NA,NA
"1904","Namibia","Men","1955-1959","Medium","DHS",132,NA,NA,NA,NA
"1905","Namibia","Men","1955-1959","High","DHS",98,NA,NA,NA,NA
"1906","Namibia","Men","1960-1964","Low","DHS",72,NA,NA,NA,NA
"1907","Namibia","Men","1960-1964","Medium","DHS",212,2,2,0.9,100
"1908","Namibia","Men","1960-1964","High","DHS",198,11,4,5.6,36.4
"1909","Namibia","Men","1965-1969","Low","DHS",90,3,2,3.3,66.7
"1910","Namibia","Men","1965-1969","Medium","DHS",259,5,5,1.9,100
"1911","Namibia","Men","1965-1969","High","DHS",450,30,16,6.7,53.3
"1912","Namibia","Men","1970-1974","Low","DHS",88,3,1,3.4,33.3
"1913","Namibia","Men","1970-1974","Medium","DHS",246,3,2,1.2,66.7
"1914","Namibia","Men","1970-1974","High","DHS",679,53,30,7.8,56.6
"1915","Namibia","Men","1975-1979","Low","DHS",66,2,NA,3,NA
"1916","Namibia","Men","1975-1979","Medium","DHS",186,10,5,5.4,50
"1917","Namibia","Men","1975-1979","High","DHS",583,27,19,4.6,70.4
"1918","Namibia","Women","1945-1949","Low","DHS",9,NA,NA,NA,NA
"1919","Namibia","Women","1945-1949","Medium","DHS",12,NA,NA,NA,NA
"1920","Namibia","Women","1945-1949","High","DHS",8,NA,NA,NA,NA
"1921","Namibia","Women","1950-1954","Low","DHS",43,NA,NA,NA,NA
"1922","Namibia","Women","1950-1954","Medium","DHS",66,NA,NA,NA,NA
"1923","Namibia","Women","1950-1954","High","DHS",51,NA,NA,NA,NA
"1924","Namibia","Women","1955-1959","Low","DHS",37,NA,NA,NA,NA
"1925","Namibia","Women","1955-1959","Medium","DHS",57,NA,NA,NA,NA
"1926","Namibia","Women","1955-1959","High","DHS",80,NA,NA,NA,NA
"1927","Namibia","Women","1960-1964","Low","DHS",35,NA,NA,NA,NA
"1928","Namibia","Women","1960-1964","Medium","DHS",86,6,5,7,83.3
"1929","Namibia","Women","1960-1964","High","DHS",103,2,2,1.9,100
"1930","Namibia","Women","1965-1969","Low","DHS",48,2,1,4.2,50
"1931","Namibia","Women","1965-1969","Medium","DHS",113,14,10,12.4,71.4
"1932","Namibia","Women","1965-1969","High","DHS",196,19,10,9.7,52.6
"1933","Namibia","Women","1970-1974","Low","DHS",73,11,10,15.1,90.9
"1934","Namibia","Women","1970-1974","Medium","DHS",116,18,14,15.5,77.8
"1935","Namibia","Women","1970-1974","High","DHS",239,21,16,8.8,76.2
"1936","Namibia","Women","1975-1979","Low","DHS",37,3,3,8.1,100
"1937","Namibia","Women","1975-1979","Medium","DHS",79,15,14,19,93.3
"1938","Namibia","Women","1975-1979","High","DHS",210,30,22,14.3,73.3
"1939","Nepal","Men","1965-1969","Low","DHS",543,14,5,2.6,35.7
"1940","Nepal","Men","1965-1969","Medium","DHS",89,2,1,2.2,50
"1941","Nepal","Men","1965-1969","High","DHS",80,5,1,6.2,20
"1942","Nepal","Men","1970-1974","Low","DHS",903,14,7,1.6,50
"1943","Nepal","Men","1970-1974","Medium","DHS",167,5,3,3,60
"1944","Nepal","Men","1970-1974","High","DHS",215,11,8,5.1,72.7
"1945","Nepal","Men","1975-1979","Low","DHS",915,15,1,1.6,6.7
"1946","Nepal","Men","1975-1979","Medium","DHS",280,7,NA,2.5,NA
"1947","Nepal","Men","1975-1979","High","DHS",359,15,5,4.2,33.3
"1948","Nepal","Men","1980-1984","Low","DHS",269,8,1,3,12.5
"1949","Nepal","Men","1980-1984","Medium","DHS",99,NA,NA,NA,NA
"1950","Nepal","Men","1980-1984","High","DHS",132,7,4,5.3,57.1
"1951","Nepal","Women","1965-1969","Low","DHS",64,NA,NA,NA,NA
"1952","Nepal","Women","1965-1969","Medium","DHS",75,1,NA,1.3,NA
"1953","Nepal","Women","1965-1969","High","DHS",152,1,NA,0.7,NA
"1954","Nepal","Women","1970-1974","Low","DHS",93,1,NA,1.1,NA
"1955","Nepal","Women","1970-1974","Medium","DHS",123,1,NA,0.8,NA
"1956","Nepal","Women","1970-1974","High","DHS",220,1,NA,0.5,NA
"1957","Nepal","Women","1975-1979","Low","DHS",86,1,NA,1.2,NA
"1958","Nepal","Women","1975-1979","Medium","DHS",134,2,NA,1.5,NA
"1959","Nepal","Women","1975-1979","High","DHS",278,11,4,4,36.4
"1960","Nepal","Women","1980-1984","Low","DHS",28,3,2,10.7,66.7
"1961","Nepal","Women","1980-1984","Medium","DHS",51,2,1,3.9,50
"1962","Nepal","Women","1980-1984","High","DHS",108,7,4,6.5,57.1
"1963","Netherlands","Men","1920-1924","Low","GGS",20,2,1,10,50
"1964","Netherlands","Men","1920-1924","Medium","GGS",9,2,2,22.2,100
"1965","Netherlands","Men","1920-1924","High","GGS",7,NA,NA,NA,NA
"1966","Netherlands","Men","1925-1929","Low","GGS",64,6,5,9.4,83.3
"1967","Netherlands","Men","1925-1929","Medium","GGS",31,5,3,16.1,60
"1968","Netherlands","Men","1925-1929","High","GGS",39,3,1,7.7,33.3
"1969","Netherlands","Men","1930-1934","Low","GGS",78,9,8,11.5,88.9
"1970","Netherlands","Men","1930-1934","Medium","GGS",38,5,5,13.2,100
"1971","Netherlands","Men","1930-1934","High","GGS",50,5,2,10,40
"1972","Netherlands","Men","1935-1939","Low","GGS",109,16,10,14.7,62.5
"1973","Netherlands","Men","1935-1939","Medium","GGS",54,6,5,11.1,83.3
"1974","Netherlands","Men","1935-1939","High","GGS",80,6,4,7.5,66.7
"1975","Netherlands","Men","1940-1944","Low","GGS",99,14,13,14.1,92.9
"1976","Netherlands","Men","1940-1944","Medium","GGS",59,10,7,16.9,70
"1977","Netherlands","Men","1940-1944","High","GGS",112,19,6,17,31.6
"1978","Netherlands","Men","1945-1949","Low","GGS",121,16,11,13.2,68.8
"1979","Netherlands","Men","1945-1949","Medium","GGS",81,19,13,23.5,68.4
"1980","Netherlands","Men","1945-1949","High","GGS",153,34,24,22.2,70.6
"1981","Netherlands","Men","1945-1949",NA,"GGS",1,1,1,100,100
"1982","Netherlands","Men","1950-1954","Low","GGS",133,37,24,27.8,64.9
"1983","Netherlands","Men","1950-1954","Medium","GGS",93,20,9,21.5,45
"1984","Netherlands","Men","1950-1954","High","GGS",170,44,25,25.9,56.8
"1985","Netherlands","Men","1950-1954",NA,"GGS",1,NA,NA,NA,NA
"1986","Netherlands","Men","1955-1959","Low","GGS",100,26,17,26,65.4
"1987","Netherlands","Men","1955-1959","Medium","GGS",111,23,12,20.7,52.2
"1988","Netherlands","Men","1955-1959","High","GGS",151,35,20,23.2,57.1
"1989","Netherlands","Men","1955-1959",NA,"GGS",1,1,1,100,100
"1990","Netherlands","Men","1960-1964","Low","GGS",110,33,17,30,51.5
"1991","Netherlands","Men","1960-1964","Medium","GGS",143,43,22,30.1,51.2
"1992","Netherlands","Men","1960-1964","High","GGS",153,52,34,34,65.4
"1993","Netherlands","Men","1960-1964",NA,"GGS",1,1,1,100,100
"1994","Netherlands","Men","1965-1969","Low","GGS",63,29,18,46,62.1
"1995","Netherlands","Men","1965-1969","Medium","GGS",84,29,17,34.5,58.6
"1996","Netherlands","Men","1965-1969","High","GGS",86,38,25,44.2,65.8
"1997","Netherlands","Men","1965-1969",NA,"GGS",1,1,1,100,100
"1998","Netherlands","Women","1920-1924","Low","GGS",44,8,2,18.2,25
"1999","Netherlands","Women","1920-1924","Medium","GGS",12,3,3,25,100
"2000","Netherlands","Women","1920-1924","High","GGS",8,3,2,37.5,66.7
"2001","Netherlands","Women","1920-1924",NA,"GGS",1,NA,NA,NA,NA
"2002","Netherlands","Women","1925-1929","Low","GGS",150,17,8,11.3,47.1
"2003","Netherlands","Women","1925-1929","Medium","GGS",38,9,6,23.7,66.7
"2004","Netherlands","Women","1925-1929","High","GGS",19,9,5,47.4,55.6
"2005","Netherlands","Women","1930-1934","Low","GGS",174,28,16,16.1,57.1
"2006","Netherlands","Women","1930-1934","Medium","GGS",52,9,7,17.3,77.8
"2007","Netherlands","Women","1930-1934","High","GGS",41,11,8,26.8,72.7
"2008","Netherlands","Women","1935-1939","Low","GGS",159,11,6,6.9,54.5
"2009","Netherlands","Women","1935-1939","Medium","GGS",39,2,1,5.1,50
"2010","Netherlands","Women","1935-1939","High","GGS",56,11,9,19.6,81.8
"2011","Netherlands","Women","1935-1939",NA,"GGS",1,NA,NA,NA,NA
"2012","Netherlands","Women","1940-1944","Low","GGS",186,13,9,7,69.2
"2013","Netherlands","Women","1940-1944","Medium","GGS",80,9,4,11.2,44.4
"2014","Netherlands","Women","1940-1944","High","GGS",69,21,17,30.4,81
"2015","Netherlands","Women","1945-1949","Low","GGS",247,24,16,9.7,66.7
"2016","Netherlands","Women","1945-1949","Medium","GGS",79,8,5,10.1,62.5
"2017","Netherlands","Women","1945-1949","High","GGS",107,37,21,34.6,56.8
"2018","Netherlands","Women","1945-1949",NA,"GGS",1,NA,NA,NA,NA
"2019","Netherlands","Women","1950-1954","Low","GGS",201,28,14,13.9,50
"2020","Netherlands","Women","1950-1954","Medium","GGS",119,23,12,19.3,52.2
"2021","Netherlands","Women","1950-1954","High","GGS",144,47,24,32.6,51.1
"2022","Netherlands","Women","1950-1954",NA,"GGS",2,NA,NA,NA,NA
"2023","Netherlands","Women","1955-1959","Low","GGS",144,15,5,10.4,33.3
"2024","Netherlands","Women","1955-1959","Medium","GGS",149,31,20,20.8,64.5
"2025","Netherlands","Women","1955-1959","High","GGS",168,41,18,24.4,43.9
"2026","Netherlands","Women","1960-1964","Low","GGS",191,20,12,10.5,60
"2027","Netherlands","Women","1960-1964","Medium","GGS",222,40,23,18,57.5
"2028","Netherlands","Women","1960-1964","High","GGS",188,55,32,29.3,58.2
"2029","Netherlands","Women","1960-1964",NA,"GGS",1,1,1,100,100
"2030","Netherlands","Women","1965-1969","Low","GGS",95,9,5,9.5,55.6
"2031","Netherlands","Women","1965-1969","Medium","GGS",173,37,24,21.4,64.9
"2032","Netherlands","Women","1965-1969","High","GGS",140,29,16,20.7,55.2
"2033","Netherlands","Women","1965-1969",NA,"GGS",1,NA,NA,NA,NA
"2034","Nicaragua","Men","1945-1949","Low","DHS",105,3,2,2.9,66.7
"2035","Nicaragua","Men","1945-1949","Medium","DHS",145,4,2,2.8,50
"2036","Nicaragua","Men","1945-1949","High","DHS",44,1,1,2.3,100
"2037","Nicaragua","Men","1950-1954","Low","DHS",413,11,4,2.7,36.4
"2038","Nicaragua","Men","1950-1954","Medium","DHS",467,11,7,2.4,63.6
"2039","Nicaragua","Men","1950-1954","High","DHS",183,7,5,3.8,71.4
"2040","Nicaragua","Men","1955-1959","Low","DHS",392,9,5,2.3,55.6
"2041","Nicaragua","Men","1955-1959","Medium","DHS",612,24,17,3.9,70.8
"2042","Nicaragua","Men","1955-1959","High","DHS",375,25,14,6.7,56
"2043","Nicaragua","Men","1960-1964","Low","DHS",279,6,2,2.2,33.3
"2044","Nicaragua","Men","1960-1964","Medium","DHS",432,12,5,2.8,41.7
"2045","Nicaragua","Men","1960-1964","High","DHS",361,29,20,8,69
"2046","Nicaragua","Women","1935-1939","Low","DHS",10,NA,NA,NA,NA
"2047","Nicaragua","Women","1935-1939","Medium","DHS",10,NA,NA,NA,NA
"2048","Nicaragua","Women","1935-1939","High","DHS",6,NA,NA,NA,NA
"2049","Nicaragua","Women","1940-1944","Low","DHS",65,7,3,10.8,42.9
"2050","Nicaragua","Women","1940-1944","Medium","DHS",54,2,1,3.7,50
"2051","Nicaragua","Women","1940-1944","High","DHS",19,NA,NA,NA,NA
"2052","Nicaragua","Women","1945-1949","Low","DHS",51,4,4,7.8,100
"2053","Nicaragua","Women","1945-1949","Medium","DHS",65,4,NA,6.2,NA
"2054","Nicaragua","Women","1945-1949","High","DHS",31,2,1,6.5,50
"2055","Nicaragua","Women","1950-1954","Low","DHS",83,5,3,6,60
"2056","Nicaragua","Women","1950-1954","Medium","DHS",90,6,3,6.7,50
"2057","Nicaragua","Women","1950-1954","High","DHS",51,1,NA,2,NA
"2058","Nicaragua","Women","1955-1959","Low","DHS",74,2,2,2.7,100
"2059","Nicaragua","Women","1955-1959","Medium","DHS",118,3,2,2.5,66.7
"2060","Nicaragua","Women","1955-1959","High","DHS",75,2,1,2.7,50
"2061","Nicaragua","Women","1960-1964","Low","DHS",34,1,NA,2.9,NA
"2062","Nicaragua","Women","1960-1964","Medium","DHS",84,9,5,10.7,55.6
"2063","Nicaragua","Women","1960-1964","High","DHS",69,2,1,2.9,50
"2064","Niger","Men","1960-1964","Low","DHS",249,4,NA,1.6,NA
"2065","Niger","Men","1960-1964","Medium","DHS",16,NA,NA,NA,NA
"2066","Niger","Men","1960-1964","High","DHS",16,1,1,6.2,100
"2067","Niger","Men","1965-1969","Low","DHS",675,6,1,0.9,16.7
"2068","Niger","Men","1965-1969","Medium","DHS",78,2,1,2.6,50
"2069","Niger","Men","1965-1969","High","DHS",69,4,NA,5.8,NA
"2070","Niger","Men","1970-1974","Low","DHS",939,16,2,1.7,12.5
"2071","Niger","Men","1970-1974","Medium","DHS",123,2,1,1.6,50
"2072","Niger","Men","1970-1974","High","DHS",79,9,6,11.4,66.7
"2073","Niger","Men","1970-1974",NA,"DHS",3,NA,NA,NA,NA
"2074","Niger","Men","1975-1979","Low","DHS",755,11,2,1.5,18.2
"2075","Niger","Men","1975-1979","Medium","DHS",105,7,2,6.7,28.6
"2076","Niger","Men","1975-1979","High","DHS",56,9,6,16.1,66.7
"2077","Niger","Men","1975-1979",NA,"DHS",2,NA,NA,NA,NA
"2078","Niger","Women","1950-1954","Low","DHS",67,NA,NA,NA,NA
"2079","Niger","Women","1950-1954","Medium","DHS",6,NA,NA,NA,NA
"2080","Niger","Women","1950-1954","High","DHS",6,NA,NA,NA,NA
"2081","Niger","Women","1955-1959","Low","DHS",173,3,1,1.7,33.3
"2082","Niger","Women","1955-1959","Medium","DHS",36,NA,NA,NA,NA
"2083","Niger","Women","1955-1959","High","DHS",19,NA,NA,NA,NA
"2084","Niger","Women","1960-1964","Low","DHS",257,1,1,0.4,100
"2085","Niger","Women","1960-1964","Medium","DHS",38,NA,NA,NA,NA
"2086","Niger","Women","1960-1964","High","DHS",38,NA,NA,NA,NA
"2087","Niger","Women","1965-1969","Low","DHS",286,2,1,0.7,50
"2088","Niger","Women","1965-1969","Medium","DHS",44,2,1,4.5,50
"2089","Niger","Women","1965-1969","High","DHS",55,5,2,9.1,40
"2090","Niger","Women","1970-1974","Low","DHS",326,10,4,3.1,40
"2091","Niger","Women","1970-1974","Medium","DHS",87,4,1,4.6,25
"2092","Niger","Women","1970-1974","High","DHS",76,6,2,7.9,33.3
"2093","Niger","Women","1970-1974",NA,"DHS",3,NA,NA,NA,NA
"2094","Niger","Women","1975-1979","Low","DHS",206,7,3,3.4,42.9
"2095","Niger","Women","1975-1979","Medium","DHS",53,4,1,7.5,25
"2096","Niger","Women","1975-1979","High","DHS",34,11,7,32.4,63.6
"2097","Niger","Women","1975-1979",NA,"DHS",1,NA,NA,NA,NA
"2098","Nigeria","Men","1965-1969","Low","DHS",285,12,NA,4.2,NA
"2099","Nigeria","Men","1965-1969","Medium","DHS",222,4,1,1.8,25
"2100","Nigeria","Men","1965-1969","High","DHS",296,11,2,3.7,18.2
"2101","Nigeria","Men","1970-1974","Low","DHS",1568,29,2,1.8,6.9
"2102","Nigeria","Men","1970-1974","Medium","DHS",955,27,10,2.8,37
"2103","Nigeria","Men","1970-1974","High","DHS",1082,55,18,5.1,32.7
"2104","Nigeria","Men","1975-1979","Low","DHS",1768,36,4,2,11.1
"2105","Nigeria","Men","1975-1979","Medium","DHS",914,21,6,2.3,28.6
"2106","Nigeria","Men","1975-1979","High","DHS",1627,118,57,7.3,48.3
"2107","Nigeria","Men","1980-1984","Low","DHS",1800,34,5,1.9,14.7
"2108","Nigeria","Men","1980-1984","Medium","DHS",871,22,9,2.5,40.9
"2109","Nigeria","Men","1980-1984","High","DHS",1966,153,87,7.8,56.9
"2110","Nigeria","Women","1955-1959","Low","DHS",22,NA,NA,NA,NA
"2111","Nigeria","Women","1955-1959","Medium","DHS",28,2,1,7.1,50
"2112","Nigeria","Women","1955-1959","High","DHS",32,NA,NA,NA,NA
"2113","Nigeria","Women","1960-1964","Low","DHS",208,3,1,1.4,33.3
"2114","Nigeria","Women","1960-1964","Medium","DHS",163,3,2,1.8,66.7
"2115","Nigeria","Women","1960-1964","High","DHS",289,5,1,1.7,20
"2116","Nigeria","Women","1965-1969","Low","DHS",239,6,4,2.5,66.7
"2117","Nigeria","Women","1965-1969","Medium","DHS",174,NA,NA,NA,NA
"2118","Nigeria","Women","1965-1969","High","DHS",439,12,4,2.7,33.3
"2119","Nigeria","Women","1970-1974","Low","DHS",285,7,4,2.5,57.1
"2120","Nigeria","Women","1970-1974","Medium","DHS",300,15,6,5,40
"2121","Nigeria","Women","1970-1974","High","DHS",618,23,12,3.7,52.2
"2122","Nigeria","Women","1975-1979","Low","DHS",338,18,12,5.3,66.7
"2123","Nigeria","Women","1975-1979","Medium","DHS",312,11,6,3.5,54.5
"2124","Nigeria","Women","1975-1979","High","DHS",931,45,21,4.8,46.7
"2125","Nigeria","Women","1980-1984","Low","DHS",357,25,13,7,52
"2126","Nigeria","Women","1980-1984","Medium","DHS",221,16,8,7.2,50
"2127","Nigeria","Women","1980-1984","High","DHS",967,102,68,10.5,66.7
"2128","Peru","Men","1945-1949","Low","DHS",289,7,6,2.4,85.7
"2129","Peru","Men","1945-1949","Medium","DHS",619,20,9,3.2,45
"2130","Peru","Men","1945-1949","High","DHS",379,28,20,7.4,71.4
"2131","Peru","Men","1950-1954","Low","DHS",527,3,1,0.6,33.3
"2132","Peru","Men","1950-1954","Medium","DHS",1183,24,17,2,70.8
"2133","Peru","Men","1950-1954","High","DHS",1000,71,45,7.1,63.4
"2134","Peru","Men","1955-1959","Low","DHS",428,8,6,1.9,75
"2135","Peru","Men","1955-1959","Medium","DHS",1392,34,18,2.4,52.9
"2136","Peru","Men","1955-1959","High","DHS",1580,131,91,8.3,69.5
"2137","Peru","Men","1960-1964","Low","DHS",131,5,4,3.8,80
"2138","Peru","Men","1960-1964","Medium","DHS",559,15,9,2.7,60
"2139","Peru","Men","1960-1964","High","DHS",647,56,45,8.7,80.4
"2140","Peru","Women","1935-1939","Low","DHS",4,NA,NA,NA,NA
"2141","Peru","Women","1935-1939","Medium","DHS",36,2,1,5.6,50
"2142","Peru","Women","1935-1939","High","DHS",21,NA,NA,NA,NA
"2143","Peru","Women","1940-1944","Low","DHS",12,1,NA,8.3,NA
"2144","Peru","Women","1940-1944","Medium","DHS",68,4,2,5.9,50
"2145","Peru","Women","1940-1944","High","DHS",44,1,1,2.3,100
"2146","Peru","Women","1945-1949","Low","DHS",6,NA,NA,NA,NA
"2147","Peru","Women","1945-1949","Medium","DHS",93,3,NA,3.2,NA
"2148","Peru","Women","1945-1949","High","DHS",80,7,2,8.8,28.6
"2149","Peru","Women","1950-1954","Low","DHS",3,NA,NA,NA,NA
"2150","Peru","Women","1950-1954","Medium","DHS",97,5,3,5.2,60
"2151","Peru","Women","1950-1954","High","DHS",121,11,5,9.1,45.5
"2152","Peru","Women","1955-1959","Low","DHS",10,NA,NA,NA,NA
"2153","Peru","Women","1955-1959","Medium","DHS",90,6,1,6.7,16.7
"2154","Peru","Women","1955-1959","High","DHS",157,21,15,13.4,71.4
"2155","Peru","Women","1960-1964","Low","DHS",3,1,1,33.3,100
"2156","Peru","Women","1960-1964","Medium","DHS",30,2,2,6.7,100
"2157","Peru","Women","1960-1964","High","DHS",66,8,5,12.1,62.5
"2158","Philippines","Men","1950-1954","Low","DHS",16,1,1,6.2,100
"2159","Philippines","Men","1950-1954","Medium","DHS",166,8,6,4.8,75
"2160","Philippines","Men","1950-1954","High","DHS",174,17,8,9.8,47.1
"2161","Philippines","Men","1955-1959","Low","DHS",34,2,1,5.9,50
"2162","Philippines","Men","1955-1959","Medium","DHS",563,25,13,4.4,52
"2163","Philippines","Men","1955-1959","High","DHS",815,58,35,7.1,60.3
"2164","Philippines","Men","1960-1964","Low","DHS",46,3,1,6.5,33.3
"2165","Philippines","Men","1960-1964","Medium","DHS",545,29,20,5.3,69
"2166","Philippines","Men","1960-1964","High","DHS",1040,93,65,8.9,69.9
"2167","Philippines","Men","1965-1969","Low","DHS",41,2,1,4.9,50
"2168","Philippines","Men","1965-1969","Medium","DHS",388,20,11,5.2,55
"2169","Philippines","Men","1965-1969","High","DHS",948,119,71,12.6,59.7
"2170","Philippines","Women","1945-1949","Low","DHS",3,NA,NA,NA,NA
"2171","Philippines","Women","1945-1949","Medium","DHS",44,2,2,4.5,100
"2172","Philippines","Women","1945-1949","High","DHS",37,NA,NA,NA,NA
"2173","Philippines","Women","1950-1954","Low","DHS",11,NA,NA,NA,NA
"2174","Philippines","Women","1950-1954","Medium","DHS",177,10,7,5.6,70
"2175","Philippines","Women","1950-1954","High","DHS",183,16,7,8.7,43.8
"2176","Philippines","Women","1955-1959","Low","DHS",12,1,1,8.3,100
"2177","Philippines","Women","1955-1959","Medium","DHS",175,17,8,9.7,47.1
"2178","Philippines","Women","1955-1959","High","DHS",238,22,13,9.2,59.1
"2179","Philippines","Women","1960-1964","Low","DHS",13,2,1,15.4,50
"2180","Philippines","Women","1960-1964","Medium","DHS",175,16,6,9.1,37.5
"2181","Philippines","Women","1960-1964","High","DHS",307,32,17,10.4,53.1
"2182","Philippines","Women","1965-1969","Low","DHS",12,NA,NA,NA,NA
"2183","Philippines","Women","1965-1969","Medium","DHS",151,22,17,14.6,77.3
"2184","Philippines","Women","1965-1969","High","DHS",279,50,34,17.9,68
"2185","Poland","Men","1925-1929","Medium","GGS",1,NA,NA,NA,NA
"2186","Poland","Men","1930-1934","Low","GGS",110,13,9,11.8,69.2
"2187","Poland","Men","1930-1934","Medium","GGS",137,18,9,13.1,50
"2188","Poland","Men","1930-1934","High","GGS",48,2,2,4.2,100
"2189","Poland","Men","1930-1934",NA,"GGS",1,NA,NA,NA,NA
"2190","Poland","Men","1935-1939","Low","GGS",185,23,21,12.4,91.3
"2191","Poland","Men","1935-1939","Medium","GGS",260,26,23,10,88.5
"2192","Poland","Men","1935-1939","High","GGS",78,4,3,5.1,75
"2193","Poland","Men","1935-1939",NA,"GGS",4,1,1,25,100
"2194","Poland","Men","1940-1944","Low","GGS",134,15,11,11.2,73.3
"2195","Poland","Men","1940-1944","Medium","GGS",299,35,29,11.7,82.9
"2196","Poland","Men","1940-1944","High","GGS",105,12,9,11.4,75
"2197","Poland","Men","1940-1944",NA,"GGS",1,NA,NA,NA,NA
"2198","Poland","Men","1945-1949","Low","GGS",164,35,32,21.3,91.4
"2199","Poland","Men","1945-1949","Medium","GGS",559,60,49,10.7,81.7
"2200","Poland","Men","1945-1949","High","GGS",124,11,10,8.9,90.9
"2201","Poland","Men","1945-1949",NA,"GGS",5,1,1,20,100
"2202","Poland","Men","1950-1954","Low","GGS",182,47,43,25.8,91.5
"2203","Poland","Men","1950-1954","Medium","GGS",667,93,80,13.9,86
"2204","Poland","Men","1950-1954","High","GGS",113,9,7,8,77.8
"2205","Poland","Men","1950-1954",NA,"GGS",2,NA,NA,NA,NA
"2206","Poland","Men","1955-1959","Low","GGS",101,29,27,28.7,93.1
"2207","Poland","Men","1955-1959","Medium","GGS",646,108,87,16.7,80.6
"2208","Poland","Men","1955-1959","High","GGS",101,15,13,14.9,86.7
"2209","Poland","Men","1955-1959",NA,"GGS",4,2,2,50,100
"2210","Poland","Men","1960-1964","Low","GGS",58,29,28,50,96.6
"2211","Poland","Men","1960-1964","Medium","GGS",483,89,85,18.4,95.5
"2212","Poland","Men","1960-1964","High","GGS",81,14,13,17.3,92.9
"2213","Poland","Men","1960-1964",NA,"GGS",1,NA,NA,NA,NA
"2214","Poland","Men","1965-1969","Low","GGS",57,22,21,38.6,95.5
"2215","Poland","Men","1965-1969","Medium","GGS",458,57,47,12.4,82.5
"2216","Poland","Men","1965-1969","High","GGS",100,16,13,16,81.2
"2217","Poland","Men","1965-1969",NA,"GGS",4,1,1,25,100
"2218","Poland","Men","1970-1974","Low","GGS",61,26,26,42.6,100
"2219","Poland","Men","1970-1974","Medium","GGS",479,87,83,18.2,95.4
"2220","Poland","Men","1970-1974","High","GGS",135,25,16,18.5,64
"2221","Poland","Men","1970-1974",NA,"GGS",1,NA,NA,NA,NA
"2222","Poland","Men","1975-1979","Low","GGS",8,4,3,50,75
"2223","Poland","Men","1975-1979","Medium","GGS",91,13,11,14.3,84.6
"2224","Poland","Men","1975-1979","High","GGS",58,18,16,31,88.9
"2225","Poland","Women","1925-1929","Low","GGS",2,NA,NA,NA,NA
"2226","Poland","Women","1930-1934","Low","GGS",317,30,18,9.5,60
"2227","Poland","Women","1930-1934","Medium","GGS",223,22,12,9.9,54.5
"2228","Poland","Women","1930-1934","High","GGS",43,7,3,16.3,42.9
"2229","Poland","Women","1930-1934",NA,"GGS",2,1,NA,50,NA
"2230","Poland","Women","1935-1939","Low","GGS",399,31,11,7.8,35.5
"2231","Poland","Women","1935-1939","Medium","GGS",420,59,32,14,54.2
"2232","Poland","Women","1935-1939","High","GGS",112,11,4,9.8,36.4
"2233","Poland","Women","1935-1939",NA,"GGS",2,1,NA,50,NA
"2234","Poland","Women","1940-1944","Low","GGS",334,19,7,5.7,36.8
"2235","Poland","Women","1940-1944","Medium","GGS",404,48,27,11.9,56.2
"2236","Poland","Women","1940-1944","High","GGS",101,20,11,19.8,55
"2237","Poland","Women","1940-1944",NA,"GGS",1,NA,NA,NA,NA
"2238","Poland","Women","1945-1949","Low","GGS",305,25,16,8.2,64
"2239","Poland","Women","1945-1949","Medium","GGS",754,81,53,10.7,65.4
"2240","Poland","Women","1945-1949","High","GGS",135,28,21,20.7,75
"2241","Poland","Women","1945-1949",NA,"GGS",2,NA,NA,NA,NA
"2242","Poland","Women","1950-1954","Low","GGS",281,18,13,6.4,72.2
"2243","Poland","Women","1950-1954","Medium","GGS",892,97,65,10.9,67
"2244","Poland","Women","1950-1954","High","GGS",181,34,27,18.8,79.4
"2245","Poland","Women","1950-1954",NA,"GGS",2,NA,NA,NA,NA
"2246","Poland","Women","1955-1959","Low","GGS",198,10,6,5.1,60
"2247","Poland","Women","1955-1959","Medium","GGS",784,78,62,9.9,79.5
"2248","Poland","Women","1955-1959","High","GGS",182,31,21,17,67.7
"2249","Poland","Women","1955-1959",NA,"GGS",3,NA,NA,NA,NA
"2250","Poland","Women","1960-1964","Low","GGS",79,8,5,10.1,62.5
"2251","Poland","Women","1960-1964","Medium","GGS",607,57,46,9.4,80.7
"2252","Poland","Women","1960-1964","High","GGS",140,17,16,12.1,94.1
"2253","Poland","Women","1960-1964",NA,"GGS",1,NA,NA,NA,NA
"2254","Poland","Women","1965-1969","Low","GGS",59,5,5,8.5,100
"2255","Poland","Women","1965-1969","Medium","GGS",496,33,25,6.7,75.8
"2256","Poland","Women","1965-1969","High","GGS",167,35,31,21,88.6
"2257","Poland","Women","1965-1969",NA,"GGS",3,1,1,33.3,100
"2258","Poland","Women","1970-1974","Low","GGS",60,8,7,13.3,87.5
"2259","Poland","Women","1970-1974","Medium","GGS",591,49,37,8.3,75.5
"2260","Poland","Women","1970-1974","High","GGS",259,41,36,15.8,87.8
"2261","Poland","Women","1970-1974",NA,"GGS",2,NA,NA,NA,NA
"2262","Poland","Women","1975-1979","Low","GGS",9,NA,NA,NA,NA
"2263","Poland","Women","1975-1979","Medium","GGS",123,15,12,12.2,80
"2264","Poland","Women","1975-1979","High","GGS",73,14,10,19.2,71.4
"2265","Poland","Women","1975-1979",NA,"GGS",1,NA,NA,NA,NA
"2266","Republic of Moldova","Men","1955-1959","Low","DHS",2,1,NA,50,NA
"2267","Republic of Moldova","Men","1955-1959","Medium","DHS",1,1,NA,100,NA
"2268","Republic of Moldova","Men","1955-1959","High","DHS",1005,40,8,4,20
"2269","Republic of Moldova","Men","1960-1964","Low","DHS",4,1,NA,25,NA
"2270","Republic of Moldova","Men","1960-1964","Medium","DHS",4,NA,NA,NA,NA
"2271","Republic of Moldova","Men","1960-1964","High","DHS",1040,47,6,4.5,12.8
"2272","Republic of Moldova","Men","1965-1969","Low","DHS",3,2,2,66.7,100
"2273","Republic of Moldova","Men","1965-1969","Medium","DHS",2,1,1,50,100
"2274","Republic of Moldova","Men","1965-1969","High","DHS",833,42,17,5,40.5
"2275","Republic of Moldova","Men","1970-1974","High","DHS",116,5,1,4.3,20
"2276","Republic of Moldova","Women","1945-1949","High","DHS",177,11,3,6.2,27.3
"2277","Republic of Moldova","Women","1950-1954","Medium","DHS",1,1,NA,100,NA
"2278","Republic of Moldova","Women","1950-1954","High","DHS",305,11,5,3.6,45.5
"2279","Republic of Moldova","Women","1955-1959","Medium","DHS",2,1,1,50,100
"2280","Republic of Moldova","Women","1955-1959","High","DHS",323,18,6,5.6,33.3
"2281","Republic of Moldova","Women","1960-1964","Low","DHS",2,NA,NA,NA,NA
"2282","Republic of Moldova","Women","1960-1964","Medium","DHS",1,NA,NA,NA,NA
"2283","Republic of Moldova","Women","1960-1964","High","DHS",259,24,6,9.3,25
"2284","Republic of Moldova","Women","1965-1969","High","DHS",237,26,7,11,26.9
"2285","Republic of Moldova","Women","1970-1974","High","DHS",34,3,1,8.8,33.3
"2286","Romania","Men","1925-1929","Low","GGS",179,22,17,12.3,77.3
"2287","Romania","Men","1925-1929","Medium","GGS",52,11,6,21.2,54.5
"2288","Romania","Men","1925-1929","High","GGS",16,4,4,25,100
"2289","Romania","Men","1930-1934","Low","GGS",257,38,31,14.8,81.6
"2290","Romania","Men","1930-1934","Medium","GGS",102,16,10,15.7,62.5
"2291","Romania","Men","1930-1934","High","GGS",21,4,2,19,50
"2292","Romania","Men","1935-1939","Low","GGS",241,40,30,16.6,75
"2293","Romania","Men","1935-1939","Medium","GGS",173,24,18,13.9,75
"2294","Romania","Men","1935-1939","High","GGS",38,6,4,15.8,66.7
"2295","Romania","Men","1940-1944","Low","GGS",206,34,26,16.5,76.5
"2296","Romania","Men","1940-1944","Medium","GGS",177,42,32,23.7,76.2
"2297","Romania","Men","1940-1944","High","GGS",39,8,5,20.5,62.5
"2298","Romania","Men","1945-1949","Low","GGS",191,31,25,16.2,80.6
"2299","Romania","Men","1945-1949","Medium","GGS",318,47,37,14.8,78.7
"2300","Romania","Men","1945-1949","High","GGS",53,12,9,22.6,75
"2301","Romania","Men","1950-1954","Low","GGS",154,32,23,20.8,71.9
"2302","Romania","Men","1950-1954","Medium","GGS",402,52,46,12.9,88.5
"2303","Romania","Men","1950-1954","High","GGS",103,15,13,14.6,86.7
"2304","Romania","Men","1955-1959","Low","GGS",104,30,26,28.8,86.7
"2305","Romania","Men","1955-1959","Medium","GGS",409,69,59,16.9,85.5
"2306","Romania","Men","1955-1959","High","GGS",53,6,5,11.3,83.3
"2307","Romania","Men","1960-1964","Low","GGS",99,20,16,20.2,80
"2308","Romania","Men","1960-1964","Medium","GGS",337,51,36,15.1,70.6
"2309","Romania","Men","1960-1964","High","GGS",66,11,11,16.7,100
"2310","Romania","Men","1965-1969","Low","GGS",122,30,29,24.6,96.7
"2311","Romania","Men","1965-1969","Medium","GGS",477,87,75,18.2,86.2
"2312","Romania","Men","1965-1969","High","GGS",62,11,10,17.7,90.9
"2313","Romania","Men","1970-1974","Low","GGS",27,12,12,44.4,100
"2314","Romania","Men","1970-1974","Medium","GGS",91,29,27,31.9,93.1
"2315","Romania","Men","1970-1974","High","GGS",18,4,4,22.2,100
"2316","Romania","Women","1925-1929","Low","GGS",241,38,17,15.8,44.7
"2317","Romania","Women","1925-1929","Medium","GGS",32,10,7,31.2,70
"2318","Romania","Women","1925-1929","High","GGS",8,1,1,12.5,100
"2319","Romania","Women","1930-1934","Low","GGS",400,58,29,14.5,50
"2320","Romania","Women","1930-1934","Medium","GGS",80,17,8,21.2,47.1
"2321","Romania","Women","1930-1934","High","GGS",11,3,2,27.3,66.7
"2322","Romania","Women","1935-1939","Low","GGS",464,55,38,11.9,69.1
"2323","Romania","Women","1935-1939","Medium","GGS",89,17,7,19.1,41.2
"2324","Romania","Women","1935-1939","High","GGS",27,10,5,37,50
"2325","Romania","Women","1940-1944","Low","GGS",339,35,21,10.3,60
"2326","Romania","Women","1940-1944","Medium","GGS",106,21,16,19.8,76.2
"2327","Romania","Women","1940-1944","High","GGS",23,4,4,17.4,100
"2328","Romania","Women","1945-1949","Low","GGS",322,33,24,10.2,72.7
"2329","Romania","Women","1945-1949","Medium","GGS",186,27,16,14.5,59.3
"2330","Romania","Women","1945-1949","High","GGS",50,10,6,20,60
"2331","Romania","Women","1950-1954","Low","GGS",346,30,19,8.7,63.3
"2332","Romania","Women","1950-1954","Medium","GGS",261,23,16,8.8,69.6
"2333","Romania","Women","1950-1954","High","GGS",50,9,7,18,77.8
"2334","Romania","Women","1955-1959","Low","GGS",197,15,13,7.6,86.7
"2335","Romania","Women","1955-1959","Medium","GGS",305,30,25,9.8,83.3
"2336","Romania","Women","1955-1959","High","GGS",54,7,4,13,57.1
"2337","Romania","Women","1960-1964","Low","GGS",105,10,10,9.5,100
"2338","Romania","Women","1960-1964","Medium","GGS",250,18,16,7.2,88.9
"2339","Romania","Women","1960-1964","High","GGS",55,7,4,12.7,57.1
"2340","Romania","Women","1965-1969","Low","GGS",185,18,15,9.7,83.3
"2341","Romania","Women","1965-1969","Medium","GGS",380,35,27,9.2,77.1
"2342","Romania","Women","1965-1969","High","GGS",75,17,14,22.7,82.4
"2343","Romania","Women","1970-1974","Low","GGS",26,2,2,7.7,100
"2344","Romania","Women","1970-1974","Medium","GGS",78,6,5,7.7,83.3
"2345","Romania","Women","1970-1974","High","GGS",14,3,3,21.4,100
"2346","Russia","Men","1920-1924","Low","GGS",4,NA,NA,NA,NA
"2347","Russia","Men","1920-1924","Medium","GGS",1,NA,NA,NA,NA
"2348","Russia","Men","1920-1924","High","GGS",1,NA,NA,NA,NA
"2349","Russia","Men","1920-1924",NA,"GGS",1,NA,NA,NA,NA
"2350","Russia","Men","1925-1929","Low","GGS",103,9,4,8.7,44.4
"2351","Russia","Men","1925-1929","Medium","GGS",34,4,NA,11.8,NA
"2352","Russia","Men","1925-1929","High","GGS",29,1,NA,3.4,NA
"2353","Russia","Men","1925-1929",NA,"GGS",10,2,2,20,100
"2354","Russia","Men","1930-1934","Low","GGS",116,10,5,8.6,50
"2355","Russia","Men","1930-1934","Medium","GGS",48,3,2,6.2,66.7
"2356","Russia","Men","1930-1934","High","GGS",36,5,3,13.9,60
"2357","Russia","Men","1930-1934",NA,"GGS",10,NA,NA,NA,NA
"2358","Russia","Men","1935-1939","Low","GGS",99,11,4,11.1,36.4
"2359","Russia","Men","1935-1939","Medium","GGS",86,14,7,16.3,50
"2360","Russia","Men","1935-1939","High","GGS",88,3,2,3.4,66.7
"2361","Russia","Men","1935-1939",NA,"GGS",14,1,NA,7.1,NA
"2362","Russia","Men","1940-1944","Low","GGS",55,5,2,9.1,40
"2363","Russia","Men","1940-1944","Medium","GGS",69,6,5,8.7,83.3
"2364","Russia","Men","1940-1944","High","GGS",64,4,2,6.2,50
"2365","Russia","Men","1940-1944",NA,"GGS",6,1,NA,16.7,NA
"2366","Russia","Men","1945-1949","Low","GGS",40,4,3,10,75
"2367","Russia","Men","1945-1949","Medium","GGS",131,10,4,7.6,40
"2368","Russia","Men","1945-1949","High","GGS",119,8,6,6.7,75
"2369","Russia","Men","1945-1949",NA,"GGS",26,4,3,15.4,75
"2370","Russia","Men","1950-1954","Low","GGS",32,6,4,18.8,66.7
"2371","Russia","Men","1950-1954","Medium","GGS",181,15,9,8.3,60
"2372","Russia","Men","1950-1954","High","GGS",135,8,4,5.9,50
"2373","Russia","Men","1950-1954",NA,"GGS",32,2,1,6.2,50
"2374","Russia","Men","1955-1959","Low","GGS",26,4,3,15.4,75
"2375","Russia","Men","1955-1959","Medium","GGS",234,24,12,10.3,50
"2376","Russia","Men","1955-1959","High","GGS",132,10,7,7.6,70
"2377","Russia","Men","1955-1959",NA,"GGS",24,4,3,16.7,75
"2378","Russia","Men","1960-1964","Low","GGS",13,6,4,46.2,66.7
"2379","Russia","Men","1960-1964","Medium","GGS",243,29,20,11.9,69
"2380","Russia","Men","1960-1964","High","GGS",167,19,12,11.4,63.2
"2381","Russia","Men","1960-1964",NA,"GGS",36,4,2,11.1,50
"2382","Russia","Men","1965-1969","Low","GGS",14,2,2,14.3,100
"2383","Russia","Men","1965-1969","Medium","GGS",227,43,28,18.9,65.1
"2384","Russia","Men","1965-1969","High","GGS",118,11,7,9.3,63.6
"2385","Russia","Men","1965-1969",NA,"GGS",24,2,1,8.3,50
"2386","Russia","Women","1920-1924","Low","GGS",12,NA,NA,NA,NA
"2387","Russia","Women","1920-1924","Medium","GGS",10,3,NA,30,NA
"2388","Russia","Women","1920-1924","High","GGS",5,1,1,20,100
"2389","Russia","Women","1920-1924",NA,"GGS",1,1,NA,100,NA
"2390","Russia","Women","1925-1929","Low","GGS",257,32,13,12.5,40.6
"2391","Russia","Women","1925-1929","Medium","GGS",90,15,7,16.7,46.7
"2392","Russia","Women","1925-1929","High","GGS",66,15,4,22.7,26.7
"2393","Russia","Women","1925-1929",NA,"GGS",6,1,1,16.7,100
"2394","Russia","Women","1930-1934","Low","GGS",248,17,4,6.9,23.5
"2395","Russia","Women","1930-1934","Medium","GGS",90,9,1,10,11.1
"2396","Russia","Women","1930-1934","High","GGS",81,10,3,12.3,30
"2397","Russia","Women","1930-1934",NA,"GGS",11,2,2,18.2,100
"2398","Russia","Women","1935-1939","Low","GGS",263,15,6,5.7,40
"2399","Russia","Women","1935-1939","Medium","GGS",160,12,4,7.5,33.3
"2400","Russia","Women","1935-1939","High","GGS",240,25,12,10.4,48
"2401","Russia","Women","1935-1939",NA,"GGS",20,2,1,10,50
"2402","Russia","Women","1940-1944","Low","GGS",122,11,4,9,36.4
"2403","Russia","Women","1940-1944","Medium","GGS",103,14,7,13.6,50
"2404","Russia","Women","1940-1944","High","GGS",191,23,12,12,52.2
"2405","Russia","Women","1940-1944",NA,"GGS",14,3,NA,21.4,NA
"2406","Russia","Women","1945-1949","Low","GGS",70,4,1,5.7,25
"2407","Russia","Women","1945-1949","Medium","GGS",199,17,9,8.5,52.9
"2408","Russia","Women","1945-1949","High","GGS",226,21,13,9.3,61.9
"2409","Russia","Women","1945-1949",NA,"GGS",19,1,1,5.3,100
"2410","Russia","Women","1950-1954","Low","GGS",65,6,1,9.2,16.7
"2411","Russia","Women","1950-1954","Medium","GGS",295,16,7,5.4,43.8
"2412","Russia","Women","1950-1954","High","GGS",341,18,13,5.3,72.2
"2413","Russia","Women","1950-1954",NA,"GGS",42,6,3,14.3,50
"2414","Russia","Women","1955-1959","Low","GGS",23,1,NA,4.3,NA
"2415","Russia","Women","1955-1959","Medium","GGS",319,20,10,6.3,50
"2416","Russia","Women","1955-1959","High","GGS",349,32,20,9.2,62.5
"2417","Russia","Women","1955-1959",NA,"GGS",58,3,1,5.2,33.3
"2418","Russia","Women","1960-1964","Low","GGS",19,2,1,10.5,50
"2419","Russia","Women","1960-1964","Medium","GGS",310,20,11,6.5,55
"2420","Russia","Women","1960-1964","High","GGS",346,20,12,5.8,60
"2421","Russia","Women","1960-1964",NA,"GGS",46,4,4,8.7,100
"2422","Russia","Women","1965-1969","Low","GGS",14,1,1,7.1,100
"2423","Russia","Women","1965-1969","Medium","GGS",231,12,6,5.2,50
"2424","Russia","Women","1965-1969","High","GGS",231,27,16,11.7,59.3
"2425","Russia","Women","1965-1969",NA,"GGS",28,2,NA,7.1,NA
"2426","Rwanda","Men","1965-1969","Medium","DHS",1,NA,NA,NA,NA
"2427","Rwanda","Men","1970-1974","Low","DHS",284,8,3,2.8,37.5
"2428","Rwanda","Men","1970-1974","Medium","DHS",713,19,7,2.7,36.8
"2429","Rwanda","Men","1970-1974","High","DHS",119,6,3,5,50
"2430","Rwanda","Men","1975-1979","Low","DHS",252,7,5,2.8,71.4
"2431","Rwanda","Men","1975-1979","Medium","DHS",970,30,19,3.1,63.3
"2432","Rwanda","Men","1975-1979","High","DHS",183,5,4,2.7,80
"2433","Rwanda","Men","1980-1984","Low","DHS",337,12,6,3.6,50
"2434","Rwanda","Men","1980-1984","Medium","DHS",1432,53,36,3.7,67.9
"2435","Rwanda","Men","1980-1984","High","DHS",245,11,8,4.5,72.7
"2436","Rwanda","Men","1985-1989","Low","DHS",36,1,1,2.8,100
"2437","Rwanda","Men","1985-1989","Medium","DHS",161,7,5,4.3,71.4
"2438","Rwanda","Men","1985-1989","High","DHS",27,4,3,14.8,75
"2439","Rwanda","Women","1960-1964","Low","DHS",74,2,1,2.7,50
"2440","Rwanda","Women","1960-1964","Medium","DHS",203,5,3,2.5,60
"2441","Rwanda","Women","1960-1964","High","DHS",30,1,NA,3.3,NA
"2442","Rwanda","Women","1965-1969","Low","DHS",81,2,2,2.5,100
"2443","Rwanda","Women","1965-1969","Medium","DHS",214,6,4,2.8,66.7
"2444","Rwanda","Women","1965-1969","High","DHS",42,2,1,4.8,50
"2445","Rwanda","Women","1970-1974","Low","DHS",73,2,1,2.7,50
"2446","Rwanda","Women","1970-1974","Medium","DHS",303,9,3,3,33.3
"2447","Rwanda","Women","1970-1974","High","DHS",55,2,2,3.6,100
"2448","Rwanda","Women","1975-1979","Low","DHS",78,1,1,1.3,100
"2449","Rwanda","Women","1975-1979","Medium","DHS",386,10,5,2.6,50
"2450","Rwanda","Women","1975-1979","High","DHS",78,NA,NA,NA,NA
"2451","Rwanda","Women","1980-1984","Low","DHS",100,4,2,4,50
"2452","Rwanda","Women","1980-1984","Medium","DHS",586,33,18,5.6,54.5
"2453","Rwanda","Women","1980-1984","High","DHS",112,12,6,10.7,50
"2454","Rwanda","Women","1985-1989","Low","DHS",10,NA,NA,NA,NA
"2455","Rwanda","Women","1985-1989","Medium","DHS",37,3,3,8.1,100
"2456","Rwanda","Women","1985-1989","High","DHS",12,3,3,25,100
"2457","Sao Tome and Principe","Men","1955-1959","Low","DHS",7,NA,NA,NA,NA
"2458","Sao Tome and Principe","Men","1955-1959","Medium","DHS",28,1,1,3.6,100
"2459","Sao Tome and Principe","Men","1955-1959","High","DHS",4,NA,NA,NA,NA
"2460","Sao Tome and Principe","Men","1960-1964","Low","DHS",50,2,NA,4,NA
"2461","Sao Tome and Principe","Men","1960-1964","Medium","DHS",146,NA,NA,NA,NA
"2462","Sao Tome and Principe","Men","1960-1964","High","DHS",39,1,NA,2.6,NA
"2463","Sao Tome and Principe","Men","1965-1969","Low","DHS",44,NA,NA,NA,NA
"2464","Sao Tome and Principe","Men","1965-1969","Medium","DHS",189,1,NA,0.5,NA
"2465","Sao Tome and Principe","Men","1965-1969","High","DHS",61,NA,NA,NA,NA
"2466","Sao Tome and Principe","Men","1970-1974","Low","DHS",9,NA,NA,NA,NA
"2467","Sao Tome and Principe","Men","1970-1974","Medium","DHS",177,1,NA,0.6,NA
"2468","Sao Tome and Principe","Men","1970-1974","High","DHS",34,1,NA,2.9,NA
"2469","Sao Tome and Principe","Women","1945-1949","Low","DHS",2,NA,NA,NA,NA
"2470","Sao Tome and Principe","Women","1945-1949","Medium","DHS",12,NA,NA,NA,NA
"2471","Sao Tome and Principe","Women","1945-1949","High","DHS",3,NA,NA,NA,NA
"2472","Sao Tome and Principe","Women","1950-1954","Low","DHS",8,2,2,25,100
"2473","Sao Tome and Principe","Women","1950-1954","Medium","DHS",75,2,1,2.7,50
"2474","Sao Tome and Principe","Women","1950-1954","High","DHS",21,NA,NA,NA,NA
"2475","Sao Tome and Principe","Women","1955-1959","Low","DHS",5,1,1,20,100
"2476","Sao Tome and Principe","Women","1955-1959","Medium","DHS",91,2,1,2.2,50
"2477","Sao Tome and Principe","Women","1955-1959","High","DHS",35,1,1,2.9,100
"2478","Sao Tome and Principe","Women","1960-1964","Low","DHS",3,2,1,66.7,50
"2479","Sao Tome and Principe","Women","1960-1964","Medium","DHS",121,9,5,7.4,55.6
"2480","Sao Tome and Principe","Women","1960-1964","High","DHS",66,2,1,3,50
"2481","Sao Tome and Principe","Women","1965-1969","Low","DHS",4,1,1,25,100
"2482","Sao Tome and Principe","Women","1965-1969","Medium","DHS",120,7,3,5.8,42.9
"2483","Sao Tome and Principe","Women","1965-1969","High","DHS",78,4,2,5.1,50
"2484","Sao Tome and Principe","Women","1970-1974","Low","DHS",1,1,1,100,100
"2485","Sao Tome and Principe","Women","1970-1974","Medium","DHS",142,11,7,7.7,63.6
"2486","Sao Tome and Principe","Women","1970-1974","High","DHS",52,4,2,7.7,50
"2487","Senegal","Men","1965-1969","Low","DHS",90,1,NA,1.1,NA
"2488","Senegal","Men","1965-1969","Medium","DHS",21,NA,NA,NA,NA
"2489","Senegal","Men","1965-1969","High","DHS",14,2,1,14.3,50
"2490","Senegal","Men","1970-1974","Low","DHS",512,17,4,3.3,23.5
"2491","Senegal","Men","1970-1974","Medium","DHS",133,6,3,4.5,50
"2492","Senegal","Men","1970-1974","High","DHS",66,5,2,7.6,40
"2493","Senegal","Men","1975-1979","Low","DHS",588,20,7,3.4,35
"2494","Senegal","Men","1975-1979","Medium","DHS",199,19,7,9.5,36.8
"2495","Senegal","Men","1975-1979","High","DHS",74,10,3,13.5,30
"2496","Senegal","Men","1980-1984","Low","DHS",635,36,6,5.7,16.7
"2497","Senegal","Men","1980-1984","Medium","DHS",192,12,4,6.2,33.3
"2498","Senegal","Men","1980-1984","High","DHS",85,11,5,12.9,45.5
"2499","Senegal","Women","1955-1959","Low","DHS",12,NA,NA,NA,NA
"2500","Senegal","Women","1955-1959","Medium","DHS",6,NA,NA,NA,NA
"2501","Senegal","Women","1955-1959","High","DHS",8,NA,NA,NA,NA
"2502","Senegal","Women","1960-1964","Low","DHS",110,2,1,1.8,50
"2503","Senegal","Women","1960-1964","Medium","DHS",38,1,NA,2.6,NA
"2504","Senegal","Women","1960-1964","High","DHS",27,2,2,7.4,100
"2505","Senegal","Women","1965-1969","Low","DHS",134,5,2,3.7,40
"2506","Senegal","Women","1965-1969","Medium","DHS",42,6,1,14.3,16.7
"2507","Senegal","Women","1965-1969","High","DHS",37,2,1,5.4,50
"2508","Senegal","Women","1970-1974","Low","DHS",170,5,1,2.9,20
"2509","Senegal","Women","1970-1974","Medium","DHS",66,7,4,10.6,57.1
"2510","Senegal","Women","1970-1974","High","DHS",41,6,4,14.6,66.7
"2511","Senegal","Women","1975-1979","Low","DHS",170,8,5,4.7,62.5
"2512","Senegal","Women","1975-1979","Medium","DHS",81,10,8,12.3,80
"2513","Senegal","Women","1975-1979","High","DHS",62,8,5,12.9,62.5
"2514","Senegal","Women","1980-1984","Low","DHS",180,32,14,17.8,43.8
"2515","Senegal","Women","1980-1984","Medium","DHS",80,17,8,21.2,47.1
"2516","Senegal","Women","1980-1984","High","DHS",50,17,10,34,58.8
"2517","Sierra Leone","Men","1965-1969","Low","DHS",31,NA,NA,NA,NA
"2518","Sierra Leone","Men","1965-1969","Medium","DHS",4,NA,NA,NA,NA
"2519","Sierra Leone","Men","1965-1969","High","DHS",6,NA,NA,NA,NA
"2520","Sierra Leone","Men","1970-1974","Low","DHS",1078,13,NA,1.2,NA
"2521","Sierra Leone","Men","1970-1974","Medium","DHS",114,3,NA,2.6,NA
"2522","Sierra Leone","Men","1970-1974","High","DHS",131,1,NA,0.8,NA
"2523","Sierra Leone","Men","1975-1979","Low","DHS",1097,20,4,1.8,20
"2524","Sierra Leone","Men","1975-1979","Medium","DHS",132,3,1,2.3,33.3
"2525","Sierra Leone","Men","1975-1979","High","DHS",181,3,2,1.7,66.7
"2526","Sierra Leone","Men","1980-1984","Low","DHS",1682,30,6,1.8,20
"2527","Sierra Leone","Men","1980-1984","Medium","DHS",218,10,3,4.6,30
"2528","Sierra Leone","Men","1980-1984","High","DHS",256,11,4,4.3,36.4
"2529","Sierra Leone","Women","1955-1959","Low","DHS",9,NA,NA,NA,NA
"2530","Sierra Leone","Women","1955-1959","Medium","DHS",3,NA,NA,NA,NA
"2531","Sierra Leone","Women","1955-1959","High","DHS",7,NA,NA,NA,NA
"2532","Sierra Leone","Women","1960-1964","Low","DHS",256,3,NA,1.2,NA
"2533","Sierra Leone","Women","1960-1964","Medium","DHS",42,2,2,4.8,100
"2534","Sierra Leone","Women","1960-1964","High","DHS",98,1,NA,1,NA
"2535","Sierra Leone","Women","1965-1969","Low","DHS",275,1,1,0.4,100
"2536","Sierra Leone","Women","1965-1969","Medium","DHS",34,NA,NA,NA,NA
"2537","Sierra Leone","Women","1965-1969","High","DHS",137,NA,NA,NA,NA
"2538","Sierra Leone","Women","1970-1974","Low","DHS",402,1,NA,0.2,NA
"2539","Sierra Leone","Women","1970-1974","Medium","DHS",88,2,2,2.3,100
"2540","Sierra Leone","Women","1970-1974","High","DHS",183,4,1,2.2,25
"2541","Sierra Leone","Women","1975-1979","Low","DHS",364,8,5,2.2,62.5
"2542","Sierra Leone","Women","1975-1979","Medium","DHS",102,2,2,2,100
"2543","Sierra Leone","Women","1975-1979","High","DHS",194,6,4,3.1,66.7
"2544","Sierra Leone","Women","1980-1984","Low","DHS",405,25,11,6.2,44
"2545","Sierra Leone","Women","1980-1984","Medium","DHS",117,6,2,5.1,33.3
"2546","Sierra Leone","Women","1980-1984","High","DHS",246,16,9,6.5,56.2
"2547","South Africa","Men","1965-1969","Low","DHS",51,5,4,9.8,80
"2548","South Africa","Men","1965-1969","Medium","DHS",157,7,4,4.5,57.1
"2549","South Africa","Men","1965-1969","High","DHS",412,29,9,7,31
"2550","South Africa","Men","1970-1974","Low","DHS",48,6,2,12.5,33.3
"2551","South Africa","Men","1970-1974","Medium","DHS",156,14,9,9,64.3
"2552","South Africa","Men","1970-1974","High","DHS",701,37,21,5.3,56.8
"2553","South Africa","Men","1975-1979","Low","DHS",34,2,1,5.9,50
"2554","South Africa","Men","1975-1979","Medium","DHS",117,3,1,2.6,33.3
"2555","South Africa","Men","1975-1979","High","DHS",834,49,24,5.9,49
"2556","South Africa","Men","1980-1984","Low","DHS",15,5,4,33.3,80
"2557","South Africa","Men","1980-1984","Medium","DHS",39,2,1,5.1,50
"2558","South Africa","Men","1980-1984","High","DHS",345,24,15,7,62.5
"2559","South Africa","Women","1955-1959","Low","DHS",20,4,4,20,100
"2560","South Africa","Women","1955-1959","Medium","DHS",48,NA,NA,NA,NA
"2561","South Africa","Women","1955-1959","High","DHS",67,6,4,9,66.7
"2562","South Africa","Women","1960-1964","Low","DHS",32,5,4,15.6,80
"2563","South Africa","Women","1960-1964","Medium","DHS",72,11,7,15.3,63.6
"2564","South Africa","Women","1960-1964","High","DHS",118,10,6,8.5,60
"2565","South Africa","Women","1965-1969","Low","DHS",22,4,4,18.2,100
"2566","South Africa","Women","1965-1969","Medium","DHS",63,7,5,11.1,71.4
"2567","South Africa","Women","1965-1969","High","DHS",181,20,11,11,55
"2568","South Africa","Women","1970-1974","Low","DHS",18,1,1,5.6,100
"2569","South Africa","Women","1970-1974","Medium","DHS",72,12,10,16.7,83.3
"2570","South Africa","Women","1970-1974","High","DHS",213,14,10,6.6,71.4
"2571","South Africa","Women","1975-1979","Low","DHS",20,5,5,25,100
"2572","South Africa","Women","1975-1979","Medium","DHS",51,5,5,9.8,100
"2573","South Africa","Women","1975-1979","High","DHS",262,35,20,13.4,57.1
"2574","South Africa","Women","1980-1984","Low","DHS",3,NA,NA,NA,NA
"2575","South Africa","Women","1980-1984","Medium","DHS",21,5,4,23.8,80
"2576","South Africa","Women","1980-1984","High","DHS",100,23,16,23,69.6
"2577","Swaziland","Men","1955-1959","Low","DHS",54,3,1,5.6,33.3
"2578","Swaziland","Men","1955-1959","Medium","DHS",91,2,NA,2.2,NA
"2579","Swaziland","Men","1955-1959","High","DHS",87,3,1,3.4,33.3
"2580","Swaziland","Men","1960-1964","Low","DHS",84,3,NA,3.6,NA
"2581","Swaziland","Men","1960-1964","Medium","DHS",166,10,2,6,20
"2582","Swaziland","Men","1960-1964","High","DHS",172,10,5,5.8,50
"2583","Swaziland","Men","1965-1969","Low","DHS",56,4,2,7.1,50
"2584","Swaziland","Men","1965-1969","Medium","DHS",167,3,1,1.8,33.3
"2585","Swaziland","Men","1965-1969","High","DHS",271,14,3,5.2,21.4
"2586","Swaziland","Men","1970-1974","Low","DHS",20,2,2,10,100
"2587","Swaziland","Men","1970-1974","Medium","DHS",70,2,NA,2.9,NA
"2588","Swaziland","Men","1970-1974","High","DHS",95,6,3,6.3,50
"2589","Swaziland","Women","1955-1959","Low","DHS",37,2,2,5.4,100
"2590","Swaziland","Women","1955-1959","Medium","DHS",49,1,NA,2,NA
"2591","Swaziland","Women","1955-1959","High","DHS",67,2,NA,3,NA
"2592","Swaziland","Women","1960-1964","Low","DHS",47,2,2,4.3,100
"2593","Swaziland","Women","1960-1964","Medium","DHS",75,3,1,4,33.3
"2594","Swaziland","Women","1960-1964","High","DHS",136,1,NA,0.7,NA
"2595","Swaziland","Women","1965-1969","Low","DHS",58,7,4,12.1,57.1
"2596","Swaziland","Women","1965-1969","Medium","DHS",112,14,7,12.5,50
"2597","Swaziland","Women","1965-1969","High","DHS",205,17,12,8.3,70.6
"2598","Swaziland","Women","1970-1974","Low","DHS",15,3,2,20,66.7
"2599","Swaziland","Women","1970-1974","Medium","DHS",40,5,4,12.5,80
"2600","Swaziland","Women","1970-1974","High","DHS",92,8,6,8.7,75
"2601","Sweden","Men","1930-1934","Low","GGS",25,24,17,96,70.8
"2602","Sweden","Men","1930-1934","Medium","GGS",26,26,18,100,69.2
"2603","Sweden","Men","1930-1934","High","GGS",17,17,13,100,76.5
"2604","Sweden","Men","1935-1939","Low","GGS",95,94,55,98.9,58.5
"2605","Sweden","Men","1935-1939","Medium","GGS",105,101,72,96.2,71.3
"2606","Sweden","Men","1935-1939","High","GGS",51,50,33,98,66
"2607","Sweden","Men","1935-1939",NA,"GGS",1,1,NA,100,NA
"2608","Sweden","Men","1940-1944","Low","GGS",95,89,60,93.7,67.4
"2609","Sweden","Men","1940-1944","Medium","GGS",173,166,101,96,60.8
"2610","Sweden","Men","1940-1944","High","GGS",79,71,52,89.9,73.2
"2611","Sweden","Men","1940-1944",NA,"GGS",2,2,1,100,50
"2612","Sweden","Men","1945-1949","Low","GGS",98,87,51,88.8,58.6
"2613","Sweden","Men","1945-1949","Medium","GGS",230,214,111,93,51.9
"2614","Sweden","Men","1945-1949","High","GGS",133,111,56,83.5,50.5
"2615","Sweden","Men","1950-1954","Low","GGS",80,66,37,82.5,56.1
"2616","Sweden","Men","1950-1954","Medium","GGS",223,170,93,76.2,54.7
"2617","Sweden","Men","1950-1954","High","GGS",104,80,47,76.9,58.8
"2618","Sweden","Men","1955-1959","Low","GGS",57,41,19,71.9,46.3
"2619","Sweden","Men","1955-1959","Medium","GGS",245,146,64,59.6,43.8
"2620","Sweden","Men","1955-1959","High","GGS",118,50,28,42.4,56
"2621","Sweden","Men","1960-1964","Low","GGS",47,22,7,46.8,31.8
"2622","Sweden","Men","1960-1964","Medium","GGS",245,87,37,35.5,42.5
"2623","Sweden","Men","1960-1964","High","GGS",108,30,14,27.8,46.7
"2624","Sweden","Men","1965-1969","Low","GGS",35,9,1,25.7,11.1
"2625","Sweden","Men","1965-1969","Medium","GGS",268,76,35,28.4,46.1
"2626","Sweden","Men","1965-1969","High","GGS",126,24,13,19,54.2
"2627","Sweden","Men","1970-1974","Low","GGS",26,7,2,26.9,28.6
"2628","Sweden","Men","1970-1974","Medium","GGS",232,48,24,20.7,50
"2629","Sweden","Men","1970-1974","High","GGS",167,41,19,24.6,46.3
"2630","Sweden","Men","1970-1974",NA,"GGS",1,NA,NA,NA,NA
"2631","Sweden","Men","1975-1979","Low","GGS",11,3,2,27.3,66.7
"2632","Sweden","Men","1975-1979","Medium","GGS",108,32,16,29.6,50
"2633","Sweden","Men","1975-1979","High","GGS",92,27,15,29.3,55.6
"2634","Sweden","Men","1975-1979",NA,"GGS",1,NA,NA,NA,NA
"2635","Sweden","Women","1930-1934","Low","GGS",31,30,16,96.8,53.3
"2636","Sweden","Women","1930-1934","Medium","GGS",30,28,10,93.3,35.7
"2637","Sweden","Women","1930-1934","High","GGS",15,15,12,100,80
"2638","Sweden","Women","1935-1939","Low","GGS",95,94,49,98.9,52.1
"2639","Sweden","Women","1935-1939","Medium","GGS",104,104,54,100,51.9
"2640","Sweden","Women","1935-1939","High","GGS",74,74,41,100,55.4
"2641","Sweden","Women","1935-1939",NA,"GGS",1,1,1,100,100
"2642","Sweden","Women","1940-1944","Low","GGS",90,87,49,96.7,56.3
"2643","Sweden","Women","1940-1944","Medium","GGS",155,151,81,97.4,53.6
"2644","Sweden","Women","1940-1944","High","GGS",115,111,65,96.5,58.6
"2645","Sweden","Women","1940-1944",NA,"GGS",1,1,1,100,100
"2646","Sweden","Women","1945-1949","Low","GGS",92,88,47,95.7,53.4
"2647","Sweden","Women","1945-1949","Medium","GGS",234,224,105,95.7,46.9
"2648","Sweden","Women","1945-1949","High","GGS",159,148,72,93.1,48.6
"2649","Sweden","Women","1945-1949",NA,"GGS",1,NA,NA,NA,NA
"2650","Sweden","Women","1950-1954","Low","GGS",38,34,16,89.5,47.1
"2651","Sweden","Women","1950-1954","Medium","GGS",196,177,83,90.3,46.9
"2652","Sweden","Women","1950-1954","High","GGS",156,133,62,85.3,46.6
"2653","Sweden","Women","1950-1954",NA,"GGS",3,3,3,100,100
"2654","Sweden","Women","1955-1959","Low","GGS",37,23,9,62.2,39.1
"2655","Sweden","Women","1955-1959","Medium","GGS",213,139,55,65.3,39.6
"2656","Sweden","Women","1955-1959","High","GGS",180,106,44,58.9,41.5
"2657","Sweden","Women","1960-1964","Low","GGS",29,14,6,48.3,42.9
"2658","Sweden","Women","1960-1964","Medium","GGS",243,94,40,38.7,42.6
"2659","Sweden","Women","1960-1964","High","GGS",196,58,27,29.6,46.6
"2660","Sweden","Women","1965-1969","Low","GGS",26,6,2,23.1,33.3
"2661","Sweden","Women","1965-1969","Medium","GGS",272,47,14,17.3,29.8
"2662","Sweden","Women","1965-1969","High","GGS",188,31,13,16.5,41.9
"2663","Sweden","Women","1965-1969",NA,"GGS",1,1,NA,100,NA
"2664","Sweden","Women","1970-1974","Low","GGS",12,1,1,8.3,100
"2665","Sweden","Women","1970-1974","Medium","GGS",201,28,5,13.9,17.9
"2666","Sweden","Women","1970-1974","High","GGS",236,28,11,11.9,39.3
"2667","Sweden","Women","1970-1974",NA,"GGS",1,NA,NA,NA,NA
"2668","Sweden","Women","1975-1979","Low","GGS",9,NA,NA,NA,NA
"2669","Sweden","Women","1975-1979","Medium","GGS",87,9,7,10.3,77.8
"2670","Sweden","Women","1975-1979","High","GGS",126,29,14,23,48.3
"2671","Sweden","Women","1975-1979",NA,"GGS",2,NA,NA,NA,NA
"2672","Tanzania","Men","1965-1969","Low","DHS",158,6,2,3.8,33.3
"2673","Tanzania","Men","1965-1969","Medium","DHS",502,6,NA,1.2,NA
"2674","Tanzania","Men","1965-1969","High","DHS",114,1,NA,0.9,NA
"2675","Tanzania","Men","1970-1974","Low","DHS",288,11,3,3.8,27.3
"2676","Tanzania","Men","1970-1974","Medium","DHS",859,14,2,1.6,14.3
"2677","Tanzania","Men","1970-1974","High","DHS",157,7,3,4.5,42.9
"2678","Tanzania","Men","1975-1979","Low","DHS",320,5,1,1.6,20
"2679","Tanzania","Men","1975-1979","Medium","DHS",990,26,5,2.6,19.2
"2680","Tanzania","Men","1975-1979","High","DHS",249,19,11,7.6,57.9
"2681","Tanzania","Men","1980-1984","Low","DHS",104,6,2,5.8,33.3
"2682","Tanzania","Men","1980-1984","Medium","DHS",226,3,1,1.3,33.3
"2683","Tanzania","Men","1980-1984","High","DHS",44,3,1,6.8,33.3
"2684","Tanzania","Women","1965-1969","Low","DHS",21,NA,NA,NA,NA
"2685","Tanzania","Women","1965-1969","Medium","DHS",185,4,1,2.2,25
"2686","Tanzania","Women","1965-1969","High","DHS",26,4,3,15.4,75
"2687","Tanzania","Women","1970-1974","Low","DHS",33,2,NA,6.1,NA
"2688","Tanzania","Women","1970-1974","Medium","DHS",233,8,6,3.4,75
"2689","Tanzania","Women","1970-1974","High","DHS",53,1,1,1.9,100
"2690","Tanzania","Women","1975-1979","Low","DHS",40,1,NA,2.5,NA
"2691","Tanzania","Women","1975-1979","Medium","DHS",310,7,5,2.3,71.4
"2692","Tanzania","Women","1975-1979","High","DHS",77,7,6,9.1,85.7
"2693","Tanzania","Women","1980-1984","Low","DHS",9,NA,NA,NA,NA
"2694","Tanzania","Women","1980-1984","Medium","DHS",53,NA,NA,NA,NA
"2695","Tanzania","Women","1980-1984","High","DHS",18,1,NA,5.6,NA
"2696","Timor-Leste","Men","1965-1969","Low","DHS",324,21,14,6.5,66.7
"2697","Timor-Leste","Men","1965-1969","Medium","DHS",94,3,NA,3.2,NA
"2698","Timor-Leste","Men","1965-1969","High","DHS",188,18,15,9.6,83.3
"2699","Timor-Leste","Men","1970-1974","Low","DHS",569,38,24,6.7,63.2
"2700","Timor-Leste","Men","1970-1974","Medium","DHS",307,21,12,6.8,57.1
"2701","Timor-Leste","Men","1970-1974","High","DHS",499,43,28,8.6,65.1
"2702","Timor-Leste","Men","1975-1979","Low","DHS",389,24,18,6.2,75
"2703","Timor-Leste","Men","1975-1979","Medium","DHS",279,19,12,6.8,63.2
"2704","Timor-Leste","Men","1975-1979","High","DHS",514,37,22,7.2,59.5
"2705","Timor-Leste","Men","1980-1984","Low","DHS",194,29,20,14.9,69
"2706","Timor-Leste","Men","1980-1984","Medium","DHS",111,5,5,4.5,100
"2707","Timor-Leste","Men","1980-1984","High","DHS",252,26,19,10.3,73.1
"2708","Timor-Leste","Women","1955-1959","Low","DHS",56,7,2,12.5,28.6
"2709","Timor-Leste","Women","1955-1959","Medium","DHS",34,1,1,2.9,100
"2710","Timor-Leste","Women","1955-1959","High","DHS",22,1,NA,4.5,NA
"2711","Timor-Leste","Women","1960-1964","Low","DHS",158,17,7,10.8,41.2
"2712","Timor-Leste","Women","1960-1964","Medium","DHS",71,5,3,7,60
"2713","Timor-Leste","Women","1960-1964","High","DHS",76,7,1,9.2,14.3
"2714","Timor-Leste","Women","1965-1969","Low","DHS",149,12,6,8.1,50
"2715","Timor-Leste","Women","1965-1969","Medium","DHS",93,6,3,6.5,50
"2716","Timor-Leste","Women","1965-1969","High","DHS",169,11,4,6.5,36.4
"2717","Timor-Leste","Women","1970-1974","Low","DHS",148,14,7,9.5,50
"2718","Timor-Leste","Women","1970-1974","Medium","DHS",114,12,8,10.5,66.7
"2719","Timor-Leste","Women","1970-1974","High","DHS",218,15,5,6.9,33.3
"2720","Timor-Leste","Women","1975-1979","Low","DHS",109,15,9,13.8,60
"2721","Timor-Leste","Women","1975-1979","Medium","DHS",83,10,5,12,50
"2722","Timor-Leste","Women","1975-1979","High","DHS",186,27,15,14.5,55.6
"2723","Timor-Leste","Women","1980-1984","Low","DHS",42,9,8,21.4,88.9
"2724","Timor-Leste","Women","1980-1984","Medium","DHS",38,8,5,21.1,62.5
"2725","Timor-Leste","Women","1980-1984","High","DHS",89,17,14,19.1,82.4
"2726","Togo","Men","1960-1964","Low","DHS",54,1,NA,1.9,NA
"2727","Togo","Men","1960-1964","Medium","DHS",28,1,NA,3.6,NA
"2728","Togo","Men","1960-1964","High","DHS",18,1,1,5.6,100
"2729","Togo","Men","1965-1969","Low","DHS",477,5,NA,1,NA
"2730","Togo","Men","1965-1969","Medium","DHS",253,3,2,1.2,66.7
"2731","Togo","Men","1965-1969","High","DHS",108,5,2,4.6,40
"2732","Togo","Men","1970-1974","Low","DHS",520,6,1,1.2,16.7
"2733","Togo","Men","1970-1974","Medium","DHS",323,10,3,3.1,30
"2734","Togo","Men","1970-1974","High","DHS",136,14,4,10.3,28.6
"2735","Togo","Men","1975-1979","Low","DHS",594,12,5,2,41.7
"2736","Togo","Men","1975-1979","Medium","DHS",353,9,2,2.5,22.2
"2737","Togo","Men","1975-1979","High","DHS",201,8,2,4,25
"2738","Togo","Women","1950-1954","Low","DHS",8,NA,NA,NA,NA
"2739","Togo","Women","1950-1954","Medium","DHS",4,NA,NA,NA,NA
"2740","Togo","Women","1950-1954","High","DHS",8,NA,NA,NA,NA
"2741","Togo","Women","1955-1959","Low","DHS",52,1,1,1.9,100
"2742","Togo","Women","1955-1959","Medium","DHS",50,NA,NA,NA,NA
"2743","Togo","Women","1955-1959","High","DHS",86,2,2,2.3,100
"2744","Togo","Women","1960-1964","Low","DHS",85,1,1,1.2,100
"2745","Togo","Women","1960-1964","Medium","DHS",76,3,1,3.9,33.3
"2746","Togo","Women","1960-1964","High","DHS",148,2,2,1.4,100
"2747","Togo","Women","1965-1969","Low","DHS",94,2,1,2.1,50
"2748","Togo","Women","1965-1969","Medium","DHS",119,3,1,2.5,33.3
"2749","Togo","Women","1965-1969","High","DHS",149,4,2,2.7,50
"2750","Togo","Women","1970-1974","Low","DHS",96,4,3,4.2,75
"2751","Togo","Women","1970-1974","Medium","DHS",155,10,6,6.5,60
"2752","Togo","Women","1970-1974","High","DHS",187,12,4,6.4,33.3
"2753","Togo","Women","1975-1979","Low","DHS",97,10,7,10.3,70
"2754","Togo","Women","1975-1979","Medium","DHS",135,9,7,6.7,77.8
"2755","Togo","Women","1975-1979","High","DHS",182,15,7,8.2,46.7
"2756","Turkey","Men","1945-1949","Low","DHS",49,1,NA,2,NA
"2757","Turkey","Men","1945-1949","Medium","DHS",58,2,1,3.4,50
"2758","Turkey","Men","1945-1949","High","DHS",18,4,4,22.2,100
"2759","Turkey","Men","1950-1954","Low","DHS",323,7,1,2.2,14.3
"2760","Turkey","Men","1950-1954","Medium","DHS",356,11,5,3.1,45.5
"2761","Turkey","Men","1950-1954","High","DHS",98,13,7,13.3,53.8
"2762","Turkey","Men","1955-1959","Low","DHS",296,7,1,2.4,14.3
"2763","Turkey","Men","1955-1959","Medium","DHS",439,18,6,4.1,33.3
"2764","Turkey","Men","1955-1959","High","DHS",174,18,10,10.3,55.6
"2765","Turkey","Men","1960-1964","Low","DHS",223,16,4,7.2,25
"2766","Turkey","Men","1960-1964","Medium","DHS",490,20,6,4.1,30
"2767","Turkey","Men","1960-1964","High","DHS",182,18,13,9.9,72.2
"2768","Turkey","Women","1910-1914","Medium","DHS",1,NA,NA,NA,NA
"2769","Turkey","Women","1920-1924","Medium","DHS",1,NA,NA,NA,NA
"2770","Turkey","Women","1925-1929","Low","DHS",3,NA,NA,NA,NA
"2771","Turkey","Women","1925-1929","Medium","DHS",2,1,NA,50,NA
"2772","Turkey","Women","1930-1934","Low","DHS",7,NA,NA,NA,NA
"2773","Turkey","Women","1930-1934","Medium","DHS",4,NA,NA,NA,NA
"2774","Turkey","Women","1935-1939","Low","DHS",8,NA,NA,NA,NA
"2775","Turkey","Women","1935-1939","Medium","DHS",16,NA,NA,NA,NA
"2776","Turkey","Women","1935-1939","High","DHS",3,NA,NA,NA,NA
"2777","Turkey","Women","1940-1944","Low","DHS",23,1,NA,4.3,NA
"2778","Turkey","Women","1940-1944","Medium","DHS",32,NA,NA,NA,NA
"2779","Turkey","Women","1940-1944","High","DHS",10,1,NA,10,NA
"2780","Turkey","Women","1945-1949","Low","DHS",26,NA,NA,NA,NA
"2781","Turkey","Women","1945-1949","Medium","DHS",72,NA,NA,NA,NA
"2782","Turkey","Women","1945-1949","High","DHS",67,3,NA,4.5,NA
"2783","Turkey","Women","1950-1954","Low","DHS",21,NA,NA,NA,NA
"2784","Turkey","Women","1950-1954","Medium","DHS",142,3,NA,2.1,NA
"2785","Turkey","Women","1950-1954","High","DHS",117,2,NA,1.7,NA
"2786","Turkey","Women","1955-1959","Low","DHS",20,NA,NA,NA,NA
"2787","Turkey","Women","1955-1959","Medium","DHS",169,5,NA,3,NA
"2788","Turkey","Women","1955-1959","High","DHS",141,4,NA,2.8,NA
"2789","Turkey","Women","1960-1964","Low","DHS",10,NA,NA,NA,NA
"2790","Turkey","Women","1960-1964","Medium","DHS",147,6,NA,4.1,NA
"2791","Turkey","Women","1960-1964","High","DHS",145,3,NA,2.1,NA
"2792","Uganda","Men","1965-1969","Low","DHS",192,3,NA,1.6,NA
"2793","Uganda","Men","1965-1969","Medium","DHS",416,6,1,1.4,16.7
"2794","Uganda","Men","1965-1969","High","DHS",102,1,NA,1,NA
"2795","Uganda","Men","1970-1974","Low","DHS",366,9,2,2.5,22.2
"2796","Uganda","Men","1970-1974","Medium","DHS",885,11,3,1.2,27.3
"2797","Uganda","Men","1970-1974","High","DHS",222,8,5,3.6,62.5
"2798","Uganda","Men","1975-1979","Low","DHS",387,7,NA,1.8,NA
"2799","Uganda","Men","1975-1979","Medium","DHS",1151,18,4,1.6,22.2
"2800","Uganda","Men","1975-1979","High","DHS",357,12,8,3.4,66.7
"2801","Uganda","Men","1980-1984","Low","DHS",188,2,NA,1.1,NA
"2802","Uganda","Men","1980-1984","Medium","DHS",437,5,3,1.1,60
"2803","Uganda","Men","1980-1984","High","DHS",131,2,2,1.5,100
"2804","Uganda","Women","1960-1964","Low","DHS",15,2,NA,13.3,NA
"2805","Uganda","Women","1960-1964","Medium","DHS",111,NA,NA,NA,NA
"2806","Uganda","Women","1960-1964","High","DHS",49,NA,NA,NA,NA
"2807","Uganda","Women","1965-1969","Low","DHS",35,5,2,14.3,40
"2808","Uganda","Women","1965-1969","Medium","DHS",185,2,2,1.1,100
"2809","Uganda","Women","1965-1969","High","DHS",98,NA,NA,NA,NA
"2810","Uganda","Women","1970-1974","Low","DHS",27,2,1,7.4,50
"2811","Uganda","Women","1970-1974","Medium","DHS",298,6,2,2,33.3
"2812","Uganda","Women","1970-1974","High","DHS",151,NA,NA,NA,NA
"2813","Uganda","Women","1975-1979","Low","DHS",34,2,1,5.9,50
"2814","Uganda","Women","1975-1979","Medium","DHS",276,8,3,2.9,37.5
"2815","Uganda","Women","1975-1979","High","DHS",161,5,5,3.1,100
"2816","Uganda","Women","1980-1984","Low","DHS",19,1,NA,5.3,NA
"2817","Uganda","Women","1980-1984","Medium","DHS",115,6,6,5.2,100
"2818","Uganda","Women","1980-1984","High","DHS",71,1,NA,1.4,NA
"2819","Ukraine","Men","1955-1959","High","DHS",424,23,3,5.4,13
"2820","Ukraine","Men","1960-1964","Low","DHS",1,NA,NA,NA,NA
"2821","Ukraine","Men","1960-1964","Medium","DHS",3,NA,NA,NA,NA
"2822","Ukraine","Men","1960-1964","High","DHS",1090,44,11,4,25
"2823","Ukraine","Men","1965-1969","High","DHS",966,65,16,6.7,24.6
"2824","Ukraine","Men","1970-1974","Medium","DHS",1,NA,NA,NA,NA
"2825","Ukraine","Men","1970-1974","High","DHS",594,43,14,7.2,32.6
"2826","Ukraine","Women","1955-1959","Medium","DHS",1,1,1,100,100
"2827","Ukraine","Women","1955-1959","High","DHS",218,14,5,6.4,35.7
"2828","Ukraine","Women","1960-1964","High","DHS",481,50,19,10.4,38
"2829","Ukraine","Women","1965-1969","Low","DHS",1,1,1,100,100
"2830","Ukraine","Women","1965-1969","High","DHS",378,46,14,12.2,30.4
"2831","Ukraine","Women","1970-1974","High","DHS",286,44,19,15.4,43.2
"2832","Zambia","Men","1965-1969","Low","DHS",30,2,NA,6.7,NA
"2833","Zambia","Men","1965-1969","Medium","DHS",113,2,NA,1.8,NA
"2834","Zambia","Men","1965-1969","High","DHS",36,NA,NA,NA,NA
"2835","Zambia","Men","1970-1974","Low","DHS",169,2,NA,1.2,NA
"2836","Zambia","Men","1970-1974","Medium","DHS",609,12,2,2,16.7
"2837","Zambia","Men","1970-1974","High","DHS",273,10,7,3.7,70
"2838","Zambia","Men","1975-1979","Low","DHS",168,1,1,0.6,100
"2839","Zambia","Men","1975-1979","Medium","DHS",765,10,1,1.3,10
"2840","Zambia","Men","1975-1979","High","DHS",402,10,5,2.5,50
"2841","Zambia","Men","1980-1984","Low","DHS",171,1,NA,0.6,NA
"2842","Zambia","Men","1980-1984","Medium","DHS",705,7,2,1,28.6
"2843","Zambia","Men","1980-1984","High","DHS",413,15,7,3.6,46.7
"2844","Zambia","Women","1955-1959","Low","DHS",3,NA,NA,NA,NA
"2845","Zambia","Women","1955-1959","Medium","DHS",41,1,NA,2.4,NA
"2846","Zambia","Women","1955-1959","High","DHS",23,NA,NA,NA,NA
"2847","Zambia","Women","1960-1964","Low","DHS",22,1,1,4.5,100
"2848","Zambia","Women","1960-1964","Medium","DHS",278,6,5,2.2,83.3
"2849","Zambia","Women","1960-1964","High","DHS",201,2,2,1,100
"2850","Zambia","Women","1965-1969","Low","DHS",37,3,1,8.1,33.3
"2851","Zambia","Women","1965-1969","Medium","DHS",311,6,5,1.9,83.3
"2852","Zambia","Women","1965-1969","High","DHS",270,3,2,1.1,66.7
"2853","Zambia","Women","1970-1974","Low","DHS",60,3,1,5,33.3
"2854","Zambia","Women","1970-1974","Medium","DHS",479,19,12,4,63.2
"2855","Zambia","Women","1970-1974","High","DHS",424,16,9,3.8,56.2
"2856","Zambia","Women","1975-1979","Low","DHS",60,3,2,5,66.7
"2857","Zambia","Women","1975-1979","Medium","DHS",510,13,8,2.5,61.5
"2858","Zambia","Women","1975-1979","High","DHS",539,14,10,2.6,71.4
"2859","Zambia","Women","1980-1984","Low","DHS",66,6,3,9.1,50
"2860","Zambia","Women","1980-1984","Medium","DHS",439,19,11,4.3,57.9
"2861","Zambia","Women","1980-1984","High","DHS",536,47,33,8.8,70.2
"2862","Zimbabwe","Men","1965-1969","Low","DHS",30,3,3,10,100
"2863","Zimbabwe","Men","1965-1969","Medium","DHS",150,6,1,4,16.7
"2864","Zimbabwe","Men","1965-1969","High","DHS",291,10,5,3.4,50
"2865","Zimbabwe","Men","1970-1974","Low","DHS",18,1,1,5.6,100
"2866","Zimbabwe","Men","1970-1974","Medium","DHS",266,8,2,3,25
"2867","Zimbabwe","Men","1970-1974","High","DHS",617,35,11,5.7,31.4
"2868","Zimbabwe","Men","1975-1979","Low","DHS",21,NA,NA,NA,NA
"2869","Zimbabwe","Men","1975-1979","Medium","DHS",339,6,4,1.8,66.7
"2870","Zimbabwe","Men","1975-1979","High","DHS",819,24,11,2.9,45.8
"2871","Zimbabwe","Men","1980-1984","Low","DHS",1,NA,NA,NA,NA
"2872","Zimbabwe","Men","1980-1984","Medium","DHS",49,1,NA,2,NA
"2873","Zimbabwe","Men","1980-1984","High","DHS",169,6,5,3.6,83.3
"2874","Zimbabwe","Women","1960-1964","Low","DHS",18,1,NA,5.6,NA
"2875","Zimbabwe","Women","1960-1964","Medium","DHS",105,1,NA,1,NA
"2876","Zimbabwe","Women","1960-1964","High","DHS",190,7,2,3.7,28.6
"2877","Zimbabwe","Women","1965-1969","Low","DHS",6,NA,NA,NA,NA
"2878","Zimbabwe","Women","1965-1969","Medium","DHS",101,3,NA,3,NA
"2879","Zimbabwe","Women","1965-1969","High","DHS",394,13,6,3.3,46.2
"2880","Zimbabwe","Women","1970-1974","Low","DHS",7,2,2,28.6,100
"2881","Zimbabwe","Women","1970-1974","Medium","DHS",138,5,1,3.6,20
"2882","Zimbabwe","Women","1970-1974","High","DHS",658,27,12,4.1,44.4
"2883","Zimbabwe","Women","1975-1979","Low","DHS",6,NA,NA,NA,NA
"2884","Zimbabwe","Women","1975-1979","Medium","DHS",192,13,5,6.8,38.5
"2885","Zimbabwe","Women","1975-1979","High","DHS",689,47,15,6.8,31.9
"2886","Zimbabwe","Women","1980-1984","Medium","DHS",37,6,3,16.2,50
"2887","Zimbabwe","Women","1980-1984","High","DHS",144,13,11,9,84.6
"2888","Albania","Men","1955-1959","All","DHS",861,0,0,0,NA
"2889","Albania","Men","1960-1964","All","DHS",2120,0,0,0,NA
"2890","Albania","Men","1965-1969","All","DHS",1932,34,22,1.8,64.7
"2891","Albania","Men","1970-1974","All","DHS",1706,109,41,6.4,37.6
"2892","Albania","Men","1975-1979","All","DHS",1538,105,64,6.8,61
"2893","Albania","Men","1980-1984","All","DHS",801,73,53,9.1,72.6
"2894","Albania","Women","1955-1959","All","DHS",329,16,3,4.9,18.8
"2895","Albania","Women","1960-1964","All","DHS",877,56,15,6.4,26.8
"2896","Albania","Women","1965-1969","All","DHS",723,63,16,8.7,25.4
"2897","Albania","Women","1970-1974","All","DHS",634,63,18,9.9,28.6
"2898","Albania","Women","1975-1979","All","DHS",566,84,44,14.8,52.4
"2899","Albania","Women","1980-1984","All","DHS",316,89,59,28.2,66.3
"2900","Angola","Men","1965-1969","All","DHS",642,24,8,3.7,33.3
"2901","Angola","Men","1970-1974","All","DHS",1019,32,7,3.1,21.9
"2902","Angola","Men","1975-1979","All","DHS",1598,49,19,3.1,38.8
"2903","Angola","Men","1980-1984","All","DHS",362,8,6,2.2,75
"2904","Angola","Women","1960-1964","All","DHS",237,8,3,3.4,37.5
"2905","Angola","Women","1965-1969","All","DHS",374,16,4,4.3,25
"2906","Angola","Women","1970-1974","All","DHS",434,16,5,3.7,31.2
"2907","Angola","Women","1975-1979","All","DHS",525,17,9,3.2,52.9
"2908","Angola","Women","1980-1984","All","DHS",140,10,8,7.1,80
"2909","Armenia","Men","1965-1969","All","DHS",528,33,23,6.2,69.7
"2910","Armenia","Men","1970-1974","All","DHS",767,51,27,6.6,52.9
"2911","Armenia","Men","1975-1979","All","DHS",856,79,57,9.2,72.2
"2912","Armenia","Men","1980-1984","All","DHS",219,23,20,10.5,87
"2913","Armenia","Women","1965-1969","All","DHS",239,12,9,5,75
"2914","Armenia","Women","1970-1974","All","DHS",342,31,19,9.1,61.3
"2915","Armenia","Women","1975-1979","All","DHS",385,49,37,12.7,75.5
"2916","Armenia","Women","1980-1984","All","DHS",82,15,12,18.3,80
"2917","Austria","Men","1960-1964","All","GGS",144,30,18,20.8,60
"2918","Austria","Men","1965-1969","All","GGS",461,112,58,24.3,51.8
"2919","Austria","Men","1970-1974","All","GGS",301,109,59,36.2,54.1
"2920","Austria","Women","1960-1964","All","GGS",203,31,21,15.3,67.7
"2921","Austria","Women","1965-1969","All","GGS",712,121,57,17,47.1
"2922","Austria","Women","1970-1974","All","GGS",466,91,38,19.5,41.8
"2923","Azerbaijan","Men","1955-1959","All","DHS",593,61,35,10.3,57.4
"2924","Azerbaijan","Men","1960-1964","All","DHS",1280,132,81,10.3,61.4
"2925","Azerbaijan","Men","1965-1969","All","DHS",1186,149,105,12.6,70.5
"2926","Azerbaijan","Men","1970-1974","All","DHS",436,85,63,19.5,74.1
"2927","Azerbaijan","Women","1945-1949","All","DHS",53,1,1,1.9,100
"2928","Azerbaijan","Women","1950-1954","All","DHS",155,6,2,3.9,33.3
"2929","Azerbaijan","Women","1955-1959","All","DHS",286,11,2,3.8,18.2
"2930","Azerbaijan","Women","1960-1964","All","DHS",322,8,1,2.5,12.5
"2931","Azerbaijan","Women","1965-1969","All","DHS",302,14,7,4.6,50
"2932","Azerbaijan","Women","1970-1974","All","DHS",121,16,8,13.2,50
"2933","Belgium","Men","1925-1929","All","GGS",41,11,7,26.8,63.6
"2934","Belgium","Men","1930-1934","All","GGS",167,43,31,25.7,72.1
"2935","Belgium","Men","1935-1939","All","GGS",190,50,37,26.3,74
"2936","Belgium","Men","1940-1944","All","GGS",213,73,47,34.3,64.4
"2937","Belgium","Men","1945-1949","All","GGS",290,86,59,29.7,68.6
"2938","Belgium","Men","1950-1954","All","GGS",335,82,53,24.5,64.6
"2939","Belgium","Men","1955-1959","All","GGS",339,67,39,19.8,58.2
"2940","Belgium","Men","1960-1964","All","GGS",389,69,34,17.7,49.3
"2941","Belgium","Men","1965-1969","All","GGS",319,72,37,22.6,51.4
"2942","Belgium","Men","1970-1974","All","GGS",283,76,39,26.9,51.3
"2943","Belgium","Men","1975-1979","All","GGS",10,3,1,30,33.3
"2944","Belgium","Women","1925-1929","All","GGS",42,11,9,26.2,81.8
"2945","Belgium","Women","1930-1934","All","GGS",166,50,38,30.1,76
"2946","Belgium","Women","1935-1939","All","GGS",182,51,39,28,76.5
"2947","Belgium","Women","1940-1944","All","GGS",215,56,44,26,78.6
"2948","Belgium","Women","1945-1949","All","GGS",318,87,60,27.4,69
"2949","Belgium","Women","1950-1954","All","GGS",326,53,32,16.3,60.4
"2950","Belgium","Women","1955-1959","All","GGS",372,63,31,16.9,49.2
"2951","Belgium","Women","1960-1964","All","GGS",430,55,27,12.8,49.1
"2952","Belgium","Women","1965-1969","All","GGS",369,53,16,14.4,30.2
"2953","Belgium","Women","1970-1974","All","GGS",291,50,25,17.2,50
"2954","Belgium","Women","1975-1979","All","GGS",6,0,0,0,NA
"2955","Benin","Men","1965-1969","All","DHS",398,7,3,1.8,42.9
"2956","Benin","Men","1970-1974","All","DHS",1198,19,3,1.6,15.8
"2957","Benin","Men","1975-1979","All","DHS",1554,23,6,1.5,26.1
"2958","Benin","Men","1980-1984","All","DHS",1361,27,3,2,11.1
"2959","Benin","Women","1950-1954","All","DHS",53,2,1,3.8,50
"2960","Benin","Women","1955-1959","All","DHS",230,1,1,0.4,100
"2961","Benin","Women","1960-1964","All","DHS",312,7,3,2.2,42.9
"2962","Benin","Women","1965-1969","All","DHS",421,7,3,1.7,42.9
"2963","Benin","Women","1970-1974","All","DHS",604,11,3,1.8,27.3
"2964","Benin","Women","1975-1979","All","DHS",660,21,9,3.2,42.9
"2965","Benin","Women","1980-1984","All","DHS",596,34,17,5.7,50
"2966","Bolivia","Men","1955-1959","All","DHS",511,25,11,4.9,44
"2967","Bolivia","Men","1960-1964","All","DHS",1656,55,31,3.3,56.4
"2968","Bolivia","Men","1965-1969","All","DHS",1944,83,50,4.3,60.2
"2969","Bolivia","Men","1970-1974","All","DHS",1418,82,53,5.8,64.6
"2970","Bolivia","Women","1940-1944","All","DHS",67,1,1,1.5,100
"2971","Bolivia","Women","1945-1949","All","DHS",295,16,6,5.4,37.5
"2972","Bolivia","Women","1950-1954","All","DHS",388,12,7,3.1,58.3
"2973","Bolivia","Women","1955-1959","All","DHS",421,25,13,5.9,52
"2974","Bolivia","Women","1960-1964","All","DHS",535,35,25,6.5,71.4
"2975","Bolivia","Women","1965-1969","All","DHS",597,40,27,6.7,67.5
"2976","Bolivia","Women","1970-1974","All","DHS",434,33,21,7.6,63.6
"2977","Brazil","Men","1945-1949","All","DHS",817,68,37,8.3,54.4
"2978","Brazil","Men","1950-1954","All","DHS",1311,105,58,8,55.2
"2979","Brazil","Men","1955-1959","All","DHS",1662,150,102,9,68
"2980","Brazil","Men","1960-1964","All","DHS",468,40,26,8.5,65
"2981","Brazil","Women","1935-1939","All","DHS",102,5,1,4.9,20
"2982","Brazil","Women","1940-1944","All","DHS",180,11,4,6.1,36.4
"2983","Brazil","Women","1945-1949","All","DHS",216,13,6,6,46.2
"2984","Brazil","Women","1950-1954","All","DHS",243,10,6,4.1,60
"2985","Brazil","Women","1955-1959","All","DHS",314,32,15,10.2,46.9
"2986","Brazil","Women","1960-1964","All","DHS",75,13,7,17.3,53.8
"2987","Bulgaria","Men","1919","All","GGS",1,0,0,0,NA
"2988","Bulgaria","Men","1920-1924","All","GGS",8,0,0,0,NA
"2989","Bulgaria","Men","1925-1929","All","GGS",235,28,22,11.9,78.6
"2990","Bulgaria","Men","1930-1934","All","GGS",294,15,13,5.1,86.7
"2991","Bulgaria","Men","1935-1939","All","GGS",352,25,18,7.1,72
"2992","Bulgaria","Men","1940-1944","All","GGS",372,38,35,10.2,92.1
"2993","Bulgaria","Men","1945-1949","All","GGS",429,33,28,7.7,84.8
"2994","Bulgaria","Men","1950-1954","All","GGS",435,50,40,11.5,80
"2995","Bulgaria","Men","1955-1959","All","GGS",411,53,52,12.9,98.1
"2996","Bulgaria","Men","1960-1964","All","GGS",612,88,68,14.4,77.3
"2997","Bulgaria","Men","1965-1969","All","GGS",604,134,120,22.2,89.6
"2998","Bulgaria","Women","1920-1924","All","GGS",6,0,0,0,NA
"2999","Bulgaria","Women","1925-1929","All","GGS",140,17,8,12.1,47.1
"3000","Bulgaria","Women","1930-1934","All","GGS",359,29,12,8.1,41.4
"3001","Bulgaria","Women","1935-1939","All","GGS",366,30,17,8.2,56.7
"3002","Bulgaria","Women","1940-1944","All","GGS",382,22,15,5.8,68.2
"3003","Bulgaria","Women","1945-1949","All","GGS",458,26,19,5.7,73.1
"3004","Bulgaria","Women","1950-1954","All","GGS",425,27,20,6.4,74.1
"3005","Bulgaria","Women","1955-1959","All","GGS",410,34,28,8.3,82.4
"3006","Bulgaria","Women","1960-1964","All","GGS",892,61,51,6.8,83.6
"3007","Bulgaria","Women","1965-1969","All","GGS",840,88,79,10.5,89.8
"3008","Burkina Faso","Men","1960-1964","All","DHS",1012,9,0,0.9,0
"3009","Burkina Faso","Men","1965-1969","All","DHS",1515,12,4,0.8,33.3
"3010","Burkina Faso","Men","1970-1974","All","DHS",1960,21,4,1.1,19
"3011","Burkina Faso","Men","1975-1979","All","DHS",483,3,0,0.6,0
"3012","Burkina Faso","Women","1950-1954","All","DHS",257,1,0,0.4,0
"3013","Burkina Faso","Women","1955-1959","All","DHS",434,4,0,0.9,0
"3014","Burkina Faso","Women","1960-1964","All","DHS",562,8,2,1.4,25
"3015","Burkina Faso","Women","1965-1969","All","DHS",700,8,2,1.1,25
"3016","Burkina Faso","Women","1970-1974","All","DHS",815,41,19,5,46.3
"3017","Burkina Faso","Women","1975-1979","All","DHS",165,14,9,8.5,64.3
"3018","Burundi","Men","1965-1969","All","DHS",651,19,12,2.9,63.2
"3019","Burundi","Men","1970-1974","All","DHS",1425,46,25,3.2,54.3
"3020","Burundi","Men","1975-1979","All","DHS",1681,78,46,4.6,59
"3021","Burundi","Men","1980-1984","All","DHS",928,51,38,5.5,74.5
"3022","Burundi","Women","1955-1959","All","DHS",211,5,4,2.4,80
"3023","Burundi","Women","1960-1964","All","DHS",439,10,7,2.3,70
"3024","Burundi","Women","1965-1969","All","DHS",485,10,7,2.1,70
"3025","Burundi","Women","1970-1974","All","DHS",559,16,6,2.9,37.5
"3026","Burundi","Women","1975-1979","All","DHS",657,21,12,3.2,57.1
"3027","Burundi","Women","1980-1984","All","DHS",352,14,10,4,71.4
"3028","Cambodia","Men","1960-1964","All","DHS",73,4,3,5.5,75
"3029","Cambodia","Men","1965-1969","All","DHS",1902,124,81,6.5,65.3
"3030","Cambodia","Men","1970-1974","All","DHS",1989,150,98,7.5,65.3
"3031","Cambodia","Men","1975-1979","All","DHS",1708,151,95,8.8,62.9
"3032","Cambodia","Women","1960-1964","All","DHS",28,0,0,0,NA
"3033","Cambodia","Women","1965-1969","All","DHS",542,16,1,3,6.2
"3034","Cambodia","Women","1970-1974","All","DHS",597,22,7,3.7,31.8
"3035","Cambodia","Women","1975-1979","All","DHS",512,35,13,6.8,37.1
"3036","Cameroon","Men","1950-1954","All","DHS",73,3,0,4.1,0
"3037","Cameroon","Men","1955-1959","All","DHS",295,10,0,3.4,0
"3038","Cameroon","Men","1960-1964","All","DHS",377,12,2,3.2,16.7
"3039","Cameroon","Men","1965-1969","All","DHS",584,17,4,2.9,23.5
"3040","Cameroon","Men","1970-1974","All","DHS",916,33,6,3.6,18.2
"3041","Cameroon","Men","1975-1979","All","DHS",1177,42,5,3.6,11.9
"3042","Cameroon","Men","1980-1984","All","DHS",1214,62,34,5.1,54.8
"3043","Cameroon","Women","1950-1954","All","DHS",55,1,0,1.8,0
"3044","Cameroon","Women","1955-1959","All","DHS",239,6,0,2.5,0
"3045","Cameroon","Women","1960-1964","All","DHS",319,8,2,2.5,25
"3046","Cameroon","Women","1965-1969","All","DHS",391,10,4,2.6,40
"3047","Cameroon","Women","1970-1974","All","DHS",459,12,9,2.6,75
"3048","Cameroon","Women","1975-1979","All","DHS",561,41,25,7.3,61
"3049","Cameroon","Women","1980-1984","All","DHS",549,55,36,10,65.5
"3050","Central African Republic","Men","1940-1944","All","DHS",4,0,0,0,NA
"3051","Central African Republic","Men","1945-1949","All","DHS",424,36,2,8.5,5.6
"3052","Central African Republic","Men","1950-1954","All","DHS",464,40,3,8.6,7.5
"3053","Central African Republic","Men","1955-1959","All","DHS",689,52,10,7.5,19.2
"3054","Central African Republic","Men","1960-1964","All","DHS",7,0,0,0,NA
"3055","Central African Republic","Women","1930-1934","All","DHS",3,0,0,0,NA
"3056","Central African Republic","Women","1935-1939","All","DHS",90,9,0,10,0
"3057","Central African Republic","Women","1940-1944","All","DHS",98,5,0,5.1,0
"3058","Central African Republic","Women","1945-1949","All","DHS",99,8,1,8.1,12.5
"3059","Central African Republic","Women","1950-1954","All","DHS",126,14,5,11.1,35.7
"3060","Central African Republic","Women","1955-1959","All","DHS",185,22,10,11.9,45.5
"3061","Central African Republic","Women","1960-1964","All","DHS",4,1,0,25,0
"3062","Chad","Men","1960-1964","All","DHS",1,0,0,0,NA
"3063","Chad","Men","1965-1969","All","DHS",1260,13,2,1,15.4
"3064","Chad","Men","1970-1974","All","DHS",1502,17,3,1.1,17.6
"3065","Chad","Men","1975-1979","All","DHS",2081,22,8,1.1,36.4
"3066","Chad","Men","1980-1984","All","DHS",164,1,0,0.6,0
"3067","Chad","Women","1950-1954","All","DHS",1,0,0,0,NA
"3068","Chad","Women","1955-1959","All","DHS",218,2,0,0.9,0
"3069","Chad","Women","1960-1964","All","DHS",304,4,0,1.3,0
"3070","Chad","Women","1965-1969","All","DHS",382,6,3,1.6,50
"3071","Chad","Women","1970-1974","All","DHS",510,4,1,0.8,25
"3072","Chad","Women","1975-1979","All","DHS",547,22,12,4,54.5
"3073","Chad","Women","1980-1984","All","DHS",77,2,1,2.6,50
"3074","Colombia","Men","1965-1969","All","DHS",3763,196,95,5.2,48.5
"3075","Colombia","Men","1970-1974","All","DHS",4238,216,111,5.1,51.4
"3076","Colombia","Men","1975-1979","All","DHS",4566,289,155,6.3,53.6
"3077","Colombia","Men","1980-1984","All","DHS",676,50,31,7.4,62
"3078","Colombia","Women","1955-1959","All","DHS",2124,203,104,9.6,51.2
"3079","Colombia","Women","1960-1964","All","DHS",2981,312,156,10.5,50
"3080","Colombia","Women","1965-1969","All","DHS",3163,393,192,12.4,48.9
"3081","Colombia","Women","1970-1974","All","DHS",3043,412,218,13.5,52.9
"3082","Colombia","Women","1975-1979","All","DHS",3216,556,297,17.3,53.4
"3083","Colombia","Women","1980-1984","All","DHS",468,82,47,17.5,57.3
"3084","Comoros","Men","1960-1964","All","DHS",102,8,0,7.8,0
"3085","Comoros","Men","1965-1969","All","DHS",331,18,0,5.4,0
"3086","Comoros","Men","1970-1974","All","DHS",566,50,13,8.8,26
"3087","Comoros","Men","1975-1979","All","DHS",390,58,20,14.9,34.5
"3088","Comoros","Women","1950-1954","All","DHS",27,3,0,11.1,0
"3089","Comoros","Women","1955-1959","All","DHS",73,3,0,4.1,0
"3090","Comoros","Women","1960-1964","All","DHS",126,8,3,6.3,37.5
"3091","Comoros","Women","1965-1969","All","DHS",155,7,1,4.5,14.3
"3092","Comoros","Women","1970-1974","All","DHS",234,27,10,11.5,37
"3093","Comoros","Women","1975-1979","All","DHS",168,30,16,17.9,53.3
"3094","Congo","Men","1960-1964","All","DHS",526,10,2,1.9,20
"3095","Congo","Men","1965-1969","All","DHS",942,20,2,2.1,10
"3096","Congo","Men","1970-1974","All","DHS",1337,29,4,2.2,13.8
"3097","Congo","Men","1975-1979","All","DHS",563,17,6,3,35.3
"3098","Congo","Women","1950-1954","All","DHS",105,1,1,1,100
"3099","Congo","Women","1955-1959","All","DHS",261,5,2,1.9,40
"3100","Congo","Women","1960-1964","All","DHS",381,12,9,3.1,75
"3101","Congo","Women","1965-1969","All","DHS",522,20,9,3.8,45
"3102","Congo","Women","1970-1974","All","DHS",643,21,7,3.3,33.3
"3103","Congo","Women","1975-1979","All","DHS",272,23,17,8.5,73.9
"3104","CzechRepublic","Men","1925-1929","All","GGS",165,36,25,21.8,69.4
"3105","CzechRepublic","Men","1930-1934","All","GGS",264,56,44,21.2,78.6
"3106","CzechRepublic","Men","1935-1939","All","GGS",260,45,38,17.3,84.4
"3107","CzechRepublic","Men","1940-1944","All","GGS",332,65,53,19.6,81.5
"3108","CzechRepublic","Men","1945-1949","All","GGS",382,78,67,20.4,85.9
"3109","CzechRepublic","Men","1950-1954","All","GGS",419,99,84,23.6,84.8
"3110","CzechRepublic","Men","1955-1959","All","GGS",371,97,79,26.1,81.4
"3111","CzechRepublic","Men","1960-1964","All","GGS",397,111,96,28,86.5
"3112","CzechRepublic","Men","1965-1969","All","GGS",394,99,84,25.1,84.8
"3113","CzechRepublic","Men","1970-1974","All","GGS",39,10,7,25.6,70
"3114","CzechRepublic","Women","1925-1929","All","GGS",258,56,37,21.7,66.1
"3115","CzechRepublic","Women","1930-1934","All","GGS",276,46,26,16.7,56.5
"3116","CzechRepublic","Women","1935-1939","All","GGS",321,49,37,15.3,75.5
"3117","CzechRepublic","Women","1940-1944","All","GGS",379,49,36,12.9,73.5
"3118","CzechRepublic","Women","1945-1949","All","GGS",437,51,29,11.7,56.9
"3119","CzechRepublic","Women","1950-1954","All","GGS",431,40,28,9.3,70
"3120","CzechRepublic","Women","1955-1959","All","GGS",431,59,42,13.7,71.2
"3121","CzechRepublic","Women","1960-1964","All","GGS",449,50,32,11.1,64
"3122","CzechRepublic","Women","1965-1969","All","GGS",426,55,42,12.9,76.4
"3123","CzechRepublic","Women","1970-1974","All","GGS",29,3,0,10.3,0
"3124","Democratic Republic of the Congo","Men","1960-1964","All","DHS",313,7,0,2.2,0
"3125","Democratic Republic of the Congo","Men","1965-1969","All","DHS",1280,36,8,2.8,22.2
"3126","Democratic Republic of the Congo","Men","1970-1974","All","DHS",1745,53,17,3,32.1
"3127","Democratic Republic of the Congo","Men","1975-1979","All","DHS",1771,59,15,3.3,25.4
"3128","Democratic Republic of the Congo","Women","1950-1954","All","DHS",68,1,0,1.5,0
"3129","Democratic Republic of the Congo","Women","1955-1959","All","DHS",449,8,3,1.8,37.5
"3130","Democratic Republic of the Congo","Women","1960-1964","All","DHS",587,14,4,2.4,28.6
"3131","Democratic Republic of the Congo","Women","1965-1969","All","DHS",691,18,6,2.6,33.3
"3132","Democratic Republic of the Congo","Women","1970-1974","All","DHS",798,19,6,2.4,31.6
"3133","Democratic Republic of the Congo","Women","1975-1979","All","DHS",679,29,14,4.3,48.3
"3134","Dominican Republic","Men","1950-1954","All","DHS",920,32,7,3.5,21.9
"3135","Dominican Republic","Men","1955-1959","All","DHS",2327,107,25,4.6,23.4
"3136","Dominican Republic","Men","1960-1964","All","DHS",2710,109,35,4,32.1
"3137","Dominican Republic","Men","1965-1969","All","DHS",1767,76,36,4.3,47.4
"3138","Dominican Republic","Women","1940-1944","All","DHS",59,1,0,1.7,0
"3139","Dominican Republic","Women","1945-1949","All","DHS",192,17,9,8.9,52.9
"3140","Dominican Republic","Women","1950-1954","All","DHS",189,12,4,6.3,33.3
"3141","Dominican Republic","Women","1955-1959","All","DHS",242,18,4,7.4,22.2
"3142","Dominican Republic","Women","1960-1964","All","DHS",277,33,14,11.9,42.4
"3143","Dominican Republic","Women","1965-1969","All","DHS",182,29,9,15.9,31
"3144","Estonia","Men","1920-1924","All","GGS",11,1,0,9.1,0
"3145","Estonia","Men","1925-1929","All","GGS",107,13,9,12.1,69.2
"3146","Estonia","Men","1930-1934","All","GGS",178,21,15,11.8,71.4
"3147","Estonia","Men","1935-1939","All","GGS",212,23,14,10.8,60.9
"3148","Estonia","Men","1940-1944","All","GGS",206,23,18,11.2,78.3
"3149","Estonia","Men","1945-1949","All","GGS",256,22,10,8.6,45.5
"3150","Estonia","Men","1950-1954","All","GGS",228,27,18,11.8,66.7
"3151","Estonia","Men","1955-1959","All","GGS",299,29,16,9.7,55.2
"3152","Estonia","Men","1960-1964","All","GGS",244,33,22,13.5,66.7
"3153","Estonia","Men","1965-1969","All","GGS",256,45,31,17.6,68.9
"3154","Estonia","Men","1970-1974","All","GGS",17,2,2,11.8,100
"3155","Estonia","Women","1920-1924","All","GGS",40,7,0,17.5,0
"3156","Estonia","Women","1925-1929","All","GGS",303,45,18,14.9,40
"3157","Estonia","Women","1930-1934","All","GGS",395,38,17,9.6,44.7
"3158","Estonia","Women","1935-1939","All","GGS",418,37,15,8.9,40.5
"3159","Estonia","Women","1940-1944","All","GGS",387,30,16,7.8,53.3
"3160","Estonia","Women","1945-1949","All","GGS",407,30,14,7.4,46.7
"3161","Estonia","Women","1950-1954","All","GGS",476,31,18,6.5,58.1
"3162","Estonia","Women","1955-1959","All","GGS",466,29,13,6.2,44.8
"3163","Estonia","Women","1960-1964","All","GGS",470,31,23,6.6,74.2
"3164","Estonia","Women","1965-1969","All","GGS",409,37,27,9,73
"3165","Estonia","Women","1970-1974","All","GGS",25,5,4,20,80
"3166","Ethiopia","Men","1965-1969","All","DHS",494,17,6,3.4,35.3
"3167","Ethiopia","Men","1970-1974","All","DHS",1075,49,20,4.6,40.8
"3168","Ethiopia","Men","1975-1979","All","DHS",1700,88,49,5.2,55.7
"3169","Ethiopia","Men","1980-1984","All","DHS",927,57,30,6.1,52.6
"3170","Ethiopia","Women","1955-1959","All","DHS",217,6,2,2.8,33.3
"3171","Ethiopia","Women","1960-1964","All","DHS",589,22,9,3.7,40.9
"3172","Ethiopia","Women","1965-1969","All","DHS",727,20,8,2.8,40
"3173","Ethiopia","Women","1970-1974","All","DHS",1060,61,33,5.8,54.1
"3174","Ethiopia","Women","1975-1979","All","DHS",1352,106,60,7.8,56.6
"3175","Ethiopia","Women","1980-1984","All","DHS",626,73,40,11.7,54.8
"3176","France","Men","1925-1929","All","GGS",183,37,25,20.2,67.6
"3177","France","Men","1930-1934","All","GGS",270,40,31,14.8,77.5
"3178","France","Men","1935-1939","All","GGS",294,38,25,12.9,65.8
"3179","France","Men","1940-1944","All","GGS",320,51,35,15.9,68.6
"3180","France","Men","1945-1949","All","GGS",436,60,40,13.8,66.7
"3181","France","Men","1950-1954","All","GGS",408,58,30,14.2,51.7
"3182","France","Men","1955-1959","All","GGS",403,94,54,23.3,57.4
"3183","France","Men","1960-1964","All","GGS",414,102,49,24.6,48
"3184","France","Men","1965-1969","All","GGS",470,98,58,20.9,59.2
"3185","France","Men","1970-1974","All","GGS",84,23,15,27.4,65.2
"3186","France","Women","1925-1929","All","GGS",250,50,27,20,54
"3187","France","Women","1930-1934","All","GGS",328,46,29,14,63
"3188","France","Women","1935-1939","All","GGS",375,43,27,11.5,62.8
"3189","France","Women","1940-1944","All","GGS",367,49,30,13.4,61.2
"3190","France","Women","1945-1949","All","GGS",514,74,48,14.4,64.9
"3191","France","Women","1950-1954","All","GGS",548,71,47,13,66.2
"3192","France","Women","1955-1959","All","GGS",540,81,41,15,50.6
"3193","France","Women","1960-1964","All","GGS",521,78,40,15,51.3
"3194","France","Women","1965-1969","All","GGS",573,91,56,15.9,61.5
"3195","France","Women","1970-1974","All","GGS",103,13,9,12.6,69.2
"3196","Gabon","Men","1960-1964","All","DHS",417,21,1,5,4.8
"3197","Gabon","Men","1965-1969","All","DHS",815,34,6,4.2,17.6
"3198","Gabon","Men","1970-1974","All","DHS",919,36,9,3.9,25
"3199","Gabon","Men","1975-1979","All","DHS",468,26,7,5.6,26.9
"3200","Gabon","Women","1950-1954","All","DHS",125,2,0,1.6,0
"3201","Gabon","Women","1955-1959","All","DHS",321,10,5,3.1,50
"3202","Gabon","Women","1960-1964","All","DHS",482,21,3,4.4,14.3
"3203","Gabon","Women","1965-1969","All","DHS",536,24,8,4.5,33.3
"3204","Gabon","Women","1970-1974","All","DHS",597,51,22,8.5,43.1
"3205","Gabon","Women","1975-1979","All","DHS",326,39,20,12,51.3
"3206","Gambia","Men","1970-1974","All","DHS",708,14,0,2,0
"3207","Gambia","Men","1975-1979","All","DHS",1025,29,3,2.8,10.3
"3208","Gambia","Men","1980-1984","All","DHS",1480,57,14,3.9,24.6
"3209","Gambia","Men","1985-1989","All","DHS",63,2,1,3.2,50
"3210","Gambia","Women","1960-1964","All","DHS",152,4,1,2.6,25
"3211","Gambia","Women","1965-1969","All","DHS",265,8,4,3,50
"3212","Gambia","Women","1970-1974","All","DHS",357,12,8,3.4,66.7
"3213","Gambia","Women","1975-1979","All","DHS",368,27,17,7.3,63
"3214","Gambia","Women","1980-1984","All","DHS",504,67,47,13.3,70.1
"3215","Gambia","Women","1985-1989","All","DHS",20,4,0,20,0
"3216","Georgia","Men","1925-1929","All","GGS",121,5,4,4.1,80
"3217","Georgia","Men","1930-1934","All","GGS",192,8,7,4.2,87.5
"3218","Georgia","Men","1935-1939","All","GGS",317,21,19,6.6,90.5
"3219","Georgia","Men","1940-1944","All","GGS",218,15,12,6.9,80
"3220","Georgia","Men","1945-1949","All","GGS",258,13,11,5,84.6
"3221","Georgia","Men","1950-1954","All","GGS",337,20,20,5.9,100
"3222","Georgia","Men","1955-1959","All","GGS",457,38,37,8.3,97.4
"3223","Georgia","Men","1960-1964","All","GGS",469,55,52,11.7,94.5
"3224","Georgia","Men","1965-1969","All","GGS",450,77,74,17.1,96.1
"3225","Georgia","Men","1970-1974","All","GGS",110,37,35,33.6,94.6
"3226","Georgia","Women","1925-1929","All","GGS",218,37,28,17,75.7
"3227","Georgia","Women","1930-1934","All","GGS",300,37,25,12.3,67.6
"3228","Georgia","Women","1935-1939","All","GGS",429,52,39,12.1,75
"3229","Georgia","Women","1940-1944","All","GGS",343,46,36,13.4,78.3
"3230","Georgia","Women","1945-1949","All","GGS",375,42,36,11.2,85.7
"3231","Georgia","Women","1950-1954","All","GGS",475,51,45,10.7,88.2
"3232","Georgia","Women","1955-1959","All","GGS",544,50,49,9.2,98
"3233","Georgia","Women","1960-1964","All","GGS",626,78,72,12.5,92.3
"3234","Georgia","Women","1965-1969","All","GGS",520,77,72,14.8,93.5
"3235","Georgia","Women","1970-1974","All","GGS",174,23,21,13.2,91.3
"3236","Germany","Men","1925-1929","All","GGS",195,40,29,20.5,72.5
"3237","Germany","Men","1930-1934","All","GGS",257,57,51,22.2,89.5
"3238","Germany","Men","1935-1939","All","GGS",392,98,71,25,72.4
"3239","Germany","Men","1940-1944","All","GGS",443,115,81,26,70.4
"3240","Germany","Men","1945-1949","All","GGS",349,84,59,24.1,70.2
"3241","Germany","Men","1950-1954","All","GGS",392,103,72,26.3,69.9
"3242","Germany","Men","1955-1959","All","GGS",413,97,64,23.5,66
"3243","Germany","Men","1960-1964","All","GGS",512,142,98,27.7,69
"3244","Germany","Men","1965-1969","All","GGS",440,169,113,38.4,66.9
"3245","Germany","Men","1970-1974","All","GGS",40,18,14,45,77.8
"3246","Germany","Women","1920-1924","All","GGS",1,0,0,0,NA
"3247","Germany","Women","1925-1929","All","GGS",245,74,55,30.2,74.3
"3248","Germany","Women","1930-1934","All","GGS",291,68,44,23.4,64.7
"3249","Germany","Women","1935-1939","All","GGS",376,80,57,21.3,71.2
"3250","Germany","Women","1940-1944","All","GGS",389,78,50,20.1,64.1
"3251","Germany","Women","1945-1949","All","GGS",346,73,50,21.1,68.5
"3252","Germany","Women","1950-1954","All","GGS",446,78,50,17.5,64.1
"3253","Germany","Women","1955-1959","All","GGS",562,75,42,13.3,56
"3254","Germany","Women","1960-1964","All","GGS",637,83,51,13,61.4
"3255","Germany","Women","1965-1969","All","GGS",631,94,57,14.9,60.6
"3256","Germany","Women","1970-1974","All","GGS",57,12,11,21.1,91.7
"3257","Ghana","Men","1960-1964","All","DHS",15,1,1,6.7,100
"3258","Ghana","Men","1965-1969","All","DHS",867,15,1,1.7,6.7
"3259","Ghana","Men","1970-1974","All","DHS",1035,25,3,2.4,12
"3260","Ghana","Men","1975-1979","All","DHS",1245,55,19,4.4,34.5
"3261","Ghana","Women","1950-1954","All","DHS",6,0,0,0,NA
"3262","Ghana","Women","1955-1959","All","DHS",229,4,1,1.7,25
"3263","Ghana","Women","1960-1964","All","DHS",303,10,9,3.3,90
"3264","Ghana","Women","1965-1969","All","DHS",365,11,7,3,63.6
"3265","Ghana","Women","1970-1974","All","DHS",435,23,12,5.3,52.2
"3266","Ghana","Women","1975-1979","All","DHS",467,40,22,8.6,55
"3267","Guatemala","Men","1960-1964","All","DHS",15,0,0,0,NA
"3268","Guatemala","Men","1965-1969","All","DHS",2049,102,71,5,69.6
"3269","Guatemala","Men","1970-1974","All","DHS",2517,142,106,5.6,74.6
"3270","Guatemala","Men","1975-1979","All","DHS",3043,227,174,7.5,76.7
"3271","Guatemala","Men","1980-1984","All","DHS",115,16,11,13.9,68.8
"3272","Guatemala","Women","1950-1954","All","DHS",6,0,0,0,NA
"3273","Guatemala","Women","1955-1959","All","DHS",583,24,13,4.1,54.2
"3274","Guatemala","Women","1960-1964","All","DHS",710,39,26,5.5,66.7
"3275","Guatemala","Women","1965-1969","All","DHS",777,39,21,5,53.8
"3276","Guatemala","Women","1970-1974","All","DHS",921,72,44,7.8,61.1
"3277","Guatemala","Women","1975-1979","All","DHS",1052,121,84,11.5,69.4
"3278","Guatemala","Women","1980-1984","All","DHS",46,5,4,10.9,80
"3279","Guinea","Men","1965-1969","All","DHS",177,9,2,5.1,22.2
"3280","Guinea","Men","1970-1974","All","DHS",958,46,3,4.8,6.5
"3281","Guinea","Men","1975-1979","All","DHS",1038,38,6,3.7,15.8
"3282","Guinea","Men","1980-1984","All","DHS",1080,54,9,5,16.7
"3283","Guinea","Women","1955-1959","All","DHS",39,0,0,0,NA
"3284","Guinea","Women","1960-1964","All","DHS",285,8,4,2.8,50
"3285","Guinea","Women","1965-1969","All","DHS",268,3,1,1.1,33.3
"3286","Guinea","Women","1970-1974","All","DHS",384,13,4,3.4,30.8
"3287","Guinea","Women","1975-1979","All","DHS",398,19,10,4.8,52.6
"3288","Guinea","Women","1980-1984","All","DHS",365,45,24,12.3,53.3
"3289","Guyana","Men","1955-1959","All","DHS",53,3,3,5.7,100
"3290","Guyana","Men","1960-1964","All","DHS",596,29,16,4.9,55.2
"3291","Guyana","Men","1965-1969","All","DHS",617,52,23,8.4,44.2
"3292","Guyana","Men","1970-1974","All","DHS",620,43,24,6.9,55.8
"3293","Guyana","Women","1955-1959","All","DHS",48,3,1,6.2,33.3
"3294","Guyana","Women","1960-1964","All","DHS",426,48,23,11.3,47.9
"3295","Guyana","Women","1965-1969","All","DHS",461,55,26,11.9,47.3
"3296","Guyana","Women","1970-1974","All","DHS",423,62,33,14.7,53.2
"3297","Haiti","Men","1950-1954","All","DHS",189,0,0,0,NA
"3298","Haiti","Men","1955-1959","All","DHS",327,0,0,0,NA
"3299","Haiti","Men","1960-1964","All","DHS",436,0,0,0,NA
"3300","Haiti","Men","1965-1969","All","DHS",852,26,7,3.1,26.9
"3301","Haiti","Men","1970-1974","All","DHS",1251,61,23,4.9,37.7
"3302","Haiti","Men","1975-1979","All","DHS",1499,96,47,6.4,49
"3303","Haiti","Men","1980-1984","All","DHS",758,61,34,8,55.7
"3304","Haiti","Women","1950-1954","All","DHS",437,9,6,2.1,66.7
"3305","Haiti","Women","1955-1959","All","DHS",793,19,8,2.4,42.1
"3306","Haiti","Women","1960-1964","All","DHS",995,30,14,3,46.7
"3307","Haiti","Women","1965-1969","All","DHS",955,34,20,3.6,58.8
"3308","Haiti","Women","1970-1974","All","DHS",1096,57,41,5.2,71.9
"3309","Haiti","Women","1975-1979","All","DHS",1191,91,55,7.6,60.4
"3310","Haiti","Women","1980-1984","All","DHS",572,73,47,12.8,64.4
"3311","Honduras","Men","1960-1964","All","DHS",1012,42,26,4.2,61.9
"3312","Honduras","Men","1965-1969","All","DHS",2018,86,52,4.3,60.5
"3313","Honduras","Men","1970-1974","All","DHS",2466,115,67,4.7,58.3
"3314","Honduras","Men","1975-1979","All","DHS",1178,49,35,4.2,71.4
"3315","Honduras","Women","1950-1954","All","DHS",220,16,4,7.3,25
"3316","Honduras","Women","1955-1959","All","DHS",493,19,12,3.9,63.2
"3317","Honduras","Women","1960-1964","All","DHS",550,34,15,6.2,44.1
"3318","Honduras","Women","1965-1969","All","DHS",625,43,25,6.9,58.1
"3319","Honduras","Women","1970-1974","All","DHS",781,81,40,10.4,49.4
"3320","Honduras","Women","1975-1979","All","DHS",401,38,22,9.5,57.9
"3321","Hungary","Men","1925-1929","All","GGS",191,21,10,11,47.6
"3322","Hungary","Men","1930-1934","All","GGS",328,39,30,11.9,76.9
"3323","Hungary","Men","1935-1939","All","GGS",374,33,16,8.8,48.5
"3324","Hungary","Men","1940-1944","All","GGS",483,52,35,10.8,67.3
"3325","Hungary","Men","1945-1949","All","GGS",530,54,36,10.2,66.7
"3326","Hungary","Men","1950-1954","All","GGS",618,59,42,9.5,71.2
"3327","Hungary","Men","1955-1959","All","GGS",592,88,66,14.9,75
"3328","Hungary","Men","1960-1964","All","GGS",463,85,56,18.4,65.9
"3329","Hungary","Men","1965-1969","All","GGS",513,115,89,22.4,77.4
"3330","Hungary","Men","1970-1974","All","GGS",4,0,0,0,NA
"3331","Hungary","Women","1925-1929","All","GGS",360,61,20,16.9,32.8
"3332","Hungary","Women","1930-1934","All","GGS",515,55,26,10.7,47.3
"3333","Hungary","Women","1935-1939","All","GGS",608,64,26,10.5,40.6
"3334","Hungary","Women","1940-1944","All","GGS",645,61,25,9.5,41
"3335","Hungary","Women","1945-1949","All","GGS",695,63,36,9.1,57.1
"3336","Hungary","Women","1950-1954","All","GGS",769,64,38,8.3,59.4
"3337","Hungary","Women","1955-1959","All","GGS",709,56,37,7.9,66.1
"3338","Hungary","Women","1960-1964","All","GGS",584,34,20,5.8,58.8
"3339","Hungary","Women","1965-1969","All","GGS",588,63,40,10.7,63.5
"3340","Hungary","Women","1970-1974","All","GGS",2,0,0,0,NA
"3341","India","Men","1965-1969","All","DHS",51496,1868,540,3.6,28.9
"3342","India","Men","1970-1974","All","DHS",75365,2845,926,3.8,32.5
"3343","India","Men","1975-1979","All","DHS",87629,3945,1444,4.5,36.6
"3344","India","Men","1980-1984","All","DHS",25239,1537,608,6.1,39.6
"3345","India","Women","1960-1964","All","DHS",6034,381,76,6.3,19.9
"3346","India","Women","1965-1969","All","DHS",10123,669,157,6.6,23.5
"3347","India","Women","1970-1974","All","DHS",11819,881,283,7.5,32.1
"3348","India","Women","1975-1979","All","DHS",13330,1384,533,10.4,38.5
"3349","India","Women","1980-1984","All","DHS",4313,515,215,11.9,41.7
"3350","Indonesia","Men","1965-1969","All","DHS",2773,169,66,6.1,39.1
"3351","Indonesia","Men","1970-1974","All","DHS",6580,424,183,6.4,43.2
"3352","Indonesia","Men","1975-1979","All","DHS",7314,445,198,6.1,44.5
"3353","Indonesia","Men","1980-1984","All","DHS",4219,279,121,6.6,43.4
"3354","Indonesia","Women","1960-1964","All","DHS",691,16,0,2.3,0
"3355","Indonesia","Women","1965-1969","All","DHS",1638,34,0,2.1,0
"3356","Indonesia","Women","1970-1974","All","DHS",1730,57,0,3.3,0
"3357","Indonesia","Women","1975-1979","All","DHS",1852,80,0,4.3,0
"3358","Indonesia","Women","1980-1984","All","DHS",1044,56,0,5.4,0
"3359","Italy","Men","1935-1939","All","GGS",118,14,12,11.9,85.7
"3360","Italy","Men","1940-1944","All","GGS",454,74,66,16.3,89.2
"3361","Italy","Men","1945-1949","All","GGS",522,98,82,18.8,83.7
"3362","Italy","Men","1950-1954","All","GGS",471,120,102,25.5,85
"3363","Italy","Men","1955-1959","All","GGS",575,124,102,21.6,82.3
"3364","Italy","Men","1960-1964","All","GGS",621,191,161,30.8,84.3
"3365","Italy","Men","1965-1969","All","GGS",443,177,160,40,90.4
"3366","Italy","Women","1935-1939","All","GGS",187,28,11,15,39.3
"3367","Italy","Women","1940-1944","All","GGS",717,78,40,10.9,51.3
"3368","Italy","Women","1945-1949","All","GGS",625,103,58,16.5,56.3
"3369","Italy","Women","1950-1954","All","GGS",523,90,49,17.2,54.4
"3370","Italy","Women","1955-1959","All","GGS",559,104,45,18.6,43.3
"3371","Italy","Women","1960-1964","All","GGS",654,139,76,21.3,54.7
"3372","Italy","Women","1965-1969","All","GGS",555,157,88,28.3,56.1
"3373","Ivory Coast","Men","1960-1964","All","DHS",343,8,2,2.3,25
"3374","Ivory Coast","Men","1965-1969","All","DHS",765,24,7,3.1,29.2
"3375","Ivory Coast","Men","1970-1974","All","DHS",1006,37,12,3.7,32.4
"3376","Ivory Coast","Men","1975-1979","All","DHS",622,23,11,3.7,47.8
"3377","Ivory Coast","Women","1950-1954","All","DHS",86,0,0,0,NA
"3378","Ivory Coast","Women","1955-1959","All","DHS",248,3,1,1.2,33.3
"3379","Ivory Coast","Women","1960-1964","All","DHS",386,10,4,2.6,40
"3380","Ivory Coast","Women","1965-1969","All","DHS",367,12,5,3.3,41.7
"3381","Ivory Coast","Women","1970-1974","All","DHS",510,26,14,5.1,53.8
"3382","Ivory Coast","Women","1975-1979","All","DHS",282,25,18,8.9,72
"3383","Kazakhstan","Men","1945-1949","All","DHS",17,0,0,0,NA
"3384","Kazakhstan","Men","1950-1954","All","DHS",552,31,21,5.6,67.7
"3385","Kazakhstan","Men","1955-1959","All","DHS",700,44,29,6.3,65.9
"3386","Kazakhstan","Men","1960-1964","All","DHS",710,39,24,5.5,61.5
"3387","Kazakhstan","Women","1935-1939","All","DHS",5,0,0,0,NA
"3388","Kazakhstan","Women","1940-1944","All","DHS",61,1,0,1.6,0
"3389","Kazakhstan","Women","1945-1949","All","DHS",109,4,1,3.7,25
"3390","Kazakhstan","Women","1950-1954","All","DHS",129,6,5,4.7,83.3
"3391","Kazakhstan","Women","1955-1959","All","DHS",180,10,5,5.6,50
"3392","Kazakhstan","Women","1960-1964","All","DHS",199,15,9,7.5,60
"3393","Kenya","Men","1960-1964","All","DHS",113,1,0,0.9,0
"3394","Kenya","Men","1965-1969","All","DHS",2407,44,13,1.8,29.5
"3395","Kenya","Men","1970-1974","All","DHS",3041,62,26,2,41.9
"3396","Kenya","Men","1975-1979","All","DHS",3644,85,44,2.3,51.8
"3397","Kenya","Women","1955-1959","All","DHS",43,0,0,0,NA
"3398","Kenya","Women","1960-1964","All","DHS",803,26,15,3.2,57.7
"3399","Kenya","Women","1965-1969","All","DHS",922,25,15,2.7,60
"3400","Kenya","Women","1970-1974","All","DHS",1220,46,33,3.8,71.7
"3401","Kenya","Women","1975-1979","All","DHS",1396,99,60,7.1,60.6
"3402","Kyrgyzstan","Men","1960-1964","All","DHS",395,11,8,2.8,72.7
"3403","Kyrgyzstan","Men","1965-1969","All","DHS",914,24,4,2.6,16.7
"3404","Kyrgyzstan","Men","1970-1974","All","DHS",934,33,12,3.5,36.4
"3405","Kyrgyzstan","Men","1975-1979","All","DHS",532,15,4,2.8,26.7
"3406","Kyrgyzstan","Women","1960-1964","All","DHS",97,1,0,1,0
"3407","Kyrgyzstan","Women","1965-1969","All","DHS",290,8,4,2.8,50
"3408","Kyrgyzstan","Women","1970-1974","All","DHS",317,14,5,4.4,35.7
"3409","Kyrgyzstan","Women","1975-1979","All","DHS",177,10,4,5.6,40
"3410","Lesotho","Men","1960-1964","All","DHS",12,0,0,0,NA
"3411","Lesotho","Men","1965-1969","All","DHS",492,22,6,4.5,27.3
"3412","Lesotho","Men","1970-1974","All","DHS",583,22,6,3.8,27.3
"3413","Lesotho","Men","1975-1979","All","DHS",713,33,10,4.6,30.3
"3414","Lesotho","Women","1950-1954","All","DHS",2,0,0,0,NA
"3415","Lesotho","Women","1955-1959","All","DHS",139,9,4,6.5,44.4
"3416","Lesotho","Women","1960-1964","All","DHS",166,10,5,6,50
"3417","Lesotho","Women","1965-1969","All","DHS",168,22,13,13.1,59.1
"3418","Lesotho","Women","1970-1974","All","DHS",224,25,17,11.2,68
"3419","Lesotho","Women","1975-1979","All","DHS",269,61,47,22.7,77
"3420","Liberia","Men","1965-1969","All","DHS",10,0,0,0,NA
"3421","Liberia","Men","1970-1974","All","DHS",714,8,2,1.1,25
"3422","Liberia","Men","1975-1979","All","DHS",855,6,2,0.7,33.3
"3423","Liberia","Men","1980-1984","All","DHS",1100,14,4,1.3,28.6
"3424","Liberia","Men","1985-1989","All","DHS",8,0,0,0,NA
"3425","Liberia","Women","1955-1959","All","DHS",3,0,0,0,NA
"3426","Liberia","Women","1960-1964","All","DHS",198,2,1,1,50
"3427","Liberia","Women","1965-1969","All","DHS",289,3,2,1,66.7
"3428","Liberia","Women","1970-1974","All","DHS",395,4,3,1,75
"3429","Liberia","Women","1975-1979","All","DHS",446,7,3,1.6,42.9
"3430","Liberia","Women","1980-1984","All","DHS",487,5,3,1,60
"3431","Liberia","Women","1985-1989","All","DHS",9,0,0,0,NA
"3432","Lithuania","Men","1925-1929","All","GGS",159,37,26,23.3,70.3
"3433","Lithuania","Men","1930-1934","All","GGS",319,51,35,16,68.6
"3434","Lithuania","Men","1935-1939","All","GGS",411,84,62,20.4,73.8
"3435","Lithuania","Men","1940-1944","All","GGS",346,56,35,16.2,62.5
"3436","Lithuania","Men","1945-1949","All","GGS",297,43,35,14.5,81.4
"3437","Lithuania","Men","1950-1954","All","GGS",427,72,53,16.9,73.6
"3438","Lithuania","Men","1955-1959","All","GGS",452,57,48,12.6,84.2
"3439","Lithuania","Men","1960-1964","All","GGS",457,61,44,13.3,72.1
"3440","Lithuania","Men","1965-1969","All","GGS",405,61,51,15.1,83.6
"3441","Lithuania","Men","1970-1974","All","GGS",135,31,24,23,77.4
"3442","Lithuania","Women","1925-1929","All","GGS",152,46,28,30.3,60.9
"3443","Lithuania","Women","1930-1934","All","GGS",336,83,51,24.7,61.4
"3444","Lithuania","Women","1935-1939","All","GGS",462,78,49,16.9,62.8
"3445","Lithuania","Women","1940-1944","All","GGS",421,64,48,15.2,75
"3446","Lithuania","Women","1945-1949","All","GGS",359,48,35,13.4,72.9
"3447","Lithuania","Women","1950-1954","All","GGS",356,57,43,16,75.4
"3448","Lithuania","Women","1955-1959","All","GGS",454,56,42,12.3,75
"3449","Lithuania","Women","1960-1964","All","GGS",465,43,34,9.2,79.1
"3450","Lithuania","Women","1965-1969","All","GGS",472,49,40,10.4,81.6
"3451","Lithuania","Women","1970-1974","All","GGS",142,22,21,15.5,95.5
"3452","Madagascar","Men","1955-1959","All","DHS",186,10,1,5.4,10
"3453","Madagascar","Men","1960-1964","All","DHS",1502,89,17,5.9,19.1
"3454","Madagascar","Men","1965-1969","All","DHS",1786,79,16,4.4,20.3
"3455","Madagascar","Men","1970-1974","All","DHS",1747,69,18,3.9,26.1
"3456","Madagascar","Women","1945-1949","All","DHS",42,1,0,2.4,0
"3457","Madagascar","Women","1950-1954","All","DHS",443,11,2,2.5,18.2
"3458","Madagascar","Women","1955-1959","All","DHS",535,21,6,3.9,28.6
"3459","Madagascar","Women","1960-1964","All","DHS",704,28,7,4,25
"3460","Madagascar","Women","1965-1969","All","DHS",765,37,12,4.8,32.4
"3461","Madagascar","Women","1970-1974","All","DHS",787,55,22,7,40
"3462","Malawi","Men","1965-1969","All","DHS",1127,15,0,1.3,0
"3463","Malawi","Men","1970-1974","All","DHS",1933,26,5,1.3,19.2
"3464","Malawi","Men","1975-1979","All","DHS",2671,35,5,1.3,14.3
"3465","Malawi","Men","1980-1984","All","DHS",840,16,7,1.9,43.8
"3466","Malawi","Women","1960-1964","All","DHS",274,3,0,1.1,0
"3467","Malawi","Women","1965-1969","All","DHS",402,9,6,2.2,66.7
"3468","Malawi","Women","1970-1974","All","DHS",593,15,6,2.5,40
"3469","Malawi","Women","1975-1979","All","DHS",773,21,13,2.7,61.9
"3470","Malawi","Women","1980-1984","All","DHS",235,3,2,1.3,66.7
"3471","Maldives","Men","1965-1969","All","DHS",361,16,3,4.4,18.8
"3472","Maldives","Men","1970-1974","All","DHS",851,33,8,3.9,24.2
"3473","Maldives","Men","1975-1979","All","DHS",915,44,13,4.8,29.5
"3474","Maldives","Men","1980-1984","All","DHS",559,35,7,6.3,20
"3475","Maldives","Women","1965-1969","All","DHS",204,15,5,7.4,33.3
"3476","Maldives","Women","1970-1974","All","DHS",446,33,12,7.4,36.4
"3477","Maldives","Women","1975-1979","All","DHS",473,56,21,11.8,37.5
"3478","Maldives","Women","1980-1984","All","DHS",240,35,11,14.6,31.4
"3479","Mali","Men","1965-1969","All","DHS",123,3,0,2.4,0
"3480","Mali","Men","1970-1974","All","DHS",715,23,2,3.2,8.7
"3481","Mali","Men","1975-1979","All","DHS",1008,27,6,2.7,22.2
"3482","Mali","Men","1980-1984","All","DHS",995,39,5,3.9,12.8
"3483","Mali","Women","1955-1959","All","DHS",38,1,0,2.6,0
"3484","Mali","Women","1960-1964","All","DHS",297,3,1,1,33.3
"3485","Mali","Women","1965-1969","All","DHS",332,7,1,2.1,14.3
"3486","Mali","Women","1970-1974","All","DHS",386,7,2,1.8,28.6
"3487","Mali","Women","1975-1979","All","DHS",524,17,5,3.2,29.4
"3488","Mali","Women","1980-1984","All","DHS",427,30,9,7,30
"3489","Mauritania","Men","1950-1954","All","DHS",284,17,4,6,23.5
"3490","Mauritania","Men","1955-1959","All","DHS",590,44,13,7.5,29.5
"3491","Mauritania","Men","1960-1964","All","DHS",902,75,33,8.3,44
"3492","Mauritania","Men","1965-1969","All","DHS",277,27,16,9.7,59.3
"3493","Mauritania","Women","1940-1944","All","DHS",40,1,0,2.5,0
"3494","Mauritania","Women","1945-1949","All","DHS",100,4,1,4,25
"3495","Mauritania","Women","1950-1954","All","DHS",154,3,0,1.9,0
"3496","Mauritania","Women","1955-1959","All","DHS",180,11,6,6.1,54.5
"3497","Mauritania","Women","1960-1964","All","DHS",258,40,28,15.5,70
"3498","Mauritania","Women","1965-1969","All","DHS",72,17,11,23.6,64.7
"3499","Mozambique","Men","1960-1964","All","DHS",725,25,2,3.4,8
"3500","Mozambique","Men","1965-1969","All","DHS",1015,47,7,4.6,14.9
"3501","Mozambique","Men","1970-1974","All","DHS",1468,59,8,4,13.6
"3502","Mozambique","Men","1975-1979","All","DHS",689,34,8,4.9,23.5
"3503","Mozambique","Women","1945-1949","All","DHS",80,1,0,1.2,0
"3504","Mozambique","Women","1950-1954","All","DHS",155,4,0,2.6,0
"3505","Mozambique","Women","1955-1959","All","DHS",204,5,0,2.5,0
"3506","Mozambique","Women","1960-1964","All","DHS",243,6,2,2.5,33.3
"3507","Mozambique","Women","1965-1969","All","DHS",238,12,3,5,25
"3508","Mozambique","Women","1970-1974","All","DHS",375,15,7,4,46.7
"3509","Mozambique","Women","1975-1979","All","DHS",186,4,1,2.2,25
"3510","Myanmar","Men","1965-1969","All","DHS",1185,188,151,15.9,80.3
"3511","Myanmar","Men","1970-1974","All","DHS",1765,299,229,16.9,76.6
"3512","Myanmar","Men","1975-1979","All","DHS",1882,337,278,17.9,82.5
"3513","Myanmar","Men","1980-1984","All","DHS",473,113,80,23.9,70.8
"3514","Myanmar","Women","1965-1969","All","DHS",419,31,15,7.4,48.4
"3515","Myanmar","Women","1970-1974","All","DHS",678,81,48,11.9,59.3
"3516","Myanmar","Women","1975-1979","All","DHS",646,103,59,15.9,57.3
"3517","Myanmar","Women","1980-1984","All","DHS",175,44,24,25.1,54.5
"3518","Namibia","Men","1945-1949","All","DHS",42,0,0,0,NA
"3519","Namibia","Men","1950-1954","All","DHS",237,0,0,0,NA
"3520","Namibia","Men","1955-1959","All","DHS",276,0,0,0,NA
"3521","Namibia","Men","1960-1964","All","DHS",482,13,6,2.7,46.2
"3522","Namibia","Men","1965-1969","All","DHS",799,38,23,4.8,60.5
"3523","Namibia","Men","1970-1974","All","DHS",1013,59,33,5.8,55.9
"3524","Namibia","Men","1975-1979","All","DHS",835,39,24,4.7,61.5
"3525","Namibia","Women","1945-1949","All","DHS",29,0,0,0,NA
"3526","Namibia","Women","1950-1954","All","DHS",160,0,0,0,NA
"3527","Namibia","Women","1955-1959","All","DHS",174,0,0,0,NA
"3528","Namibia","Women","1960-1964","All","DHS",224,8,7,3.6,87.5
"3529","Namibia","Women","1965-1969","All","DHS",357,35,21,9.8,60
"3530","Namibia","Women","1970-1974","All","DHS",428,50,40,11.7,80
"3531","Namibia","Women","1975-1979","All","DHS",326,48,39,14.7,81.2
"3532","Nepal","Men","1965-1969","All","DHS",712,21,7,2.9,33.3
"3533","Nepal","Men","1970-1974","All","DHS",1285,30,18,2.3,60
"3534","Nepal","Men","1975-1979","All","DHS",1554,37,6,2.4,16.2
"3535","Nepal","Men","1980-1984","All","DHS",500,15,5,3,33.3
"3536","Nepal","Women","1965-1969","All","DHS",291,2,0,0.7,0
"3537","Nepal","Women","1970-1974","All","DHS",436,3,0,0.7,0
"3538","Nepal","Women","1975-1979","All","DHS",498,14,4,2.8,28.6
"3539","Nepal","Women","1980-1984","All","DHS",187,12,7,6.4,58.3
"3540","Netherlands","Men","1920-1924","All","GGS",36,4,3,11.1,75
"3541","Netherlands","Men","1925-1929","All","GGS",134,14,9,10.4,64.3
"3542","Netherlands","Men","1930-1934","All","GGS",166,19,15,11.4,78.9
"3543","Netherlands","Men","1935-1939","All","GGS",243,28,19,11.5,67.9
"3544","Netherlands","Men","1940-1944","All","GGS",270,43,26,15.9,60.5
"3545","Netherlands","Men","1945-1949","All","GGS",355,69,48,19.4,69.6
"3546","Netherlands","Men","1950-1954","All","GGS",396,101,58,25.5,57.4
"3547","Netherlands","Men","1955-1959","All","GGS",362,84,49,23.2,58.3
"3548","Netherlands","Men","1960-1964","All","GGS",406,128,73,31.5,57
"3549","Netherlands","Men","1965-1969","All","GGS",233,96,60,41.2,62.5
"3550","Netherlands","Women","1920-1924","All","GGS",64,14,7,21.9,50
"3551","Netherlands","Women","1925-1929","All","GGS",207,35,19,16.9,54.3
"3552","Netherlands","Women","1930-1934","All","GGS",267,48,31,18,64.6
"3553","Netherlands","Women","1935-1939","All","GGS",254,24,16,9.4,66.7
"3554","Netherlands","Women","1940-1944","All","GGS",335,43,30,12.8,69.8
"3555","Netherlands","Women","1945-1949","All","GGS",433,69,42,15.9,60.9
"3556","Netherlands","Women","1950-1954","All","GGS",464,98,50,21.1,51
"3557","Netherlands","Women","1955-1959","All","GGS",461,87,43,18.9,49.4
"3558","Netherlands","Women","1960-1964","All","GGS",601,115,67,19.1,58.3
"3559","Netherlands","Women","1965-1969","All","GGS",408,75,45,18.4,60
"3560","Nicaragua","Men","1945-1949","All","DHS",294,8,5,2.7,62.5
"3561","Nicaragua","Men","1950-1954","All","DHS",1063,29,16,2.7,55.2
"3562","Nicaragua","Men","1955-1959","All","DHS",1379,58,36,4.2,62.1
"3563","Nicaragua","Men","1960-1964","All","DHS",1072,47,27,4.4,57.4
"3564","Nicaragua","Women","1935-1939","All","DHS",26,0,0,0,NA
"3565","Nicaragua","Women","1940-1944","All","DHS",138,9,4,6.5,44.4
"3566","Nicaragua","Women","1945-1949","All","DHS",147,10,5,6.8,50
"3567","Nicaragua","Women","1950-1954","All","DHS",224,12,6,5.4,50
"3568","Nicaragua","Women","1955-1959","All","DHS",267,7,5,2.6,71.4
"3569","Nicaragua","Women","1960-1964","All","DHS",187,12,6,6.4,50
"3570","Niger","Men","1960-1964","All","DHS",281,5,1,1.8,20
"3571","Niger","Men","1965-1969","All","DHS",822,12,2,1.5,16.7
"3572","Niger","Men","1970-1974","All","DHS",1141,27,9,2.4,33.3
"3573","Niger","Men","1975-1979","All","DHS",916,27,10,2.9,37
"3574","Niger","Women","1950-1954","All","DHS",79,0,0,0,NA
"3575","Niger","Women","1955-1959","All","DHS",228,3,1,1.3,33.3
"3576","Niger","Women","1960-1964","All","DHS",333,1,1,0.3,100
"3577","Niger","Women","1965-1969","All","DHS",385,9,4,2.3,44.4
"3578","Niger","Women","1970-1974","All","DHS",489,20,7,4.1,35
"3579","Niger","Women","1975-1979","All","DHS",293,22,11,7.5,50
"3580","Nigeria","Men","1965-1969","All","DHS",803,27,3,3.4,11.1
"3581","Nigeria","Men","1970-1974","All","DHS",3605,111,30,3.1,27
"3582","Nigeria","Men","1975-1979","All","DHS",4309,175,67,4.1,38.3
"3583","Nigeria","Men","1980-1984","All","DHS",4637,209,101,4.5,48.3
"3584","Nigeria","Women","1955-1959","All","DHS",82,2,1,2.4,50
"3585","Nigeria","Women","1960-1964","All","DHS",660,11,4,1.7,36.4
"3586","Nigeria","Women","1965-1969","All","DHS",852,18,8,2.1,44.4
"3587","Nigeria","Women","1970-1974","All","DHS",1203,45,22,3.7,48.9
"3588","Nigeria","Women","1975-1979","All","DHS",1581,74,39,4.7,52.7
"3589","Nigeria","Women","1980-1984","All","DHS",1545,143,89,9.3,62.2
"3590","Peru","Men","1945-1949","All","DHS",1287,55,35,4.3,63.6
"3591","Peru","Men","1950-1954","All","DHS",2710,98,63,3.6,64.3
"3592","Peru","Men","1955-1959","All","DHS",3400,173,115,5.1,66.5
"3593","Peru","Men","1960-1964","All","DHS",1337,76,58,5.7,76.3
"3594","Peru","Women","1935-1939","All","DHS",61,2,1,3.3,50
"3595","Peru","Women","1940-1944","All","DHS",124,6,3,4.8,50
"3596","Peru","Women","1945-1949","All","DHS",179,10,2,5.6,20
"3597","Peru","Women","1950-1954","All","DHS",221,16,8,7.2,50
"3598","Peru","Women","1955-1959","All","DHS",257,27,16,10.5,59.3
"3599","Peru","Women","1960-1964","All","DHS",99,11,8,11.1,72.7
"3600","Philippines","Men","1950-1954","All","DHS",356,26,15,7.3,57.7
"3601","Philippines","Men","1955-1959","All","DHS",1412,85,49,6,57.6
"3602","Philippines","Men","1960-1964","All","DHS",1631,125,86,7.7,68.8
"3603","Philippines","Men","1965-1969","All","DHS",1377,141,83,10.2,58.9
"3604","Philippines","Women","1945-1949","All","DHS",84,2,2,2.4,100
"3605","Philippines","Women","1950-1954","All","DHS",371,26,14,7,53.8
"3606","Philippines","Women","1955-1959","All","DHS",425,40,22,9.4,55
"3607","Philippines","Women","1960-1964","All","DHS",495,50,24,10.1,48
"3608","Philippines","Women","1965-1969","All","DHS",442,72,51,16.3,70.8
"3609","Poland","Men","1925-1929","All","GGS",1,0,0,0,NA
"3610","Poland","Men","1930-1934","All","GGS",295,33,20,11.2,60.6
"3611","Poland","Men","1935-1939","All","GGS",523,53,47,10.1,88.7
"3612","Poland","Men","1940-1944","All","GGS",538,62,49,11.5,79
"3613","Poland","Men","1945-1949","All","GGS",847,106,91,12.5,85.8
"3614","Poland","Men","1950-1954","All","GGS",962,149,130,15.5,87.2
"3615","Poland","Men","1955-1959","All","GGS",848,152,127,17.9,83.6
"3616","Poland","Men","1960-1964","All","GGS",622,132,126,21.2,95.5
"3617","Poland","Men","1965-1969","All","GGS",615,95,81,15.4,85.3
"3618","Poland","Men","1970-1974","All","GGS",675,138,125,20.4,90.6
"3619","Poland","Men","1975-1979","All","GGS",157,35,30,22.3,85.7
"3620","Poland","Women","1925-1929","All","GGS",2,0,0,0,NA
"3621","Poland","Women","1930-1934","All","GGS",583,59,33,10.1,55.9
"3622","Poland","Women","1935-1939","All","GGS",931,101,47,10.8,46.5
"3623","Poland","Women","1940-1944","All","GGS",839,87,45,10.4,51.7
"3624","Poland","Women","1945-1949","All","GGS",1194,134,90,11.2,67.2
"3625","Poland","Women","1950-1954","All","GGS",1354,149,105,11,70.5
"3626","Poland","Women","1955-1959","All","GGS",1164,119,89,10.2,74.8
"3627","Poland","Women","1960-1964","All","GGS",826,82,67,9.9,81.7
"3628","Poland","Women","1965-1969","All","GGS",722,73,61,10.1,83.6
"3629","Poland","Women","1970-1974","All","GGS",910,98,80,10.8,81.6
"3630","Poland","Women","1975-1979","All","GGS",205,29,22,14.1,75.9
"3631","Republic of Moldova","Men","1955-1959","All","DHS",1008,42,8,4.2,19
"3632","Republic of Moldova","Men","1960-1964","All","DHS",1048,48,6,4.6,12.5
"3633","Republic of Moldova","Men","1965-1969","All","DHS",838,45,20,5.4,44.4
"3634","Republic of Moldova","Men","1970-1974","All","DHS",116,5,1,4.3,20
"3635","Republic of Moldova","Women","1945-1949","All","DHS",177,11,3,6.2,27.3
"3636","Republic of Moldova","Women","1950-1954","All","DHS",306,12,5,3.9,41.7
"3637","Republic of Moldova","Women","1955-1959","All","DHS",325,19,7,5.8,36.8
"3638","Republic of Moldova","Women","1960-1964","All","DHS",262,24,6,9.2,25
"3639","Republic of Moldova","Women","1965-1969","All","DHS",237,26,7,11,26.9
"3640","Republic of Moldova","Women","1970-1974","All","DHS",34,3,1,8.8,33.3
"3641","Romania","Men","1925-1929","All","GGS",247,37,27,15,73
"3642","Romania","Men","1930-1934","All","GGS",380,58,43,15.3,74.1
"3643","Romania","Men","1935-1939","All","GGS",452,70,52,15.5,74.3
"3644","Romania","Men","1940-1944","All","GGS",422,84,63,19.9,75
"3645","Romania","Men","1945-1949","All","GGS",562,90,71,16,78.9
"3646","Romania","Men","1950-1954","All","GGS",659,99,82,15,82.8
"3647","Romania","Men","1955-1959","All","GGS",566,105,90,18.6,85.7
"3648","Romania","Men","1960-1964","All","GGS",502,82,63,16.3,76.8
"3649","Romania","Men","1965-1969","All","GGS",661,128,114,19.4,89.1
"3650","Romania","Men","1970-1974","All","GGS",136,45,43,33.1,95.6
"3651","Romania","Women","1925-1929","All","GGS",281,49,25,17.4,51
"3652","Romania","Women","1930-1934","All","GGS",491,78,39,15.9,50
"3653","Romania","Women","1935-1939","All","GGS",580,82,50,14.1,61
"3654","Romania","Women","1940-1944","All","GGS",468,60,41,12.8,68.3
"3655","Romania","Women","1945-1949","All","GGS",558,70,46,12.5,65.7
"3656","Romania","Women","1950-1954","All","GGS",657,62,42,9.4,67.7
"3657","Romania","Women","1955-1959","All","GGS",556,52,42,9.4,80.8
"3658","Romania","Women","1960-1964","All","GGS",410,35,30,8.5,85.7
"3659","Romania","Women","1965-1969","All","GGS",640,70,56,10.9,80
"3660","Romania","Women","1970-1974","All","GGS",118,11,10,9.3,90.9
"3661","Russia","Men","1920-1924","All","GGS",6,0,0,0,NA
"3662","Russia","Men","1925-1929","All","GGS",166,14,4,8.4,28.6
"3663","Russia","Men","1930-1934","All","GGS",200,18,10,9,55.6
"3664","Russia","Men","1935-1939","All","GGS",273,28,13,10.3,46.4
"3665","Russia","Men","1940-1944","All","GGS",188,15,9,8,60
"3666","Russia","Men","1945-1949","All","GGS",290,22,13,7.6,59.1
"3667","Russia","Men","1950-1954","All","GGS",348,29,17,8.3,58.6
"3668","Russia","Men","1955-1959","All","GGS",392,38,22,9.7,57.9
"3669","Russia","Men","1960-1964","All","GGS",423,54,36,12.8,66.7
"3670","Russia","Men","1965-1969","All","GGS",359,56,37,15.6,66.1
"3671","Russia","Women","1920-1924","All","GGS",27,4,1,14.8,25
"3672","Russia","Women","1925-1929","All","GGS",413,62,24,15,38.7
"3673","Russia","Women","1930-1934","All","GGS",419,36,8,8.6,22.2
"3674","Russia","Women","1935-1939","All","GGS",663,52,22,7.8,42.3
"3675","Russia","Women","1940-1944","All","GGS",416,48,23,11.5,47.9
"3676","Russia","Women","1945-1949","All","GGS",495,42,23,8.5,54.8
"3677","Russia","Women","1950-1954","All","GGS",701,40,21,5.7,52.5
"3678","Russia","Women","1955-1959","All","GGS",691,53,30,7.7,56.6
"3679","Russia","Women","1960-1964","All","GGS",675,42,24,6.2,57.1
"3680","Russia","Women","1965-1969","All","GGS",476,40,23,8.4,57.5
"3681","Rwanda","Men","1965-1969","All","DHS",1,0,0,0,NA
"3682","Rwanda","Men","1970-1974","All","DHS",1116,33,13,3,39.4
"3683","Rwanda","Men","1975-1979","All","DHS",1405,42,28,3,66.7
"3684","Rwanda","Men","1980-1984","All","DHS",2014,76,50,3.8,65.8
"3685","Rwanda","Men","1985-1989","All","DHS",224,12,9,5.4,75
"3686","Rwanda","Women","1960-1964","All","DHS",307,8,4,2.6,50
"3687","Rwanda","Women","1965-1969","All","DHS",337,10,7,3,70
"3688","Rwanda","Women","1970-1974","All","DHS",431,13,6,3,46.2
"3689","Rwanda","Women","1975-1979","All","DHS",542,11,6,2,54.5
"3690","Rwanda","Women","1980-1984","All","DHS",798,49,26,6.1,53.1
"3691","Rwanda","Women","1985-1989","All","DHS",59,6,6,10.2,100
"3692","Sao Tome and Principe","Men","1955-1959","All","DHS",39,1,1,2.6,100
"3693","Sao Tome and Principe","Men","1960-1964","All","DHS",235,3,0,1.3,0
"3694","Sao Tome and Principe","Men","1965-1969","All","DHS",294,1,0,0.3,0
"3695","Sao Tome and Principe","Men","1970-1974","All","DHS",220,2,0,0.9,0
"3696","Sao Tome and Principe","Women","1945-1949","All","DHS",17,0,0,0,NA
"3697","Sao Tome and Principe","Women","1950-1954","All","DHS",104,4,3,3.8,75
"3698","Sao Tome and Principe","Women","1955-1959","All","DHS",131,4,3,3.1,75
"3699","Sao Tome and Principe","Women","1960-1964","All","DHS",190,13,7,6.8,53.8
"3700","Sao Tome and Principe","Women","1965-1969","All","DHS",202,12,6,5.9,50
"3701","Sao Tome and Principe","Women","1970-1974","All","DHS",195,16,10,8.2,62.5
"3702","Senegal","Men","1965-1969","All","DHS",125,3,1,2.4,33.3
"3703","Senegal","Men","1970-1974","All","DHS",711,28,9,3.9,32.1
"3704","Senegal","Men","1975-1979","All","DHS",861,49,17,5.7,34.7
"3705","Senegal","Men","1980-1984","All","DHS",912,59,15,6.5,25.4
"3706","Senegal","Women","1955-1959","All","DHS",26,0,0,0,NA
"3707","Senegal","Women","1960-1964","All","DHS",175,5,3,2.9,60
"3708","Senegal","Women","1965-1969","All","DHS",213,13,4,6.1,30.8
"3709","Senegal","Women","1970-1974","All","DHS",277,18,9,6.5,50
"3710","Senegal","Women","1975-1979","All","DHS",313,26,18,8.3,69.2
"3711","Senegal","Women","1980-1984","All","DHS",310,66,32,21.3,48.5
"3712","Sierra Leone","Men","1965-1969","All","DHS",41,0,0,0,NA
"3713","Sierra Leone","Men","1970-1974","All","DHS",1323,17,0,1.3,0
"3714","Sierra Leone","Men","1975-1979","All","DHS",1410,26,7,1.8,26.9
"3715","Sierra Leone","Men","1980-1984","All","DHS",2156,51,13,2.4,25.5
"3716","Sierra Leone","Women","1955-1959","All","DHS",19,0,0,0,NA
"3717","Sierra Leone","Women","1960-1964","All","DHS",396,6,2,1.5,33.3
"3718","Sierra Leone","Women","1965-1969","All","DHS",446,1,1,0.2,100
"3719","Sierra Leone","Women","1970-1974","All","DHS",673,7,3,1,42.9
"3720","Sierra Leone","Women","1975-1979","All","DHS",660,16,11,2.4,68.8
"3721","Sierra Leone","Women","1980-1984","All","DHS",768,47,22,6.1,46.8
"3722","South Africa","Men","1965-1969","All","DHS",620,41,17,6.6,41.5
"3723","South Africa","Men","1970-1974","All","DHS",905,57,32,6.3,56.1
"3724","South Africa","Men","1975-1979","All","DHS",985,54,26,5.5,48.1
"3725","South Africa","Men","1980-1984","All","DHS",399,31,20,7.8,64.5
"3726","South Africa","Women","1955-1959","All","DHS",135,10,8,7.4,80
"3727","South Africa","Women","1960-1964","All","DHS",222,26,17,11.7,65.4
"3728","South Africa","Women","1965-1969","All","DHS",266,31,20,11.7,64.5
"3729","South Africa","Women","1970-1974","All","DHS",303,27,21,8.9,77.8
"3730","South Africa","Women","1975-1979","All","DHS",333,45,30,13.5,66.7
"3731","South Africa","Women","1980-1984","All","DHS",124,28,20,22.6,71.4
"3732","Swaziland","Men","1955-1959","All","DHS",232,8,2,3.4,25
"3733","Swaziland","Men","1960-1964","All","DHS",422,23,7,5.5,30.4
"3734","Swaziland","Men","1965-1969","All","DHS",494,21,6,4.3,28.6
"3735","Swaziland","Men","1970-1974","All","DHS",185,10,5,5.4,50
"3736","Swaziland","Women","1955-1959","All","DHS",153,5,2,3.3,40
"3737","Swaziland","Women","1960-1964","All","DHS",258,6,3,2.3,50
"3738","Swaziland","Women","1965-1969","All","DHS",375,38,23,10.1,60.5
"3739","Swaziland","Women","1970-1974","All","DHS",147,16,12,10.9,75
"3740","Sweden","Men","1930-1934","All","GGS",68,67,48,98.5,71.6
"3741","Sweden","Men","1935-1939","All","GGS",251,245,160,97.6,65.3
"3742","Sweden","Men","1940-1944","All","GGS",347,326,213,93.9,65.3
"3743","Sweden","Men","1945-1949","All","GGS",461,412,218,89.4,52.9
"3744","Sweden","Men","1950-1954","All","GGS",407,316,177,77.6,56
"3745","Sweden","Men","1955-1959","All","GGS",420,237,111,56.4,46.8
"3746","Sweden","Men","1960-1964","All","GGS",400,139,58,34.8,41.7
"3747","Sweden","Men","1965-1969","All","GGS",429,109,49,25.4,45
"3748","Sweden","Men","1970-1974","All","GGS",425,96,45,22.6,46.9
"3749","Sweden","Men","1975-1979","All","GGS",211,62,33,29.4,53.2
"3750","Sweden","Women","1930-1934","All","GGS",76,73,38,96.1,52.1
"3751","Sweden","Women","1935-1939","All","GGS",273,272,144,99.6,52.9
"3752","Sweden","Women","1940-1944","All","GGS",360,349,195,96.9,55.9
"3753","Sweden","Women","1945-1949","All","GGS",485,460,224,94.8,48.7
"3754","Sweden","Women","1950-1954","All","GGS",390,344,161,88.2,46.8
"3755","Sweden","Women","1955-1959","All","GGS",430,268,108,62.3,40.3
"3756","Sweden","Women","1960-1964","All","GGS",468,166,73,35.5,44
"3757","Sweden","Women","1965-1969","All","GGS",486,84,29,17.3,34.5
"3758","Sweden","Women","1970-1974","All","GGS",449,57,17,12.7,29.8
"3759","Sweden","Women","1975-1979","All","GGS",222,38,21,17.1,55.3
"3760","Tanzania","Men","1965-1969","All","DHS",774,13,2,1.7,15.4
"3761","Tanzania","Men","1970-1974","All","DHS",1304,32,8,2.5,25
"3762","Tanzania","Men","1975-1979","All","DHS",1559,50,17,3.2,34
"3763","Tanzania","Men","1980-1984","All","DHS",374,12,4,3.2,33.3
"3764","Tanzania","Women","1965-1969","All","DHS",232,8,4,3.4,50
"3765","Tanzania","Women","1970-1974","All","DHS",319,11,7,3.4,63.6
"3766","Tanzania","Women","1975-1979","All","DHS",427,15,11,3.5,73.3
"3767","Tanzania","Women","1980-1984","All","DHS",80,1,0,1.2,0
"3768","Timor-Leste","Men","1965-1969","All","DHS",606,42,29,6.9,69
"3769","Timor-Leste","Men","1970-1974","All","DHS",1375,102,64,7.4,62.7
"3770","Timor-Leste","Men","1975-1979","All","DHS",1182,80,52,6.8,65
"3771","Timor-Leste","Men","1980-1984","All","DHS",557,60,44,10.8,73.3
"3772","Timor-Leste","Women","1955-1959","All","DHS",112,9,3,8,33.3
"3773","Timor-Leste","Women","1960-1964","All","DHS",305,29,11,9.5,37.9
"3774","Timor-Leste","Women","1965-1969","All","DHS",411,29,13,7.1,44.8
"3775","Timor-Leste","Women","1970-1974","All","DHS",480,41,20,8.5,48.8
"3776","Timor-Leste","Women","1975-1979","All","DHS",378,52,29,13.8,55.8
"3777","Timor-Leste","Women","1980-1984","All","DHS",169,34,27,20.1,79.4
"3778","Togo","Men","1960-1964","All","DHS",100,3,1,3,33.3
"3779","Togo","Men","1965-1969","All","DHS",838,13,4,1.6,30.8
"3780","Togo","Men","1970-1974","All","DHS",979,30,8,3.1,26.7
"3781","Togo","Men","1975-1979","All","DHS",1148,29,9,2.5,31
"3782","Togo","Women","1950-1954","All","DHS",20,0,0,0,NA
"3783","Togo","Women","1955-1959","All","DHS",188,3,3,1.6,100
"3784","Togo","Women","1960-1964","All","DHS",309,6,4,1.9,66.7
"3785","Togo","Women","1965-1969","All","DHS",362,9,4,2.5,44.4
"3786","Togo","Women","1970-1974","All","DHS",438,26,13,5.9,50
"3787","Togo","Women","1975-1979","All","DHS",414,34,21,8.2,61.8
"3788","Turkey","Men","1945-1949","All","DHS",125,7,5,5.6,71.4
"3789","Turkey","Men","1950-1954","All","DHS",777,31,13,4,41.9
"3790","Turkey","Men","1955-1959","All","DHS",909,43,17,4.7,39.5
"3791","Turkey","Men","1960-1964","All","DHS",895,54,23,6,42.6
"3792","Turkey","Women","1910-1914","All","DHS",1,0,0,0,NA
"3793","Turkey","Women","1920-1924","All","DHS",1,0,0,0,NA
"3794","Turkey","Women","1925-1929","All","DHS",5,1,0,20,0
"3795","Turkey","Women","1930-1934","All","DHS",11,0,0,0,NA
"3796","Turkey","Women","1935-1939","All","DHS",27,0,0,0,NA
"3797","Turkey","Women","1940-1944","All","DHS",65,2,0,3.1,0
"3798","Turkey","Women","1945-1949","All","DHS",165,3,0,1.8,0
"3799","Turkey","Women","1950-1954","All","DHS",280,5,0,1.8,0
"3800","Turkey","Women","1955-1959","All","DHS",330,9,0,2.7,0
"3801","Turkey","Women","1960-1964","All","DHS",302,9,0,3,0
"3802","Uganda","Men","1965-1969","All","DHS",710,10,1,1.4,10
"3803","Uganda","Men","1970-1974","All","DHS",1473,28,10,1.9,35.7
"3804","Uganda","Men","1975-1979","All","DHS",1895,37,12,2,32.4
"3805","Uganda","Men","1980-1984","All","DHS",756,9,5,1.2,55.6
"3806","Uganda","Women","1960-1964","All","DHS",175,2,0,1.1,0
"3807","Uganda","Women","1965-1969","All","DHS",318,7,4,2.2,57.1
"3808","Uganda","Women","1970-1974","All","DHS",476,8,3,1.7,37.5
"3809","Uganda","Women","1975-1979","All","DHS",471,15,9,3.2,60
"3810","Uganda","Women","1980-1984","All","DHS",205,8,6,3.9,75
"3811","Ukraine","Men","1955-1959","All","DHS",424,23,3,5.4,13
"3812","Ukraine","Men","1960-1964","All","DHS",1094,44,11,4,25
"3813","Ukraine","Men","1965-1969","All","DHS",966,65,16,6.7,24.6
"3814","Ukraine","Men","1970-1974","All","DHS",595,43,14,7.2,32.6
"3815","Ukraine","Women","1955-1959","All","DHS",219,15,6,6.8,40
"3816","Ukraine","Women","1960-1964","All","DHS",481,50,19,10.4,38
"3817","Ukraine","Women","1965-1969","All","DHS",379,47,15,12.4,31.9
"3818","Ukraine","Women","1970-1974","All","DHS",286,44,19,15.4,43.2
"3819","Zambia","Men","1965-1969","All","DHS",179,4,0,2.2,0
"3820","Zambia","Men","1970-1974","All","DHS",1051,24,9,2.3,37.5
"3821","Zambia","Men","1975-1979","All","DHS",1335,21,7,1.6,33.3
"3822","Zambia","Men","1980-1984","All","DHS",1289,23,9,1.8,39.1
"3823","Zambia","Women","1955-1959","All","DHS",67,1,0,1.5,0
"3824","Zambia","Women","1960-1964","All","DHS",501,9,8,1.8,88.9
"3825","Zambia","Women","1965-1969","All","DHS",618,12,8,1.9,66.7
"3826","Zambia","Women","1970-1974","All","DHS",963,38,22,3.9,57.9
"3827","Zambia","Women","1975-1979","All","DHS",1109,30,20,2.7,66.7
"3828","Zambia","Women","1980-1984","All","DHS",1041,72,47,6.9,65.3
"3829","Zimbabwe","Men","1965-1969","All","DHS",471,19,9,4,47.4
"3830","Zimbabwe","Men","1970-1974","All","DHS",901,44,14,4.9,31.8
"3831","Zimbabwe","Men","1975-1979","All","DHS",1179,30,15,2.5,50
"3832","Zimbabwe","Men","1980-1984","All","DHS",219,7,5,3.2,71.4
"3833","Zimbabwe","Women","1960-1964","All","DHS",313,9,2,2.9,22.2
"3834","Zimbabwe","Women","1965-1969","All","DHS",501,16,6,3.2,37.5
"3835","Zimbabwe","Women","1970-1974","All","DHS",803,34,15,4.2,44.1
"3836","Zimbabwe","Women","1975-1979","All","DHS",887,60,20,6.8,33.3
"3837","Zimbabwe","Women","1980-1984","All","DHS",181,19,14,10.5,73.7
