"","country","sex","bc_cate","education","TotalN","ChildlessN","NeverInUnionN","prop_childless","prop_neverinunion"
"1","Albania","Men","1950-1959","High",339,NA,NA,NA,NA
"2","Albania","Men","1950-1959","Low",522,NA,NA,NA,NA
"3","Albania","Men","1960-1969","High",1766,21,17,1.2,81
"4","Albania","Men","1960-1969","Low",2286,13,5,0.6,38.5
"5","Albania","Men","1970-1979","High",1457,107,60,7.3,56.1
"6","Albania","Men","1970-1979","Low",1787,107,45,6,42.1
"7","Albania","Men","1980-1989","High",298,35,24,11.7,68.6
"8","Albania","Men","1980-1989","Low",503,38,29,7.6,76.3
"9","Albania","Women","1950-1959","High",161,8,2,5,25
"10","Albania","Women","1950-1959","Low",168,8,1,4.8,12.5
"11","Albania","Women","1960-1969","High",789,59,19,7.5,32.2
"12","Albania","Women","1960-1969","Low",811,60,12,7.4,20
"13","Albania","Women","1970-1979","High",585,73,32,12.5,43.8
"14","Albania","Women","1970-1979","Low",615,74,30,12,40.5
"15","Albania","Women","1980-1989","High",121,46,32,38,69.6
"16","Albania","Women","1980-1989","Low",195,43,27,22.1,62.8
"17","Angola","Men","1960-1969","High",274,7,3,2.6,42.9
"18","Angola","Men","1960-1969","Low",368,17,5,4.6,29.4
"19","Angola","Men","1970-1979","High",1093,29,13,2.7,44.8
"20","Angola","Men","1970-1979","Low",1524,52,13,3.4,25
"21","Angola","Men","1980-1989","High",99,2,1,2,50
"22","Angola","Men","1980-1989","Low",263,6,5,2.3,83.3
"23","Angola","Women","1960-1969","High",284,9,1,3.2,11.1
"24","Angola","Women","1960-1969","Low",327,15,6,4.6,40
"25","Angola","Women","1970-1979","High",426,12,6,2.8,50
"26","Angola","Women","1970-1979","Low",533,21,8,3.9,38.1
"27","Angola","Women","1980-1989","High",49,3,3,6.1,100
"28","Angola","Women","1980-1989","Low",91,7,5,7.7,71.4
"29","Armenia","Men","1960-1969","High",214,18,14,8.4,77.8
"30","Armenia","Men","1960-1969","Low",314,15,9,4.8,60
"31","Armenia","Men","1970-1979","High",799,83,59,10.4,71.1
"32","Armenia","Men","1970-1979","Low",824,47,25,5.7,53.2
"33","Armenia","Men","1980-1989","High",96,12,11,12.5,91.7
"34","Armenia","Men","1980-1989","Low",123,11,9,8.9,81.8
"35","Armenia","Women","1960-1969","High",109,5,5,4.6,100
"36","Armenia","Women","1960-1969","Low",130,7,4,5.4,57.1
"37","Armenia","Women","1970-1979","High",293,37,25,12.6,67.6
"38","Armenia","Women","1970-1979","Low",434,43,31,9.9,72.1
"39","Armenia","Women","1980-1989","High",25,4,3,16,75
"40","Armenia","Women","1980-1989","Low",57,11,9,19.3,81.8
"41","Austria","Men","1910-1919","High",1,NA,NA,NA,NA
"42","Austria","Men","1910-1919","Low",3,NA,NA,NA,NA
"43","Austria","Men","1910-1919","Medium",2,NA,NA,NA,NA
"44","Austria","Men","1920-1929","High",6,NA,NA,NA,NA
"45","Austria","Men","1920-1929","Low",18,2,NA,11.1,NA
"46","Austria","Men","1920-1929","Medium",24,2,1,8.3,50
"47","Austria","Men","1930-1939","High",19,1,1,5.3,100
"48","Austria","Men","1930-1939","Low",43,10,2,23.3,20
"49","Austria","Men","1930-1939","Medium",73,6,2,8.2,33.3
"50","Austria","Men","1930-1939",NA,1,NA,NA,NA,NA
"51","Austria","Men","1940-1949","High",38,7,2,18.4,28.6
"52","Austria","Men","1940-1949","Low",46,11,1,23.9,9.1
"53","Austria","Men","1940-1949","Medium",212,35,3,16.5,8.6
"54","Austria","Men","1940-1949",NA,1,NA,NA,NA,NA
"55","Austria","Men","1950-1959","High",46,10,2,21.7,20
"56","Austria","Men","1950-1959","Low",47,13,6,27.7,46.2
"57","Austria","Men","1950-1959","Medium",303,46,5,15.2,10.9
"58","Austria","Men","1950-1959",NA,1,NA,NA,NA,NA
"59","Austria","Men","1960-1969","High",190,53,11,27.9,20.8
"60","Austria","Men","1960-1969","Low",110,39,15,35.5,38.5
"61","Austria","Men","1960-1969","Medium",769,183,56,23.8,30.6
"62","Austria","Men","1960-1969",NA,1,1,NA,100,NA
"63","Austria","Men","1970-1979","High",105,42,13,40,31
"64","Austria","Men","1970-1979","Low",36,20,5,55.6,25
"65","Austria","Men","1970-1979","Medium",378,122,32,32.3,26.2
"66","Austria","Men","1970-1979",NA,1,NA,NA,NA,NA
"67","Austria","Men","1980-1989","High",15,7,1,46.7,14.3
"68","Austria","Men","1980-1989","Low",6,2,1,33.3,50
"69","Austria","Men","1980-1989","Medium",64,32,10,50,31.2
"70","Austria","Women","1910-1919","Medium",2,2,NA,100,NA
"71","Austria","Women","1920-1929","High",2,2,2,100,100
"72","Austria","Women","1920-1929","Low",29,8,NA,27.6,NA
"73","Austria","Women","1920-1929","Medium",24,4,1,16.7,25
"74","Austria","Women","1930-1939","High",6,3,1,50,33.3
"75","Austria","Women","1930-1939","Low",88,6,1,6.8,16.7
"76","Austria","Women","1930-1939","Medium",85,9,2,10.6,22.2
"77","Austria","Women","1940-1949","High",32,6,NA,18.8,NA
"78","Austria","Women","1940-1949","Low",128,12,3,9.4,25
"79","Austria","Women","1940-1949","Medium",212,27,6,12.7,22.2
"80","Austria","Women","1950-1959","High",41,14,5,34.1,35.7
"81","Austria","Women","1950-1959","Low",79,8,3,10.1,37.5
"82","Austria","Women","1950-1959","Medium",293,37,9,12.6,24.3
"83","Austria","Women","1950-1959",NA,1,NA,NA,NA,NA
"84","Austria","Women","1960-1969","High",245,60,13,24.5,21.7
"85","Austria","Women","1960-1969","Low",232,35,9,15.1,25.7
"86","Austria","Women","1960-1969","Medium",1028,145,30,14.1,20.7
"87","Austria","Women","1970-1979","High",128,46,10,35.9,21.7
"88","Austria","Women","1970-1979","Low",93,13,4,14,30.8
"89","Austria","Women","1970-1979","Medium",531,100,23,18.8,23
"90","Austria","Women","1980-1989","High",20,7,2,35,28.6
"91","Austria","Women","1980-1989","Low",7,1,1,14.3,100
"92","Austria","Women","1980-1989","Medium",44,8,1,18.2,12.5
"93","Azerbaijan","Men","1950-1959","High",213,20,12,9.4,60
"94","Azerbaijan","Men","1950-1959","Low",380,41,23,10.8,56.1
"95","Azerbaijan","Men","1960-1969","High",816,90,62,11,68.9
"96","Azerbaijan","Men","1960-1969","Low",1650,191,124,11.6,64.9
"97","Azerbaijan","Men","1970-1979","High",150,29,25,19.3,86.2
"98","Azerbaijan","Men","1970-1979","Low",286,56,38,19.6,67.9
"99","Azerbaijan","Women","1940-1949","High",26,1,1,3.8,100
"100","Azerbaijan","Women","1940-1949","Low",27,NA,NA,NA,NA
"101","Azerbaijan","Women","1950-1959","High",204,7,2,3.4,28.6
"102","Azerbaijan","Women","1950-1959","Low",237,10,2,4.2,20
"103","Azerbaijan","Women","1960-1969","High",300,10,2,3.3,20
"104","Azerbaijan","Women","1960-1969","Low",323,12,6,3.7,50
"105","Azerbaijan","Women","1960-1969",NA,1,NA,NA,NA,NA
"106","Azerbaijan","Women","1970-1979","High",41,2,1,4.9,50
"107","Azerbaijan","Women","1970-1979","Low",79,13,7,16.5,53.8
"108","Azerbaijan","Women","1970-1979",NA,1,1,NA,100,NA
"109","Belarus","Men","1930-1939","High",14,2,1,14.3,50
"110","Belarus","Men","1930-1939","Low",16,NA,NA,NA,NA
"111","Belarus","Men","1930-1939","Medium",23,3,2,13,66.7
"112","Belarus","Men","1940-1949","High",95,4,1,4.2,25
"113","Belarus","Men","1940-1949","Low",36,2,2,5.6,100
"114","Belarus","Men","1940-1949","Medium",168,14,7,8.3,50
"115","Belarus","Men","1950-1959","High",165,15,6,9.1,40
"116","Belarus","Men","1950-1959","Low",38,9,7,23.7,77.8
"117","Belarus","Men","1950-1959","Medium",463,36,17,7.8,47.2
"118","Belarus","Men","1960-1969","High",163,18,9,11,50
"119","Belarus","Men","1960-1969","Low",21,8,3,38.1,37.5
"120","Belarus","Men","1960-1969","Medium",540,70,30,13,42.9
"121","Belarus","Men","1970-1979","High",264,43,17,16.3,39.5
"122","Belarus","Men","1970-1979","Low",24,13,7,54.2,53.8
"123","Belarus","Men","1970-1979","Medium",531,78,40,14.7,51.3
"124","Belarus","Men","1980-1989","High",95,20,9,21.1,45
"125","Belarus","Men","1980-1989","Low",4,1,1,25,100
"126","Belarus","Men","1980-1989","Medium",149,37,16,24.8,43.2
"127","Belarus","Women","1920-1929","Medium",1,NA,NA,NA,NA
"128","Belarus","Women","1930-1939","High",37,6,2,16.2,33.3
"129","Belarus","Women","1930-1939","Low",54,4,3,7.4,75
"130","Belarus","Women","1930-1939","Medium",65,10,7,15.4,70
"131","Belarus","Women","1940-1949","High",154,25,17,16.2,68
"132","Belarus","Women","1940-1949","Low",110,11,8,10,72.7
"133","Belarus","Women","1940-1949","Medium",336,36,21,10.7,58.3
"134","Belarus","Women","1950-1959","High",276,25,13,9.1,52
"135","Belarus","Women","1950-1959","Low",46,4,3,8.7,75
"136","Belarus","Women","1950-1959","Medium",693,56,31,8.1,55.4
"137","Belarus","Women","1960-1969","High",260,45,28,17.3,62.2
"138","Belarus","Women","1960-1969","Low",18,2,1,11.1,50
"139","Belarus","Women","1960-1969","Medium",666,48,31,7.2,64.6
"140","Belarus","Women","1970-1979","High",377,39,19,10.3,48.7
"141","Belarus","Women","1970-1979","Low",21,2,NA,9.5,NA
"142","Belarus","Women","1970-1979","Medium",643,54,25,8.4,46.3
"143","Belarus","Women","1980-1989","High",126,14,6,11.1,42.9
"144","Belarus","Women","1980-1989","Low",6,NA,NA,NA,NA
"145","Belarus","Women","1980-1989","Medium",140,15,5,10.7,33.3
"146","Belgium","Men","1910-1919","Low",4,1,NA,25,NA
"147","Belgium","Men","1910-1919","Medium",1,NA,NA,NA,NA
"148","Belgium","Men","1920-1929","High",12,4,1,33.3,25
"149","Belgium","Men","1920-1929","Low",54,7,2,13,28.6
"150","Belgium","Men","1920-1929","Medium",16,4,NA,25,NA
"151","Belgium","Men","1930-1939","High",107,23,5,21.5,21.7
"152","Belgium","Men","1930-1939","Low",248,61,7,24.6,11.5
"153","Belgium","Men","1930-1939","Medium",127,28,1,22,3.6
"154","Belgium","Men","1930-1939",NA,2,NA,NA,NA,NA
"155","Belgium","Men","1940-1949","High",213,52,3,24.4,5.8
"156","Belgium","Men","1940-1949","Low",304,91,21,29.9,23.1
"157","Belgium","Men","1940-1949","Medium",199,44,9,22.1,20.5
"158","Belgium","Men","1940-1949",NA,3,2,2,66.7,100
"159","Belgium","Men","1950-1959","High",301,43,14,14.3,32.6
"160","Belgium","Men","1950-1959","Low",316,74,22,23.4,29.7
"161","Belgium","Men","1950-1959","Medium",335,70,12,20.9,17.1
"162","Belgium","Men","1950-1959",NA,5,NA,NA,NA,NA
"163","Belgium","Men","1960-1969","High",377,65,15,17.2,23.1
"164","Belgium","Men","1960-1969","Low",264,60,21,22.7,35
"165","Belgium","Men","1960-1969","Medium",382,81,23,21.2,28.4
"166","Belgium","Men","1960-1969",NA,6,2,NA,33.3,NA
"167","Belgium","Men","1970-1979","High",206,40,10,19.4,25
"168","Belgium","Men","1970-1979","Low",88,33,10,37.5,30.3
"169","Belgium","Men","1970-1979","Medium",158,31,7,19.6,22.6
"170","Belgium","Men","1970-1979",NA,2,NA,NA,NA,NA
"171","Belgium","Men","1980-1989","High",24,9,5,37.5,55.6
"172","Belgium","Men","1980-1989","Low",6,2,NA,33.3,NA
"173","Belgium","Men","1980-1989","Medium",23,5,1,21.7,20
"174","Belgium","Women","1910-1919","High",1,1,1,100,100
"175","Belgium","Women","1910-1919","Low",4,NA,NA,NA,NA
"176","Belgium","Women","1910-1919","Medium",2,NA,NA,NA,NA
"177","Belgium","Women","1920-1929","High",8,1,NA,12.5,NA
"178","Belgium","Women","1920-1929","Low",79,15,5,19,33.3
"179","Belgium","Women","1920-1929","Medium",14,2,NA,14.3,NA
"180","Belgium","Women","1930-1939","High",75,27,11,36,40.7
"181","Belgium","Women","1930-1939","Low",329,72,25,21.9,34.7
"182","Belgium","Women","1930-1939","Medium",117,27,9,23.1,33.3
"183","Belgium","Women","1930-1939",NA,1,NA,NA,NA,NA
"184","Belgium","Women","1940-1949","High",191,47,9,24.6,19.1
"185","Belgium","Women","1940-1949","Low",357,69,13,19.3,18.8
"186","Belgium","Women","1940-1949","Medium",172,39,7,22.7,17.9
"187","Belgium","Women","1940-1949",NA,1,NA,NA,NA,NA
"188","Belgium","Women","1950-1959","High",315,52,5,16.5,9.6
"189","Belgium","Women","1950-1959","Low",367,54,11,14.7,20.4
"190","Belgium","Women","1950-1959","Medium",329,52,9,15.8,17.3
"191","Belgium","Women","1950-1959",NA,3,1,NA,33.3,NA
"192","Belgium","Women","1960-1969","High",477,74,14,15.5,18.9
"193","Belgium","Women","1960-1969","Low",258,29,4,11.2,13.8
"194","Belgium","Women","1960-1969","Medium",412,47,8,11.4,17
"195","Belgium","Women","1960-1969",NA,2,NA,NA,NA,NA
"196","Belgium","Women","1970-1979","High",237,40,6,16.9,15
"197","Belgium","Women","1970-1979","Low",68,8,4,11.8,50
"198","Belgium","Women","1970-1979","Medium",163,22,5,13.5,22.7
"199","Belgium","Women","1970-1979",NA,2,NA,NA,NA,NA
"200","Belgium","Women","1980-1989","High",37,4,2,10.8,50
"201","Belgium","Women","1980-1989","Low",5,1,1,20,100
"202","Belgium","Women","1980-1989","Medium",22,3,NA,13.6,NA
"203","Benin","Men","1960-1969","High",95,3,2,3.2,66.7
"204","Benin","Men","1960-1969","Low",303,4,1,1.3,25
"205","Benin","Men","1970-1979","High",665,20,6,3,30
"206","Benin","Men","1970-1979","Low",2087,22,3,1.1,13.6
"207","Benin","Men","1980-1989","High",346,13,1,3.8,7.7
"208","Benin","Men","1980-1989","Low",1015,14,2,1.4,14.3
"209","Benin","Women","1950-1959","High",108,1,NA,0.9,NA
"210","Benin","Women","1950-1959","Low",175,2,2,1.1,100
"211","Benin","Women","1960-1969","High",352,5,1,1.4,20
"212","Benin","Women","1960-1969","Low",381,9,5,2.4,55.6
"213","Benin","Women","1970-1979","High",629,18,8,2.9,44.4
"214","Benin","Women","1970-1979","Low",635,14,4,2.2,28.6
"215","Benin","Women","1980-1989","High",218,15,8,6.9,53.3
"216","Benin","Women","1980-1989","Low",378,19,9,5,47.4
"217","Bolivia","Men","1950-1959","High",239,13,8,5.4,61.5
"218","Bolivia","Men","1950-1959","Low",272,12,3,4.4,25
"219","Bolivia","Men","1960-1969","High",1744,98,63,5.6,64.3
"220","Bolivia","Men","1960-1969","Low",1856,40,18,2.2,45
"221","Bolivia","Men","1970-1979","High",628,63,42,10,66.7
"222","Bolivia","Men","1970-1979","Low",790,19,11,2.4,57.9
"223","Bolivia","Women","1940-1949","High",152,11,6,7.2,54.5
"224","Bolivia","Women","1940-1949","Low",210,6,1,2.9,16.7
"225","Bolivia","Women","1950-1959","High",386,19,11,4.9,57.9
"226","Bolivia","Women","1950-1959","Low",423,18,9,4.3,50
"227","Bolivia","Women","1960-1969","High",535,40,31,7.5,77.5
"228","Bolivia","Women","1960-1969","Low",597,35,21,5.9,60
"229","Bolivia","Women","1970-1979","High",196,18,12,9.2,66.7
"230","Bolivia","Women","1970-1979","Low",238,15,9,6.3,60
"231","Brazil","Men","1940-1949","High",316,38,21,12,55.3
"232","Brazil","Men","1940-1949","Low",501,30,16,6,53.3
"233","Brazil","Men","1950-1959","High",1419,166,110,11.7,66.3
"234","Brazil","Men","1950-1959","Low",1554,89,50,5.7,56.2
"235","Brazil","Men","1950-1959",NA,2,NA,NA,NA,NA
"236","Brazil","Men","1960-1969","High",195,28,18,14.4,64.3
"237","Brazil","Men","1960-1969","Low",273,12,8,4.4,66.7
"238","Brazil","Women","1930-1939","High",42,NA,NA,NA,NA
"239","Brazil","Women","1930-1939","Low",60,5,1,8.3,20
"240","Brazil","Women","1940-1949","High",187,9,3,4.8,33.3
"241","Brazil","Women","1940-1949","Low",209,15,7,7.2,46.7
"242","Brazil","Women","1950-1959","High",263,24,9,9.1,37.5
"243","Brazil","Women","1950-1959","Low",294,18,12,6.1,66.7
"244","Brazil","Women","1960-1969","High",37,5,3,13.5,60
"245","Brazil","Women","1960-1969","Low",38,8,4,21.1,50
"246","Bulgaria","Men","1910-1919","Medium",1,NA,NA,NA,NA
"247","Bulgaria","Men","1920-1929","High",50,4,2,8,50
"248","Bulgaria","Men","1920-1929","Low",158,16,4,10.1,25
"249","Bulgaria","Men","1920-1929","Medium",61,6,3,9.8,50
"250","Bulgaria","Men","1920-1929",NA,8,2,2,25,100
"251","Bulgaria","Men","1930-1939","High",165,6,3,3.6,50
"252","Bulgaria","Men","1930-1939","Low",385,23,10,6,43.5
"253","Bulgaria","Men","1930-1939","Medium",237,13,6,5.5,46.2
"254","Bulgaria","Men","1930-1939",NA,8,1,NA,12.5,NA
"255","Bulgaria","Men","1940-1949","High",171,12,5,7,41.7
"256","Bulgaria","Men","1940-1949","Low",372,39,21,10.5,53.8
"257","Bulgaria","Men","1940-1949","Medium",517,31,13,6,41.9
"258","Bulgaria","Men","1940-1949",NA,3,NA,NA,NA,NA
"259","Bulgaria","Men","1950-1959","High",225,24,15,10.7,62.5
"260","Bulgaria","Men","1950-1959","Low",252,29,21,11.5,72.4
"261","Bulgaria","Men","1950-1959","Medium",636,65,36,10.2,55.4
"262","Bulgaria","Men","1950-1959",NA,11,3,3,27.3,100
"263","Bulgaria","Men","1960-1969","High",228,51,34,22.4,66.7
"264","Bulgaria","Men","1960-1969","Low",299,41,27,13.7,65.9
"265","Bulgaria","Men","1960-1969","Medium",956,164,110,17.2,67.1
"266","Bulgaria","Men","1960-1969",NA,6,NA,NA,NA,NA
"267","Bulgaria","Men","1970-1979","High",41,13,7,31.7,53.8
"268","Bulgaria","Men","1970-1979","Low",35,10,9,28.6,90
"269","Bulgaria","Men","1970-1979","Medium",103,33,23,32,69.7
"270","Bulgaria","Men","1980-1989","High",12,7,4,58.3,57.1
"271","Bulgaria","Men","1980-1989","Low",12,6,5,50,83.3
"272","Bulgaria","Men","1980-1989","Medium",22,11,10,50,90.9
"273","Bulgaria","Women","1910-1919","Low",2,NA,NA,NA,NA
"274","Bulgaria","Women","1920-1929","High",15,1,1,6.7,100
"275","Bulgaria","Women","1920-1929","Low",147,15,4,10.2,26.7
"276","Bulgaria","Women","1920-1929","Medium",33,2,NA,6.1,NA
"277","Bulgaria","Women","1920-1929",NA,4,1,1,25,100
"278","Bulgaria","Women","1930-1939","High",123,15,3,12.2,20
"279","Bulgaria","Women","1930-1939","Low",516,37,8,7.2,21.6
"280","Bulgaria","Women","1930-1939","Medium",269,13,6,4.8,46.2
"281","Bulgaria","Women","1930-1939",NA,29,3,NA,10.3,NA
"282","Bulgaria","Women","1940-1949","High",257,28,13,10.9,46.4
"283","Bulgaria","Women","1940-1949","Low",460,11,2,2.4,18.2
"284","Bulgaria","Women","1940-1949","Medium",512,23,6,4.5,26.1
"285","Bulgaria","Women","1940-1949",NA,17,2,1,11.8,50
"286","Bulgaria","Women","1950-1959","High",323,27,20,8.4,74.1
"287","Bulgaria","Women","1950-1959","Low",303,14,5,4.6,35.7
"288","Bulgaria","Women","1950-1959","Medium",640,36,16,5.6,44.4
"289","Bulgaria","Women","1950-1959",NA,10,1,1,10,100
"290","Bulgaria","Women","1960-1969","High",586,74,48,12.6,64.9
"291","Bulgaria","Women","1960-1969","Low",351,16,9,4.6,56.2
"292","Bulgaria","Women","1960-1969","Medium",1115,73,42,6.5,57.5
"293","Bulgaria","Women","1960-1969",NA,13,5,4,38.5,80
"294","Bulgaria","Women","1970-1979","High",64,9,4,14.1,44.4
"295","Bulgaria","Women","1970-1979","Low",56,1,NA,1.8,NA
"296","Bulgaria","Women","1970-1979","Medium",95,9,6,9.5,66.7
"297","Bulgaria","Women","1980-1989","High",8,3,1,37.5,33.3
"298","Bulgaria","Women","1980-1989","Low",9,1,NA,11.1,NA
"299","Bulgaria","Women","1980-1989","Medium",19,5,4,26.3,80
"300","Burkina Faso","Men","1960-1969","High",305,7,4,2.3,57.1
"301","Burkina Faso","Men","1960-1969","Low",2222,14,NA,0.6,NA
"302","Burkina Faso","Men","1970-1979","High",340,9,4,2.6,44.4
"303","Burkina Faso","Men","1970-1979","Low",2103,15,NA,0.7,NA
"304","Burkina Faso","Women","1950-1959","High",128,1,NA,0.8,NA
"305","Burkina Faso","Women","1950-1959","Low",563,4,NA,0.7,NA
"306","Burkina Faso","Women","1960-1969","High",258,5,4,1.9,80
"307","Burkina Faso","Women","1960-1969","Low",1004,11,NA,1.1,NA
"308","Burkina Faso","Women","1970-1979","High",328,26,17,7.9,65.4
"309","Burkina Faso","Women","1970-1979","Low",652,29,11,4.4,37.9
"310","Burundi","Men","1960-1969","High",181,1,NA,0.6,NA
"311","Burundi","Men","1960-1969","Low",470,18,12,3.8,66.7
"312","Burundi","Men","1970-1979","High",1303,52,30,4,57.7
"313","Burundi","Men","1970-1979","Low",1803,72,41,4,56.9
"314","Burundi","Men","1980-1989","High",423,23,17,5.4,73.9
"315","Burundi","Men","1980-1989","Low",505,28,21,5.5,75
"316","Burundi","Women","1950-1959","High",97,1,1,1,100
"317","Burundi","Women","1950-1959","Low",114,4,3,3.5,75
"318","Burundi","Women","1960-1969","High",366,10,8,2.7,80
"319","Burundi","Women","1960-1969","Low",558,10,6,1.8,60
"320","Burundi","Women","1970-1979","High",528,16,8,3,50
"321","Burundi","Women","1970-1979","Low",688,21,10,3.1,47.6
"322","Burundi","Women","1980-1989","High",147,11,8,7.5,72.7
"323","Burundi","Women","1980-1989","Low",205,3,2,1.5,66.7
"324","Cambodia","Men","1960-1969","High",846,61,43,7.2,70.5
"325","Cambodia","Men","1960-1969","Low",1129,67,41,5.9,61.2
"326","Cambodia","Men","1970-1979","High",1602,141,89,8.8,63.1
"327","Cambodia","Men","1970-1979","Low",2095,160,104,7.6,65
"328","Cambodia","Women","1960-1969","High",260,5,NA,1.9,NA
"329","Cambodia","Women","1960-1969","Low",310,11,1,3.5,9.1
"330","Cambodia","Women","1970-1979","High",504,32,10,6.3,31.2
"331","Cambodia","Women","1970-1979","Low",605,25,10,4.1,40
"332","Cameroon","Men","1950-1959","High",148,6,NA,4.1,NA
"333","Cameroon","Men","1950-1959","Low",220,7,NA,3.2,NA
"334","Cameroon","Men","1960-1969","High",478,12,3,2.5,25
"335","Cameroon","Men","1960-1969","Low",483,17,3,3.5,17.6
"336","Cameroon","Men","1970-1979","High",826,29,8,3.5,27.6
"337","Cameroon","Men","1970-1979","Low",1267,46,3,3.6,6.5
"338","Cameroon","Men","1980-1989","High",473,34,22,7.2,64.7
"339","Cameroon","Men","1980-1989","Low",741,28,12,3.8,42.9
"340","Cameroon","Women","1950-1959","High",107,1,NA,0.9,NA
"341","Cameroon","Women","1950-1959","Low",187,6,NA,3.2,NA
"342","Cameroon","Women","1960-1969","High",342,7,NA,2,NA
"343","Cameroon","Women","1960-1969","Low",368,11,6,3,54.5
"344","Cameroon","Women","1970-1979","High",492,22,15,4.5,68.2
"345","Cameroon","Women","1970-1979","Low",527,31,19,5.9,61.3
"346","Cameroon","Women","1970-1979",NA,1,NA,NA,NA,NA
"347","Cameroon","Women","1980-1989","High",206,22,11,10.7,50
"348","Cameroon","Women","1980-1989","Low",343,33,25,9.6,75.8
"349","Canada","Men","1920-1929","High",34,6,2,17.6,33.3
"350","Canada","Men","1920-1929","Low",77,19,5,24.7,26.3
"351","Canada","Men","1920-1929","Medium",66,12,1,18.2,8.3
"352","Canada","Men","1920-1929",NA,4,1,NA,25,NA
"353","Canada","Men","1930-1939","High",236,38,10,16.1,26.3
"354","Canada","Men","1930-1939","Low",405,73,22,18,30.1
"355","Canada","Men","1930-1939","Medium",355,80,27,22.5,33.8
"356","Canada","Men","1930-1939",NA,30,10,3,33.3,30
"357","Canada","Men","1940-1949","High",533,107,32,20.1,29.9
"358","Canada","Men","1940-1949","Low",420,97,31,23.1,32
"359","Canada","Men","1940-1949","Medium",629,121,21,19.2,17.4
"360","Canada","Men","1940-1949",NA,30,10,3,33.3,30
"361","Canada","Men","1950-1959","High",695,178,56,25.6,31.5
"362","Canada","Men","1950-1959","Low",312,80,34,25.6,42.5
"363","Canada","Men","1950-1959","Medium",886,194,58,21.9,29.9
"364","Canada","Men","1950-1959",NA,33,11,2,33.3,18.2
"365","Canada","Men","1960-1969","High",915,278,104,30.4,37.4
"366","Canada","Men","1960-1969","Low",246,76,28,30.9,36.8
"367","Canada","Men","1960-1969","Medium",915,259,81,28.3,31.3
"368","Canada","Men","1960-1969",NA,38,11,4,28.9,36.4
"369","Canada","Men","1970-1979","High",148,68,25,45.9,36.8
"370","Canada","Men","1970-1979","Low",32,9,5,28.1,55.6
"371","Canada","Men","1970-1979","Medium",121,39,16,32.2,41
"372","Canada","Men","1970-1979",NA,5,2,1,40,50
"373","Canada","Women","1920-1929","High",54,12,7,22.2,58.3
"374","Canada","Women","1920-1929","Low",140,24,9,17.1,37.5
"375","Canada","Women","1920-1929","Medium",105,17,8,16.2,47.1
"376","Canada","Women","1920-1929",NA,11,2,NA,18.2,NA
"377","Canada","Women","1930-1939","High",299,49,26,16.4,53.1
"378","Canada","Women","1930-1939","Low",561,53,10,9.4,18.9
"379","Canada","Women","1930-1939","Medium",489,58,17,11.9,29.3
"380","Canada","Women","1930-1939",NA,37,5,2,13.5,40
"381","Canada","Women","1940-1949","High",692,143,42,20.7,29.4
"382","Canada","Women","1940-1949","Low",532,58,12,10.9,20.7
"383","Canada","Women","1940-1949","Medium",795,102,32,12.8,31.4
"384","Canada","Women","1940-1949",NA,38,7,2,18.4,28.6
"385","Canada","Women","1950-1959","High",1074,277,75,25.8,27.1
"386","Canada","Women","1950-1959","Low",305,39,13,12.8,33.3
"387","Canada","Women","1950-1959","Medium",1006,180,39,17.9,21.7
"388","Canada","Women","1950-1959",NA,35,10,2,28.6,20
"389","Canada","Women","1960-1969","High",1327,342,104,25.8,30.4
"390","Canada","Women","1960-1969","Low",169,24,9,14.2,37.5
"391","Canada","Women","1960-1969","Medium",961,216,58,22.5,26.9
"392","Canada","Women","1960-1969",NA,33,5,NA,15.2,NA
"393","Canada","Women","1970-1979","High",231,68,31,29.4,45.6
"394","Canada","Women","1970-1979","Low",19,2,2,10.5,100
"395","Canada","Women","1970-1979","Medium",125,31,14,24.8,45.2
"396","Canada","Women","1970-1979",NA,4,NA,NA,NA,NA
"397","Central African Republic","Men","1940-1949","High",46,4,NA,8.7,NA
"398","Central African Republic","Men","1940-1949","Low",382,32,2,8.4,6.2
"399","Central African Republic","Men","1950-1959","High",339,13,3,3.8,23.1
"400","Central African Republic","Men","1950-1959","Low",814,79,10,9.7,12.7
"401","Central African Republic","Men","1960-1969","High",3,NA,NA,NA,NA
"402","Central African Republic","Men","1960-1969","Low",4,NA,NA,NA,NA
"403","Central African Republic","Women","1930-1939","High",34,1,NA,2.9,NA
"404","Central African Republic","Women","1930-1939","Low",59,8,NA,13.6,NA
"405","Central African Republic","Women","1940-1949","High",82,2,NA,2.4,NA
"406","Central African Republic","Women","1940-1949","Low",115,11,1,9.6,9.1
"407","Central African Republic","Women","1950-1959","High",146,11,5,7.5,45.5
"408","Central African Republic","Women","1950-1959","Low",165,25,10,15.2,40
"409","Central African Republic","Women","1960-1969","High",1,NA,NA,NA,NA
"410","Central African Republic","Women","1960-1969","Low",3,1,NA,33.3,NA
"411","Chad","Men","1960-1969","High",201,2,NA,1,NA
"412","Chad","Men","1960-1969","Low",1060,11,2,1,18.2
"413","Chad","Men","1970-1979","High",626,13,4,2.1,30.8
"414","Chad","Men","1970-1979","Low",2955,26,7,0.9,26.9
"415","Chad","Men","1970-1979",NA,2,NA,NA,NA,NA
"416","Chad","Men","1980-1989","High",37,1,NA,2.7,NA
"417","Chad","Men","1980-1989","Low",127,NA,NA,NA,NA
"418","Chad","Women","1950-1959","High",71,NA,NA,NA,NA
"419","Chad","Women","1950-1959","Low",148,2,NA,1.4,NA
"420","Chad","Women","1960-1969","High",265,4,1,1.5,25
"421","Chad","Women","1960-1969","Low",420,6,2,1.4,33.3
"422","Chad","Women","1960-1969",NA,1,NA,NA,NA,NA
"423","Chad","Women","1970-1979","High",449,21,12,4.7,57.1
"424","Chad","Women","1970-1979","Low",604,5,1,0.8,20
"425","Chad","Women","1970-1979",NA,4,NA,NA,NA,NA
"426","Chad","Women","1980-1989","High",25,1,1,4,100
"427","Chad","Women","1980-1989","Low",52,1,NA,1.9,NA
"428","Colombia","Men","1960-1969","High",1866,139,69,7.4,49.6
"429","Colombia","Men","1960-1969","Low",1897,57,26,3,45.6
"430","Colombia","Men","1970-1979","High",4330,386,210,8.9,54.4
"431","Colombia","Men","1970-1979","Low",4474,119,56,2.7,47.1
"432","Colombia","Men","1980-1989","High",222,28,18,12.6,64.3
"433","Colombia","Men","1980-1989","Low",454,22,13,4.8,59.1
"434","Colombia","Women","1950-1959","High",942,76,39,8.1,51.3
"435","Colombia","Women","1950-1959","Low",1182,127,65,10.7,51.2
"436","Colombia","Women","1960-1969","High",2917,330,148,11.3,44.8
"437","Colombia","Women","1960-1969","Low",3227,375,200,11.6,53.3
"438","Colombia","Women","1970-1979","High",3114,520,259,16.7,49.8
"439","Colombia","Women","1970-1979","Low",3145,448,256,14.2,57.1
"440","Colombia","Women","1980-1989","High",125,32,20,25.6,62.5
"441","Colombia","Women","1980-1989","Low",343,50,27,14.6,54
"442","Comoros","Men","1960-1969","High",179,15,NA,8.4,NA
"443","Comoros","Men","1960-1969","Low",254,11,NA,4.3,NA
"444","Comoros","Men","1960-1969",NA,1,NA,NA,NA,NA
"445","Comoros","Men","1970-1979","High",444,79,25,17.8,31.6
"446","Comoros","Men","1970-1979","Low",510,29,8,5.7,27.6
"447","Comoros","Men","1970-1979",NA,4,NA,NA,NA,NA
"448","Comoros","Women","1950-1959","High",50,3,NA,6,NA
"449","Comoros","Women","1950-1959","Low",50,3,NA,6,NA
"450","Comoros","Women","1960-1969","High",129,8,1,6.2,12.5
"451","Comoros","Women","1960-1969","Low",151,7,3,4.6,42.9
"452","Comoros","Women","1960-1969",NA,2,NA,NA,NA,NA
"453","Comoros","Women","1970-1979","High",179,30,15,16.8,50
"454","Comoros","Women","1970-1979","Low",222,26,11,11.7,42.3
"455","Comoros","Women","1970-1979",NA,1,1,NA,100,NA
"456","Congo","Men","1960-1969","High",631,18,2,2.9,11.1
"457","Congo","Men","1960-1969","Low",837,12,2,1.4,16.7
"458","Congo","Men","1970-1979","High",787,28,5,3.6,17.9
"459","Congo","Men","1970-1979","Low",1113,18,5,1.6,27.8
"460","Congo","Women","1950-1959","High",172,2,NA,1.2,NA
"461","Congo","Women","1950-1959","Low",194,4,3,2.1,75
"462","Congo","Women","1960-1969","High",410,9,3,2.2,33.3
"463","Congo","Women","1960-1969","Low",493,23,15,4.7,65.2
"464","Congo","Women","1970-1979","High",372,16,10,4.3,62.5
"465","Congo","Women","1970-1979","Low",543,28,14,5.2,50
"466","Croatia","Men","1930-1939","High",10,1,NA,10,NA
"467","Croatia","Men","1930-1939","Low",12,1,1,8.3,100
"468","Croatia","Men","1930-1939","Medium",10,1,NA,10,NA
"469","Croatia","Men","1940-1949","High",19,2,1,10.5,50
"470","Croatia","Men","1940-1949","Low",11,NA,NA,NA,NA
"471","Croatia","Men","1940-1949","Medium",45,3,2,6.7,66.7
"472","Croatia","Men","1950-1959","High",41,5,2,12.2,40
"473","Croatia","Men","1950-1959","Low",23,5,4,21.7,80
"474","Croatia","Men","1950-1959","Medium",99,13,4,13.1,30.8
"475","Croatia","Men","1960-1969","High",19,6,2,31.6,33.3
"476","Croatia","Men","1960-1969","Low",13,6,5,46.2,83.3
"477","Croatia","Men","1960-1969","Medium",98,24,10,24.5,41.7
"478","Croatia","Men","1970-1979","High",19,4,NA,21.1,NA
"479","Croatia","Men","1970-1979","Low",11,5,4,45.5,80
"480","Croatia","Men","1970-1979","Medium",79,22,10,27.8,45.5
"481","Croatia","Men","1980-1989","High",14,5,3,35.7,60
"482","Croatia","Men","1980-1989","Low",2,1,1,50,100
"483","Croatia","Men","1980-1989","Medium",40,18,7,45,38.9
"484","Croatia","Women","1920-1929","Low",5,1,1,20,100
"485","Croatia","Women","1920-1929","Medium",2,1,NA,50,NA
"486","Croatia","Women","1930-1939","High",5,3,2,60,66.7
"487","Croatia","Women","1930-1939","Low",30,3,1,10,33.3
"488","Croatia","Women","1930-1939","Medium",10,2,1,20,50
"489","Croatia","Women","1940-1949","High",35,2,NA,5.7,NA
"490","Croatia","Women","1940-1949","Low",48,5,2,10.4,40
"491","Croatia","Women","1940-1949","Medium",52,3,2,5.8,66.7
"492","Croatia","Women","1950-1959","High",41,8,3,19.5,37.5
"493","Croatia","Women","1950-1959","Low",57,9,1,15.8,11.1
"494","Croatia","Women","1950-1959","Medium",100,4,2,4,50
"495","Croatia","Women","1960-1969","High",36,8,3,22.2,37.5
"496","Croatia","Women","1960-1969","Low",35,5,1,14.3,20
"497","Croatia","Women","1960-1969","Medium",126,14,7,11.1,50
"498","Croatia","Women","1970-1979","High",43,8,2,18.6,25
"499","Croatia","Women","1970-1979","Low",18,1,NA,5.6,NA
"500","Croatia","Women","1970-1979","Medium",110,13,8,11.8,61.5
"501","Croatia","Women","1980-1989","High",26,4,2,15.4,50
"502","Croatia","Women","1980-1989","Low",6,1,1,16.7,100
"503","Croatia","Women","1980-1989","Medium",48,6,3,12.5,50
"504","Cyprus","Men","1920-1929","High",3,NA,NA,NA,NA
"505","Cyprus","Men","1920-1929","Low",26,1,NA,3.8,NA
"506","Cyprus","Men","1920-1929","Medium",2,1,1,50,100
"507","Cyprus","Men","1930-1939","High",16,3,NA,18.8,NA
"508","Cyprus","Men","1930-1939","Low",59,1,1,1.7,100
"509","Cyprus","Men","1930-1939","Medium",20,NA,NA,NA,NA
"510","Cyprus","Men","1940-1949","High",27,2,NA,7.4,NA
"511","Cyprus","Men","1940-1949","Low",58,1,1,1.7,100
"512","Cyprus","Men","1940-1949","Medium",47,2,1,4.3,50
"513","Cyprus","Men","1950-1959","High",29,4,2,13.8,50
"514","Cyprus","Men","1950-1959","Low",36,1,1,2.8,100
"515","Cyprus","Men","1950-1959","Medium",64,5,1,7.8,20
"516","Cyprus","Men","1960-1969","High",38,3,NA,7.9,NA
"517","Cyprus","Men","1960-1969","Low",12,1,NA,8.3,NA
"518","Cyprus","Men","1960-1969","Medium",78,10,3,12.8,30
"519","Cyprus","Men","1970-1979","High",29,7,1,24.1,14.3
"520","Cyprus","Men","1970-1979","Low",8,2,1,25,50
"521","Cyprus","Men","1970-1979","Medium",34,5,2,14.7,40
"522","Cyprus","Men","1980-1989","High",17,8,3,47.1,37.5
"523","Cyprus","Men","1980-1989","Low",2,1,1,50,100
"524","Cyprus","Men","1980-1989","Medium",7,1,1,14.3,100
"525","Cyprus","Women","1920-1929","High",1,NA,NA,NA,NA
"526","Cyprus","Women","1920-1929","Low",24,1,1,4.2,100
"527","Cyprus","Women","1920-1929","Medium",1,NA,NA,NA,NA
"528","Cyprus","Women","1930-1939","High",2,1,NA,50,NA
"529","Cyprus","Women","1930-1939","Low",68,2,1,2.9,50
"530","Cyprus","Women","1930-1939","Medium",7,NA,NA,NA,NA
"531","Cyprus","Women","1940-1949","High",13,2,NA,15.4,NA
"532","Cyprus","Women","1940-1949","Low",106,16,6,15.1,37.5
"533","Cyprus","Women","1940-1949","Medium",30,3,1,10,33.3
"534","Cyprus","Women","1950-1959","High",41,6,3,14.6,50
"535","Cyprus","Women","1950-1959","Low",69,5,4,7.2,80
"536","Cyprus","Women","1950-1959","Medium",79,5,3,6.3,60
"537","Cyprus","Women","1960-1969","High",57,10,5,17.5,50
"538","Cyprus","Women","1960-1969","Low",29,2,1,6.9,50
"539","Cyprus","Women","1960-1969","Medium",98,6,3,6.1,50
"540","Cyprus","Women","1970-1979","High",43,9,2,20.9,22.2
"541","Cyprus","Women","1970-1979","Low",7,1,1,14.3,100
"542","Cyprus","Women","1970-1979","Medium",26,2,1,7.7,50
"543","Cyprus","Women","1980-1989","High",19,6,4,31.6,66.7
"544","Cyprus","Women","1980-1989","Low",1,NA,NA,NA,NA
"545","Cyprus","Women","1980-1989","Medium",4,NA,NA,NA,NA
"546","Czechia","Men","1920-1929","High",23,3,1,13,33.3
"547","Czechia","Men","1920-1929","Low",42,12,4,28.6,33.3
"548","Czechia","Men","1920-1929","Medium",101,21,7,20.8,33.3
"549","Czechia","Men","1930-1939","High",76,8,2,10.5,25
"550","Czechia","Men","1930-1939","Low",146,42,18,28.8,42.9
"551","Czechia","Men","1930-1939","Medium",323,52,26,16.1,50
"552","Czechia","Men","1930-1939",NA,4,NA,NA,NA,NA
"553","Czechia","Men","1940-1949","High",136,24,11,17.6,45.8
"554","Czechia","Men","1940-1949","Low",133,41,24,30.8,58.5
"555","Czechia","Men","1940-1949","Medium",550,85,38,15.5,44.7
"556","Czechia","Men","1940-1949",NA,16,5,3,31.2,60
"557","Czechia","Men","1950-1959","High",166,24,8,14.5,33.3
"558","Czechia","Men","1950-1959","Low",127,49,33,38.6,67.3
"559","Czechia","Men","1950-1959","Medium",665,146,82,22,56.2
"560","Czechia","Men","1950-1959",NA,16,3,3,18.8,100
"561","Czechia","Men","1960-1969","High",216,53,29,24.5,54.7
"562","Czechia","Men","1960-1969","Low",126,49,33,38.9,67.3
"563","Czechia","Men","1960-1969","Medium",659,142,77,21.5,54.2
"564","Czechia","Men","1960-1969",NA,15,3,3,20,100
"565","Czechia","Men","1970-1979","High",45,11,3,24.4,27.3
"566","Czechia","Men","1970-1979","Low",8,2,2,25,100
"567","Czechia","Men","1970-1979","Medium",183,40,18,21.9,45
"568","Czechia","Men","1970-1979",NA,5,2,2,40,100
"569","Czechia","Men","1980-1989","High",21,12,4,57.1,33.3
"570","Czechia","Men","1980-1989","Low",2,1,NA,50,NA
"571","Czechia","Men","1980-1989","Medium",65,29,13,44.6,44.8
"572","Czechia","Women","1920-1929","High",7,2,NA,28.6,NA
"573","Czechia","Women","1920-1929","Low",145,27,13,18.6,48.1
"574","Czechia","Women","1920-1929","Medium",108,27,11,25,40.7
"575","Czechia","Women","1920-1929",NA,1,NA,NA,NA,NA
"576","Czechia","Women","1930-1939","High",34,6,4,17.6,66.7
"577","Czechia","Women","1930-1939","Low",265,41,20,15.5,48.8
"578","Czechia","Women","1930-1939","Medium",352,50,18,14.2,36
"579","Czechia","Women","1930-1939",NA,6,1,NA,16.7,NA
"580","Czechia","Women","1940-1949","High",98,19,8,19.4,42.1
"581","Czechia","Women","1940-1949","Low",232,34,15,14.7,44.1
"582","Czechia","Women","1940-1949","Medium",657,58,18,8.8,31
"583","Czechia","Women","1940-1949",NA,23,6,3,26.1,50
"584","Czechia","Women","1950-1959","High",143,13,3,9.1,23.1
"585","Czechia","Women","1950-1959","Low",201,27,14,13.4,51.9
"586","Czechia","Women","1950-1959","Medium",759,72,19,9.5,26.4
"587","Czechia","Women","1950-1959",NA,16,3,3,18.8,100
"588","Czechia","Women","1960-1969","High",162,18,10,11.1,55.6
"589","Czechia","Women","1960-1969","Low",129,21,11,16.3,52.4
"590","Czechia","Women","1960-1969","Medium",809,86,30,10.6,34.9
"591","Czechia","Women","1960-1969",NA,15,3,NA,20,NA
"592","Czechia","Women","1970-1979","High",51,11,4,21.6,36.4
"593","Czechia","Women","1970-1979","Low",10,1,1,10,100
"594","Czechia","Women","1970-1979","Medium",203,20,6,9.9,30
"595","Czechia","Women","1970-1979",NA,1,NA,NA,NA,NA
"596","Czechia","Women","1980-1989","High",35,6,2,17.1,33.3
"597","Czechia","Women","1980-1989","Low",2,NA,NA,NA,NA
"598","Czechia","Women","1980-1989","Medium",64,16,5,25,31.2
"599","Democratic Republic of the Congo","Men","1960-1969","High",735,23,8,3.1,34.8
"600","Democratic Republic of the Congo","Men","1960-1969","Low",858,20,NA,2.3,NA
"601","Democratic Republic of the Congo","Men","1970-1979","High",1626,59,26,3.6,44.1
"602","Democratic Republic of the Congo","Men","1970-1979","Low",1890,53,6,2.8,11.3
"603","Democratic Republic of the Congo","Women","1950-1959","High",253,2,NA,0.8,NA
"604","Democratic Republic of the Congo","Women","1950-1959","Low",264,7,3,2.7,42.9
"605","Democratic Republic of the Congo","Women","1960-1969","High",558,8,2,1.4,25
"606","Democratic Republic of the Congo","Women","1960-1969","Low",720,24,8,3.3,33.3
"607","Democratic Republic of the Congo","Women","1970-1979","High",623,20,9,3.2,45
"608","Democratic Republic of the Congo","Women","1970-1979","Low",854,28,11,3.3,39.3
"609","Denmark","Men","1910-1919","High",1,NA,NA,NA,NA
"610","Denmark","Men","1910-1919","Low",1,NA,NA,NA,NA
"611","Denmark","Men","1910-1919","Medium",2,NA,NA,NA,NA
"612","Denmark","Men","1920-1929","High",12,2,NA,16.7,NA
"613","Denmark","Men","1920-1929","Low",12,3,NA,25,NA
"614","Denmark","Men","1920-1929","Medium",15,1,NA,6.7,NA
"615","Denmark","Men","1920-1929",NA,1,NA,NA,NA,NA
"616","Denmark","Men","1930-1939","High",45,1,NA,2.2,NA
"617","Denmark","Men","1930-1939","Low",30,3,1,10,33.3
"618","Denmark","Men","1930-1939","Medium",48,4,NA,8.3,NA
"619","Denmark","Men","1930-1939",NA,2,NA,NA,NA,NA
"620","Denmark","Men","1940-1949","High",106,9,NA,8.5,NA
"621","Denmark","Men","1940-1949","Low",45,12,4,26.7,33.3
"622","Denmark","Men","1940-1949","Medium",103,10,3,9.7,30
"623","Denmark","Men","1940-1949",NA,1,NA,NA,NA,NA
"624","Denmark","Men","1950-1959","High",131,24,5,18.3,20.8
"625","Denmark","Men","1950-1959","Low",45,10,2,22.2,20
"626","Denmark","Men","1950-1959","Medium",105,13,1,12.4,7.7
"627","Denmark","Men","1950-1959",NA,3,2,1,66.7,50
"628","Denmark","Men","1960-1969","High",139,21,4,15.1,19
"629","Denmark","Men","1960-1969","Low",44,12,2,27.3,16.7
"630","Denmark","Men","1960-1969","Medium",103,23,5,22.3,21.7
"631","Denmark","Men","1960-1969",NA,2,NA,NA,NA,NA
"632","Denmark","Men","1970-1979","High",72,13,5,18.1,38.5
"633","Denmark","Men","1970-1979","Low",19,6,NA,31.6,NA
"634","Denmark","Men","1970-1979","Medium",54,11,1,20.4,9.1
"635","Denmark","Men","1970-1979",NA,2,NA,NA,NA,NA
"636","Denmark","Men","1980-1989","High",16,3,NA,18.8,NA
"637","Denmark","Men","1980-1989","Low",2,NA,NA,NA,NA
"638","Denmark","Men","1980-1989","Medium",19,5,1,26.3,20
"639","Denmark","Women","1910-1919","Low",5,NA,NA,NA,NA
"640","Denmark","Women","1910-1919","Medium",2,NA,NA,NA,NA
"641","Denmark","Women","1920-1929","High",13,4,NA,30.8,NA
"642","Denmark","Women","1920-1929","Low",24,2,NA,8.3,NA
"643","Denmark","Women","1920-1929","Medium",22,3,NA,13.6,NA
"644","Denmark","Women","1930-1939","High",35,6,NA,17.1,NA
"645","Denmark","Women","1930-1939","Low",47,3,NA,6.4,NA
"646","Denmark","Women","1930-1939","Medium",25,3,NA,12,NA
"647","Denmark","Women","1930-1939",NA,3,NA,NA,NA,NA
"648","Denmark","Women","1940-1949","High",119,17,NA,14.3,NA
"649","Denmark","Women","1940-1949","Low",72,6,1,8.3,16.7
"650","Denmark","Women","1940-1949","Medium",81,3,NA,3.7,NA
"651","Denmark","Women","1940-1949",NA,3,NA,NA,NA,NA
"652","Denmark","Women","1950-1959","High",140,25,2,17.9,8
"653","Denmark","Women","1950-1959","Low",44,7,NA,15.9,NA
"654","Denmark","Women","1950-1959","Medium",68,8,NA,11.8,NA
"655","Denmark","Women","1950-1959",NA,5,2,1,40,50
"656","Denmark","Women","1960-1969","High",133,19,2,14.3,10.5
"657","Denmark","Women","1960-1969","Low",27,4,NA,14.8,NA
"658","Denmark","Women","1960-1969","Medium",79,12,2,15.2,16.7
"659","Denmark","Women","1960-1969",NA,3,2,NA,66.7,NA
"660","Denmark","Women","1970-1979","High",108,16,3,14.8,18.8
"661","Denmark","Women","1970-1979","Low",11,NA,NA,NA,NA
"662","Denmark","Women","1970-1979","Medium",37,6,1,16.2,16.7
"663","Denmark","Women","1970-1979",NA,1,NA,NA,NA,NA
"664","Denmark","Women","1980-1989","High",26,4,1,15.4,25
"665","Denmark","Women","1980-1989","Low",5,1,NA,20,NA
"666","Denmark","Women","1980-1989","Medium",7,1,NA,14.3,NA
"667","Denmark","Women","1980-1989",NA,1,NA,NA,NA,NA
"668","Dominican Republic","Men","1950-1959","High",1544,92,27,6,29.3
"669","Dominican Republic","Men","1950-1959","Low",1701,47,5,2.8,10.6
"670","Dominican Republic","Men","1950-1959",NA,2,NA,NA,NA,NA
"671","Dominican Republic","Men","1960-1969","High",1739,98,50,5.6,51
"672","Dominican Republic","Men","1960-1969","Low",2737,87,21,3.2,24.1
"673","Dominican Republic","Men","1960-1969",NA,1,NA,NA,NA,NA
"674","Dominican Republic","Women","1940-1949","High",104,5,3,4.8,60
"675","Dominican Republic","Women","1940-1949","Low",146,13,6,8.9,46.2
"676","Dominican Republic","Women","1940-1949",NA,1,NA,NA,NA,NA
"677","Dominican Republic","Women","1950-1959","High",194,8,2,4.1,25
"678","Dominican Republic","Women","1950-1959","Low",237,22,6,9.3,27.3
"679","Dominican Republic","Women","1960-1969","High",218,25,9,11.5,36
"680","Dominican Republic","Women","1960-1969","Low",238,37,14,15.5,37.8
"681","Dominican Republic","Women","1960-1969",NA,3,NA,NA,NA,NA
"682","Estonia","Men","1920-1929","High",29,3,NA,10.3,NA
"683","Estonia","Men","1920-1929","Low",86,11,2,12.8,18.2
"684","Estonia","Men","1920-1929","Medium",34,4,NA,11.8,NA
"685","Estonia","Men","1930-1939","High",115,11,2,9.6,18.2
"686","Estonia","Men","1930-1939","Low",254,34,6,13.4,17.6
"687","Estonia","Men","1930-1939","Medium",140,5,2,3.6,40
"688","Estonia","Men","1930-1939",NA,1,NA,NA,NA,NA
"689","Estonia","Men","1940-1949","High",192,9,2,4.7,22.2
"690","Estonia","Men","1940-1949","Low",196,28,9,14.3,32.1
"691","Estonia","Men","1940-1949","Medium",248,23,6,9.3,26.1
"692","Estonia","Men","1950-1959","High",195,13,3,6.7,23.1
"693","Estonia","Men","1950-1959","Low",132,27,10,20.5,37
"694","Estonia","Men","1950-1959","Medium",434,40,13,9.2,32.5
"695","Estonia","Men","1960-1969","High",179,23,5,12.8,21.7
"696","Estonia","Men","1960-1969","Low",69,16,9,23.2,56.2
"697","Estonia","Men","1960-1969","Medium",495,73,29,14.7,39.7
"698","Estonia","Men","1970-1979","High",75,12,4,16,33.3
"699","Estonia","Men","1970-1979","Low",18,7,3,38.9,42.9
"700","Estonia","Men","1970-1979","Medium",101,22,9,21.8,40.9
"701","Estonia","Men","1980-1989","High",19,10,2,52.6,20
"702","Estonia","Men","1980-1989","Low",5,NA,NA,NA,NA
"703","Estonia","Men","1980-1989","Medium",33,7,2,21.2,28.6
"704","Estonia","Women","1905-1909","Medium",1,NA,NA,NA,NA
"705","Estonia","Women","1910-1919","High",3,NA,NA,NA,NA
"706","Estonia","Women","1910-1919","Low",3,1,1,33.3,100
"707","Estonia","Women","1910-1919","Medium",1,NA,NA,NA,NA
"708","Estonia","Women","1920-1929","High",69,8,3,11.6,37.5
"709","Estonia","Women","1920-1929","Low",251,39,10,15.5,25.6
"710","Estonia","Women","1920-1929","Medium",103,15,4,14.6,26.7
"711","Estonia","Women","1930-1939","High",223,33,11,14.8,33.3
"712","Estonia","Women","1930-1939","Low",472,41,14,8.7,34.1
"713","Estonia","Women","1930-1939","Medium",340,31,6,9.1,19.4
"714","Estonia","Women","1940-1949","High",351,39,15,11.1,38.5
"715","Estonia","Women","1940-1949","Low",246,22,7,8.9,31.8
"716","Estonia","Women","1940-1949","Medium",474,22,6,4.6,27.3
"717","Estonia","Women","1950-1959","High",527,36,11,6.8,30.6
"718","Estonia","Women","1950-1959","Low",112,8,3,7.1,37.5
"719","Estonia","Women","1950-1959","Medium",637,34,9,5.3,26.5
"720","Estonia","Women","1960-1969","High",502,40,19,8,47.5
"721","Estonia","Women","1960-1969","Low",59,5,3,8.5,60
"722","Estonia","Women","1960-1969","Medium",607,43,14,7.1,32.6
"723","Estonia","Women","1970-1979","High",89,14,3,15.7,21.4
"724","Estonia","Women","1970-1979","Low",16,3,2,18.8,66.7
"725","Estonia","Women","1970-1979","Medium",114,5,1,4.4,20
"726","Estonia","Women","1980-1989","High",33,5,1,15.2,20
"727","Estonia","Women","1980-1989","Low",5,NA,NA,NA,NA
"728","Estonia","Women","1980-1989","Medium",26,5,2,19.2,40
"729","Ethiopia","Men","1960-1969","High",128,11,6,8.6,54.5
"730","Ethiopia","Men","1960-1969","Low",366,6,NA,1.6,NA
"731","Ethiopia","Men","1970-1979","High",881,101,59,11.5,58.4
"732","Ethiopia","Men","1970-1979","Low",1894,36,10,1.9,27.8
"733","Ethiopia","Men","1980-1989","High",296,36,22,12.2,61.1
"734","Ethiopia","Men","1980-1989","Low",631,21,8,3.3,38.1
"735","Ethiopia","Women","1950-1959","High",96,5,2,5.2,40
"736","Ethiopia","Women","1950-1959","Low",121,1,NA,0.8,NA
"737","Ethiopia","Women","1960-1969","High",619,32,17,5.2,53.1
"738","Ethiopia","Women","1960-1969","Low",697,10,NA,1.4,NA
"739","Ethiopia","Women","1970-1979","High",1091,134,81,12.3,60.4
"740","Ethiopia","Women","1970-1979","Low",1321,33,12,2.5,36.4
"741","Ethiopia","Women","1980-1989","High",230,50,30,21.7,60
"742","Ethiopia","Women","1980-1989","Low",396,23,10,5.8,43.5
"743","Finland","Men","1910-1919","Low",6,1,NA,16.7,NA
"744","Finland","Men","1910-1919","Medium",2,NA,NA,NA,NA
"745","Finland","Men","1920-1929","High",2,NA,NA,NA,NA
"746","Finland","Men","1920-1929","Low",33,1,1,3,100
"747","Finland","Men","1920-1929","Medium",13,1,1,7.7,100
"748","Finland","Men","1920-1929",NA,1,NA,NA,NA,NA
"749","Finland","Men","1930-1939","High",31,3,NA,9.7,NA
"750","Finland","Men","1930-1939","Low",90,8,3,8.9,37.5
"751","Finland","Men","1930-1939","Medium",23,3,1,13,33.3
"752","Finland","Men","1930-1939",NA,1,NA,NA,NA,NA
"753","Finland","Men","1940-1949","High",89,6,1,6.7,16.7
"754","Finland","Men","1940-1949","Low",102,13,5,12.7,38.5
"755","Finland","Men","1940-1949","Medium",86,11,3,12.8,27.3
"756","Finland","Men","1950-1959","High",113,16,5,14.2,31.2
"757","Finland","Men","1950-1959","Low",86,17,7,19.8,41.2
"758","Finland","Men","1950-1959","Medium",124,22,8,17.7,36.4
"759","Finland","Men","1960-1969","High",108,19,3,17.6,15.8
"760","Finland","Men","1960-1969","Low",39,13,4,33.3,30.8
"761","Finland","Men","1960-1969","Medium",143,31,12,21.7,38.7
"762","Finland","Men","1960-1969",NA,1,1,1,100,100
"763","Finland","Men","1970-1979","High",87,18,4,20.7,22.2
"764","Finland","Men","1970-1979","Low",10,3,1,30,33.3
"765","Finland","Men","1970-1979","Medium",53,17,5,32.1,29.4
"766","Finland","Men","1970-1979",NA,2,1,1,50,100
"767","Finland","Men","1980-1989","High",26,11,1,42.3,9.1
"768","Finland","Men","1980-1989","Low",2,1,NA,50,NA
"769","Finland","Men","1980-1989","Medium",25,4,NA,16,NA
"770","Finland","Women","1905-1909","Low",1,NA,NA,NA,NA
"771","Finland","Women","1910-1919","High",2,1,NA,50,NA
"772","Finland","Women","1910-1919","Low",12,NA,NA,NA,NA
"773","Finland","Women","1910-1919","Medium",3,1,NA,33.3,NA
"774","Finland","Women","1920-1929","High",10,2,2,20,100
"775","Finland","Women","1920-1929","Low",58,10,4,17.2,40
"776","Finland","Women","1920-1929","Medium",10,2,2,20,100
"777","Finland","Women","1930-1939","High",30,5,3,16.7,60
"778","Finland","Women","1930-1939","Low",123,12,4,9.8,33.3
"779","Finland","Women","1930-1939","Medium",44,5,3,11.4,60
"780","Finland","Women","1930-1939",NA,1,NA,NA,NA,NA
"781","Finland","Women","1940-1949","High",82,13,4,15.9,30.8
"782","Finland","Women","1940-1949","Low",122,11,4,9,36.4
"783","Finland","Women","1940-1949","Medium",95,12,3,12.6,25
"784","Finland","Women","1950-1959","High",140,25,6,17.9,24
"785","Finland","Women","1950-1959","Low",60,9,NA,15,NA
"786","Finland","Women","1950-1959","Medium",116,15,3,12.9,20
"787","Finland","Women","1960-1969","High",177,24,7,13.6,29.2
"788","Finland","Women","1960-1969","Low",12,1,1,8.3,100
"789","Finland","Women","1960-1969","Medium",104,21,2,20.2,9.5
"790","Finland","Women","1970-1979","High",102,17,5,16.7,29.4
"791","Finland","Women","1970-1979","Low",4,1,NA,25,NA
"792","Finland","Women","1970-1979","Medium",42,7,1,16.7,14.3
"793","Finland","Women","1980-1989","High",40,9,3,22.5,33.3
"794","Finland","Women","1980-1989","Low",1,NA,NA,NA,NA
"795","Finland","Women","1980-1989","Medium",23,3,NA,13,NA
"796","France","Men","1910-1919","High",1,NA,NA,NA,NA
"797","France","Men","1910-1919","Low",5,1,1,20,100
"798","France","Men","1910-1919","Medium",1,NA,NA,NA,NA
"799","France","Men","1920-1929","High",34,7,2,20.6,28.6
"800","France","Men","1920-1929","Low",157,30,11,19.1,36.7
"801","France","Men","1920-1929","Medium",42,6,2,14.3,33.3
"802","France","Men","1930-1939","High",98,6,1,6.1,16.7
"803","France","Men","1930-1939","Low",354,51,28,14.4,54.9
"804","France","Men","1930-1939","Medium",250,34,15,13.6,44.1
"805","France","Men","1930-1939",NA,1,NA,NA,NA,NA
"806","France","Men","1940-1949","High",228,26,8,11.4,30.8
"807","France","Men","1940-1949","Low",398,60,30,15.1,50
"808","France","Men","1940-1949","Medium",413,64,21,15.5,32.8
"809","France","Men","1950-1959","High",286,51,11,17.8,21.6
"810","France","Men","1950-1959","Low",324,59,21,18.2,35.6
"811","France","Men","1950-1959","Medium",530,84,28,15.8,33.3
"812","France","Men","1950-1959",NA,1,NA,NA,NA,NA
"813","France","Men","1960-1969","High",344,77,19,22.4,24.7
"814","France","Men","1960-1969","Low",227,63,33,27.8,52.4
"815","France","Men","1960-1969","Medium",644,118,41,18.3,34.7
"816","France","Men","1970-1979","High",118,31,5,26.3,16.1
"817","France","Men","1970-1979","Low",22,6,4,27.3,66.7
"818","France","Men","1970-1979","Medium",146,32,11,21.9,34.4
"819","France","Men","1980-1989","High",31,8,1,25.8,12.5
"820","France","Men","1980-1989","Low",1,NA,NA,NA,NA
"821","France","Men","1980-1989","Medium",38,13,2,34.2,15.4
"822","France","Women","1910-1919","Low",7,NA,NA,NA,NA
"823","France","Women","1910-1919","Medium",1,NA,NA,NA,NA
"824","France","Women","1920-1929","High",15,8,4,53.3,50
"825","France","Women","1920-1929","Low",252,38,13,15.1,34.2
"826","France","Women","1920-1929","Medium",58,14,5,24.1,35.7
"827","France","Women","1920-1929",NA,1,NA,NA,NA,NA
"828","France","Women","1930-1939","High",86,19,12,22.1,63.2
"829","France","Women","1930-1939","Low",650,70,25,10.8,35.7
"830","France","Women","1930-1939","Medium",188,28,10,14.9,35.7
"831","France","Women","1940-1949","High",209,50,15,23.9,30
"832","France","Women","1940-1949","Low",559,49,18,8.8,36.7
"833","France","Women","1940-1949","Medium",433,61,21,14.1,34.4
"834","France","Women","1950-1959","High",369,66,19,17.9,28.8
"835","France","Women","1950-1959","Low",523,56,17,10.7,30.4
"836","France","Women","1950-1959","Medium",573,69,31,12,44.9
"837","France","Women","1960-1969","High",500,105,35,21,33.3
"838","France","Women","1960-1969","Low",297,27,9,9.1,33.3
"839","France","Women","1960-1969","Medium",675,94,30,13.9,31.9
"840","France","Women","1970-1979","High",156,23,5,14.7,21.7
"841","France","Women","1970-1979","Low",41,11,3,26.8,27.3
"842","France","Women","1970-1979","Medium",116,16,4,13.8,25
"843","France","Women","1980-1989","High",42,8,NA,19,NA
"844","France","Women","1980-1989","Low",4,NA,NA,NA,NA
"845","France","Women","1980-1989","Medium",31,5,NA,16.1,NA
"846","Gabon","Men","1960-1969","High",465,21,4,4.5,19
"847","Gabon","Men","1960-1969","Low",767,34,3,4.4,8.8
"848","Gabon","Men","1970-1979","High",637,33,10,5.2,30.3
"849","Gabon","Men","1970-1979","Low",749,29,6,3.9,20.7
"850","Gabon","Men","1970-1979",NA,1,NA,NA,NA,NA
"851","Gabon","Women","1950-1959","High",216,4,2,1.9,50
"852","Gabon","Women","1950-1959","Low",229,8,3,3.5,37.5
"853","Gabon","Women","1950-1959",NA,1,NA,NA,NA,NA
"854","Gabon","Women","1960-1969","High",501,11,1,2.2,9.1
"855","Gabon","Women","1960-1969","Low",516,34,10,6.6,29.4
"856","Gabon","Women","1960-1969",NA,1,NA,NA,NA,NA
"857","Gabon","Women","1970-1979","High",331,23,9,6.9,39.1
"858","Gabon","Women","1970-1979","Low",591,67,33,11.3,49.3
"859","Gabon","Women","1970-1979",NA,1,NA,NA,NA,NA
"860","Gambia","Men","1970-1979","High",540,19,2,3.5,10.5
"861","Gambia","Men","1970-1979","Low",1193,24,1,2,4.2
"862","Gambia","Men","1980-1989","High",596,41,11,6.9,26.8
"863","Gambia","Men","1980-1989","Low",947,18,4,1.9,22.2
"864","Gambia","Women","1960-1969","High",189,10,5,5.3,50
"865","Gambia","Women","1960-1969","Low",228,2,NA,0.9,NA
"866","Gambia","Women","1970-1979","High",350,28,21,8,75
"867","Gambia","Women","1970-1979","Low",375,11,4,2.9,36.4
"868","Gambia","Women","1980-1989","High",230,45,34,19.6,75.6
"869","Gambia","Women","1980-1989","Low",294,26,13,8.8,50
"870","Georgia","Men","1920-1929","High",23,2,NA,8.7,NA
"871","Georgia","Men","1920-1929","Low",48,3,2,6.2,66.7
"872","Georgia","Men","1920-1929","Medium",50,NA,NA,NA,NA
"873","Georgia","Men","1930-1939","High",113,10,5,8.8,50
"874","Georgia","Men","1930-1939","Low",189,12,7,6.3,58.3
"875","Georgia","Men","1930-1939","Medium",207,7,2,3.4,28.6
"876","Georgia","Men","1940-1949","High",144,4,2,2.8,50
"877","Georgia","Men","1940-1949","Low",69,8,1,11.6,12.5
"878","Georgia","Men","1940-1949","Medium",263,16,5,6.1,31.2
"879","Georgia","Men","1950-1959","High",264,23,18,8.7,78.3
"880","Georgia","Men","1950-1959","Low",40,2,1,5,50
"881","Georgia","Men","1950-1959","Medium",490,33,21,6.7,63.6
"882","Georgia","Men","1960-1969","High",258,43,34,16.7,79.1
"883","Georgia","Men","1960-1969","Low",36,10,8,27.8,80
"884","Georgia","Men","1960-1969","Medium",625,79,55,12.6,69.6
"885","Georgia","Men","1970-1979","High",42,16,12,38.1,75
"886","Georgia","Men","1970-1979","Low",3,NA,NA,NA,NA
"887","Georgia","Men","1970-1979","Medium",65,21,14,32.3,66.7
"888","Georgia","Women","1920-1929","High",31,10,5,32.3,50
"889","Georgia","Women","1920-1929","Low",103,13,8,12.6,61.5
"890","Georgia","Women","1920-1929","Medium",84,14,10,16.7,71.4
"891","Georgia","Women","1930-1939","High",126,22,15,17.5,68.2
"892","Georgia","Women","1930-1939","Low",280,28,16,10,57.1
"893","Georgia","Women","1930-1939","Medium",323,39,20,12.1,51.3
"894","Georgia","Women","1940-1949","High",194,36,27,18.6,75
"895","Georgia","Women","1940-1949","Low",128,14,8,10.9,57.1
"896","Georgia","Women","1940-1949","Medium",396,38,23,9.6,60.5
"897","Georgia","Women","1950-1959","High",274,36,30,13.1,83.3
"898","Georgia","Women","1950-1959","Low",83,8,4,9.6,50
"899","Georgia","Women","1950-1959","Medium",662,57,36,8.6,63.2
"900","Georgia","Women","1960-1969","High",332,69,56,20.8,81.2
"901","Georgia","Women","1960-1969","Low",54,5,5,9.3,100
"902","Georgia","Women","1960-1969","Medium",760,81,60,10.7,74.1
"903","Georgia","Women","1970-1979","High",57,11,7,19.3,63.6
"904","Georgia","Women","1970-1979","Low",16,NA,NA,NA,NA
"905","Georgia","Women","1970-1979","Medium",101,12,8,11.9,66.7
"906","Germany","Men","1910-1919","High",2,1,NA,50,NA
"907","Germany","Men","1910-1919","Medium",5,NA,NA,NA,NA
"908","Germany","Men","1920-1929","High",95,11,1,11.6,9.1
"909","Germany","Men","1920-1929","Low",29,11,4,37.9,36.4
"910","Germany","Men","1920-1929","Medium",124,23,8,18.5,34.8
"911","Germany","Men","1920-1929",NA,7,NA,NA,NA,NA
"912","Germany","Men","1930-1939","High",337,47,6,13.9,12.8
"913","Germany","Men","1930-1939","Low",70,23,10,32.9,43.5
"914","Germany","Men","1930-1939","Medium",491,111,27,22.6,24.3
"915","Germany","Men","1930-1939",NA,13,2,2,15.4,100
"916","Germany","Men","1940-1949","High",465,98,12,21.1,12.2
"917","Germany","Men","1940-1949","Low",67,24,8,35.8,33.3
"918","Germany","Men","1940-1949","Medium",610,134,38,22,28.4
"919","Germany","Men","1940-1949",NA,12,1,NA,8.3,NA
"920","Germany","Men","1950-1959","High",497,91,25,18.3,27.5
"921","Germany","Men","1950-1959","Low",57,18,7,31.6,38.9
"922","Germany","Men","1950-1959","Medium",729,191,64,26.2,33.5
"923","Germany","Men","1950-1959",NA,11,2,NA,18.2,NA
"924","Germany","Men","1960-1969","High",519,147,41,28.3,27.9
"925","Germany","Men","1960-1969","Low",84,28,19,33.3,67.9
"926","Germany","Men","1960-1969","Medium",861,276,126,32.1,45.7
"927","Germany","Men","1960-1969",NA,16,8,6,50,75
"928","Germany","Men","1970-1979","High",872,246,87,28.2,35.4
"929","Germany","Men","1970-1979","Low",185,55,25,29.7,45.5
"930","Germany","Men","1970-1979","Medium",1374,426,171,31,40.1
"931","Germany","Men","1970-1979",NA,10,6,NA,60,NA
"932","Germany","Men","1980-1989","High",28,13,NA,46.4,NA
"933","Germany","Men","1980-1989","Low",6,3,NA,50,NA
"934","Germany","Men","1980-1989","Medium",29,14,3,48.3,21.4
"935","Germany","Women","1910-1919","Low",8,2,NA,25,NA
"936","Germany","Women","1910-1919","Medium",12,1,1,8.3,100
"937","Germany","Women","1910-1919",NA,1,NA,NA,NA,NA
"938","Germany","Women","1920-1929","High",38,17,11,44.7,64.7
"939","Germany","Women","1920-1929","Low",143,35,22,24.5,62.9
"940","Germany","Women","1920-1929","Medium",176,42,22,23.9,52.4
"941","Germany","Women","1920-1929",NA,3,NA,NA,NA,NA
"942","Germany","Women","1930-1939","High",115,23,12,20,52.2
"943","Germany","Women","1930-1939","Low",261,51,21,19.5,41.2
"944","Germany","Women","1930-1939","Medium",495,99,41,20,41.4
"945","Germany","Women","1930-1939",NA,7,1,NA,14.3,NA
"946","Germany","Women","1940-1949","High",219,41,6,18.7,14.6
"947","Germany","Women","1940-1949","Low",162,39,8,24.1,20.5
"948","Germany","Women","1940-1949","Medium",701,107,19,15.3,17.8
"949","Germany","Women","1940-1949",NA,19,4,NA,21.1,NA
"950","Germany","Women","1950-1959","High",390,62,19,15.9,30.6
"951","Germany","Women","1950-1959","Low",153,23,7,15,30.4
"952","Germany","Women","1950-1959","Medium",953,141,29,14.8,20.6
"953","Germany","Women","1950-1959",NA,16,5,2,31.2,40
"954","Germany","Women","1960-1969","High",486,84,24,17.3,28.6
"955","Germany","Women","1960-1969","Low",171,25,8,14.6,32
"956","Germany","Women","1960-1969","Medium",1122,163,53,14.5,32.5
"957","Germany","Women","1960-1969",NA,21,5,3,23.8,60
"958","Germany","Women","1970-1979","High",893,176,49,19.7,27.8
"959","Germany","Women","1970-1979","Low",264,28,13,10.6,46.4
"960","Germany","Women","1970-1979","Medium",1693,266,62,15.7,23.3
"961","Germany","Women","1970-1979",NA,12,5,2,41.7,40
"962","Germany","Women","1980-1989","High",30,10,1,33.3,10
"963","Germany","Women","1980-1989","Low",3,NA,NA,NA,NA
"964","Germany","Women","1980-1989","Medium",32,4,1,12.5,25
"965","Ghana","Men","1960-1969","High",427,10,1,2.3,10
"966","Ghana","Men","1960-1969","Low",455,6,1,1.3,16.7
"967","Ghana","Men","1970-1979","High",1112,56,18,5,32.1
"968","Ghana","Men","1970-1979","Low",1168,24,4,2.1,16.7
"969","Ghana","Women","1950-1959","High",38,NA,NA,NA,NA
"970","Ghana","Women","1950-1959","Low",197,4,1,2,25
"971","Ghana","Women","1960-1969","High",330,10,7,3,70
"972","Ghana","Women","1960-1969","Low",338,11,9,3.3,81.8
"973","Ghana","Women","1970-1979","High",322,33,17,10.2,51.5
"974","Ghana","Women","1970-1979","Low",580,30,17,5.2,56.7
"975","Guatemala","Men","1960-1969","High",981,65,45,6.6,69.2
"976","Guatemala","Men","1960-1969","Low",1083,37,26,3.4,70.3
"977","Guatemala","Men","1970-1979","High",2650,216,160,8.2,74.1
"978","Guatemala","Men","1970-1979","Low",2910,153,120,5.3,78.4
"979","Guatemala","Men","1980-1989","High",42,7,5,16.7,71.4
"980","Guatemala","Men","1980-1989","Low",73,9,6,12.3,66.7
"981","Guatemala","Women","1950-1959","High",242,11,6,4.5,54.5
"982","Guatemala","Women","1950-1959","Low",347,13,7,3.7,53.8
"983","Guatemala","Women","1960-1969","High",678,39,26,5.8,66.7
"984","Guatemala","Women","1960-1969","Low",809,39,21,4.8,53.8
"985","Guatemala","Women","1970-1979","High",609,64,49,10.5,76.6
"986","Guatemala","Women","1970-1979","Low",1364,129,79,9.5,61.2
"987","Guatemala","Women","1980-1989","High",20,2,1,10,50
"988","Guatemala","Women","1980-1989","Low",26,3,3,11.5,100
"989","Guinea","Men","1960-1969","High",20,NA,NA,NA,NA
"990","Guinea","Men","1960-1969","Low",157,9,2,5.7,22.2
"991","Guinea","Men","1970-1979","High",199,14,3,7,21.4
"992","Guinea","Men","1970-1979","Low",1797,70,6,3.9,8.6
"993","Guinea","Men","1980-1989","High",159,13,6,8.2,46.2
"994","Guinea","Men","1980-1989","Low",921,41,3,4.5,7.3
"995","Guinea","Women","1950-1959","High",11,NA,NA,NA,NA
"996","Guinea","Women","1950-1959","Low",28,NA,NA,NA,NA
"997","Guinea","Women","1960-1969","High",143,2,1,1.4,50
"998","Guinea","Women","1960-1969","Low",410,9,4,2.2,44.4
"999","Guinea","Women","1970-1979","High",263,16,8,6.1,50
"1000","Guinea","Women","1970-1979","Low",519,16,6,3.1,37.5
"1001","Guinea","Women","1980-1989","High",152,25,14,16.4,56
"1002","Guinea","Women","1980-1989","Low",213,20,10,9.4,50
"1003","Guyana","Men","1950-1959","High",24,3,3,12.5,100
"1004","Guyana","Men","1950-1959","Low",29,NA,NA,NA,NA
"1005","Guyana","Men","1960-1969","High",605,46,26,7.6,56.5
"1006","Guyana","Men","1960-1969","Low",607,35,13,5.8,37.1
"1007","Guyana","Men","1960-1969",NA,1,NA,NA,NA,NA
"1008","Guyana","Men","1970-1979","High",275,27,17,9.8,63
"1009","Guyana","Men","1970-1979","Low",344,16,7,4.7,43.8
"1010","Guyana","Men","1970-1979",NA,1,NA,NA,NA,NA
"1011","Guyana","Women","1950-1959","High",24,2,1,8.3,50
"1012","Guyana","Women","1950-1959","Low",24,1,NA,4.2,NA
"1013","Guyana","Women","1960-1969","High",441,52,22,11.8,42.3
"1014","Guyana","Women","1960-1969","Low",442,50,26,11.3,52
"1015","Guyana","Women","1960-1969",NA,4,1,1,25,100
"1016","Guyana","Women","1970-1979","High",176,30,17,17,56.7
"1017","Guyana","Women","1970-1979","Low",246,32,16,13,50
"1018","Guyana","Women","1970-1979",NA,1,NA,NA,NA,NA
"1019","Haiti","Men","1950-1959","High",135,NA,NA,NA,NA
"1020","Haiti","Men","1950-1959","Low",381,NA,NA,NA,NA
"1021","Haiti","Men","1960-1969","High",588,20,6,3.4,30
"1022","Haiti","Men","1960-1969","Low",700,6,1,0.9,16.7
"1023","Haiti","Men","1970-1979","High",1308,124,56,9.5,45.2
"1024","Haiti","Men","1970-1979","Low",1442,33,14,2.3,42.4
"1025","Haiti","Men","1980-1989","High",249,44,23,17.7,52.3
"1026","Haiti","Men","1980-1989","Low",509,17,11,3.3,64.7
"1027","Haiti","Women","1950-1959","High",538,10,4,1.9,40
"1028","Haiti","Women","1950-1959","Low",692,18,10,2.6,55.6
"1029","Haiti","Women","1960-1969","High",922,30,15,3.3,50
"1030","Haiti","Women","1960-1969","Low",1028,34,19,3.3,55.9
"1031","Haiti","Women","1970-1979","High",912,69,35,7.6,50.7
"1032","Haiti","Women","1970-1979","Low",1375,79,61,5.7,77.2
"1033","Haiti","Women","1980-1989","High",195,33,20,16.9,60.6
"1034","Haiti","Women","1980-1989","Low",377,40,27,10.6,67.5
"1035","Honduras","Men","1960-1969","High",1465,78,47,5.3,60.3
"1036","Honduras","Men","1960-1969","Low",1564,50,31,3.2,62
"1037","Honduras","Men","1960-1969",NA,1,NA,NA,NA,NA
"1038","Honduras","Men","1970-1979","High",934,64,41,6.9,64.1
"1039","Honduras","Men","1970-1979","Low",2710,100,61,3.7,61
"1040","Honduras","Women","1950-1959","High",329,15,6,4.6,40
"1041","Honduras","Women","1950-1959","Low",383,20,10,5.2,50
"1042","Honduras","Women","1950-1959",NA,1,NA,NA,NA,NA
"1043","Honduras","Women","1960-1969","High",533,32,12,6,37.5
"1044","Honduras","Women","1960-1969","Low",642,45,28,7,62.2
"1045","Honduras","Women","1970-1979","High",247,28,15,11.3,53.6
"1046","Honduras","Women","1970-1979","Low",935,91,47,9.7,51.6
"1047","Hungary","Men","1910-1919","Low",5,1,NA,20,NA
"1048","Hungary","Men","1910-1919","Medium",1,NA,NA,NA,NA
"1049","Hungary","Men","1920-1929","High",46,3,1,6.5,33.3
"1050","Hungary","Men","1920-1929","Low",103,8,1,7.8,12.5
"1051","Hungary","Men","1920-1929","Medium",83,14,1,16.9,7.1
"1052","Hungary","Men","1930-1939","High",128,15,3,11.7,20
"1053","Hungary","Men","1930-1939","Low",315,30,7,9.5,23.3
"1054","Hungary","Men","1930-1939","Medium",363,40,6,11,15
"1055","Hungary","Men","1940-1949","High",222,22,4,9.9,18.2
"1056","Hungary","Men","1940-1949","Low",253,31,13,12.3,41.9
"1057","Hungary","Men","1940-1949","Medium",726,76,9,10.5,11.8
"1058","Hungary","Men","1950-1959","High",208,15,5,7.2,33.3
"1059","Hungary","Men","1950-1959","Low",238,55,32,23.1,58.2
"1060","Hungary","Men","1950-1959","Medium",1005,115,47,11.4,40.9
"1061","Hungary","Men","1960-1969","High",181,40,16,22.1,40
"1062","Hungary","Men","1960-1969","Low",152,38,22,25,57.9
"1063","Hungary","Men","1960-1969","Medium",841,168,80,20,47.6
"1064","Hungary","Men","1970-1979","High",20,5,2,25,40
"1065","Hungary","Men","1970-1979","Low",20,10,6,50,60
"1066","Hungary","Men","1970-1979","Medium",127,39,16,30.7,41
"1067","Hungary","Men","1980-1989","High",14,6,3,42.9,50
"1068","Hungary","Men","1980-1989","Low",7,4,4,57.1,100
"1069","Hungary","Men","1980-1989","Medium",39,10,5,25.6,50
"1070","Hungary","Men","1980-1989",NA,1,NA,NA,NA,NA
"1071","Hungary","Women","1910-1919","Low",6,2,NA,33.3,NA
"1072","Hungary","Women","1910-1919","Medium",1,NA,NA,NA,NA
"1073","Hungary","Women","1920-1929","High",21,3,NA,14.3,NA
"1074","Hungary","Women","1920-1929","Low",318,46,10,14.5,21.7
"1075","Hungary","Women","1920-1929","Medium",107,23,7,21.5,30.4
"1076","Hungary","Women","1920-1929",NA,1,NA,NA,NA,NA
"1077","Hungary","Women","1930-1939","High",106,19,6,17.9,31.6
"1078","Hungary","Women","1930-1939","Low",813,69,11,8.5,15.9
"1079","Hungary","Women","1930-1939","Medium",406,53,16,13.1,30.2
"1080","Hungary","Women","1940-1949","High",218,25,9,11.5,36
"1081","Hungary","Women","1940-1949","Low",638,45,10,7.1,22.2
"1082","Hungary","Women","1940-1949","Medium",780,74,16,9.5,21.6
"1083","Hungary","Women","1940-1949",NA,2,NA,NA,NA,NA
"1084","Hungary","Women","1950-1959","High",312,33,12,10.6,36.4
"1085","Hungary","Women","1950-1959","Low",475,27,7,5.7,25.9
"1086","Hungary","Women","1950-1959","Medium",1021,87,21,8.5,24.1
"1087","Hungary","Women","1960-1969","High",304,34,15,11.2,44.1
"1088","Hungary","Women","1960-1969","Low",245,23,9,9.4,39.1
"1089","Hungary","Women","1960-1969","Medium",878,70,22,8,31.4
"1090","Hungary","Women","1960-1969",NA,1,1,1,100,100
"1091","Hungary","Women","1970-1979","High",47,17,8,36.2,47.1
"1092","Hungary","Women","1970-1979","Low",22,2,2,9.1,100
"1093","Hungary","Women","1970-1979","Medium",129,26,8,20.2,30.8
"1094","Hungary","Women","1970-1979",NA,1,1,1,100,100
"1095","Hungary","Women","1980-1989","High",12,4,1,33.3,25
"1096","Hungary","Women","1980-1989","Low",6,1,NA,16.7,NA
"1097","Hungary","Women","1980-1989","Medium",39,12,2,30.8,16.7
"1098","Iceland","Men","1920-1929","Low",2,1,1,50,100
"1099","Iceland","Men","1920-1929","Medium",2,1,1,50,100
"1100","Iceland","Men","1930-1939","High",2,NA,NA,NA,NA
"1101","Iceland","Men","1930-1939","Low",6,1,1,16.7,100
"1102","Iceland","Men","1930-1939","Medium",7,1,NA,14.3,NA
"1103","Iceland","Men","1940-1949","High",11,NA,NA,NA,NA
"1104","Iceland","Men","1940-1949","Low",12,2,1,16.7,50
"1105","Iceland","Men","1940-1949","Medium",24,1,1,4.2,100
"1106","Iceland","Men","1950-1959","High",30,1,1,3.3,100
"1107","Iceland","Men","1950-1959","Low",17,2,2,11.8,100
"1108","Iceland","Men","1950-1959","Medium",32,1,NA,3.1,NA
"1109","Iceland","Men","1960-1969","High",35,1,1,2.9,100
"1110","Iceland","Men","1960-1969","Low",20,3,3,15,100
"1111","Iceland","Men","1960-1969","Medium",32,4,1,12.5,25
"1112","Iceland","Men","1970-1979","High",27,3,1,11.1,33.3
"1113","Iceland","Men","1970-1979","Low",9,2,NA,22.2,NA
"1114","Iceland","Men","1970-1979","Medium",24,NA,NA,NA,NA
"1115","Iceland","Men","1980-1989","High",24,2,NA,8.3,NA
"1116","Iceland","Men","1980-1989","Low",4,NA,NA,NA,NA
"1117","Iceland","Men","1980-1989","Medium",7,NA,NA,NA,NA
"1118","Iceland","Women","1920-1929","High",1,NA,NA,NA,NA
"1119","Iceland","Women","1920-1929","Low",3,NA,NA,NA,NA
"1120","Iceland","Women","1930-1939","High",1,NA,NA,NA,NA
"1121","Iceland","Women","1930-1939","Low",14,NA,NA,NA,NA
"1122","Iceland","Women","1930-1939","Medium",2,NA,NA,NA,NA
"1123","Iceland","Women","1940-1949","High",16,1,NA,6.2,NA
"1124","Iceland","Women","1940-1949","Low",26,NA,NA,NA,NA
"1125","Iceland","Women","1940-1949","Medium",11,NA,NA,NA,NA
"1126","Iceland","Women","1950-1959","High",42,1,NA,2.4,NA
"1127","Iceland","Women","1950-1959","Low",17,NA,NA,NA,NA
"1128","Iceland","Women","1950-1959","Medium",16,1,NA,6.2,NA
"1129","Iceland","Women","1960-1969","High",41,4,1,9.8,25
"1130","Iceland","Women","1960-1969","Low",19,1,NA,5.3,NA
"1131","Iceland","Women","1960-1969","Medium",16,2,NA,12.5,NA
"1132","Iceland","Women","1970-1979","High",49,5,2,10.2,40
"1133","Iceland","Women","1970-1979","Low",12,NA,NA,NA,NA
"1134","Iceland","Women","1970-1979","Medium",12,2,NA,16.7,NA
"1135","Iceland","Women","1980-1989","High",25,1,NA,4,NA
"1136","Iceland","Women","1980-1989","Low",2,NA,NA,NA,NA
"1137","Iceland","Women","1980-1989","Medium",7,NA,NA,NA,NA
"1138","India","Men","1960-1969","High",23325,1003,372,4.3,37.1
"1139","India","Men","1960-1969","Low",28171,865,168,3.1,19.4
"1140","India","Men","1970-1979","High",76976,3789,1592,4.9,42
"1141","India","Men","1970-1979","Low",86018,3001,778,3.5,25.9
"1142","India","Men","1980-1989","High",9223,744,370,8.1,49.7
"1143","India","Men","1980-1989","Low",16016,793,238,5,30
"1144","India","Women","1960-1969","High",7723,508,106,6.6,20.9
"1145","India","Women","1960-1969","Low",8434,542,127,6.4,23.4
"1146","India","Women","1970-1979","High",12153,1178,436,9.7,37
"1147","India","Women","1970-1979","Low",12996,1087,380,8.4,35
"1148","India","Women","1980-1989","High",1456,213,92,14.6,43.2
"1149","India","Women","1980-1989","Low",2857,302,123,10.6,40.7
"1150","Indonesia","Men","1960-1969","High",1368,94,40,6.9,42.6
"1151","Indonesia","Men","1960-1969","Low",1402,74,26,5.3,35.1
"1152","Indonesia","Men","1960-1969",NA,3,1,NA,33.3,NA
"1153","Indonesia","Men","1970-1979","High",5274,440,199,8.3,45.2
"1154","Indonesia","Men","1970-1979","Low",8605,426,180,5,42.3
"1155","Indonesia","Men","1970-1979",NA,15,3,2,20,66.7
"1156","Indonesia","Men","1980-1989","High",1808,156,65,8.6,41.7
"1157","Indonesia","Men","1980-1989","Low",2402,122,56,5.1,45.9
"1158","Indonesia","Men","1980-1989",NA,9,1,NA,11.1,NA
"1159","Indonesia","Women","1960-1969","High",988,17,NA,1.7,NA
"1160","Indonesia","Women","1960-1969","Low",1334,33,NA,2.5,NA
"1161","Indonesia","Women","1960-1969",NA,7,NA,NA,NA,NA
"1162","Indonesia","Women","1970-1979","High",1656,64,NA,3.9,NA
"1163","Indonesia","Women","1970-1979","Low",1919,73,NA,3.8,NA
"1164","Indonesia","Women","1970-1979",NA,7,NA,NA,NA,NA
"1165","Indonesia","Women","1980-1989","High",457,26,NA,5.7,NA
"1166","Indonesia","Women","1980-1989","Low",586,30,NA,5.1,NA
"1167","Indonesia","Women","1980-1989",NA,1,NA,NA,NA,NA
"1168","Ireland","Men","1910-1919","Low",4,NA,NA,NA,NA
"1169","Ireland","Men","1920-1929","High",8,1,1,12.5,100
"1170","Ireland","Men","1920-1929","Low",31,11,8,35.5,72.7
"1171","Ireland","Men","1920-1929","Medium",7,1,NA,14.3,NA
"1172","Ireland","Men","1930-1939","High",37,5,2,13.5,40
"1173","Ireland","Men","1930-1939","Low",99,31,21,31.3,67.7
"1174","Ireland","Men","1930-1939","Medium",18,1,1,5.6,100
"1175","Ireland","Men","1930-1939",NA,1,NA,NA,NA,NA
"1176","Ireland","Men","1940-1949","High",82,12,5,14.6,41.7
"1177","Ireland","Men","1940-1949","Low",139,41,30,29.5,73.2
"1178","Ireland","Men","1940-1949","Medium",42,6,NA,14.3,NA
"1179","Ireland","Men","1940-1949",NA,2,1,1,50,100
"1180","Ireland","Men","1950-1959","High",98,21,11,21.4,52.4
"1181","Ireland","Men","1950-1959","Low",138,40,32,29,80
"1182","Ireland","Men","1950-1959","Medium",70,20,15,28.6,75
"1183","Ireland","Men","1950-1959",NA,3,NA,NA,NA,NA
"1184","Ireland","Men","1960-1969","High",118,30,11,25.4,36.7
"1185","Ireland","Men","1960-1969","Low",121,48,38,39.7,79.2
"1186","Ireland","Men","1960-1969","Medium",84,32,15,38.1,46.9
"1187","Ireland","Men","1960-1969",NA,1,NA,NA,NA,NA
"1188","Ireland","Men","1970-1979","High",109,30,10,27.5,33.3
"1189","Ireland","Men","1970-1979","Low",22,9,5,40.9,55.6
"1190","Ireland","Men","1970-1979","Medium",56,16,5,28.6,31.2
"1191","Ireland","Men","1970-1979",NA,1,1,NA,100,NA
"1192","Ireland","Men","1980-1989","High",45,25,6,55.6,24
"1193","Ireland","Men","1980-1989","Low",10,1,NA,10,NA
"1194","Ireland","Men","1980-1989","Medium",28,10,7,35.7,70
"1195","Ireland","Men","1980-1989",NA,1,1,1,100,100
"1196","Ireland","Women","1905-1909","Low",1,1,NA,100,NA
"1197","Ireland","Women","1910-1919","Low",1,1,NA,100,NA
"1198","Ireland","Women","1910-1919","Medium",1,NA,NA,NA,NA
"1199","Ireland","Women","1920-1929","High",4,1,1,25,100
"1200","Ireland","Women","1920-1929","Low",35,7,4,20,57.1
"1201","Ireland","Women","1920-1929","Medium",7,2,1,28.6,50
"1202","Ireland","Women","1930-1939","High",21,4,1,19,25
"1203","Ireland","Women","1930-1939","Low",85,13,8,15.3,61.5
"1204","Ireland","Women","1930-1939","Medium",19,3,1,15.8,33.3
"1205","Ireland","Women","1930-1939",NA,1,NA,NA,NA,NA
"1206","Ireland","Women","1940-1949","High",59,14,12,23.7,85.7
"1207","Ireland","Women","1940-1949","Low",142,18,11,12.7,61.1
"1208","Ireland","Women","1940-1949","Medium",59,8,5,13.6,62.5
"1209","Ireland","Women","1940-1949",NA,2,1,NA,50,NA
"1210","Ireland","Women","1950-1959","High",117,34,18,29.1,52.9
"1211","Ireland","Women","1950-1959","Low",123,15,7,12.2,46.7
"1212","Ireland","Women","1950-1959","Medium",91,16,11,17.6,68.8
"1213","Ireland","Women","1960-1969","High",175,32,20,18.3,62.5
"1214","Ireland","Women","1960-1969","Low",91,10,4,11,40
"1215","Ireland","Women","1960-1969","Medium",114,20,12,17.5,60
"1216","Ireland","Women","1960-1969",NA,3,NA,NA,NA,NA
"1217","Ireland","Women","1970-1979","High",173,36,6,20.8,16.7
"1218","Ireland","Women","1970-1979","Low",30,4,2,13.3,50
"1219","Ireland","Women","1970-1979","Medium",66,8,1,12.1,12.5
"1220","Ireland","Women","1970-1979",NA,1,NA,NA,NA,NA
"1221","Ireland","Women","1980-1989","High",72,17,7,23.6,41.2
"1222","Ireland","Women","1980-1989","Low",11,3,2,27.3,66.7
"1223","Ireland","Women","1980-1989","Medium",36,5,3,13.9,60
"1224","Ireland",NA,"1920-1929","Low",1,1,NA,100,NA
"1225","Ireland",NA,"1930-1939","High",2,NA,NA,NA,NA
"1226","Ireland",NA,"1930-1939","Low",3,1,1,33.3,100
"1227","Ireland",NA,"1940-1949","High",2,NA,NA,NA,NA
"1228","Ireland",NA,"1940-1949","Low",2,NA,NA,NA,NA
"1229","Ireland",NA,"1940-1949","Medium",1,NA,NA,NA,NA
"1230","Ireland",NA,"1950-1959","High",2,NA,NA,NA,NA
"1231","Ireland",NA,"1950-1959","Low",1,1,NA,100,NA
"1232","Ireland",NA,"1950-1959","Medium",1,NA,NA,NA,NA
"1233","Ireland",NA,"1960-1969","High",1,NA,NA,NA,NA
"1234","Ireland",NA,"1960-1969","Medium",1,1,NA,100,NA
"1235","Italy","Men","1920-1929","Low",4,NA,NA,NA,NA
"1236","Italy","Men","1920-1929","Medium",1,NA,NA,NA,NA
"1237","Italy","Men","1930-1939","High",6,1,NA,16.7,NA
"1238","Italy","Men","1930-1939","Low",56,3,1,5.4,33.3
"1239","Italy","Men","1930-1939","Medium",12,NA,NA,NA,NA
"1240","Italy","Men","1930-1939",NA,1,NA,NA,NA,NA
"1241","Italy","Men","1940-1949","High",20,5,2,25,40
"1242","Italy","Men","1940-1949","Low",109,11,4,10.1,36.4
"1243","Italy","Men","1940-1949","Medium",25,2,1,8,50
"1244","Italy","Men","1950-1959","High",35,5,2,14.3,40
"1245","Italy","Men","1950-1959","Low",95,17,8,17.9,47.1
"1246","Italy","Men","1950-1959","Medium",67,10,2,14.9,20
"1247","Italy","Men","1950-1959",NA,1,NA,NA,NA,NA
"1248","Italy","Men","1960-1969","High",41,10,3,24.4,30
"1249","Italy","Men","1960-1969","Low",94,26,16,27.7,61.5
"1250","Italy","Men","1960-1969","Medium",92,30,6,32.6,20
"1251","Italy","Men","1960-1969",NA,2,NA,NA,NA,NA
"1252","Italy","Men","1970-1979","High",57,26,10,45.6,38.5
"1253","Italy","Men","1970-1979","Low",66,22,12,33.3,54.5
"1254","Italy","Men","1970-1979","Medium",99,36,21,36.4,58.3
"1255","Italy","Men","1970-1979",NA,1,NA,NA,NA,NA
"1256","Italy","Men","1980-1989","High",22,10,7,45.5,70
"1257","Italy","Men","1980-1989","Low",23,11,7,47.8,63.6
"1258","Italy","Men","1980-1989","Medium",38,25,10,65.8,40
"1259","Italy","Men","1980-1989",NA,1,1,1,100,100
"1260","Italy","Women","1920-1929","Low",19,NA,NA,NA,NA
"1261","Italy","Women","1920-1929","Medium",3,2,1,66.7,50
"1262","Italy","Women","1930-1939","High",3,NA,NA,NA,NA
"1263","Italy","Women","1930-1939","Low",101,5,2,5,40
"1264","Italy","Women","1930-1939","Medium",13,1,NA,7.7,NA
"1265","Italy","Women","1930-1939",NA,2,NA,NA,NA,NA
"1266","Italy","Women","1940-1949","High",13,3,3,23.1,100
"1267","Italy","Women","1940-1949","Low",131,14,5,10.7,35.7
"1268","Italy","Women","1940-1949","Medium",42,7,4,16.7,57.1
"1269","Italy","Women","1950-1959","High",32,7,1,21.9,14.3
"1270","Italy","Women","1950-1959","Low",122,15,7,12.3,46.7
"1271","Italy","Women","1950-1959","Medium",66,14,3,21.2,21.4
"1272","Italy","Women","1950-1959",NA,1,1,NA,100,NA
"1273","Italy","Women","1960-1969","High",35,8,2,22.9,25
"1274","Italy","Women","1960-1969","Low",120,31,12,25.8,38.7
"1275","Italy","Women","1960-1969","Medium",115,33,10,28.7,30.3
"1276","Italy","Women","1960-1969",NA,2,1,1,50,100
"1277","Italy","Women","1970-1979","High",42,13,4,31,30.8
"1278","Italy","Women","1970-1979","Low",62,18,10,29,55.6
"1279","Italy","Women","1970-1979","Medium",115,28,14,24.3,50
"1280","Italy","Women","1970-1979",NA,1,NA,NA,NA,NA
"1281","Italy","Women","1980-1989","High",23,9,2,39.1,22.2
"1282","Italy","Women","1980-1989","Low",17,6,3,35.3,50
"1283","Italy","Women","1980-1989","Medium",42,21,7,50,33.3
"1284","Italy","Women","1980-1989",NA,1,NA,NA,NA,NA
"1285","Ivory Coast","Men","1960-1969","High",333,14,6,4.2,42.9
"1286","Ivory Coast","Men","1960-1969","Low",775,18,3,2.3,16.7
"1287","Ivory Coast","Men","1970-1979","High",556,36,18,6.5,50
"1288","Ivory Coast","Men","1970-1979","Low",1071,24,5,2.2,20.8
"1289","Ivory Coast","Men","1970-1979",NA,1,NA,NA,NA,NA
"1290","Ivory Coast","Women","1950-1959","High",160,1,1,0.6,100
"1291","Ivory Coast","Women","1950-1959","Low",174,2,NA,1.1,NA
"1292","Ivory Coast","Women","1960-1969","High",348,12,4,3.4,33.3
"1293","Ivory Coast","Women","1960-1969","Low",405,10,5,2.5,50
"1294","Ivory Coast","Women","1970-1979","High",393,31,20,7.9,64.5
"1295","Ivory Coast","Women","1970-1979","Low",399,20,12,5,60
"1296","Kazakhstan","Men","1940-1949","High",6,NA,NA,NA,NA
"1297","Kazakhstan","Men","1940-1949","Low",11,NA,NA,NA,NA
"1298","Kazakhstan","Men","1950-1959","High",617,47,34,7.6,72.3
"1299","Kazakhstan","Men","1950-1959","Low",635,28,16,4.4,57.1
"1300","Kazakhstan","Men","1960-1969","High",201,15,10,7.5,66.7
"1301","Kazakhstan","Men","1960-1969","Low",509,24,14,4.7,58.3
"1302","Kazakhstan","Women","1930-1939","High",2,NA,NA,NA,NA
"1303","Kazakhstan","Women","1930-1939","Low",3,NA,NA,NA,NA
"1304","Kazakhstan","Women","1940-1949","High",82,2,1,2.4,50
"1305","Kazakhstan","Women","1940-1949","Low",88,3,NA,3.4,NA
"1306","Kazakhstan","Women","1950-1959","High",154,12,6,7.8,50
"1307","Kazakhstan","Women","1950-1959","Low",154,4,4,2.6,100
"1308","Kazakhstan","Women","1950-1959",NA,1,NA,NA,NA,NA
"1309","Kazakhstan","Women","1960-1969","High",86,9,6,10.5,66.7
"1310","Kazakhstan","Women","1960-1969","Low",113,6,3,5.3,50
"1311","Kenya","Men","1960-1969","High",1034,20,9,1.9,45
"1312","Kenya","Men","1960-1969","Low",1486,25,4,1.7,16
"1313","Kenya","Men","1970-1979","High",1919,75,45,3.9,60
"1314","Kenya","Men","1970-1979","Low",4766,72,25,1.5,34.7
"1315","Kenya","Women","1950-1959","High",19,NA,NA,NA,NA
"1316","Kenya","Women","1950-1959","Low",24,NA,NA,NA,NA
"1317","Kenya","Women","1960-1969","High",859,19,13,2.2,68.4
"1318","Kenya","Women","1960-1969","Low",866,32,17,3.7,53.1
"1319","Kenya","Women","1970-1979","High",990,46,27,4.6,58.7
"1320","Kenya","Women","1970-1979","Low",1626,99,66,6.1,66.7
"1321","Kyrgyzstan","Men","1960-1969","High",584,14,7,2.4,50
"1322","Kyrgyzstan","Men","1960-1969","Low",725,21,5,2.9,23.8
"1323","Kyrgyzstan","Men","1970-1979","High",585,26,7,4.4,26.9
"1324","Kyrgyzstan","Men","1970-1979","Low",881,22,9,2.5,40.9
"1325","Kyrgyzstan","Women","1960-1969","High",188,3,NA,1.6,NA
"1326","Kyrgyzstan","Women","1960-1969","Low",199,6,4,3,66.7
"1327","Kyrgyzstan","Women","1970-1979","High",146,5,2,3.4,40
"1328","Kyrgyzstan","Women","1970-1979","Low",348,19,7,5.5,36.8
"1329","Latvia","Men","1920-1929","High",1,NA,NA,NA,NA
"1330","Latvia","Men","1930-1939","High",5,NA,NA,NA,NA
"1331","Latvia","Men","1930-1939","Low",9,NA,NA,NA,NA
"1332","Latvia","Men","1930-1939","Medium",4,1,NA,25,NA
"1333","Latvia","Men","1940-1949","High",9,1,NA,11.1,NA
"1334","Latvia","Men","1940-1949","Low",9,1,NA,11.1,NA
"1335","Latvia","Men","1940-1949","Medium",20,3,1,15,33.3
"1336","Latvia","Men","1950-1959","High",16,1,1,6.2,100
"1337","Latvia","Men","1950-1959","Low",3,1,NA,33.3,NA
"1338","Latvia","Men","1950-1959","Medium",30,2,1,6.7,50
"1339","Latvia","Men","1960-1969","High",20,3,NA,15,NA
"1340","Latvia","Men","1960-1969","Low",5,2,NA,40,NA
"1341","Latvia","Men","1960-1969","Medium",35,3,1,8.6,33.3
"1342","Latvia","Men","1970-1979","High",15,3,NA,20,NA
"1343","Latvia","Men","1970-1979","Low",8,2,1,25,50
"1344","Latvia","Men","1970-1979","Medium",30,9,3,30,33.3
"1345","Latvia","Men","1980-1989","High",5,2,NA,40,NA
"1346","Latvia","Men","1980-1989","Low",3,2,1,66.7,50
"1347","Latvia","Men","1980-1989","Medium",9,1,1,11.1,100
"1348","Latvia","Women","1920-1929","Low",5,1,NA,20,NA
"1349","Latvia","Women","1920-1929","Medium",2,NA,NA,NA,NA
"1350","Latvia","Women","1930-1939","High",13,NA,NA,NA,NA
"1351","Latvia","Women","1930-1939","Low",16,2,1,12.5,50
"1352","Latvia","Women","1930-1939","Medium",29,7,2,24.1,28.6
"1353","Latvia","Women","1940-1949","High",27,NA,NA,NA,NA
"1354","Latvia","Women","1940-1949","Low",28,3,1,10.7,33.3
"1355","Latvia","Women","1940-1949","Medium",54,1,NA,1.9,NA
"1356","Latvia","Women","1950-1959","High",38,3,1,7.9,33.3
"1357","Latvia","Women","1950-1959","Low",12,2,1,16.7,50
"1358","Latvia","Women","1950-1959","Medium",84,8,NA,9.5,NA
"1359","Latvia","Women","1960-1969","High",46,3,1,6.5,33.3
"1360","Latvia","Women","1960-1969","Low",3,NA,NA,NA,NA
"1361","Latvia","Women","1960-1969","Medium",70,6,3,8.6,50
"1362","Latvia","Women","1970-1979","High",47,5,2,10.6,40
"1363","Latvia","Women","1970-1979","Low",11,3,2,27.3,66.7
"1364","Latvia","Women","1970-1979","Medium",28,3,1,10.7,33.3
"1365","Latvia","Women","1980-1989","High",17,2,1,11.8,50
"1366","Latvia","Women","1980-1989","Low",5,2,NA,40,NA
"1367","Latvia","Women","1980-1989","Medium",9,1,NA,11.1,NA
"1368","Lesotho","Men","1960-1969","High",158,9,5,5.7,55.6
"1369","Lesotho","Men","1960-1969","Low",346,13,1,3.8,7.7
"1370","Lesotho","Men","1970-1979","High",493,30,8,6.1,26.7
"1371","Lesotho","Men","1970-1979","Low",803,25,8,3.1,32
"1372","Lesotho","Women","1950-1959","High",65,4,1,6.2,25
"1373","Lesotho","Women","1950-1959","Low",76,5,3,6.6,60
"1374","Lesotho","Women","1960-1969","High",151,12,9,7.9,75
"1375","Lesotho","Women","1960-1969","Low",183,20,9,10.9,45
"1376","Lesotho","Women","1970-1979","High",214,34,20,15.9,58.8
"1377","Lesotho","Women","1970-1979","Low",279,52,44,18.6,84.6
"1378","Liberia","Men","1960-1969","High",4,NA,NA,NA,NA
"1379","Liberia","Men","1960-1969","Low",6,NA,NA,NA,NA
"1380","Liberia","Men","1970-1979","High",520,6,3,1.2,50
"1381","Liberia","Men","1970-1979","Low",1049,8,1,0.8,12.5
"1382","Liberia","Men","1980-1989","High",431,6,2,1.4,33.3
"1383","Liberia","Men","1980-1989","Low",677,8,2,1.2,25
"1384","Liberia","Women","1950-1959","Low",3,NA,NA,NA,NA
"1385","Liberia","Women","1960-1969","High",231,NA,NA,NA,NA
"1386","Liberia","Women","1960-1969","Low",256,5,3,2,60
"1387","Liberia","Women","1970-1979","High",389,5,3,1.3,60
"1388","Liberia","Women","1970-1979","Low",452,6,3,1.3,50
"1389","Liberia","Women","1980-1989","High",187,1,NA,0.5,NA
"1390","Liberia","Women","1980-1989","Low",309,4,3,1.3,75
"1391","Lithuania","Men","1920-1929","High",18,NA,NA,NA,NA
"1392","Lithuania","Men","1920-1929","Low",117,30,14,25.6,46.7
"1393","Lithuania","Men","1920-1929","Medium",27,7,2,25.9,28.6
"1394","Lithuania","Men","1930-1939","High",116,15,2,12.9,13.3
"1395","Lithuania","Men","1930-1939","Low",449,99,43,22,43.4
"1396","Lithuania","Men","1930-1939","Medium",194,23,8,11.9,34.8
"1397","Lithuania","Men","1940-1949","High",117,9,5,7.7,55.6
"1398","Lithuania","Men","1940-1949","Low",283,59,20,20.8,33.9
"1399","Lithuania","Men","1940-1949","Medium",320,42,17,13.1,40.5
"1400","Lithuania","Men","1940-1949",NA,1,NA,NA,NA,NA
"1401","Lithuania","Men","1950-1959","High",209,19,9,9.1,47.4
"1402","Lithuania","Men","1950-1959","Low",171,54,31,31.6,57.4
"1403","Lithuania","Men","1950-1959","Medium",620,79,35,12.7,44.3
"1404","Lithuania","Men","1960-1969","High",221,18,5,8.1,27.8
"1405","Lithuania","Men","1960-1969","Low",119,34,17,28.6,50
"1406","Lithuania","Men","1960-1969","Medium",666,92,57,13.8,62
"1407","Lithuania","Men","1960-1969",NA,2,1,1,50,100
"1408","Lithuania","Men","1970-1979","High",45,8,2,17.8,25
"1409","Lithuania","Men","1970-1979","Low",41,11,10,26.8,90.9
"1410","Lithuania","Men","1970-1979","Medium",133,28,16,21.1,57.1
"1411","Lithuania","Men","1980-1989","High",6,3,1,50,33.3
"1412","Lithuania","Men","1980-1989","Low",8,4,1,50,25
"1413","Lithuania","Men","1980-1989","Medium",6,2,NA,33.3,NA
"1414","Lithuania","Women","1920-1929","High",14,3,2,21.4,66.7
"1415","Lithuania","Women","1920-1929","Low",119,34,20,28.6,58.8
"1416","Lithuania","Women","1920-1929","Medium",27,11,6,40.7,54.5
"1417","Lithuania","Women","1930-1939","High",103,23,11,22.3,47.8
"1418","Lithuania","Women","1930-1939","Low",550,107,60,19.5,56.1
"1419","Lithuania","Women","1930-1939","Medium",251,40,18,15.9,45
"1420","Lithuania","Women","1940-1949","High",214,29,18,13.6,62.1
"1421","Lithuania","Women","1940-1949","Low",292,44,19,15.1,43.2
"1422","Lithuania","Women","1940-1949","Medium",511,58,29,11.4,50
"1423","Lithuania","Women","1940-1949",NA,1,NA,NA,NA,NA
"1424","Lithuania","Women","1950-1959","High",353,57,31,16.1,54.4
"1425","Lithuania","Women","1950-1959","Low",94,21,9,22.3,42.9
"1426","Lithuania","Women","1950-1959","Medium",650,65,33,10,50.8
"1427","Lithuania","Women","1950-1959",NA,1,NA,NA,NA,NA
"1428","Lithuania","Women","1960-1969","High",373,43,23,11.5,53.5
"1429","Lithuania","Women","1960-1969","Low",60,6,3,10,50
"1430","Lithuania","Women","1960-1969","Medium",737,67,35,9.1,52.2
"1431","Lithuania","Women","1970-1979","High",107,17,11,15.9,64.7
"1432","Lithuania","Women","1970-1979","Low",27,2,1,7.4,50
"1433","Lithuania","Women","1970-1979","Medium",147,16,11,10.9,68.8
"1434","Lithuania","Women","1980-1989","High",33,8,1,24.2,12.5
"1435","Lithuania","Women","1980-1989","Low",10,NA,NA,NA,NA
"1436","Lithuania","Women","1980-1989","Medium",18,1,1,5.6,100
"1437","Madagascar","Men","1950-1959","High",91,5,1,5.5,20
"1438","Madagascar","Men","1950-1959","Low",95,5,NA,5.3,NA
"1439","Madagascar","Men","1960-1969","High",1301,76,24,5.8,31.6
"1440","Madagascar","Men","1960-1969","Low",1981,92,9,4.6,9.8
"1441","Madagascar","Men","1960-1969",NA,6,NA,NA,NA,NA
"1442","Madagascar","Men","1970-1979","High",680,35,12,5.1,34.3
"1443","Madagascar","Men","1970-1979","Low",1066,34,6,3.2,17.6
"1444","Madagascar","Men","1970-1979",NA,1,NA,NA,NA,NA
"1445","Madagascar","Women","1940-1949","High",19,1,NA,5.3,NA
"1446","Madagascar","Women","1940-1949","Low",23,NA,NA,NA,NA
"1447","Madagascar","Women","1950-1959","High",482,13,6,2.7,46.2
"1448","Madagascar","Women","1950-1959","Low",494,19,2,3.8,10.5
"1449","Madagascar","Women","1950-1959",NA,2,NA,NA,NA,NA
"1450","Madagascar","Women","1960-1969","High",649,28,10,4.3,35.7
"1451","Madagascar","Women","1960-1969","Low",819,37,9,4.5,24.3
"1452","Madagascar","Women","1960-1969",NA,1,NA,NA,NA,NA
"1453","Madagascar","Women","1970-1979","High",319,27,13,8.5,48.1
"1454","Madagascar","Women","1970-1979","Low",468,28,9,6,32.1
"1455","Malawi","Men","1960-1969","High",517,7,NA,1.4,NA
"1456","Malawi","Men","1960-1969","Low",610,8,NA,1.3,NA
"1457","Malawi","Men","1970-1979","High",2114,23,5,1.1,21.7
"1458","Malawi","Men","1970-1979","Low",2490,38,5,1.5,13.2
"1459","Malawi","Men","1980-1989","High",331,7,5,2.1,71.4
"1460","Malawi","Men","1980-1989","Low",509,9,2,1.8,22.2
"1461","Malawi","Women","1960-1969","High",326,8,4,2.5,50
"1462","Malawi","Women","1960-1969","Low",350,4,2,1.1,50
"1463","Malawi","Women","1970-1979","High",647,16,8,2.5,50
"1464","Malawi","Women","1970-1979","Low",719,20,11,2.8,55
"1465","Malawi","Women","1980-1989","High",117,2,2,1.7,100
"1466","Malawi","Women","1980-1989","Low",118,1,NA,0.8,NA
"1467","Maldives","Men","1960-1969","High",148,11,2,7.4,18.2
"1468","Maldives","Men","1960-1969","Low",213,5,1,2.3,20
"1469","Maldives","Men","1970-1979","High",403,16,3,4,18.8
"1470","Maldives","Men","1970-1979","Low",1363,61,18,4.5,29.5
"1471","Maldives","Men","1980-1989","High",70,6,1,8.6,16.7
"1472","Maldives","Men","1980-1989","Low",489,29,6,5.9,20.7
"1473","Maldives","Women","1960-1969","High",101,9,2,8.9,22.2
"1474","Maldives","Women","1960-1969","Low",103,6,3,5.8,50
"1475","Maldives","Women","1970-1979","High",369,37,15,10,40.5
"1476","Maldives","Women","1970-1979","Low",550,52,18,9.5,34.6
"1477","Maldives","Women","1980-1989","High",40,7,1,17.5,14.3
"1478","Maldives","Women","1980-1989","Low",200,28,10,14,35.7
"1479","Mali","Men","1960-1969","High",14,1,NA,7.1,NA
"1480","Mali","Men","1960-1969","Low",109,2,NA,1.8,NA
"1481","Mali","Men","1970-1979","High",288,10,3,3.5,30
"1482","Mali","Men","1970-1979","Low",1435,40,5,2.8,12.5
"1483","Mali","Men","1980-1989","High",172,9,1,5.2,11.1
"1484","Mali","Men","1980-1989","Low",823,30,4,3.6,13.3
"1485","Mali","Women","1950-1959","High",9,1,NA,11.1,NA
"1486","Mali","Women","1950-1959","Low",29,NA,NA,NA,NA
"1487","Mali","Women","1960-1969","High",173,2,NA,1.2,NA
"1488","Mali","Women","1960-1969","Low",456,8,2,1.8,25
"1489","Mali","Women","1970-1979","High",248,6,2,2.4,33.3
"1490","Mali","Women","1970-1979","Low",662,18,5,2.7,27.8
"1491","Mali","Women","1980-1989","High",127,10,5,7.9,50
"1492","Mali","Women","1980-1989","Low",300,20,4,6.7,20
"1493","Mauritania","Men","1950-1959","High",121,9,2,7.4,22.2
"1494","Mauritania","Men","1950-1959","Low",753,52,15,6.9,28.8
"1495","Mauritania","Men","1960-1969","High",229,23,10,10,43.5
"1496","Mauritania","Men","1960-1969","Low",949,79,39,8.3,49.4
"1497","Mauritania","Men","1960-1969",NA,1,NA,NA,NA,NA
"1498","Mauritania","Women","1940-1949","High",34,1,NA,2.9,NA
"1499","Mauritania","Women","1940-1949","Low",106,4,1,3.8,25
"1500","Mauritania","Women","1950-1959","High",103,2,NA,1.9,NA
"1501","Mauritania","Women","1950-1959","Low",231,12,6,5.2,50
"1502","Mauritania","Women","1960-1969","High",143,31,18,21.7,58.1
"1503","Mauritania","Women","1960-1969","Low",186,26,21,14,80.8
"1504","Mauritania","Women","1960-1969",NA,1,NA,NA,NA,NA
"1505","Montenegro","Men","1920-1929","Low",1,NA,NA,NA,NA
"1506","Montenegro","Men","1930-1939","High",2,1,1,50,100
"1507","Montenegro","Men","1930-1939","Low",2,1,NA,50,NA
"1508","Montenegro","Men","1930-1939","Medium",14,1,1,7.1,100
"1509","Montenegro","Men","1940-1949","High",4,NA,NA,NA,NA
"1510","Montenegro","Men","1940-1949","Low",10,2,2,20,100
"1511","Montenegro","Men","1940-1949","Medium",26,4,NA,15.4,NA
"1512","Montenegro","Men","1940-1949",NA,1,NA,NA,NA,NA
"1513","Montenegro","Men","1950-1959","High",16,NA,NA,NA,NA
"1514","Montenegro","Men","1950-1959","Low",17,4,2,23.5,50
"1515","Montenegro","Men","1950-1959","Medium",85,11,8,12.9,72.7
"1516","Montenegro","Men","1960-1969","High",14,1,NA,7.1,NA
"1517","Montenegro","Men","1960-1969","Low",14,2,2,14.3,100
"1518","Montenegro","Men","1960-1969","Medium",88,30,25,34.1,83.3
"1519","Montenegro","Men","1960-1969",NA,1,NA,NA,NA,NA
"1520","Montenegro","Men","1970-1979","High",22,7,4,31.8,57.1
"1521","Montenegro","Men","1970-1979","Low",5,1,1,20,100
"1522","Montenegro","Men","1970-1979","Medium",86,29,17,33.7,58.6
"1523","Montenegro","Men","1970-1979",NA,1,NA,NA,NA,NA
"1524","Montenegro","Men","1980-1989","High",13,8,5,61.5,62.5
"1525","Montenegro","Men","1980-1989","Low",3,2,2,66.7,100
"1526","Montenegro","Men","1980-1989","Medium",34,15,13,44.1,86.7
"1527","Montenegro","Men","1980-1989",NA,1,NA,NA,NA,NA
"1528","Montenegro","Women","1930-1939","Low",18,NA,NA,NA,NA
"1529","Montenegro","Women","1930-1939","Medium",6,2,2,33.3,100
"1530","Montenegro","Women","1940-1949","High",6,1,1,16.7,100
"1531","Montenegro","Women","1940-1949","Low",26,1,1,3.8,100
"1532","Montenegro","Women","1940-1949","Medium",26,5,2,19.2,40
"1533","Montenegro","Women","1950-1959","High",12,2,2,16.7,100
"1534","Montenegro","Women","1950-1959","Low",19,3,3,15.8,100
"1535","Montenegro","Women","1950-1959","Medium",64,7,3,10.9,42.9
"1536","Montenegro","Women","1960-1969","High",14,3,2,21.4,66.7
"1537","Montenegro","Women","1960-1969","Low",16,1,1,6.2,100
"1538","Montenegro","Women","1960-1969","Medium",84,14,10,16.7,71.4
"1539","Montenegro","Women","1960-1969",NA,1,NA,NA,NA,NA
"1540","Montenegro","Women","1970-1979","High",19,8,6,42.1,75
"1541","Montenegro","Women","1970-1979","Low",5,NA,NA,NA,NA
"1542","Montenegro","Women","1970-1979","Medium",74,10,9,13.5,90
"1543","Montenegro","Women","1980-1989","High",15,4,4,26.7,100
"1544","Montenegro","Women","1980-1989","Low",4,1,NA,25,NA
"1545","Montenegro","Women","1980-1989","Medium",27,5,3,18.5,60
"1546","Montenegro","Women","1980-1989",NA,1,NA,NA,NA,NA
"1547","Mozambique","Men","1960-1969","High",737,35,6,4.7,17.1
"1548","Mozambique","Men","1960-1969","Low",1003,37,3,3.7,8.1
"1549","Mozambique","Men","1970-1979","High",1000,40,13,4,32.5
"1550","Mozambique","Men","1970-1979","Low",1157,53,3,4.6,5.7
"1551","Mozambique","Women","1940-1949","High",39,NA,NA,NA,NA
"1552","Mozambique","Women","1940-1949","Low",41,1,NA,2.4,NA
"1553","Mozambique","Women","1950-1959","High",144,4,NA,2.8,NA
"1554","Mozambique","Women","1950-1959","Low",215,5,NA,2.3,NA
"1555","Mozambique","Women","1960-1969","High",209,4,NA,1.9,NA
"1556","Mozambique","Women","1960-1969","Low",272,14,5,5.1,35.7
"1557","Mozambique","Women","1970-1979","High",221,5,4,2.3,80
"1558","Mozambique","Women","1970-1979","Low",340,14,4,4.1,28.6
"1559","Myanmar","Men","1960-1969","High",559,116,97,20.8,83.6
"1560","Myanmar","Men","1960-1969","Low",626,72,54,11.5,75
"1561","Myanmar","Men","1970-1979","High",1259,313,253,24.9,80.8
"1562","Myanmar","Men","1970-1979","Low",2388,323,254,13.5,78.6
"1563","Myanmar","Men","1970-1979",NA,1,NA,NA,NA,NA
"1564","Myanmar","Men","1980-1989","High",170,52,39,30.6,75
"1565","Myanmar","Men","1980-1989","Low",303,61,41,20.1,67.2
"1566","Myanmar","Women","1960-1969","High",183,18,11,9.8,61.1
"1567","Myanmar","Women","1960-1969","Low",236,13,4,5.5,30.8
"1568","Myanmar","Women","1970-1979","High",522,89,53,17,59.6
"1569","Myanmar","Women","1970-1979","Low",802,95,54,11.8,56.8
"1570","Myanmar","Women","1980-1989","High",55,17,11,30.9,64.7
"1571","Myanmar","Women","1980-1989","Low",120,27,13,22.5,48.1
"1572","Namibia","Men","1940-1949","High",21,NA,NA,NA,NA
"1573","Namibia","Men","1940-1949","Low",21,NA,NA,NA,NA
"1574","Namibia","Men","1950-1959","High",243,NA,NA,NA,NA
"1575","Namibia","Men","1950-1959","Low",269,NA,NA,NA,NA
"1576","Namibia","Men","1950-1959",NA,1,NA,NA,NA,NA
"1577","Namibia","Men","1960-1969","High",561,39,20,7,51.3
"1578","Namibia","Men","1960-1969","Low",720,12,9,1.7,75
"1579","Namibia","Men","1970-1979","High",902,67,42,7.4,62.7
"1580","Namibia","Men","1970-1979","Low",944,31,15,3.3,48.4
"1581","Namibia","Men","1970-1979",NA,2,NA,NA,NA,NA
"1582","Namibia","Women","1940-1949","High",13,NA,NA,NA,NA
"1583","Namibia","Women","1940-1949","Low",16,NA,NA,NA,NA
"1584","Namibia","Women","1950-1959","High",167,NA,NA,NA,NA
"1585","Namibia","Women","1950-1959","Low",167,NA,NA,NA,NA
"1586","Namibia","Women","1960-1969","High",248,18,11,7.3,61.1
"1587","Namibia","Women","1960-1969","Low",333,25,17,7.5,68
"1588","Namibia","Women","1970-1979","High",349,43,31,12.3,72.1
"1589","Namibia","Women","1970-1979","Low",405,55,48,13.6,87.3
"1590","Nepal","Men","1960-1969","High",156,7,2,4.5,28.6
"1591","Nepal","Men","1960-1969","Low",556,14,5,2.5,35.7
"1592","Nepal","Men","1970-1979","High",994,37,16,3.7,43.2
"1593","Nepal","Men","1970-1979","Low",1845,30,8,1.6,26.7
"1594","Nepal","Men","1980-1989","High",159,7,4,4.4,57.1
"1595","Nepal","Men","1980-1989","Low",341,8,1,2.3,12.5
"1596","Nepal","Women","1960-1969","High",140,1,NA,0.7,NA
"1597","Nepal","Women","1960-1969","Low",151,1,NA,0.7,NA
"1598","Nepal","Women","1970-1979","High",459,12,4,2.6,33.3
"1599","Nepal","Women","1970-1979","Low",475,5,NA,1.1,NA
"1600","Nepal","Women","1980-1989","High",65,6,4,9.2,66.7
"1601","Nepal","Women","1980-1989","Low",122,6,3,4.9,50
"1602","Netherlands","Men","1910-1919","High",2,NA,NA,NA,NA
"1603","Netherlands","Men","1910-1919","Low",4,NA,NA,NA,NA
"1604","Netherlands","Men","1920-1929","High",6,1,NA,16.7,NA
"1605","Netherlands","Men","1920-1929","Low",36,7,2,19.4,28.6
"1606","Netherlands","Men","1920-1929","Medium",6,1,NA,16.7,NA
"1607","Netherlands","Men","1930-1939","High",100,11,3,11,27.3
"1608","Netherlands","Men","1930-1939","Low",205,25,8,12.2,32
"1609","Netherlands","Men","1930-1939","Medium",114,7,2,6.1,28.6
"1610","Netherlands","Men","1930-1939",NA,23,2,NA,8.7,NA
"1611","Netherlands","Men","1940-1949","High",626,74,11,11.8,14.9
"1612","Netherlands","Men","1940-1949","Low",734,105,38,14.3,36.2
"1613","Netherlands","Men","1940-1949","Medium",604,80,19,13.2,23.8
"1614","Netherlands","Men","1940-1949",NA,48,10,NA,20.8,NA
"1615","Netherlands","Men","1950-1959","High",790,149,30,18.9,20.1
"1616","Netherlands","Men","1950-1959","Low",662,137,47,20.7,34.3
"1617","Netherlands","Men","1950-1959","Medium",690,122,22,17.7,18
"1618","Netherlands","Men","1950-1959",NA,40,5,3,12.5,60
"1619","Netherlands","Men","1960-1969","High",714,161,40,22.5,24.8
"1620","Netherlands","Men","1960-1969","Low",619,171,67,27.6,39.2
"1621","Netherlands","Men","1960-1969","Medium",769,203,62,26.4,30.5
"1622","Netherlands","Men","1960-1969",NA,31,10,3,32.3,30
"1623","Netherlands","Men","1970-1979","High",396,103,29,26,28.2
"1624","Netherlands","Men","1970-1979","Low",196,64,24,32.7,37.5
"1625","Netherlands","Men","1970-1979","Medium",300,79,18,26.3,22.8
"1626","Netherlands","Men","1970-1979",NA,9,1,1,11.1,100
"1627","Netherlands","Men","1980-1989","High",15,6,NA,40,NA
"1628","Netherlands","Men","1980-1989","Low",8,5,2,62.5,40
"1629","Netherlands","Men","1980-1989","Medium",15,5,1,33.3,20
"1630","Netherlands","Women","1910-1919","High",1,NA,NA,NA,NA
"1631","Netherlands","Women","1910-1919","Low",10,2,2,20,100
"1632","Netherlands","Women","1910-1919","Medium",2,NA,NA,NA,NA
"1633","Netherlands","Women","1920-1929","High",6,6,3,100,50
"1634","Netherlands","Women","1920-1929","Low",67,6,3,9,50
"1635","Netherlands","Women","1920-1929","Medium",7,1,1,14.3,100
"1636","Netherlands","Women","1920-1929",NA,1,NA,NA,NA,NA
"1637","Netherlands","Women","1930-1939","High",68,20,7,29.4,35
"1638","Netherlands","Women","1930-1939","Low",327,34,15,10.4,44.1
"1639","Netherlands","Women","1930-1939","Medium",68,6,3,8.8,50
"1640","Netherlands","Women","1930-1939",NA,21,4,2,19,50
"1641","Netherlands","Women","1940-1949","High",315,77,24,24.4,31.2
"1642","Netherlands","Women","1940-1949","Low",1112,87,27,7.8,31
"1643","Netherlands","Women","1940-1949","Medium",429,49,6,11.4,12.2
"1644","Netherlands","Women","1940-1949",NA,38,8,3,21.1,37.5
"1645","Netherlands","Women","1950-1959","High",590,138,22,23.4,15.9
"1646","Netherlands","Women","1950-1959","Low",1012,112,15,11.1,13.4
"1647","Netherlands","Women","1950-1959","Medium",761,98,19,12.9,19.4
"1648","Netherlands","Women","1950-1959",NA,35,3,NA,8.6,NA
"1649","Netherlands","Women","1960-1969","High",679,159,27,23.4,17
"1650","Netherlands","Women","1960-1969","Low",695,85,26,12.2,30.6
"1651","Netherlands","Women","1960-1969","Medium",925,132,23,14.3,17.4
"1652","Netherlands","Women","1960-1969",NA,19,5,1,26.3,20
"1653","Netherlands","Women","1970-1979","High",417,89,18,21.3,20.2
"1654","Netherlands","Women","1970-1979","Low",181,31,8,17.1,25.8
"1655","Netherlands","Women","1970-1979","Medium",301,53,12,17.6,22.6
"1656","Netherlands","Women","1970-1979",NA,9,3,1,33.3,33.3
"1657","Netherlands","Women","1980-1989","High",29,3,NA,10.3,NA
"1658","Netherlands","Women","1980-1989","Low",6,2,2,33.3,100
"1659","Netherlands","Women","1980-1989","Medium",11,1,NA,9.1,NA
"1660","Nicaragua","Men","1940-1949","High",114,3,2,2.6,66.7
"1661","Nicaragua","Men","1940-1949","Low",180,5,3,2.8,60
"1662","Nicaragua","Men","1950-1959","High",1141,53,34,4.6,64.2
"1663","Nicaragua","Men","1950-1959","Low",1300,34,18,2.6,52.9
"1664","Nicaragua","Men","1950-1959",NA,1,NA,NA,NA,NA
"1665","Nicaragua","Men","1960-1969","High",361,29,20,8,69
"1666","Nicaragua","Men","1960-1969","Low",711,18,7,2.5,38.9
"1667","Nicaragua","Women","1930-1939","High",13,NA,NA,NA,NA
"1668","Nicaragua","Women","1930-1939","Low",13,NA,NA,NA,NA
"1669","Nicaragua","Women","1940-1949","High",135,6,1,4.4,16.7
"1670","Nicaragua","Women","1940-1949","Low",149,13,8,8.7,61.5
"1671","Nicaragua","Women","1940-1949",NA,1,NA,NA,NA,NA
"1672","Nicaragua","Women","1950-1959","High",235,9,6,3.8,66.7
"1673","Nicaragua","Women","1950-1959","Low",256,10,5,3.9,50
"1674","Nicaragua","Women","1960-1969","High",89,5,4,5.6,80
"1675","Nicaragua","Women","1960-1969","Low",98,7,2,7.1,28.6
"1676","Niger","Men","1960-1969","High",177,6,1,3.4,16.7
"1677","Niger","Men","1960-1969","Low",926,11,2,1.2,18.2
"1678","Niger","Men","1970-1979","High",360,27,15,7.5,55.6
"1679","Niger","Men","1970-1979","Low",1697,27,4,1.6,14.8
"1680","Niger","Men","1970-1979",NA,5,NA,NA,NA,NA
"1681","Niger","Women","1950-1959","High",65,NA,NA,NA,NA
"1682","Niger","Women","1950-1959","Low",240,3,1,1.2,33.3
"1683","Niger","Women","1950-1959",NA,2,NA,NA,NA,NA
"1684","Niger","Women","1960-1969","High",173,7,3,4,42.9
"1685","Niger","Women","1960-1969","Low",544,3,2,0.6,66.7
"1686","Niger","Women","1960-1969",NA,1,NA,NA,NA,NA
"1687","Niger","Women","1970-1979","High",248,25,11,10.1,44
"1688","Niger","Women","1970-1979","Low",534,17,7,3.2,41.2
"1689","Niger","Women","1970-1979",NA,4,NA,NA,NA,NA
"1690","Nigeria","Men","1960-1969","High",295,11,2,3.7,18.2
"1691","Nigeria","Men","1960-1969","Low",508,16,1,3.1,6.2
"1692","Nigeria","Men","1970-1979","High",2708,173,75,6.4,43.4
"1693","Nigeria","Men","1970-1979","Low",5206,113,22,2.2,19.5
"1694","Nigeria","Men","1980-1989","High",1964,153,87,7.8,56.9
"1695","Nigeria","Men","1980-1989","Low",2673,56,14,2.1,25
"1696","Nigeria","Women","1950-1959","High",32,NA,NA,NA,NA
"1697","Nigeria","Women","1950-1959","Low",50,2,1,4,50
"1698","Nigeria","Women","1960-1969","High",728,17,5,2.3,29.4
"1699","Nigeria","Women","1960-1969","Low",784,12,7,1.5,58.3
"1700","Nigeria","Women","1970-1979","High",1383,65,30,4.7,46.2
"1701","Nigeria","Women","1970-1979","Low",1401,54,31,3.9,57.4
"1702","Nigeria","Women","1980-1989","High",316,41,29,13,70.7
"1703","Nigeria","Women","1980-1989","Low",1229,102,60,8.3,58.8
"1704","Norway","Men","1910-1919","Low",7,1,1,14.3,100
"1705","Norway","Men","1910-1919","Medium",3,1,NA,33.3,NA
"1706","Norway","Men","1920-1929","High",49,2,NA,4.1,NA
"1707","Norway","Men","1920-1929","Low",49,6,2,12.2,33.3
"1708","Norway","Men","1920-1929","Medium",83,13,6,15.7,46.2
"1709","Norway","Men","1920-1929",NA,1,NA,NA,NA,NA
"1710","Norway","Men","1930-1939","High",196,17,2,8.7,11.8
"1711","Norway","Men","1930-1939","Low",213,32,21,15,65.6
"1712","Norway","Men","1930-1939","Medium",406,56,14,13.8,25
"1713","Norway","Men","1930-1939",NA,3,1,NA,33.3,NA
"1714","Norway","Men","1940-1949","High",459,39,10,8.5,25.6
"1715","Norway","Men","1940-1949","Low",288,41,18,14.2,43.9
"1716","Norway","Men","1940-1949","Medium",721,87,22,12.1,25.3
"1717","Norway","Men","1940-1949",NA,9,2,1,22.2,50
"1718","Norway","Men","1950-1959","High",518,75,16,14.5,21.3
"1719","Norway","Men","1950-1959","Low",237,44,13,18.6,29.5
"1720","Norway","Men","1950-1959","Medium",849,113,34,13.3,30.1
"1721","Norway","Men","1950-1959",NA,8,3,2,37.5,66.7
"1722","Norway","Men","1960-1969","High",632,124,41,19.6,33.1
"1723","Norway","Men","1960-1969","Low",272,58,20,21.3,34.5
"1724","Norway","Men","1960-1969","Medium",868,141,41,16.2,29.1
"1725","Norway","Men","1960-1969",NA,17,3,1,17.6,33.3
"1726","Norway","Men","1970-1979","High",268,64,20,23.9,31.2
"1727","Norway","Men","1970-1979","Low",62,18,3,29,16.7
"1728","Norway","Men","1970-1979","Medium",262,61,23,23.3,37.7
"1729","Norway","Men","1970-1979",NA,9,1,NA,11.1,NA
"1730","Norway","Men","1980-1989","High",35,11,2,31.4,18.2
"1731","Norway","Men","1980-1989","Low",2,1,1,50,100
"1732","Norway","Men","1980-1989","Medium",23,7,1,30.4,14.3
"1733","Norway","Women","1905-1909","Low",1,1,1,100,100
"1734","Norway","Women","1905-1909","Medium",1,NA,NA,NA,NA
"1735","Norway","Women","1910-1919","High",2,1,1,50,100
"1736","Norway","Women","1910-1919","Low",10,2,1,20,50
"1737","Norway","Women","1910-1919","Medium",3,1,1,33.3,100
"1738","Norway","Women","1920-1929","High",27,9,1,33.3,11.1
"1739","Norway","Women","1920-1929","Low",90,18,6,20,33.3
"1740","Norway","Women","1920-1929","Medium",102,13,7,12.7,53.8
"1741","Norway","Women","1930-1939","High",138,21,9,15.2,42.9
"1742","Norway","Women","1930-1939","Low",296,24,5,8.1,20.8
"1743","Norway","Women","1930-1939","Medium",400,53,14,13.2,26.4
"1744","Norway","Women","1940-1949","High",390,64,19,16.4,29.7
"1745","Norway","Women","1940-1949","Low",301,25,2,8.3,8
"1746","Norway","Women","1940-1949","Medium",656,65,18,9.9,27.7
"1747","Norway","Women","1940-1949",NA,7,2,1,28.6,50
"1748","Norway","Women","1950-1959","High",660,94,15,14.2,16
"1749","Norway","Women","1950-1959","Low",292,31,2,10.6,6.5
"1750","Norway","Women","1950-1959","Medium",708,70,16,9.9,22.9
"1751","Norway","Women","1950-1959",NA,6,1,NA,16.7,NA
"1752","Norway","Women","1960-1969","High",844,118,36,14,30.5
"1753","Norway","Women","1960-1969","Low",284,29,5,10.2,17.2
"1754","Norway","Women","1960-1969","Medium",703,75,14,10.7,18.7
"1755","Norway","Women","1960-1969",NA,19,6,3,31.6,50
"1756","Norway","Women","1970-1979","High",345,60,17,17.4,28.3
"1757","Norway","Women","1970-1979","Low",58,5,1,8.6,20
"1758","Norway","Women","1970-1979","Medium",210,27,7,12.9,25.9
"1759","Norway","Women","1970-1979",NA,11,NA,NA,NA,NA
"1760","Norway","Women","1980-1989","High",31,7,1,22.6,14.3
"1761","Norway","Women","1980-1989","Low",1,NA,NA,NA,NA
"1762","Norway","Women","1980-1989","Medium",7,1,NA,14.3,NA
"1763","Peru","Men","1940-1949","High",606,40,24,6.6,60
"1764","Peru","Men","1940-1949","Low",681,15,11,2.2,73.3
"1765","Peru","Men","1950-1959","High",2567,202,136,7.9,67.3
"1766","Peru","Men","1950-1959","Low",3543,69,42,1.9,60.9
"1767","Peru","Men","1960-1969","High",560,55,45,9.8,81.8
"1768","Peru","Men","1960-1969","Low",777,21,13,2.7,61.9
"1769","Peru","Women","1930-1939","High",21,NA,NA,NA,NA
"1770","Peru","Women","1930-1939","Low",40,2,1,5,50
"1771","Peru","Women","1940-1949","High",126,8,3,6.3,37.5
"1772","Peru","Women","1940-1949","Low",177,8,2,4.5,25
"1773","Peru","Women","1950-1959","High",213,28,18,13.1,64.3
"1774","Peru","Women","1950-1959","Low",265,15,6,5.7,40
"1775","Peru","Women","1960-1969","High",20,4,2,20,50
"1776","Peru","Women","1960-1969","Low",79,7,6,8.9,85.7
"1777","Philippines","Men","1950-1959","High",806,71,39,8.8,54.9
"1778","Philippines","Men","1950-1959","Low",962,40,25,4.2,62.5
"1779","Philippines","Men","1960-1969","High",918,125,84,13.6,67.2
"1780","Philippines","Men","1960-1969","Low",2090,141,85,6.7,60.3
"1781","Philippines","Women","1940-1949","High",37,NA,NA,NA,NA
"1782","Philippines","Women","1940-1949","Low",47,2,2,4.3,100
"1783","Philippines","Women","1950-1959","High",385,34,17,8.8,50
"1784","Philippines","Women","1950-1959","Low",411,32,19,7.8,59.4
"1785","Philippines","Women","1960-1969","High",439,60,35,13.7,58.3
"1786","Philippines","Women","1960-1969","Low",498,62,40,12.4,64.5
"1787","Poland","Men","1920-1929","High",1,NA,NA,NA,NA
"1788","Poland","Men","1920-1929","Low",17,2,NA,11.8,NA
"1789","Poland","Men","1920-1929","Medium",8,NA,NA,NA,NA
"1790","Poland","Men","1930-1939","High",135,8,2,5.9,25
"1791","Poland","Men","1930-1939","Low",342,40,18,11.7,45
"1792","Poland","Men","1930-1939","Medium",434,44,15,10.1,34.1
"1793","Poland","Men","1930-1939",NA,5,1,NA,20,NA
"1794","Poland","Men","1940-1949","High",249,25,8,10,32
"1795","Poland","Men","1940-1949","Low",348,54,31,15.5,57.4
"1796","Poland","Men","1940-1949","Medium",946,101,44,10.7,43.6
"1797","Poland","Men","1940-1949",NA,7,1,NA,14.3,NA
"1798","Poland","Men","1950-1959","High",246,28,11,11.4,39.3
"1799","Poland","Men","1950-1959","Low",388,103,77,26.5,74.8
"1800","Poland","Men","1950-1959","Medium",1463,219,121,15,55.3
"1801","Poland","Men","1950-1959",NA,7,2,2,28.6,100
"1802","Poland","Men","1960-1969","High",210,31,14,14.8,45.2
"1803","Poland","Men","1960-1969","Low",174,65,51,37.4,78.5
"1804","Poland","Men","1960-1969","Medium",1071,159,107,14.8,67.3
"1805","Poland","Men","1960-1969",NA,5,1,1,20,100
"1806","Poland","Men","1970-1979","High",224,53,21,23.7,39.6
"1807","Poland","Men","1970-1979","Low",130,45,36,34.6,80
"1808","Poland","Men","1970-1979","Medium",620,108,62,17.4,57.4
"1809","Poland","Men","1970-1979",NA,2,NA,NA,NA,NA
"1810","Poland","Men","1980-1989","High",18,4,2,22.2,50
"1811","Poland","Men","1980-1989","Low",11,3,3,27.3,100
"1812","Poland","Men","1980-1989","Medium",24,11,6,45.8,54.5
"1813","Poland","Women","1920-1929","Low",48,5,1,10.4,20
"1814","Poland","Women","1920-1929","Medium",9,NA,NA,NA,NA
"1815","Poland","Women","1930-1939","High",161,20,5,12.4,25
"1816","Poland","Women","1930-1939","Low",814,67,20,8.2,29.9
"1817","Poland","Women","1930-1939","Medium",679,84,30,12.4,35.7
"1818","Poland","Women","1930-1939",NA,6,2,NA,33.3,NA
"1819","Poland","Women","1940-1949","High",252,50,32,19.8,64
"1820","Poland","Women","1940-1949","Low",738,50,11,6.8,22
"1821","Poland","Women","1940-1949","Medium",1248,132,60,10.6,45.5
"1822","Poland","Women","1940-1949",NA,3,NA,NA,NA,NA
"1823","Poland","Women","1950-1959","High",405,68,35,16.8,51.5
"1824","Poland","Women","1950-1959","Low",573,38,16,6.6,42.1
"1825","Poland","Women","1950-1959","Medium",1847,185,84,10,45.4
"1826","Poland","Women","1950-1959",NA,7,NA,NA,NA,NA
"1827","Poland","Women","1960-1969","High",354,60,39,16.9,65
"1828","Poland","Women","1960-1969","Low",200,17,10,8.5,58.8
"1829","Poland","Women","1960-1969","Medium",1244,103,56,8.3,54.4
"1830","Poland","Women","1960-1969",NA,4,1,1,25,100
"1831","Poland","Women","1970-1979","High",384,62,37,16.1,59.7
"1832","Poland","Women","1970-1979","Low",99,11,5,11.1,45.5
"1833","Poland","Women","1970-1979","Medium",773,72,30,9.3,41.7
"1834","Poland","Women","1970-1979",NA,5,NA,NA,NA,NA
"1835","Poland","Women","1980-1989","High",34,3,NA,8.8,NA
"1836","Poland","Women","1980-1989","Low",7,2,1,28.6,50
"1837","Poland","Women","1980-1989","Medium",22,4,2,18.2,50
"1838","Poland","Women","1980-1989",NA,1,NA,NA,NA,NA
"1839","Portugal","Men","1910-1919","Low",11,NA,NA,NA,NA
"1840","Portugal","Men","1920-1929","High",4,2,1,50,50
"1841","Portugal","Men","1920-1929","Low",58,3,NA,5.2,NA
"1842","Portugal","Men","1920-1929","Medium",3,NA,NA,NA,NA
"1843","Portugal","Men","1920-1929",NA,1,NA,NA,NA,NA
"1844","Portugal","Men","1930-1939","High",5,NA,NA,NA,NA
"1845","Portugal","Men","1930-1939","Low",134,4,NA,3,NA
"1846","Portugal","Men","1930-1939","Medium",10,1,NA,10,NA
"1847","Portugal","Men","1930-1939",NA,1,NA,NA,NA,NA
"1848","Portugal","Men","1940-1949","High",24,3,1,12.5,33.3
"1849","Portugal","Men","1940-1949","Low",162,13,4,8,30.8
"1850","Portugal","Men","1940-1949","Medium",22,NA,NA,NA,NA
"1851","Portugal","Men","1950-1959","High",25,4,2,16,50
"1852","Portugal","Men","1950-1959","Low",139,20,11,14.4,55
"1853","Portugal","Men","1950-1959","Medium",25,2,NA,8,NA
"1854","Portugal","Men","1960-1969","High",40,12,6,30,50
"1855","Portugal","Men","1960-1969","Low",129,30,16,23.3,53.3
"1856","Portugal","Men","1960-1969","Medium",47,2,2,4.3,100
"1857","Portugal","Men","1970-1979","High",32,7,NA,21.9,NA
"1858","Portugal","Men","1970-1979","Low",43,7,1,16.3,14.3
"1859","Portugal","Men","1970-1979","Medium",32,11,4,34.4,36.4
"1860","Portugal","Men","1970-1979",NA,2,2,NA,100,NA
"1861","Portugal","Men","1980-1989","High",12,5,1,41.7,20
"1862","Portugal","Men","1980-1989","Low",8,4,3,50,75
"1863","Portugal","Men","1980-1989","Medium",11,3,1,27.3,33.3
"1864","Portugal","Men","1980-1989",NA,1,NA,NA,NA,NA
"1865","Portugal","Women","1910-1919","High",1,1,NA,100,NA
"1866","Portugal","Women","1910-1919","Low",7,NA,NA,NA,NA
"1867","Portugal","Women","1920-1929","Low",128,18,6,14.1,33.3
"1868","Portugal","Women","1920-1929","Medium",2,1,1,50,100
"1869","Portugal","Women","1930-1939","High",10,1,NA,10,NA
"1870","Portugal","Women","1930-1939","Low",231,27,13,11.7,48.1
"1871","Portugal","Women","1930-1939","Medium",8,2,NA,25,NA
"1872","Portugal","Women","1940-1949","High",25,5,3,20,60
"1873","Portugal","Women","1940-1949","Low",292,26,8,8.9,30.8
"1874","Portugal","Women","1940-1949","Medium",18,3,NA,16.7,NA
"1875","Portugal","Women","1950-1959","High",35,8,2,22.9,25
"1876","Portugal","Women","1950-1959","Low",232,24,9,10.3,37.5
"1877","Portugal","Women","1950-1959","Medium",28,8,3,28.6,37.5
"1878","Portugal","Women","1950-1959",NA,1,NA,NA,NA,NA
"1879","Portugal","Women","1960-1969","High",63,16,6,25.4,37.5
"1880","Portugal","Women","1960-1969","Low",202,19,8,9.4,42.1
"1881","Portugal","Women","1960-1969","Medium",58,11,3,19,27.3
"1882","Portugal","Women","1960-1969",NA,1,NA,NA,NA,NA
"1883","Portugal","Women","1970-1979","High",57,17,7,29.8,41.2
"1884","Portugal","Women","1970-1979","Low",64,3,1,4.7,33.3
"1885","Portugal","Women","1970-1979","Medium",39,8,4,20.5,50
"1886","Portugal","Women","1970-1979",NA,1,NA,NA,NA,NA
"1887","Portugal","Women","1980-1989","High",23,4,1,17.4,25
"1888","Portugal","Women","1980-1989","Low",9,NA,NA,NA,NA
"1889","Portugal","Women","1980-1989","Medium",15,2,NA,13.3,NA
"1890","Portugal","Women","1980-1989",NA,1,NA,NA,NA,NA
"1891","Republic of Moldova","Men","1950-1959","High",471,24,5,5.1,20.8
"1892","Republic of Moldova","Men","1950-1959","Low",537,18,3,3.4,16.7
"1893","Republic of Moldova","Men","1960-1969","High",797,49,13,6.1,26.5
"1894","Republic of Moldova","Men","1960-1969","Low",1089,44,13,4,29.5
"1895","Republic of Moldova","Men","1970-1979","High",55,3,NA,5.5,NA
"1896","Republic of Moldova","Men","1970-1979","Low",61,2,1,3.3,50
"1897","Republic of Moldova","Women","1940-1949","High",68,3,1,4.4,33.3
"1898","Republic of Moldova","Women","1940-1949","Low",109,8,2,7.3,25
"1899","Republic of Moldova","Women","1950-1959","High",219,8,4,3.7,50
"1900","Republic of Moldova","Women","1950-1959","Low",412,23,8,5.6,34.8
"1901","Republic of Moldova","Women","1960-1969","High",244,23,6,9.4,26.1
"1902","Republic of Moldova","Women","1960-1969","Low",255,27,7,10.6,25.9
"1903","Republic of Moldova","Women","1970-1979","High",9,NA,NA,NA,NA
"1904","Republic of Moldova","Women","1970-1979","Low",25,3,1,12,33.3
"1905","Romania","Men","1920-1929","High",16,4,1,25,25
"1906","Romania","Men","1920-1929","Low",179,22,6,12.3,27.3
"1907","Romania","Men","1920-1929","Medium",52,11,NA,21.2,NA
"1908","Romania","Men","1930-1939","High",59,10,2,16.9,20
"1909","Romania","Men","1930-1939","Low",498,78,18,15.7,23.1
"1910","Romania","Men","1930-1939","Medium",275,40,4,14.5,10
"1911","Romania","Men","1940-1949","High",92,20,5,21.7,25
"1912","Romania","Men","1940-1949","Low",397,65,22,16.4,33.8
"1913","Romania","Men","1940-1949","Medium",495,89,19,18,21.3
"1914","Romania","Men","1950-1959","High",156,21,5,13.5,23.8
"1915","Romania","Men","1950-1959","Low",258,62,30,24,48.4
"1916","Romania","Men","1950-1959","Medium",811,121,39,14.9,32.2
"1917","Romania","Men","1960-1969","High",128,22,5,17.2,22.7
"1918","Romania","Men","1960-1969","Low",221,50,30,22.6,60
"1919","Romania","Men","1960-1969","Medium",814,138,55,17,39.9
"1920","Romania","Men","1970-1979","High",18,4,2,22.2,50
"1921","Romania","Men","1970-1979","Low",27,12,9,44.4,75
"1922","Romania","Men","1970-1979","Medium",91,29,16,31.9,55.2
"1923","Romania","Women","1920-1929","High",8,1,1,12.5,100
"1924","Romania","Women","1920-1929","Low",241,38,9,15.8,23.7
"1925","Romania","Women","1920-1929","Medium",32,10,4,31.2,40
"1926","Romania","Women","1930-1939","High",38,13,3,34.2,23.1
"1927","Romania","Women","1930-1939","Low",864,113,25,13.1,22.1
"1928","Romania","Women","1930-1939","Medium",169,34,6,20.1,17.6
"1929","Romania","Women","1940-1949","High",73,14,5,19.2,35.7
"1930","Romania","Women","1940-1949","Low",661,68,7,10.3,10.3
"1931","Romania","Women","1940-1949","Medium",292,48,10,16.4,20.8
"1932","Romania","Women","1950-1959","High",104,16,4,15.4,25
"1933","Romania","Women","1950-1959","Low",543,45,8,8.3,17.8
"1934","Romania","Women","1950-1959","Medium",566,53,6,9.4,11.3
"1935","Romania","Women","1960-1969","High",130,24,13,18.5,54.2
"1936","Romania","Women","1960-1969","Low",290,28,7,9.7,25
"1937","Romania","Women","1960-1969","Medium",630,53,19,8.4,35.8
"1938","Romania","Women","1970-1979","High",14,3,3,21.4,100
"1939","Romania","Women","1970-1979","Low",26,2,1,7.7,50
"1940","Romania","Women","1970-1979","Medium",78,6,3,7.7,50
"1941","Russia","Men","1910-1919","Low",2,NA,NA,NA,NA
"1942","Russia","Men","1920-1929","High",43,1,NA,2.3,NA
"1943","Russia","Men","1920-1929","Low",128,13,1,10.2,7.7
"1944","Russia","Men","1920-1929","Medium",41,4,NA,9.8,NA
"1945","Russia","Men","1920-1929",NA,11,2,NA,18.2,NA
"1946","Russia","Men","1930-1939","High",156,9,1,5.8,11.1
"1947","Russia","Men","1930-1939","Low",252,24,3,9.5,12.5
"1948","Russia","Men","1930-1939","Medium",149,19,3,12.8,15.8
"1949","Russia","Men","1930-1939",NA,24,1,NA,4.2,NA
"1950","Russia","Men","1940-1949","High",247,18,4,7.3,22.2
"1951","Russia","Men","1940-1949","Low",120,10,1,8.3,10
"1952","Russia","Men","1940-1949","Medium",231,20,1,8.7,5
"1953","Russia","Men","1940-1949",NA,32,5,NA,15.6,NA
"1954","Russia","Men","1950-1959","High",348,21,9,6,42.9
"1955","Russia","Men","1950-1959","Low",83,10,5,12,50
"1956","Russia","Men","1950-1959","Medium",469,42,9,9,21.4
"1957","Russia","Men","1950-1959",NA,56,6,2,10.7,33.3
"1958","Russia","Men","1960-1969","High",389,45,20,11.6,44.4
"1959","Russia","Men","1960-1969","Low",39,11,5,28.2,45.5
"1960","Russia","Men","1960-1969","Medium",537,86,36,16,41.9
"1961","Russia","Men","1960-1969",NA,60,6,1,10,16.7
"1962","Russia","Men","1970-1979","High",19,2,NA,10.5,NA
"1963","Russia","Men","1970-1979","Medium",8,3,2,37.5,66.7
"1964","Russia","Women","1910-1919","High",1,NA,NA,NA,NA
"1965","Russia","Women","1910-1919","Low",9,3,1,33.3,33.3
"1966","Russia","Women","1920-1929","High",87,18,5,20.7,27.8
"1967","Russia","Women","1920-1929","Low",336,43,16,12.8,37.2
"1968","Russia","Women","1920-1929","Medium",104,19,6,18.3,31.6
"1969","Russia","Women","1920-1929",NA,7,2,NA,28.6,NA
"1970","Russia","Women","1930-1939","High",402,37,8,9.2,21.6
"1971","Russia","Women","1930-1939","Low",629,45,11,7.2,24.4
"1972","Russia","Women","1930-1939","Medium",275,23,5,8.4,21.7
"1973","Russia","Women","1930-1939",NA,31,4,2,12.9,50
"1974","Russia","Women","1940-1949","High",518,47,19,9.1,40.4
"1975","Russia","Women","1940-1949","Low",251,23,5,9.2,21.7
"1976","Russia","Women","1940-1949","Medium",348,38,10,10.9,26.3
"1977","Russia","Women","1940-1949",NA,33,4,2,12.1,50
"1978","Russia","Women","1950-1959","High",832,63,26,7.6,41.3
"1979","Russia","Women","1950-1959","Low",107,9,1,8.4,11.1
"1980","Russia","Women","1950-1959","Medium",676,40,11,5.9,27.5
"1981","Russia","Women","1950-1959",NA,100,9,4,9,44.4
"1982","Russia","Women","1960-1969","High",718,56,24,7.8,42.9
"1983","Russia","Women","1960-1969","Low",34,3,2,8.8,66.7
"1984","Russia","Women","1960-1969","Medium",603,38,12,6.3,31.6
"1985","Russia","Women","1960-1969",NA,74,6,3,8.1,50
"1986","Russia","Women","1970-1979","High",43,6,3,14,50
"1987","Russia","Women","1970-1979","Low",1,NA,NA,NA,NA
"1988","Russia","Women","1970-1979","Medium",12,NA,NA,NA,NA
"1989","Rwanda","Men","1960-1969","Low",1,NA,NA,NA,NA
"1990","Rwanda","Men","1970-1979","High",1120,33,14,2.9,42.4
"1991","Rwanda","Men","1970-1979","Low",1401,42,27,3,64.3
"1992","Rwanda","Men","1980-1989","High",1015,47,33,4.6,70.2
"1993","Rwanda","Men","1980-1989","Low",1223,41,26,3.4,63.4
"1994","Rwanda","Women","1960-1969","High",292,7,3,2.4,42.9
"1995","Rwanda","Women","1960-1969","Low",352,11,8,3.1,72.7
"1996","Rwanda","Women","1970-1979","High",475,13,8,2.7,61.5
"1997","Rwanda","Women","1970-1979","Low",498,11,4,2.2,36.4
"1998","Rwanda","Women","1980-1989","High",317,20,12,6.3,60
"1999","Rwanda","Women","1980-1989","Low",540,35,20,6.5,57.1
"2000","Sao Tome and Principe","Men","1950-1959","High",11,1,1,9.1,100
"2001","Sao Tome and Principe","Men","1950-1959","Low",28,NA,NA,NA,NA
"2002","Sao Tome and Principe","Men","1960-1969","High",188,1,NA,0.5,NA
"2003","Sao Tome and Principe","Men","1960-1969","Low",341,3,NA,0.9,NA
"2004","Sao Tome and Principe","Men","1970-1979","High",89,1,NA,1.1,NA
"2005","Sao Tome and Principe","Men","1970-1979","Low",131,1,NA,0.8,NA
"2006","Sao Tome and Principe","Women","1940-1949","High",4,NA,NA,NA,NA
"2007","Sao Tome and Principe","Women","1940-1949","Low",13,NA,NA,NA,NA
"2008","Sao Tome and Principe","Women","1950-1959","High",81,1,1,1.2,100
"2009","Sao Tome and Principe","Women","1950-1959","Low",154,7,5,4.5,71.4
"2010","Sao Tome and Principe","Women","1960-1969","High",191,8,3,4.2,37.5
"2011","Sao Tome and Principe","Women","1960-1969","Low",201,17,10,8.5,58.8
"2012","Sao Tome and Principe","Women","1970-1979","High",80,4,2,5,50
"2013","Sao Tome and Principe","Women","1970-1979","Low",115,12,8,10.4,66.7
"2014","Senegal","Men","1960-1969","High",33,2,1,6.1,50
"2015","Senegal","Men","1960-1969","Low",92,1,NA,1.1,NA
"2016","Senegal","Men","1970-1979","High",470,39,15,8.3,38.5
"2017","Senegal","Men","1970-1979","Low",1102,38,11,3.4,28.9
"2018","Senegal","Men","1980-1989","High",277,23,9,8.3,39.1
"2019","Senegal","Men","1980-1989","Low",635,36,6,5.7,16.7
"2020","Senegal","Women","1950-1959","High",13,NA,NA,NA,NA
"2021","Senegal","Women","1950-1959","Low",13,NA,NA,NA,NA
"2022","Senegal","Women","1960-1969","High",141,11,4,7.8,36.4
"2023","Senegal","Women","1960-1969","Low",246,7,3,2.8,42.9
"2024","Senegal","Women","1960-1969",NA,1,NA,NA,NA,NA
"2025","Senegal","Women","1970-1979","High",243,30,20,12.3,66.7
"2026","Senegal","Women","1970-1979","Low",347,14,7,4,50
"2027","Senegal","Women","1980-1989","High",126,32,18,25.4,56.2
"2028","Senegal","Women","1980-1989","Low",184,34,14,18.5,41.2
"2029","Serbia","Men","1920-1929","High",2,NA,NA,NA,NA
"2030","Serbia","Men","1920-1929","Low",3,NA,NA,NA,NA
"2031","Serbia","Men","1930-1939","High",11,1,NA,9.1,NA
"2032","Serbia","Men","1930-1939","Low",31,1,NA,3.2,NA
"2033","Serbia","Men","1930-1939","Medium",20,1,NA,5,NA
"2034","Serbia","Men","1930-1939",NA,1,NA,NA,NA,NA
"2035","Serbia","Men","1940-1949","High",26,4,NA,15.4,NA
"2036","Serbia","Men","1940-1949","Low",45,6,4,13.3,66.7
"2037","Serbia","Men","1940-1949","Medium",57,4,1,7,25
"2038","Serbia","Men","1950-1959","High",44,5,1,11.4,20
"2039","Serbia","Men","1950-1959","Low",47,5,3,10.6,60
"2040","Serbia","Men","1950-1959","Medium",129,19,10,14.7,52.6
"2041","Serbia","Men","1950-1959",NA,2,1,NA,50,NA
"2042","Serbia","Men","1960-1969","High",32,4,2,12.5,50
"2043","Serbia","Men","1960-1969","Low",37,9,5,24.3,55.6
"2044","Serbia","Men","1960-1969","Medium",114,28,12,24.6,42.9
"2045","Serbia","Men","1970-1979","High",28,7,3,25,42.9
"2046","Serbia","Men","1970-1979","Low",21,8,5,38.1,62.5
"2047","Serbia","Men","1970-1979","Medium",94,19,10,20.2,52.6
"2048","Serbia","Men","1970-1979",NA,1,NA,NA,NA,NA
"2049","Serbia","Men","1980-1989","High",19,8,5,42.1,62.5
"2050","Serbia","Men","1980-1989","Low",5,1,1,20,100
"2051","Serbia","Men","1980-1989","Medium",31,15,9,48.4,60
"2052","Serbia","Women","1920-1929","Low",8,3,2,37.5,66.7
"2053","Serbia","Women","1930-1939","High",8,NA,NA,NA,NA
"2054","Serbia","Women","1930-1939","Low",53,6,1,11.3,16.7
"2055","Serbia","Women","1930-1939","Medium",14,2,NA,14.3,NA
"2056","Serbia","Women","1940-1949","High",18,1,1,5.6,100
"2057","Serbia","Women","1940-1949","Low",97,9,2,9.3,22.2
"2058","Serbia","Women","1940-1949","Medium",60,6,1,10,16.7
"2059","Serbia","Women","1950-1959","High",33,6,2,18.2,33.3
"2060","Serbia","Women","1950-1959","Low",77,5,NA,6.5,NA
"2061","Serbia","Women","1950-1959","Medium",104,7,2,6.7,28.6
"2062","Serbia","Women","1960-1969","High",32,3,NA,9.4,NA
"2063","Serbia","Women","1960-1969","Low",42,3,NA,7.1,NA
"2064","Serbia","Women","1960-1969","Medium",110,14,4,12.7,28.6
"2065","Serbia","Women","1970-1979","High",49,9,4,18.4,44.4
"2066","Serbia","Women","1970-1979","Low",17,NA,NA,NA,NA
"2067","Serbia","Women","1970-1979","Medium",99,19,9,19.2,47.4
"2068","Serbia","Women","1980-1989","High",22,8,5,36.4,62.5
"2069","Serbia","Women","1980-1989","Low",6,NA,NA,NA,NA
"2070","Serbia","Women","1980-1989","Medium",27,2,1,7.4,50
"2071","Sierra Leone","Men","1960-1969","High",10,NA,NA,NA,NA
"2072","Sierra Leone","Men","1960-1969","Low",31,NA,NA,NA,NA
"2073","Sierra Leone","Men","1970-1979","High",553,10,3,1.8,30
"2074","Sierra Leone","Men","1970-1979","Low",2180,33,4,1.5,12.1
"2075","Sierra Leone","Men","1980-1989","High",471,21,7,4.5,33.3
"2076","Sierra Leone","Men","1980-1989","Low",1685,30,6,1.8,20
"2077","Sierra Leone","Women","1950-1959","High",9,NA,NA,NA,NA
"2078","Sierra Leone","Women","1950-1959","Low",10,NA,NA,NA,NA
"2079","Sierra Leone","Women","1960-1969","High",310,3,2,1,66.7
"2080","Sierra Leone","Women","1960-1969","Low",532,4,1,0.8,25
"2081","Sierra Leone","Women","1970-1979","High",567,14,9,2.5,64.3
"2082","Sierra Leone","Women","1970-1979","Low",766,9,5,1.2,55.6
"2083","Sierra Leone","Women","1980-1989","High",275,16,9,5.8,56.2
"2084","Sierra Leone","Women","1980-1989","Low",493,31,13,6.3,41.9
"2085","Slovakia","Men","1910-1919","Low",2,NA,NA,NA,NA
"2086","Slovakia","Men","1920-1929","High",2,NA,NA,NA,NA
"2087","Slovakia","Men","1920-1929","Low",15,1,1,6.7,100
"2088","Slovakia","Men","1920-1929","Medium",9,2,NA,22.2,NA
"2089","Slovakia","Men","1930-1939","High",10,1,NA,10,NA
"2090","Slovakia","Men","1930-1939","Low",27,4,2,14.8,50
"2091","Slovakia","Men","1930-1939","Medium",46,1,NA,2.2,NA
"2092","Slovakia","Men","1940-1949","High",24,3,1,12.5,33.3
"2093","Slovakia","Men","1940-1949","Low",23,3,3,13,100
"2094","Slovakia","Men","1940-1949","Medium",138,12,10,8.7,83.3
"2095","Slovakia","Men","1950-1959","High",38,3,3,7.9,100
"2096","Slovakia","Men","1950-1959","Low",21,4,3,19,75
"2097","Slovakia","Men","1950-1959","Medium",206,28,20,13.6,71.4
"2098","Slovakia","Men","1950-1959",NA,1,NA,NA,NA,NA
"2099","Slovakia","Men","1960-1969","High",43,8,4,18.6,50
"2100","Slovakia","Men","1960-1969","Low",19,4,4,21.1,100
"2101","Slovakia","Men","1960-1969","Medium",182,39,24,21.4,61.5
"2102","Slovakia","Men","1970-1979","High",14,3,3,21.4,100
"2103","Slovakia","Men","1970-1979","Low",4,2,2,50,100
"2104","Slovakia","Men","1970-1979","Medium",81,20,17,24.7,85
"2105","Slovakia","Men","1970-1979",NA,2,NA,NA,NA,NA
"2106","Slovakia","Men","1980-1989","High",8,2,2,25,100
"2107","Slovakia","Men","1980-1989","Low",2,NA,NA,NA,NA
"2108","Slovakia","Men","1980-1989","Medium",25,6,3,24,50
"2109","Slovakia","Women","1910-1919","Low",3,NA,NA,NA,NA
"2110","Slovakia","Women","1910-1919","Medium",1,NA,NA,NA,NA
"2111","Slovakia","Women","1920-1929","Low",32,5,2,15.6,40
"2112","Slovakia","Women","1920-1929","Medium",12,NA,NA,NA,NA
"2113","Slovakia","Women","1930-1939","High",6,1,NA,16.7,NA
"2114","Slovakia","Women","1930-1939","Low",53,2,NA,3.8,NA
"2115","Slovakia","Women","1930-1939","Medium",40,5,5,12.5,100
"2116","Slovakia","Women","1930-1939",NA,1,NA,NA,NA,NA
"2117","Slovakia","Women","1940-1949","High",17,2,1,11.8,50
"2118","Slovakia","Women","1940-1949","Low",57,8,2,14,25
"2119","Slovakia","Women","1940-1949","Medium",115,5,3,4.3,60
"2120","Slovakia","Women","1940-1949",NA,2,1,1,50,100
"2121","Slovakia","Women","1950-1959","High",46,7,6,15.2,85.7
"2122","Slovakia","Women","1950-1959","Low",57,6,3,10.5,50
"2123","Slovakia","Women","1950-1959","Medium",212,18,11,8.5,61.1
"2124","Slovakia","Women","1950-1959",NA,4,NA,NA,NA,NA
"2125","Slovakia","Women","1960-1969","High",34,7,4,20.6,57.1
"2126","Slovakia","Women","1960-1969","Low",23,2,1,8.7,50
"2127","Slovakia","Women","1960-1969","Medium",186,22,15,11.8,68.2
"2128","Slovakia","Women","1970-1979","High",24,4,2,16.7,50
"2129","Slovakia","Women","1970-1979","Low",4,1,1,25,100
"2130","Slovakia","Women","1970-1979","Medium",76,10,4,13.2,40
"2131","Slovakia","Women","1970-1979",NA,1,NA,NA,NA,NA
"2132","Slovakia","Women","1980-1989","High",12,4,3,33.3,75
"2133","Slovakia","Women","1980-1989","Low",4,NA,NA,NA,NA
"2134","Slovakia","Women","1980-1989","Medium",23,4,2,17.4,50
"2135","Slovakia",NA,"1930-1939","Low",1,NA,NA,NA,NA
"2136","Slovakia",NA,"1940-1949","Medium",1,NA,NA,NA,NA
"2137","Slovakia",NA,"1950-1959","Low",1,NA,NA,NA,NA
"2138","Slovakia",NA,"1950-1959","Medium",1,NA,NA,NA,NA
"2139","Slovakia",NA,"1960-1969","High",1,NA,NA,NA,NA
"2140","Slovakia",NA,"1960-1969","Medium",1,NA,NA,NA,NA
"2141","Slovenia","Men","1910-1919","Low",1,NA,NA,NA,NA
"2142","Slovenia","Men","1910-1919","Medium",1,NA,NA,NA,NA
"2143","Slovenia","Men","1920-1929","High",6,1,1,16.7,100
"2144","Slovenia","Men","1920-1929","Low",10,1,1,10,100
"2145","Slovenia","Men","1920-1929","Medium",13,2,1,15.4,50
"2146","Slovenia","Men","1930-1939","High",20,3,1,15,33.3
"2147","Slovenia","Men","1930-1939","Low",25,3,3,12,100
"2148","Slovenia","Men","1930-1939","Medium",47,5,4,10.6,80
"2149","Slovenia","Men","1940-1949","High",36,2,1,5.6,50
"2150","Slovenia","Men","1940-1949","Low",30,4,2,13.3,50
"2151","Slovenia","Men","1940-1949","Medium",108,8,4,7.4,50
"2152","Slovenia","Men","1950-1959","High",39,3,2,7.7,66.7
"2153","Slovenia","Men","1950-1959","Low",43,5,1,11.6,20
"2154","Slovenia","Men","1950-1959","Medium",132,11,5,8.3,45.5
"2155","Slovenia","Men","1960-1969","High",42,7,2,16.7,28.6
"2156","Slovenia","Men","1960-1969","Low",31,8,5,25.8,62.5
"2157","Slovenia","Men","1960-1969","Medium",142,14,9,9.9,64.3
"2158","Slovenia","Men","1970-1979","High",39,6,NA,15.4,NA
"2159","Slovenia","Men","1970-1979","Low",6,3,NA,50,NA
"2160","Slovenia","Men","1970-1979","Medium",76,22,9,28.9,40.9
"2161","Slovenia","Men","1980-1989","High",15,6,1,40,16.7
"2162","Slovenia","Men","1980-1989","Low",2,1,NA,50,NA
"2163","Slovenia","Men","1980-1989","Medium",24,8,2,33.3,25
"2164","Slovenia","Women","1910-1919","Low",5,1,1,20,100
"2165","Slovenia","Women","1910-1919","Medium",3,NA,NA,NA,NA
"2166","Slovenia","Women","1920-1929","High",4,NA,NA,NA,NA
"2167","Slovenia","Women","1920-1929","Low",31,5,2,16.1,40
"2168","Slovenia","Women","1920-1929","Medium",14,1,1,7.1,100
"2169","Slovenia","Women","1920-1929",NA,2,NA,NA,NA,NA
"2170","Slovenia","Women","1930-1939","High",19,3,1,15.8,33.3
"2171","Slovenia","Women","1930-1939","Low",86,4,2,4.7,50
"2172","Slovenia","Women","1930-1939","Medium",51,3,1,5.9,33.3
"2173","Slovenia","Women","1940-1949","High",27,2,NA,7.4,NA
"2174","Slovenia","Women","1940-1949","Low",73,5,NA,6.8,NA
"2175","Slovenia","Women","1940-1949","Medium",92,2,1,2.2,50
"2176","Slovenia","Women","1950-1959","High",58,3,NA,5.2,NA
"2177","Slovenia","Women","1950-1959","Low",86,6,2,7,33.3
"2178","Slovenia","Women","1950-1959","Medium",133,11,3,8.3,27.3
"2179","Slovenia","Women","1960-1969","High",79,11,6,13.9,54.5
"2180","Slovenia","Women","1960-1969","Low",40,1,1,2.5,100
"2181","Slovenia","Women","1960-1969","Medium",120,2,1,1.7,50
"2182","Slovenia","Women","1970-1979","High",71,9,4,12.7,44.4
"2183","Slovenia","Women","1970-1979","Low",8,1,NA,12.5,NA
"2184","Slovenia","Women","1970-1979","Medium",69,4,NA,5.8,NA
"2185","Slovenia","Women","1970-1979",NA,2,NA,NA,NA,NA
"2186","Slovenia","Women","1980-1989","High",23,4,2,17.4,50
"2187","Slovenia","Women","1980-1989","Low",2,NA,NA,NA,NA
"2188","Slovenia","Women","1980-1989","Medium",14,NA,NA,NA,NA
"2189","South Africa","Men","1960-1969","High",310,21,7,6.8,33.3
"2190","South Africa","Men","1960-1969","Low",310,20,10,6.5,50
"2191","South Africa","Men","1970-1979","High",716,58,31,8.1,53.4
"2192","South Africa","Men","1970-1979","Low",1174,53,27,4.5,50.9
"2193","South Africa","Men","1980-1989","High",156,16,10,10.3,62.5
"2194","South Africa","Men","1980-1989","Low",243,15,10,6.2,66.7
"2195","South Africa","Women","1950-1959","High",67,6,4,9,66.7
"2196","South Africa","Women","1950-1959","Low",68,4,4,5.9,100
"2197","South Africa","Women","1960-1969","High",207,19,10,9.2,52.6
"2198","South Africa","Women","1960-1969","Low",281,38,27,13.5,71.1
"2199","South Africa","Women","1970-1979","High",315,28,17,8.9,60.7
"2200","South Africa","Women","1970-1979","Low",321,44,34,13.7,77.3
"2201","South Africa","Women","1980-1989","High",43,7,5,16.3,71.4
"2202","South Africa","Women","1980-1989","Low",81,21,15,25.9,71.4
"2203","Spain","Men","1910-1919","Low",3,1,NA,33.3,NA
"2204","Spain","Men","1920-1929","High",5,1,NA,20,NA
"2205","Spain","Men","1920-1929","Low",49,7,2,14.3,28.6
"2206","Spain","Men","1920-1929","Medium",6,1,NA,16.7,NA
"2207","Spain","Men","1930-1939","High",11,2,NA,18.2,NA
"2208","Spain","Men","1930-1939","Low",93,13,7,14,53.8
"2209","Spain","Men","1930-1939","Medium",4,NA,NA,NA,NA
"2210","Spain","Men","1930-1939",NA,1,NA,NA,NA,NA
"2211","Spain","Men","1940-1949","High",32,4,3,12.5,75
"2212","Spain","Men","1940-1949","Low",128,17,11,13.3,64.7
"2213","Spain","Men","1940-1949","Medium",18,1,NA,5.6,NA
"2214","Spain","Men","1940-1949",NA,1,NA,NA,NA,NA
"2215","Spain","Men","1950-1959","High",48,5,2,10.4,40
"2216","Spain","Men","1950-1959","Low",121,22,13,18.2,59.1
"2217","Spain","Men","1950-1959","Medium",69,9,2,13,22.2
"2218","Spain","Men","1950-1959",NA,1,NA,NA,NA,NA
"2219","Spain","Men","1960-1969","High",85,21,7,24.7,33.3
"2220","Spain","Men","1960-1969","Low",166,31,13,18.7,41.9
"2221","Spain","Men","1960-1969","Medium",98,23,8,23.5,34.8
"2222","Spain","Men","1960-1969",NA,1,NA,NA,NA,NA
"2223","Spain","Men","1970-1979","High",57,23,8,40.4,34.8
"2224","Spain","Men","1970-1979","Low",75,15,6,20,40
"2225","Spain","Men","1970-1979","Medium",54,15,6,27.8,40
"2226","Spain","Men","1970-1979",NA,1,NA,NA,NA,NA
"2227","Spain","Men","1980-1989","High",23,11,2,47.8,18.2
"2228","Spain","Men","1980-1989","Low",36,13,7,36.1,53.8
"2229","Spain","Men","1980-1989","Medium",17,7,2,41.2,28.6
"2230","Spain","Men","1980-1989",NA,2,1,1,50,100
"2231","Spain","Women","1908-1909","Medium",1,1,1,100,100
"2232","Spain","Women","1908-1909",NA,2,NA,NA,NA,NA
"2233","Spain","Women","1910-1919","High",5,NA,NA,NA,NA
"2234","Spain","Women","1910-1919","Low",49,8,1,16.3,12.5
"2235","Spain","Women","1910-1919","Medium",5,1,1,20,100
"2236","Spain","Women","1910-1919",NA,25,NA,NA,NA,NA
"2237","Spain","Women","1920-1929","High",12,7,5,58.3,71.4
"2238","Spain","Women","1920-1929","Low",541,63,23,11.6,36.5
"2239","Spain","Women","1920-1929","Medium",31,9,5,29,55.6
"2240","Spain","Women","1920-1929",NA,188,18,6,9.6,33.3
"2241","Spain","Women","1930-1939","High",46,8,4,17.4,50
"2242","Spain","Women","1930-1939","Low",997,95,28,9.5,29.5
"2243","Spain","Women","1930-1939","Medium",70,10,7,14.3,70
"2244","Spain","Women","1930-1939",NA,316,31,13,9.8,41.9
"2245","Spain","Women","1940-1949","High",105,20,10,19,50
"2246","Spain","Women","1940-1949","Low",1041,79,31,7.6,39.2
"2247","Spain","Women","1940-1949","Medium",134,16,12,11.9,75
"2248","Spain","Women","1940-1949",NA,177,14,5,7.9,35.7
"2249","Spain","Women","1950-1959","High",252,54,22,21.4,40.7
"2250","Spain","Women","1950-1959","Low",955,80,34,8.4,42.5
"2251","Spain","Women","1950-1959","Medium",342,49,22,14.3,44.9
"2252","Spain","Women","1950-1959",NA,69,7,2,10.1,28.6
"2253","Spain","Women","1960-1969","High",457,116,53,25.4,45.7
"2254","Spain","Women","1960-1969","Low",910,90,32,9.9,35.6
"2255","Spain","Women","1960-1969","Medium",684,87,30,12.7,34.5
"2256","Spain","Women","1960-1969",NA,47,3,2,6.4,66.7
"2257","Spain","Women","1970-1979","High",131,33,11,25.2,33.3
"2258","Spain","Women","1970-1979","Low",169,26,7,15.4,26.9
"2259","Spain","Women","1970-1979","Medium",148,44,15,29.7,34.1
"2260","Spain","Women","1970-1979",NA,5,2,1,40,50
"2261","Spain","Women","1980-1989","High",30,18,3,60,16.7
"2262","Spain","Women","1980-1989","Low",25,5,1,20,20
"2263","Spain","Women","1980-1989","Medium",18,5,1,27.8,20
"2264","Swaziland","Men","1950-1959","High",114,3,1,2.6,33.3
"2265","Swaziland","Men","1950-1959","Low",118,5,1,4.2,20
"2266","Swaziland","Men","1960-1969","High",443,24,8,5.4,33.3
"2267","Swaziland","Men","1960-1969","Low",473,20,5,4.2,25
"2268","Swaziland","Men","1970-1979","High",72,6,3,8.3,50
"2269","Swaziland","Men","1970-1979","Low",113,4,2,3.5,50
"2270","Swaziland","Women","1950-1959","High",67,2,NA,3,NA
"2271","Swaziland","Women","1950-1959","Low",85,3,2,3.5,66.7
"2272","Swaziland","Women","1950-1959",NA,1,NA,NA,NA,NA
"2273","Swaziland","Women","1960-1969","High",278,15,10,5.4,66.7
"2274","Swaziland","Women","1960-1969","Low",352,28,15,8,53.6
"2275","Swaziland","Women","1960-1969",NA,3,1,1,33.3,100
"2276","Swaziland","Women","1970-1979","High",58,4,3,6.9,75
"2277","Swaziland","Women","1970-1979","Low",89,12,9,13.5,75
"2278","Sweden","Men","1910-1919","Low",5,1,NA,20,NA
"2279","Sweden","Men","1910-1919","Medium",1,NA,NA,NA,NA
"2280","Sweden","Men","1920-1929","High",10,2,1,20,50
"2281","Sweden","Men","1920-1929","Low",30,6,2,20,33.3
"2282","Sweden","Men","1920-1929","Medium",13,1,NA,7.7,NA
"2283","Sweden","Men","1920-1929",NA,1,NA,NA,NA,NA
"2284","Sweden","Men","1930-1939","High",97,11,2,11.3,18.2
"2285","Sweden","Men","1930-1939","Low",190,30,8,15.8,26.7
"2286","Sweden","Men","1930-1939","Medium",165,17,4,10.3,23.5
"2287","Sweden","Men","1930-1939",NA,3,NA,NA,NA,NA
"2288","Sweden","Men","1940-1949","High",295,34,9,11.5,26.5
"2289","Sweden","Men","1940-1949","Low",298,40,17,13.4,42.5
"2290","Sweden","Men","1940-1949","Medium",516,60,14,11.6,23.3
"2291","Sweden","Men","1940-1949",NA,4,NA,NA,NA,NA
"2292","Sweden","Men","1950-1959","High",316,42,12,13.3,28.6
"2293","Sweden","Men","1950-1959","Low",201,35,13,17.4,37.1
"2294","Sweden","Men","1950-1959","Medium",599,84,16,14,19
"2295","Sweden","Men","1950-1959",NA,3,NA,NA,NA,NA
"2296","Sweden","Men","1960-1969","High",316,50,17,15.8,34
"2297","Sweden","Men","1960-1969","Low",114,22,3,19.3,13.6
"2298","Sweden","Men","1960-1969","Medium",672,129,49,19.2,38
"2299","Sweden","Men","1960-1969",NA,1,NA,NA,NA,NA
"2300","Sweden","Men","1970-1979","High",344,83,14,24.1,16.9
"2301","Sweden","Men","1970-1979","Low",51,10,5,19.6,50
"2302","Sweden","Men","1970-1979","Medium",393,79,24,20.1,30.4
"2303","Sweden","Men","1970-1979",NA,2,NA,NA,NA,NA
"2304","Sweden","Men","1980-1989","High",23,9,1,39.1,11.1
"2305","Sweden","Men","1980-1989","Low",1,1,1,100,100
"2306","Sweden","Men","1980-1989","Medium",15,1,1,6.7,100
"2307","Sweden","Men","1980-1989",NA,1,NA,NA,NA,NA
"2308","Sweden","Women","1910-1919","Low",14,NA,NA,NA,NA
"2309","Sweden","Women","1910-1919","Medium",2,NA,NA,NA,NA
"2310","Sweden","Women","1920-1929","High",6,2,1,33.3,50
"2311","Sweden","Women","1920-1929","Low",48,6,2,12.5,33.3
"2312","Sweden","Women","1920-1929","Medium",8,2,NA,25,NA
"2313","Sweden","Women","1920-1929",NA,1,NA,NA,NA,NA
"2314","Sweden","Women","1930-1939","High",122,12,4,9.8,33.3
"2315","Sweden","Women","1930-1939","Low",221,11,4,5,36.4
"2316","Sweden","Women","1930-1939","Medium",162,11,3,6.8,27.3
"2317","Sweden","Women","1930-1939",NA,5,NA,NA,NA,NA
"2318","Sweden","Women","1940-1949","High",359,40,6,11.1,15
"2319","Sweden","Women","1940-1949","Low",292,24,2,8.2,8.3
"2320","Sweden","Women","1940-1949","Medium",489,41,10,8.4,24.4
"2321","Sweden","Women","1940-1949",NA,6,NA,NA,NA,NA
"2322","Sweden","Women","1950-1959","High",449,51,9,11.4,17.6
"2323","Sweden","Women","1950-1959","Low",128,13,1,10.2,7.7
"2324","Sweden","Women","1950-1959","Medium",512,54,6,10.5,11.1
"2325","Sweden","Women","1950-1959",NA,5,1,1,20,100
"2326","Sweden","Women","1960-1969","High",523,49,7,9.4,14.3
"2327","Sweden","Women","1960-1969","Low",83,11,1,13.3,9.1
"2328","Sweden","Women","1960-1969","Medium",657,67,7,10.2,10.4
"2329","Sweden","Women","1960-1969",NA,3,NA,NA,NA,NA
"2330","Sweden","Women","1970-1979","High",440,63,12,14.3,19
"2331","Sweden","Women","1970-1979","Low",26,2,NA,7.7,NA
"2332","Sweden","Women","1970-1979","Medium",329,39,9,11.9,23.1
"2333","Sweden","Women","1970-1979",NA,3,NA,NA,NA,NA
"2334","Sweden","Women","1980-1989","High",30,6,1,20,16.7
"2335","Sweden","Women","1980-1989","Low",2,1,1,50,100
"2336","Sweden","Women","1980-1989","Medium",10,2,NA,20,NA
"2337","Sweden","Women","1980-1989",NA,1,NA,NA,NA,NA
"2338","Switzerland","Men","1910-1919","High",3,2,NA,66.7,NA
"2339","Switzerland","Men","1910-1919","Low",3,2,NA,66.7,NA
"2340","Switzerland","Men","1910-1919","Medium",7,2,1,28.6,50
"2341","Switzerland","Men","1910-1919",NA,1,NA,NA,NA,NA
"2342","Switzerland","Men","1920-1929","High",14,1,1,7.1,100
"2343","Switzerland","Men","1920-1929","Low",13,NA,NA,NA,NA
"2344","Switzerland","Men","1920-1929","Medium",25,6,1,24,16.7
"2345","Switzerland","Men","1930-1939","High",30,5,NA,16.7,NA
"2346","Switzerland","Men","1930-1939","Low",27,3,2,11.1,66.7
"2347","Switzerland","Men","1930-1939","Medium",62,9,2,14.5,22.2
"2348","Switzerland","Men","1940-1949","High",72,16,NA,22.2,NA
"2349","Switzerland","Men","1940-1949","Low",36,10,4,27.8,40
"2350","Switzerland","Men","1940-1949","Medium",109,22,5,20.2,22.7
"2351","Switzerland","Men","1950-1959","High",105,18,2,17.1,11.1
"2352","Switzerland","Men","1950-1959","Low",22,5,3,22.7,60
"2353","Switzerland","Men","1950-1959","Medium",137,33,11,24.1,33.3
"2354","Switzerland","Men","1960-1969","High",125,37,6,29.6,16.2
"2355","Switzerland","Men","1960-1969","Low",44,8,1,18.2,12.5
"2356","Switzerland","Men","1960-1969","Medium",121,40,8,33.1,20
"2357","Switzerland","Men","1970-1979","High",78,20,6,25.6,30
"2358","Switzerland","Men","1970-1979","Low",23,2,NA,8.7,NA
"2359","Switzerland","Men","1970-1979","Medium",69,25,1,36.2,4
"2360","Switzerland","Men","1980-1989","High",29,14,2,48.3,14.3
"2361","Switzerland","Men","1980-1989","Low",14,2,1,14.3,50
"2362","Switzerland","Men","1980-1989","Medium",19,10,1,52.6,10
"2363","Switzerland","Women","1910-1919","Low",11,NA,NA,NA,NA
"2364","Switzerland","Women","1910-1919","Medium",4,1,1,25,100
"2365","Switzerland","Women","1920-1929","High",2,NA,NA,NA,NA
"2366","Switzerland","Women","1920-1929","Low",48,9,6,18.8,66.7
"2367","Switzerland","Women","1920-1929","Medium",30,4,2,13.3,50
"2368","Switzerland","Women","1930-1939","High",15,6,3,40,50
"2369","Switzerland","Women","1930-1939","Low",75,13,5,17.3,38.5
"2370","Switzerland","Women","1930-1939","Medium",67,13,6,19.4,46.2
"2371","Switzerland","Women","1940-1949","High",38,13,2,34.2,15.4
"2372","Switzerland","Women","1940-1949","Low",86,17,7,19.8,41.2
"2373","Switzerland","Women","1940-1949","Medium",119,18,4,15.1,22.2
"2374","Switzerland","Women","1940-1949",NA,2,NA,NA,NA,NA
"2375","Switzerland","Women","1950-1959","High",59,13,1,22,7.7
"2376","Switzerland","Women","1950-1959","Low",61,13,3,21.3,23.1
"2377","Switzerland","Women","1950-1959","Medium",150,39,7,26,17.9
"2378","Switzerland","Women","1960-1969","High",96,33,7,34.4,21.2
"2379","Switzerland","Women","1960-1969","Low",72,10,2,13.9,20
"2380","Switzerland","Women","1960-1969","Medium",167,39,10,23.4,25.6
"2381","Switzerland","Women","1960-1969",NA,1,NA,NA,NA,NA
"2382","Switzerland","Women","1970-1979","High",61,20,3,32.8,15
"2383","Switzerland","Women","1970-1979","Low",22,5,2,22.7,40
"2384","Switzerland","Women","1970-1979","Medium",74,14,4,18.9,28.6
"2385","Switzerland","Women","1980-1989","High",21,6,1,28.6,16.7
"2386","Switzerland","Women","1980-1989","Low",7,1,NA,14.3,NA
"2387","Switzerland","Women","1980-1989","Medium",18,5,1,27.8,20
"2388","Tanzania","Men","1960-1969","High",132,1,NA,0.8,NA
"2389","Tanzania","Men","1960-1969","Low",642,12,2,1.9,16.7
"2390","Tanzania","Men","1970-1979","High",436,27,14,6.2,51.9
"2391","Tanzania","Men","1970-1979","Low",2426,55,11,2.3,20
"2392","Tanzania","Men","1970-1979",NA,1,NA,NA,NA,NA
"2393","Tanzania","Men","1980-1989","High",48,3,1,6.2,33.3
"2394","Tanzania","Men","1980-1989","Low",326,9,3,2.8,33.3
"2395","Tanzania","Women","1960-1969","High",29,4,3,13.8,75
"2396","Tanzania","Women","1960-1969","Low",203,4,1,2,25
"2397","Tanzania","Women","1970-1979","High",142,8,7,5.6,87.5
"2398","Tanzania","Women","1970-1979","Low",604,18,11,3,61.1
"2399","Tanzania","Women","1980-1989","High",20,1,NA,5,NA
"2400","Tanzania","Women","1980-1989","Low",60,NA,NA,NA,NA
"2401","The UK","Men","1910-1919","High",4,1,1,25,100
"2402","The UK","Men","1910-1919","Low",12,1,NA,8.3,NA
"2403","The UK","Men","1920-1929","High",70,13,NA,18.6,NA
"2404","The UK","Men","1920-1929","Low",162,30,16,18.5,53.3
"2405","The UK","Men","1920-1929","Medium",63,10,3,15.9,30
"2406","The UK","Men","1920-1929",NA,12,4,1,33.3,25
"2407","The UK","Men","1930-1939","High",265,39,8,14.7,20.5
"2408","The UK","Men","1930-1939","Low",356,69,32,19.4,46.4
"2409","The UK","Men","1930-1939","Medium",221,38,12,17.2,31.6
"2410","The UK","Men","1930-1939",NA,49,10,1,20.4,10
"2411","The UK","Men","1940-1949","High",546,87,25,15.9,28.7
"2412","The UK","Men","1940-1949","Low",395,75,32,19,42.7
"2413","The UK","Men","1940-1949","Medium",315,47,8,14.9,17
"2414","The UK","Men","1940-1949",NA,106,26,5,24.5,19.2
"2415","The UK","Men","1950-1959","High",708,158,41,22.3,25.9
"2416","The UK","Men","1950-1959","Low",262,67,24,25.6,35.8
"2417","The UK","Men","1950-1959","Medium",353,61,18,17.3,29.5
"2418","The UK","Men","1950-1959",NA,106,27,8,25.5,29.6
"2419","The UK","Men","1960-1969","High",830,222,54,26.7,24.3
"2420","The UK","Men","1960-1969","Low",246,66,32,26.8,48.5
"2421","The UK","Men","1960-1969","Medium",498,142,33,28.5,23.2
"2422","The UK","Men","1960-1969",NA,143,50,18,35,36
"2423","The UK","Men","1970-1979","High",156,58,6,37.2,10.3
"2424","The UK","Men","1970-1979","Low",57,16,5,28.1,31.2
"2425","The UK","Men","1970-1979","Medium",83,28,8,33.7,28.6
"2426","The UK","Men","1970-1979",NA,11,2,NA,18.2,NA
"2427","The UK","Men","1980-1989","High",32,17,3,53.1,17.6
"2428","The UK","Men","1980-1989","Low",7,4,2,57.1,50
"2429","The UK","Men","1980-1989","Medium",17,6,NA,35.3,NA
"2430","The UK","Men","1980-1989",NA,2,1,NA,50,NA
"2431","The UK","Women","1905-1909","Low",1,1,1,100,100
"2432","The UK","Women","1910-1919","High",5,2,1,40,50
"2433","The UK","Women","1910-1919","Low",16,2,NA,12.5,NA
"2434","The UK","Women","1910-1919",NA,1,NA,NA,NA,NA
"2435","The UK","Women","1920-1929","High",65,22,8,33.8,36.4
"2436","The UK","Women","1920-1929","Low",264,43,14,16.3,32.6
"2437","The UK","Women","1920-1929","Medium",74,17,4,23,23.5
"2438","The UK","Women","1920-1929",NA,15,3,NA,20,NA
"2439","The UK","Women","1930-1939","High",241,51,17,21.2,33.3
"2440","The UK","Women","1930-1939","Low",537,67,20,12.5,29.9
"2441","The UK","Women","1930-1939","Medium",219,37,12,16.9,32.4
"2442","The UK","Women","1930-1939",NA,52,13,1,25,7.7
"2443","The UK","Women","1940-1949","High",473,62,18,13.1,29
"2444","The UK","Women","1940-1949","Low",624,75,18,12,24
"2445","The UK","Women","1940-1949","Medium",397,44,14,11.1,31.8
"2446","The UK","Women","1940-1949",NA,97,14,1,14.4,7.1
"2447","The UK","Women","1950-1959","High",719,123,25,17.1,20.3
"2448","The UK","Women","1950-1959","Low",375,38,8,10.1,21.1
"2449","The UK","Women","1950-1959","Medium",461,63,14,13.7,22.2
"2450","The UK","Women","1950-1959",NA,103,12,4,11.7,33.3
"2451","The UK","Women","1960-1969","High",979,189,42,19.3,22.2
"2452","The UK","Women","1960-1969","Low",299,25,9,8.4,36
"2453","The UK","Women","1960-1969","Medium",647,97,23,15,23.7
"2454","The UK","Women","1960-1969",NA,103,16,4,15.5,25
"2455","The UK","Women","1970-1979","High",200,40,3,20,7.5
"2456","The UK","Women","1970-1979","Low",54,4,1,7.4,25
"2457","The UK","Women","1970-1979","Medium",93,17,2,18.3,11.8
"2458","The UK","Women","1970-1979",NA,14,4,2,28.6,50
"2459","The UK","Women","1980-1989","High",63,14,1,22.2,7.1
"2460","The UK","Women","1980-1989","Low",14,NA,NA,NA,NA
"2461","The UK","Women","1980-1989","Medium",29,4,2,13.8,50
"2462","The US","Men","1960-1969","High",636,247,96,38.8,38.9
"2463","The US","Men","1960-1969","Low",234,47,17,20.1,36.2
"2464","The US","Men","1960-1969","Medium",373,117,35,31.4,29.9
"2465","The US","Men","1970-1979","High",291,105,42,36.1,40
"2466","The US","Men","1970-1979","Low",80,14,5,17.5,35.7
"2467","The US","Men","1970-1979","Medium",136,38,16,27.9,42.1
"2468","The US","Women","1950-1959","High",1871,407,107,21.8,26.3
"2469","The US","Women","1950-1959","Low",494,33,8,6.7,24.2
"2470","The US","Women","1950-1959","Medium",1510,192,35,12.7,18.2
"2471","The US","Women","1960-1969","High",902,227,75,25.2,33
"2472","The US","Women","1960-1969","Low",241,22,3,9.1,13.6
"2473","The US","Women","1960-1969","Medium",467,77,16,16.5,20.8
"2474","The US","Women","1970-1979","High",357,99,31,27.7,31.3
"2475","The US","Women","1970-1979","Low",100,7,3,7,42.9
"2476","The US","Women","1970-1979","Medium",146,16,1,11,6.2
"2477","Timor-Leste","Men","1960-1969","High",281,21,15,7.5,71.4
"2478","Timor-Leste","Men","1960-1969","Low",325,21,14,6.5,66.7
"2479","Timor-Leste","Men","1970-1979","High",997,79,49,7.9,62
"2480","Timor-Leste","Men","1970-1979","Low",1560,103,67,6.6,65
"2481","Timor-Leste","Men","1980-1989","High",182,21,15,11.5,71.4
"2482","Timor-Leste","Men","1980-1989","Low",375,39,29,10.4,74.4
"2483","Timor-Leste","Women","1950-1959","High",51,2,1,3.9,50
"2484","Timor-Leste","Women","1950-1959","Low",61,7,2,11.5,28.6
"2485","Timor-Leste","Women","1960-1969","High",328,22,7,6.7,31.8
"2486","Timor-Leste","Women","1960-1969","Low",388,36,17,9.3,47.2
"2487","Timor-Leste","Women","1970-1979","High",400,41,20,10.2,48.8
"2488","Timor-Leste","Women","1970-1979","Low",458,52,29,11.4,55.8
"2489","Timor-Leste","Women","1980-1989","High",73,15,13,20.5,86.7
"2490","Timor-Leste","Women","1980-1989","Low",96,19,14,19.8,73.7
"2491","Togo","Men","1960-1969","High",406,10,5,2.5,50
"2492","Togo","Men","1960-1969","Low",532,6,NA,1.1,NA
"2493","Togo","Men","1970-1979","High",1007,41,11,4.1,26.8
"2494","Togo","Men","1970-1979","Low",1118,18,6,1.6,33.3
"2495","Togo","Men","1970-1979",NA,2,NA,NA,NA,NA
"2496","Togo","Women","1950-1959","High",90,2,2,2.2,100
"2497","Togo","Women","1950-1959","Low",118,1,1,0.8,100
"2498","Togo","Women","1960-1969","High",275,6,4,2.2,66.7
"2499","Togo","Women","1960-1969","Low",396,9,4,2.3,44.4
"2500","Togo","Women","1970-1979","High",354,27,11,7.6,40.7
"2501","Togo","Women","1970-1979","Low",498,33,23,6.6,69.7
"2502","Turkey","Men","1940-1949","High",18,4,4,22.2,100
"2503","Turkey","Men","1940-1949","Low",107,3,1,2.8,33.3
"2504","Turkey","Men","1950-1959","High",268,31,17,11.6,54.8
"2505","Turkey","Men","1950-1959","Low",1418,43,13,3,30.2
"2506","Turkey","Men","1960-1969","High",179,18,13,10.1,72.2
"2507","Turkey","Men","1960-1969","Low",716,36,10,5,27.8
"2508","Turkey","Women","1910-1919","Low",1,NA,NA,NA,NA
"2509","Turkey","Women","1920-1929","High",3,1,NA,33.3,NA
"2510","Turkey","Women","1920-1929","Low",3,NA,NA,NA,NA
"2511","Turkey","Women","1930-1939","High",19,NA,NA,NA,NA
"2512","Turkey","Women","1930-1939","Low",19,NA,NA,NA,NA
"2513","Turkey","Women","1940-1949","High",75,3,NA,4,NA
"2514","Turkey","Women","1940-1949","Low",155,2,NA,1.3,NA
"2515","Turkey","Women","1950-1959","High",247,6,NA,2.4,NA
"2516","Turkey","Women","1950-1959","Low",363,8,NA,2.2,NA
"2517","Turkey","Women","1960-1969","High",140,3,NA,2.1,NA
"2518","Turkey","Women","1960-1969","Low",161,6,NA,3.7,NA
"2519","Turkey","Women","1960-1969",NA,1,NA,NA,NA,NA
"2520","Uganda","Men","1960-1969","High",314,4,NA,1.3,NA
"2521","Uganda","Men","1960-1969","Low",396,6,1,1.5,16.7
"2522","Uganda","Men","1970-1979","High",1577,33,16,2.1,48.5
"2523","Uganda","Men","1970-1979","Low",1791,32,6,1.8,18.8
"2524","Uganda","Men","1980-1989","High",197,2,2,1,100
"2525","Uganda","Men","1980-1989","Low",559,7,3,1.3,42.9
"2526","Uganda","Women","1960-1969","High",223,NA,NA,NA,NA
"2527","Uganda","Women","1960-1969","Low",270,9,4,3.3,44.4
"2528","Uganda","Women","1970-1979","High",446,6,6,1.3,100
"2529","Uganda","Women","1970-1979","Low",501,17,6,3.4,35.3
"2530","Uganda","Women","1980-1989","High",69,1,NA,1.4,NA
"2531","Uganda","Women","1980-1989","Low",136,7,6,5.1,85.7
"2532","Ukraine","Men","1910-1919","High",1,NA,NA,NA,NA
"2533","Ukraine","Men","1910-1919","Low",2,NA,NA,NA,NA
"2534","Ukraine","Men","1920-1929","High",13,NA,NA,NA,NA
"2535","Ukraine","Men","1920-1929","Low",19,2,1,10.5,50
"2536","Ukraine","Men","1920-1929","Medium",3,1,NA,33.3,NA
"2537","Ukraine","Men","1930-1939","High",40,3,1,7.5,33.3
"2538","Ukraine","Men","1930-1939","Low",44,2,NA,4.5,NA
"2539","Ukraine","Men","1930-1939","Medium",21,NA,NA,NA,NA
"2540","Ukraine","Men","1940-1949","High",51,1,NA,2,NA
"2541","Ukraine","Men","1940-1949","Low",15,NA,NA,NA,NA
"2542","Ukraine","Men","1940-1949","Medium",45,4,3,8.9,75
"2543","Ukraine","Men","1950-1959","High",281,14,2,5,14.3
"2544","Ukraine","Men","1950-1959","Low",239,15,3,6.3,20
"2545","Ukraine","Men","1950-1959","Medium",48,4,1,8.3,25
"2546","Ukraine","Men","1960-1969","High",953,69,14,7.2,20.3
"2547","Ukraine","Men","1960-1969","Low",1177,51,15,4.3,29.4
"2548","Ukraine","Men","1960-1969","Medium",34,8,4,23.5,50
"2549","Ukraine","Men","1960-1969",NA,1,NA,NA,NA,NA
"2550","Ukraine","Men","1970-1979","High",281,29,9,10.3,31
"2551","Ukraine","Men","1970-1979","Low",338,18,5,5.3,27.8
"2552","Ukraine","Men","1970-1979","Medium",9,1,1,11.1,100
"2553","Ukraine","Women","1910-1919","High",2,1,NA,50,NA
"2554","Ukraine","Women","1910-1919","Low",1,NA,NA,NA,NA
"2555","Ukraine","Women","1920-1929","High",25,3,1,12,33.3
"2556","Ukraine","Women","1920-1929","Low",59,15,6,25.4,40
"2557","Ukraine","Women","1920-1929","Medium",7,2,1,28.6,50
"2558","Ukraine","Women","1930-1939","High",65,7,1,10.8,14.3
"2559","Ukraine","Women","1930-1939","Low",101,13,8,12.9,61.5
"2560","Ukraine","Women","1930-1939","Medium",35,2,NA,5.7,NA
"2561","Ukraine","Women","1930-1939",NA,1,NA,NA,NA,NA
"2562","Ukraine","Women","1940-1949","High",103,5,2,4.9,40
"2563","Ukraine","Women","1940-1949","Low",36,4,1,11.1,25
"2564","Ukraine","Women","1940-1949","Medium",52,3,NA,5.8,NA
"2565","Ukraine","Women","1950-1959","High",241,16,8,6.6,50
"2566","Ukraine","Women","1950-1959","Low",137,11,4,8,36.4
"2567","Ukraine","Women","1950-1959","Medium",67,2,1,3,50
"2568","Ukraine","Women","1960-1969","High",542,39,12,7.2,30.8
"2569","Ukraine","Women","1960-1969","Low",451,65,27,14.4,41.5
"2570","Ukraine","Women","1960-1969","Medium",22,NA,NA,NA,NA
"2571","Ukraine","Women","1970-1979","High",160,14,6,8.8,42.9
"2572","Ukraine","Women","1970-1979","Low",158,30,13,19,43.3
"2573","Ukraine","Women","1970-1979","Medium",10,3,1,30,33.3
"2574","Uruguay","Men","1970-1979","High",63,21,6,33.3,28.6
"2575","Uruguay","Men","1970-1979","Low",223,40,18,17.9,45
"2576","Uruguay","Men","1970-1979","Medium",169,26,5,15.4,19.2
"2577","Uruguay","Men","1980-1989","High",1,NA,NA,NA,NA
"2578","Uruguay","Men","1980-1989","Low",12,2,1,16.7,50
"2579","Uruguay","Men","1980-1989","Medium",8,4,1,50,25
"2580","Uruguay","Women","1970-1979","High",136,38,11,27.9,28.9
"2581","Uruguay","Women","1970-1979","Low",220,14,6,6.4,42.9
"2582","Uruguay","Women","1970-1979","Medium",234,26,6,11.1,23.1
"2583","Uruguay","Women","1980-1989","High",5,3,3,60,100
"2584","Uruguay","Women","1980-1989","Low",11,1,1,9.1,100
"2585","Uruguay","Women","1980-1989","Medium",13,1,1,7.7,100
"2586","Zambia","Men","1960-1969","High",75,2,NA,2.7,NA
"2587","Zambia","Men","1960-1969","Low",104,2,NA,1.9,NA
"2588","Zambia","Men","1970-1979","High",1127,30,14,2.7,46.7
"2589","Zambia","Men","1970-1979","Low",1259,15,2,1.2,13.3
"2590","Zambia","Men","1980-1989","High",399,15,7,3.8,46.7
"2591","Zambia","Men","1980-1989","Low",890,8,2,0.9,25
"2592","Zambia","Women","1950-1959","High",20,NA,NA,NA,NA
"2593","Zambia","Women","1950-1959","Low",47,1,NA,2.1,NA
"2594","Zambia","Women","1960-1969","High",424,5,4,1.2,80
"2595","Zambia","Women","1960-1969","Low",695,16,12,2.3,75
"2596","Zambia","Women","1970-1979","High",827,24,15,2.9,62.5
"2597","Zambia","Women","1970-1979","Low",1245,44,27,3.5,61.4
"2598","Zambia","Women","1980-1989","High",446,43,31,9.6,72.1
"2599","Zambia","Women","1980-1989","Low",595,29,16,4.9,55.2
"2600","Zimbabwe","Men","1960-1969","High",229,9,4,3.9,44.4
"2601","Zimbabwe","Men","1960-1969","Low",242,10,5,4.1,50
"2602","Zimbabwe","Men","1970-1979","High",911,43,18,4.7,41.9
"2603","Zimbabwe","Men","1970-1979","Low",1169,31,11,2.7,35.5
"2604","Zimbabwe","Men","1980-1989","High",30,NA,NA,NA,NA
"2605","Zimbabwe","Men","1980-1989","Low",189,7,5,3.7,71.4
"2606","Zimbabwe","Women","1960-1969","High",174,5,3,2.9,60
"2607","Zimbabwe","Women","1960-1969","Low",640,20,5,3.1,25
"2608","Zimbabwe","Women","1970-1979","High",349,18,8,5.2,44.4
"2609","Zimbabwe","Women","1970-1979","Low",1341,76,27,5.7,35.5
"2610","Zimbabwe","Women","1980-1989","High",36,5,5,13.9,100
"2611","Zimbabwe","Women","1980-1989","Low",145,14,9,9.7,64.3
"2612","Albania","Men","1950-1959","All",861,0,0,0,NA
"2613","Albania","Men","1960-1969","All",4052,34,22,0.8,64.7
"2614","Albania","Men","1970-1979","All",3244,214,105,6.6,49.1
"2615","Albania","Men","1980-1989","All",801,73,53,9.1,72.6
"2616","Albania","Women","1950-1959","All",329,16,3,4.9,18.8
"2617","Albania","Women","1960-1969","All",1600,119,31,7.4,26.1
"2618","Albania","Women","1970-1979","All",1200,147,62,12.2,42.2
"2619","Albania","Women","1980-1989","All",316,89,59,28.2,66.3
"2620","Angola","Men","1960-1969","All",642,24,8,3.7,33.3
"2621","Angola","Men","1970-1979","All",2617,81,26,3.1,32.1
"2622","Angola","Men","1980-1989","All",362,8,6,2.2,75
"2623","Angola","Women","1960-1969","All",611,24,7,3.9,29.2
"2624","Angola","Women","1970-1979","All",959,33,14,3.4,42.4
"2625","Angola","Women","1980-1989","All",140,10,8,7.1,80
"2626","Armenia","Men","1960-1969","All",528,33,23,6.2,69.7
"2627","Armenia","Men","1970-1979","All",1623,130,84,8,64.6
"2628","Armenia","Men","1980-1989","All",219,23,20,10.5,87
"2629","Armenia","Women","1960-1969","All",239,12,9,5,75
"2630","Armenia","Women","1970-1979","All",727,80,56,11,70
"2631","Armenia","Women","1980-1989","All",82,15,12,18.3,80
"2632","Austria","Men","1910-1919","All",6,0,0,0,NA
"2633","Austria","Men","1920-1929","All",48,4,1,8.3,25
"2634","Austria","Men","1930-1939","All",135,17,5,12.6,29.4
"2635","Austria","Men","1940-1949","All",296,53,6,17.9,11.3
"2636","Austria","Men","1950-1959","All",396,69,13,17.4,18.8
"2637","Austria","Men","1960-1969","All",1069,275,82,25.7,29.8
"2638","Austria","Men","1970-1979","All",519,184,50,35.5,27.2
"2639","Austria","Men","1980-1989","All",85,41,12,48.2,29.3
"2640","Austria","Women","1910-1919","All",2,2,0,100,0
"2641","Austria","Women","1920-1929","All",55,14,3,25.5,21.4
"2642","Austria","Women","1930-1939","All",179,18,4,10.1,22.2
"2643","Austria","Women","1940-1949","All",372,45,9,12.1,20
"2644","Austria","Women","1950-1959","All",413,59,17,14.3,28.8
"2645","Austria","Women","1960-1969","All",1505,240,52,15.9,21.7
"2646","Austria","Women","1970-1979","All",752,159,37,21.1,23.3
"2647","Austria","Women","1980-1989","All",71,16,4,22.5,25
"2648","Azerbaijan","Men","1950-1959","All",593,61,35,10.3,57.4
"2649","Azerbaijan","Men","1960-1969","All",2466,281,186,11.4,66.2
"2650","Azerbaijan","Men","1970-1979","All",436,85,63,19.5,74.1
"2651","Azerbaijan","Women","1940-1949","All",53,1,1,1.9,100
"2652","Azerbaijan","Women","1950-1959","All",441,17,4,3.9,23.5
"2653","Azerbaijan","Women","1960-1969","All",623,22,8,3.5,36.4
"2654","Azerbaijan","Women","1970-1979","All",120,15,8,12.5,53.3
"2655","Belarus","Men","1930-1939","All",53,5,3,9.4,60
"2656","Belarus","Men","1940-1949","All",299,20,10,6.7,50
"2657","Belarus","Men","1950-1959","All",666,60,30,9,50
"2658","Belarus","Men","1960-1969","All",724,96,42,13.3,43.8
"2659","Belarus","Men","1970-1979","All",819,134,64,16.4,47.8
"2660","Belarus","Men","1980-1989","All",248,58,26,23.4,44.8
"2661","Belarus","Women","1920-1929","All",1,0,0,0,NA
"2662","Belarus","Women","1930-1939","All",156,20,12,12.8,60
"2663","Belarus","Women","1940-1949","All",600,72,46,12,63.9
"2664","Belarus","Women","1950-1959","All",1015,85,47,8.4,55.3
"2665","Belarus","Women","1960-1969","All",944,95,60,10.1,63.2
"2666","Belarus","Women","1970-1979","All",1041,95,44,9.1,46.3
"2667","Belarus","Women","1980-1989","All",272,29,11,10.7,37.9
"2668","Belgium","Men","1910-1919","All",5,1,0,20,0
"2669","Belgium","Men","1920-1929","All",82,15,3,18.3,20
"2670","Belgium","Men","1930-1939","All",482,112,13,23.2,11.6
"2671","Belgium","Men","1940-1949","All",716,187,33,26.1,17.6
"2672","Belgium","Men","1950-1959","All",952,187,48,19.6,25.7
"2673","Belgium","Men","1960-1969","All",1023,206,59,20.1,28.6
"2674","Belgium","Men","1970-1979","All",452,104,27,23,26
"2675","Belgium","Men","1980-1989","All",53,16,6,30.2,37.5
"2676","Belgium","Women","1910-1919","All",7,1,1,14.3,100
"2677","Belgium","Women","1920-1929","All",101,18,5,17.8,27.8
"2678","Belgium","Women","1930-1939","All",521,126,45,24.2,35.7
"2679","Belgium","Women","1940-1949","All",720,155,29,21.5,18.7
"2680","Belgium","Women","1950-1959","All",1011,158,25,15.6,15.8
"2681","Belgium","Women","1960-1969","All",1147,150,26,13.1,17.3
"2682","Belgium","Women","1970-1979","All",468,70,15,15,21.4
"2683","Belgium","Women","1980-1989","All",64,8,3,12.5,37.5
"2684","Benin","Men","1960-1969","All",398,7,3,1.8,42.9
"2685","Benin","Men","1970-1979","All",2752,42,9,1.5,21.4
"2686","Benin","Men","1980-1989","All",1361,27,3,2,11.1
"2687","Benin","Women","1950-1959","All",283,3,2,1.1,66.7
"2688","Benin","Women","1960-1969","All",733,14,6,1.9,42.9
"2689","Benin","Women","1970-1979","All",1264,32,12,2.5,37.5
"2690","Benin","Women","1980-1989","All",596,34,17,5.7,50
"2691","Bolivia","Men","1950-1959","All",511,25,11,4.9,44
"2692","Bolivia","Men","1960-1969","All",3600,138,81,3.8,58.7
"2693","Bolivia","Men","1970-1979","All",1418,82,53,5.8,64.6
"2694","Bolivia","Women","1940-1949","All",362,17,7,4.7,41.2
"2695","Bolivia","Women","1950-1959","All",809,37,20,4.6,54.1
"2696","Bolivia","Women","1960-1969","All",1132,75,52,6.6,69.3
"2697","Bolivia","Women","1970-1979","All",434,33,21,7.6,63.6
"2698","Brazil","Men","1940-1949","All",817,68,37,8.3,54.4
"2699","Brazil","Men","1950-1959","All",2973,255,160,8.6,62.7
"2700","Brazil","Men","1960-1969","All",468,40,26,8.5,65
"2701","Brazil","Women","1930-1939","All",102,5,1,4.9,20
"2702","Brazil","Women","1940-1949","All",396,24,10,6.1,41.7
"2703","Brazil","Women","1950-1959","All",557,42,21,7.5,50
"2704","Brazil","Women","1960-1969","All",75,13,7,17.3,53.8
"2705","Bulgaria","Men","1910-1919","All",1,0,0,0,NA
"2706","Bulgaria","Men","1920-1929","All",269,26,9,9.7,34.6
"2707","Bulgaria","Men","1930-1939","All",787,42,19,5.3,45.2
"2708","Bulgaria","Men","1940-1949","All",1060,82,39,7.7,47.6
"2709","Bulgaria","Men","1950-1959","All",1113,118,72,10.6,61
"2710","Bulgaria","Men","1960-1969","All",1483,256,171,17.3,66.8
"2711","Bulgaria","Men","1970-1979","All",179,56,39,31.3,69.6
"2712","Bulgaria","Men","1980-1989","All",46,24,19,52.2,79.2
"2713","Bulgaria","Women","1910-1919","All",2,0,0,0,NA
"2714","Bulgaria","Women","1920-1929","All",195,18,5,9.2,27.8
"2715","Bulgaria","Women","1930-1939","All",908,65,17,7.2,26.2
"2716","Bulgaria","Women","1940-1949","All",1229,62,21,5,33.9
"2717","Bulgaria","Women","1950-1959","All",1266,77,41,6.1,53.2
"2718","Bulgaria","Women","1960-1969","All",2052,163,99,7.9,60.7
"2719","Bulgaria","Women","1970-1979","All",215,19,10,8.8,52.6
"2720","Bulgaria","Women","1980-1989","All",36,9,5,25,55.6
"2721","Burkina Faso","Men","1960-1969","All",2527,21,4,0.8,19
"2722","Burkina Faso","Men","1970-1979","All",2443,24,4,1,16.7
"2723","Burkina Faso","Women","1950-1959","All",691,5,0,0.7,0
"2724","Burkina Faso","Women","1960-1969","All",1262,16,4,1.3,25
"2725","Burkina Faso","Women","1970-1979","All",980,55,28,5.6,50.9
"2726","Burundi","Men","1960-1969","All",651,19,12,2.9,63.2
"2727","Burundi","Men","1970-1979","All",3106,124,71,4,57.3
"2728","Burundi","Men","1980-1989","All",928,51,38,5.5,74.5
"2729","Burundi","Women","1950-1959","All",211,5,4,2.4,80
"2730","Burundi","Women","1960-1969","All",924,20,14,2.2,70
"2731","Burundi","Women","1970-1979","All",1216,37,18,3,48.6
"2732","Burundi","Women","1980-1989","All",352,14,10,4,71.4
"2733","Cambodia","Men","1960-1969","All",1975,128,84,6.5,65.6
"2734","Cambodia","Men","1970-1979","All",3697,301,193,8.1,64.1
"2735","Cambodia","Women","1960-1969","All",570,16,1,2.8,6.2
"2736","Cambodia","Women","1970-1979","All",1109,57,20,5.1,35.1
"2737","Cameroon","Men","1950-1959","All",368,13,0,3.5,0
"2738","Cameroon","Men","1960-1969","All",961,29,6,3,20.7
"2739","Cameroon","Men","1970-1979","All",2093,75,11,3.6,14.7
"2740","Cameroon","Men","1980-1989","All",1214,62,34,5.1,54.8
"2741","Cameroon","Women","1950-1959","All",294,7,0,2.4,0
"2742","Cameroon","Women","1960-1969","All",710,18,6,2.5,33.3
"2743","Cameroon","Women","1970-1979","All",1019,53,34,5.2,64.2
"2744","Cameroon","Women","1980-1989","All",549,55,36,10,65.5
"2745","Canada","Men","1920-1929","All",177,37,8,20.9,21.6
"2746","Canada","Men","1930-1939","All",996,191,59,19.2,30.9
"2747","Canada","Men","1940-1949","All",1582,325,84,20.5,25.8
"2748","Canada","Men","1950-1959","All",1893,452,148,23.9,32.7
"2749","Canada","Men","1960-1969","All",2076,613,213,29.5,34.7
"2750","Canada","Men","1970-1979","All",301,116,46,38.5,39.7
"2751","Canada","Women","1920-1929","All",299,53,24,17.7,45.3
"2752","Canada","Women","1930-1939","All",1349,160,53,11.9,33.1
"2753","Canada","Women","1940-1949","All",2019,303,86,15,28.4
"2754","Canada","Women","1950-1959","All",2385,496,127,20.8,25.6
"2755","Canada","Women","1960-1969","All",2457,582,171,23.7,29.4
"2756","Canada","Women","1970-1979","All",375,101,47,26.9,46.5
"2757","Central African Republic","Men","1940-1949","All",428,36,2,8.4,5.6
"2758","Central African Republic","Men","1950-1959","All",1153,92,13,8,14.1
"2759","Central African Republic","Men","1960-1969","All",7,0,0,0,NA
"2760","Central African Republic","Women","1930-1939","All",93,9,0,9.7,0
"2761","Central African Republic","Women","1940-1949","All",197,13,1,6.6,7.7
"2762","Central African Republic","Women","1950-1959","All",311,36,15,11.6,41.7
"2763","Central African Republic","Women","1960-1969","All",4,1,0,25,0
"2764","Chad","Men","1960-1969","All",1261,13,2,1,15.4
"2765","Chad","Men","1970-1979","All",3581,39,11,1.1,28.2
"2766","Chad","Men","1980-1989","All",164,1,0,0.6,0
"2767","Chad","Women","1950-1959","All",219,2,0,0.9,0
"2768","Chad","Women","1960-1969","All",685,10,3,1.5,30
"2769","Chad","Women","1970-1979","All",1053,26,13,2.5,50
"2770","Chad","Women","1980-1989","All",77,2,1,2.6,50
"2771","Colombia","Men","1960-1969","All",3763,196,95,5.2,48.5
"2772","Colombia","Men","1970-1979","All",8804,505,266,5.7,52.7
"2773","Colombia","Men","1980-1989","All",676,50,31,7.4,62
"2774","Colombia","Women","1950-1959","All",2124,203,104,9.6,51.2
"2775","Colombia","Women","1960-1969","All",6144,705,348,11.5,49.4
"2776","Colombia","Women","1970-1979","All",6259,968,515,15.5,53.2
"2777","Colombia","Women","1980-1989","All",468,82,47,17.5,57.3
"2778","Comoros","Men","1960-1969","All",433,26,0,6,0
"2779","Comoros","Men","1970-1979","All",954,108,33,11.3,30.6
"2780","Comoros","Women","1950-1959","All",100,6,0,6,0
"2781","Comoros","Women","1960-1969","All",280,15,4,5.4,26.7
"2782","Comoros","Women","1970-1979","All",401,56,26,14,46.4
"2783","Congo","Men","1960-1969","All",1468,30,4,2,13.3
"2784","Congo","Men","1970-1979","All",1900,46,10,2.4,21.7
"2785","Congo","Women","1950-1959","All",366,6,3,1.6,50
"2786","Congo","Women","1960-1969","All",903,32,18,3.5,56.2
"2787","Congo","Women","1970-1979","All",915,44,24,4.8,54.5
"2788","Croatia","Men","1930-1939","All",32,3,1,9.4,33.3
"2789","Croatia","Men","1940-1949","All",75,5,3,6.7,60
"2790","Croatia","Men","1950-1959","All",163,23,10,14.1,43.5
"2791","Croatia","Men","1960-1969","All",130,36,17,27.7,47.2
"2792","Croatia","Men","1970-1979","All",109,31,14,28.4,45.2
"2793","Croatia","Men","1980-1989","All",56,24,11,42.9,45.8
"2794","Croatia","Women","1920-1929","All",7,2,1,28.6,50
"2795","Croatia","Women","1930-1939","All",45,8,4,17.8,50
"2796","Croatia","Women","1940-1949","All",135,10,4,7.4,40
"2797","Croatia","Women","1950-1959","All",198,21,6,10.6,28.6
"2798","Croatia","Women","1960-1969","All",197,27,11,13.7,40.7
"2799","Croatia","Women","1970-1979","All",171,22,10,12.9,45.5
"2800","Croatia","Women","1980-1989","All",80,11,6,13.8,54.5
"2801","Cyprus","Men","1920-1929","All",31,2,1,6.5,50
"2802","Cyprus","Men","1930-1939","All",95,4,1,4.2,25
"2803","Cyprus","Men","1940-1949","All",132,5,2,3.8,40
"2804","Cyprus","Men","1950-1959","All",129,10,4,7.8,40
"2805","Cyprus","Men","1960-1969","All",128,14,3,10.9,21.4
"2806","Cyprus","Men","1970-1979","All",71,14,4,19.7,28.6
"2807","Cyprus","Men","1980-1989","All",26,10,5,38.5,50
"2808","Cyprus","Women","1920-1929","All",26,1,1,3.8,100
"2809","Cyprus","Women","1930-1939","All",77,3,1,3.9,33.3
"2810","Cyprus","Women","1940-1949","All",149,21,7,14.1,33.3
"2811","Cyprus","Women","1950-1959","All",189,16,10,8.5,62.5
"2812","Cyprus","Women","1960-1969","All",184,18,9,9.8,50
"2813","Cyprus","Women","1970-1979","All",76,12,4,15.8,33.3
"2814","Cyprus","Women","1980-1989","All",24,6,4,25,66.7
"2815","Czechia","Men","1920-1929","All",166,36,12,21.7,33.3
"2816","Czechia","Men","1930-1939","All",545,102,46,18.7,45.1
"2817","Czechia","Men","1940-1949","All",819,150,73,18.3,48.7
"2818","Czechia","Men","1950-1959","All",958,219,123,22.9,56.2
"2819","Czechia","Men","1960-1969","All",1001,244,139,24.4,57
"2820","Czechia","Men","1970-1979","All",236,53,23,22.5,43.4
"2821","Czechia","Men","1980-1989","All",88,42,17,47.7,40.5
"2822","Czechia","Women","1920-1929","All",260,56,24,21.5,42.9
"2823","Czechia","Women","1930-1939","All",651,97,42,14.9,43.3
"2824","Czechia","Women","1940-1949","All",987,111,41,11.2,36.9
"2825","Czechia","Women","1950-1959","All",1103,112,36,10.2,32.1
"2826","Czechia","Women","1960-1969","All",1100,125,51,11.4,40.8
"2827","Czechia","Women","1970-1979","All",264,32,11,12.1,34.4
"2828","Czechia","Women","1980-1989","All",101,22,7,21.8,31.8
"2829","Democratic Republic of the Congo","Men","1960-1969","All",1593,43,8,2.7,18.6
"2830","Democratic Republic of the Congo","Men","1970-1979","All",3516,112,32,3.2,28.6
"2831","Democratic Republic of the Congo","Women","1950-1959","All",517,9,3,1.7,33.3
"2832","Democratic Republic of the Congo","Women","1960-1969","All",1278,32,10,2.5,31.2
"2833","Democratic Republic of the Congo","Women","1970-1979","All",1477,48,20,3.2,41.7
"2834","Denmark","Men","1910-1919","All",4,0,0,0,NA
"2835","Denmark","Men","1920-1929","All",39,6,0,15.4,0
"2836","Denmark","Men","1930-1939","All",123,8,1,6.5,12.5
"2837","Denmark","Men","1940-1949","All",254,31,7,12.2,22.6
"2838","Denmark","Men","1950-1959","All",281,47,8,16.7,17
"2839","Denmark","Men","1960-1969","All",286,56,11,19.6,19.6
"2840","Denmark","Men","1970-1979","All",145,30,6,20.7,20
"2841","Denmark","Men","1980-1989","All",37,8,1,21.6,12.5
"2842","Denmark","Women","1910-1919","All",7,0,0,0,NA
"2843","Denmark","Women","1920-1929","All",59,9,0,15.3,0
"2844","Denmark","Women","1930-1939","All",107,12,0,11.2,0
"2845","Denmark","Women","1940-1949","All",272,26,1,9.6,3.8
"2846","Denmark","Women","1950-1959","All",252,40,2,15.9,5
"2847","Denmark","Women","1960-1969","All",239,35,4,14.6,11.4
"2848","Denmark","Women","1970-1979","All",156,22,4,14.1,18.2
"2849","Denmark","Women","1980-1989","All",38,6,1,15.8,16.7
"2850","Dominican Republic","Men","1950-1959","All",3245,139,32,4.3,23
"2851","Dominican Republic","Men","1960-1969","All",4476,185,71,4.1,38.4
"2852","Dominican Republic","Women","1940-1949","All",250,18,9,7.2,50
"2853","Dominican Republic","Women","1950-1959","All",431,30,8,7,26.7
"2854","Dominican Republic","Women","1960-1969","All",456,62,23,13.6,37.1
"2855","Estonia","Men","1920-1929","All",149,18,2,12.1,11.1
"2856","Estonia","Men","1930-1939","All",509,50,10,9.8,20
"2857","Estonia","Men","1940-1949","All",636,60,17,9.4,28.3
"2858","Estonia","Men","1950-1959","All",761,80,26,10.5,32.5
"2859","Estonia","Men","1960-1969","All",743,112,43,15.1,38.4
"2860","Estonia","Men","1970-1979","All",194,41,16,21.1,39
"2861","Estonia","Men","1980-1989","All",57,17,4,29.8,23.5
"2862","Estonia","Women","1905-1909","All",1,0,0,0,NA
"2863","Estonia","Women","1910-1919","All",7,1,1,14.3,100
"2864","Estonia","Women","1920-1929","All",423,62,17,14.7,27.4
"2865","Estonia","Women","1930-1939","All",1035,105,31,10.1,29.5
"2866","Estonia","Women","1940-1949","All",1071,83,28,7.7,33.7
"2867","Estonia","Women","1950-1959","All",1276,78,23,6.1,29.5
"2868","Estonia","Women","1960-1969","All",1168,88,36,7.5,40.9
"2869","Estonia","Women","1970-1979","All",219,22,6,10,27.3
"2870","Estonia","Women","1980-1989","All",64,10,3,15.6,30
"2871","Ethiopia","Men","1960-1969","All",494,17,6,3.4,35.3
"2872","Ethiopia","Men","1970-1979","All",2775,137,69,4.9,50.4
"2873","Ethiopia","Men","1980-1989","All",927,57,30,6.1,52.6
"2874","Ethiopia","Women","1950-1959","All",217,6,2,2.8,33.3
"2875","Ethiopia","Women","1960-1969","All",1316,42,17,3.2,40.5
"2876","Ethiopia","Women","1970-1979","All",2412,167,93,6.9,55.7
"2877","Ethiopia","Women","1980-1989","All",626,73,40,11.7,54.8
"2878","Finland","Men","1910-1919","All",8,1,0,12.5,0
"2879","Finland","Men","1920-1929","All",48,2,2,4.2,100
"2880","Finland","Men","1930-1939","All",144,14,4,9.7,28.6
"2881","Finland","Men","1940-1949","All",277,30,9,10.8,30
"2882","Finland","Men","1950-1959","All",323,55,20,17,36.4
"2883","Finland","Men","1960-1969","All",290,63,19,21.7,30.2
"2884","Finland","Men","1970-1979","All",150,38,10,25.3,26.3
"2885","Finland","Men","1980-1989","All",53,16,1,30.2,6.2
"2886","Finland","Women","1905-1909","All",1,0,0,0,NA
"2887","Finland","Women","1910-1919","All",17,2,0,11.8,0
"2888","Finland","Women","1920-1929","All",78,14,8,17.9,57.1
"2889","Finland","Women","1930-1939","All",197,22,10,11.2,45.5
"2890","Finland","Women","1940-1949","All",299,36,11,12,30.6
"2891","Finland","Women","1950-1959","All",316,49,9,15.5,18.4
"2892","Finland","Women","1960-1969","All",293,46,10,15.7,21.7
"2893","Finland","Women","1970-1979","All",148,25,6,16.9,24
"2894","Finland","Women","1980-1989","All",64,12,3,18.8,25
"2895","France","Men","1910-1919","All",7,1,1,14.3,100
"2896","France","Men","1920-1929","All",233,43,15,18.5,34.9
"2897","France","Men","1930-1939","All",702,91,44,13,48.4
"2898","France","Men","1940-1949","All",1039,150,59,14.4,39.3
"2899","France","Men","1950-1959","All",1140,194,60,17,30.9
"2900","France","Men","1960-1969","All",1215,258,93,21.2,36
"2901","France","Men","1970-1979","All",286,69,20,24.1,29
"2902","France","Men","1980-1989","All",70,21,3,30,14.3
"2903","France","Women","1910-1919","All",8,0,0,0,NA
"2904","France","Women","1920-1929","All",325,60,22,18.5,36.7
"2905","France","Women","1930-1939","All",924,117,47,12.7,40.2
"2906","France","Women","1940-1949","All",1201,160,54,13.3,33.8
"2907","France","Women","1950-1959","All",1465,191,67,13,35.1
"2908","France","Women","1960-1969","All",1472,226,74,15.4,32.7
"2909","France","Women","1970-1979","All",313,50,12,16,24
"2910","France","Women","1980-1989","All",77,13,0,16.9,0
"2911","Gabon","Men","1960-1969","All",1232,55,7,4.5,12.7
"2912","Gabon","Men","1970-1979","All",1386,62,16,4.5,25.8
"2913","Gabon","Women","1950-1959","All",445,12,5,2.7,41.7
"2914","Gabon","Women","1960-1969","All",1017,45,11,4.4,24.4
"2915","Gabon","Women","1970-1979","All",922,90,42,9.8,46.7
"2916","Gambia","Men","1970-1979","All",1733,43,3,2.5,7
"2917","Gambia","Men","1980-1989","All",1543,59,15,3.8,25.4
"2918","Gambia","Women","1960-1969","All",417,12,5,2.9,41.7
"2919","Gambia","Women","1970-1979","All",725,39,25,5.4,64.1
"2920","Gambia","Women","1980-1989","All",524,71,47,13.5,66.2
"2921","Georgia","Men","1920-1929","All",121,5,2,4.1,40
"2922","Georgia","Men","1930-1939","All",509,29,14,5.7,48.3
"2923","Georgia","Men","1940-1949","All",476,28,8,5.9,28.6
"2924","Georgia","Men","1950-1959","All",794,58,40,7.3,69
"2925","Georgia","Men","1960-1969","All",919,132,97,14.4,73.5
"2926","Georgia","Men","1970-1979","All",110,37,26,33.6,70.3
"2927","Georgia","Women","1920-1929","All",218,37,23,17,62.2
"2928","Georgia","Women","1930-1939","All",729,89,51,12.2,57.3
"2929","Georgia","Women","1940-1949","All",718,88,58,12.3,65.9
"2930","Georgia","Women","1950-1959","All",1019,101,70,9.9,69.3
"2931","Georgia","Women","1960-1969","All",1146,155,121,13.5,78.1
"2932","Georgia","Women","1970-1979","All",174,23,15,13.2,65.2
"2933","Germany","Men","1910-1919","All",7,1,0,14.3,0
"2934","Germany","Men","1920-1929","All",248,45,13,18.1,28.9
"2935","Germany","Men","1930-1939","All",898,181,43,20.2,23.8
"2936","Germany","Men","1940-1949","All",1142,256,58,22.4,22.7
"2937","Germany","Men","1950-1959","All",1283,300,96,23.4,32
"2938","Germany","Men","1960-1969","All",1464,451,186,30.8,41.2
"2939","Germany","Men","1970-1979","All",2431,727,283,29.9,38.9
"2940","Germany","Men","1980-1989","All",63,30,3,47.6,10
"2941","Germany","Women","1910-1919","All",20,3,1,15,33.3
"2942","Germany","Women","1920-1929","All",357,94,55,26.3,58.5
"2943","Germany","Women","1930-1939","All",871,173,74,19.9,42.8
"2944","Germany","Women","1940-1949","All",1082,187,33,17.3,17.6
"2945","Germany","Women","1950-1959","All",1496,226,55,15.1,24.3
"2946","Germany","Women","1960-1969","All",1779,272,85,15.3,31.2
"2947","Germany","Women","1970-1979","All",2850,470,124,16.5,26.4
"2948","Germany","Women","1980-1989","All",65,14,2,21.5,14.3
"2949","Ghana","Men","1960-1969","All",882,16,2,1.8,12.5
"2950","Ghana","Men","1970-1979","All",2280,80,22,3.5,27.5
"2951","Ghana","Women","1950-1959","All",235,4,1,1.7,25
"2952","Ghana","Women","1960-1969","All",668,21,16,3.1,76.2
"2953","Ghana","Women","1970-1979","All",902,63,34,7,54
"2954","Guatemala","Men","1960-1969","All",2064,102,71,4.9,69.6
"2955","Guatemala","Men","1970-1979","All",5560,369,280,6.6,75.9
"2956","Guatemala","Men","1980-1989","All",115,16,11,13.9,68.8
"2957","Guatemala","Women","1950-1959","All",589,24,13,4.1,54.2
"2958","Guatemala","Women","1960-1969","All",1487,78,47,5.2,60.3
"2959","Guatemala","Women","1970-1979","All",1973,193,128,9.8,66.3
"2960","Guatemala","Women","1980-1989","All",46,5,4,10.9,80
"2961","Guinea","Men","1960-1969","All",177,9,2,5.1,22.2
"2962","Guinea","Men","1970-1979","All",1996,84,9,4.2,10.7
"2963","Guinea","Men","1980-1989","All",1080,54,9,5,16.7
"2964","Guinea","Women","1950-1959","All",39,0,0,0,NA
"2965","Guinea","Women","1960-1969","All",553,11,5,2,45.5
"2966","Guinea","Women","1970-1979","All",782,32,14,4.1,43.8
"2967","Guinea","Women","1980-1989","All",365,45,24,12.3,53.3
"2968","Guyana","Men","1950-1959","All",53,3,3,5.7,100
"2969","Guyana","Men","1960-1969","All",1212,81,39,6.7,48.1
"2970","Guyana","Men","1970-1979","All",619,43,24,6.9,55.8
"2971","Guyana","Women","1950-1959","All",48,3,1,6.2,33.3
"2972","Guyana","Women","1960-1969","All",883,102,48,11.6,47.1
"2973","Guyana","Women","1970-1979","All",422,62,33,14.7,53.2
"2974","Haiti","Men","1950-1959","All",516,0,0,0,NA
"2975","Haiti","Men","1960-1969","All",1288,26,7,2,26.9
"2976","Haiti","Men","1970-1979","All",2750,157,70,5.7,44.6
"2977","Haiti","Men","1980-1989","All",758,61,34,8,55.7
"2978","Haiti","Women","1950-1959","All",1230,28,14,2.3,50
"2979","Haiti","Women","1960-1969","All",1950,64,34,3.3,53.1
"2980","Haiti","Women","1970-1979","All",2287,148,96,6.5,64.9
"2981","Haiti","Women","1980-1989","All",572,73,47,12.8,64.4
"2982","Honduras","Men","1960-1969","All",3029,128,78,4.2,60.9
"2983","Honduras","Men","1970-1979","All",3644,164,102,4.5,62.2
"2984","Honduras","Women","1950-1959","All",712,35,16,4.9,45.7
"2985","Honduras","Women","1960-1969","All",1175,77,40,6.6,51.9
"2986","Honduras","Women","1970-1979","All",1182,119,62,10.1,52.1
"2987","Hungary","Men","1910-1919","All",6,1,0,16.7,0
"2988","Hungary","Men","1920-1929","All",232,25,3,10.8,12
"2989","Hungary","Men","1930-1939","All",806,85,16,10.5,18.8
"2990","Hungary","Men","1940-1949","All",1201,129,26,10.7,20.2
"2991","Hungary","Men","1950-1959","All",1451,185,84,12.7,45.4
"2992","Hungary","Men","1960-1969","All",1174,246,118,21,48
"2993","Hungary","Men","1970-1979","All",167,54,24,32.3,44.4
"2994","Hungary","Men","1980-1989","All",60,20,12,33.3,60
"2995","Hungary","Women","1910-1919","All",7,2,0,28.6,0
"2996","Hungary","Women","1920-1929","All",446,72,17,16.1,23.6
"2997","Hungary","Women","1930-1939","All",1325,141,33,10.6,23.4
"2998","Hungary","Women","1940-1949","All",1636,144,35,8.8,24.3
"2999","Hungary","Women","1950-1959","All",1808,147,40,8.1,27.2
"3000","Hungary","Women","1960-1969","All",1427,127,46,8.9,36.2
"3001","Hungary","Women","1970-1979","All",198,45,18,22.7,40
"3002","Hungary","Women","1980-1989","All",57,17,3,29.8,17.6
"3003","Iceland","Men","1920-1929","All",4,2,2,50,100
"3004","Iceland","Men","1930-1939","All",15,2,1,13.3,50
"3005","Iceland","Men","1940-1949","All",47,3,2,6.4,66.7
"3006","Iceland","Men","1950-1959","All",79,4,3,5.1,75
"3007","Iceland","Men","1960-1969","All",87,8,5,9.2,62.5
"3008","Iceland","Men","1970-1979","All",60,5,1,8.3,20
"3009","Iceland","Men","1980-1989","All",35,2,0,5.7,0
"3010","Iceland","Women","1920-1929","All",4,0,0,0,NA
"3011","Iceland","Women","1930-1939","All",17,0,0,0,NA
"3012","Iceland","Women","1940-1949","All",53,1,0,1.9,0
"3013","Iceland","Women","1950-1959","All",75,2,0,2.7,0
"3014","Iceland","Women","1960-1969","All",76,7,1,9.2,14.3
"3015","Iceland","Women","1970-1979","All",73,7,2,9.6,28.6
"3016","Iceland","Women","1980-1989","All",34,1,0,2.9,0
"3017","India","Men","1960-1969","All",51496,1868,540,3.6,28.9
"3018","India","Men","1970-1979","All",162994,6790,2370,4.2,34.9
"3019","India","Men","1980-1989","All",25239,1537,608,6.1,39.6
"3020","India","Women","1960-1969","All",16157,1050,233,6.5,22.2
"3021","India","Women","1970-1979","All",25149,2265,816,9,36
"3022","India","Women","1980-1989","All",4313,515,215,11.9,41.7
"3023","Indonesia","Men","1960-1969","All",2770,168,66,6.1,39.3
"3024","Indonesia","Men","1970-1979","All",13879,866,379,6.2,43.8
"3025","Indonesia","Men","1980-1989","All",4210,278,121,6.6,43.5
"3026","Indonesia","Women","1960-1969","All",2322,50,0,2.2,0
"3027","Indonesia","Women","1970-1979","All",3575,137,0,3.8,0
"3028","Indonesia","Women","1980-1989","All",1043,56,0,5.4,0
"3029","Ireland","Men","1910-1919","All",4,0,0,0,NA
"3030","Ireland","Men","1920-1929","All",46,13,9,28.3,69.2
"3031","Ireland","Men","1930-1939","All",154,37,24,24,64.9
"3032","Ireland","Men","1940-1949","All",263,59,35,22.4,59.3
"3033","Ireland","Men","1950-1959","All",306,81,58,26.5,71.6
"3034","Ireland","Men","1960-1969","All",323,110,64,34.1,58.2
"3035","Ireland","Men","1970-1979","All",187,55,20,29.4,36.4
"3036","Ireland","Men","1980-1989","All",83,36,13,43.4,36.1
"3037","Ireland","Women","1905-1909","All",1,1,0,100,0
"3038","Ireland","Women","1910-1919","All",2,1,0,50,0
"3039","Ireland","Women","1920-1929","All",46,10,6,21.7,60
"3040","Ireland","Women","1930-1939","All",125,20,10,16,50
"3041","Ireland","Women","1940-1949","All",260,40,28,15.4,70
"3042","Ireland","Women","1950-1959","All",331,65,36,19.6,55.4
"3043","Ireland","Women","1960-1969","All",380,62,36,16.3,58.1
"3044","Ireland","Women","1970-1979","All",269,48,9,17.8,18.8
"3045","Ireland","Women","1980-1989","All",119,25,12,21,48
"3046","Ireland",NA,"1920-1929","All",1,1,0,100,0
"3047","Ireland",NA,"1930-1939","All",5,1,1,20,100
"3048","Ireland",NA,"1940-1949","All",5,0,0,0,NA
"3049","Ireland",NA,"1950-1959","All",4,1,0,25,0
"3050","Ireland",NA,"1960-1969","All",2,1,0,50,0
"3051","Italy","Men","1920-1929","All",5,0,0,0,NA
"3052","Italy","Men","1930-1939","All",74,4,1,5.4,25
"3053","Italy","Men","1940-1949","All",154,18,7,11.7,38.9
"3054","Italy","Men","1950-1959","All",197,32,12,16.2,37.5
"3055","Italy","Men","1960-1969","All",227,66,25,29.1,37.9
"3056","Italy","Men","1970-1979","All",222,84,43,37.8,51.2
"3057","Italy","Men","1980-1989","All",83,46,24,55.4,52.2
"3058","Italy","Women","1920-1929","All",22,2,1,9.1,50
"3059","Italy","Women","1930-1939","All",117,6,2,5.1,33.3
"3060","Italy","Women","1940-1949","All",186,24,12,12.9,50
"3061","Italy","Women","1950-1959","All",220,36,11,16.4,30.6
"3062","Italy","Women","1960-1969","All",270,72,24,26.7,33.3
"3063","Italy","Women","1970-1979","All",219,59,28,26.9,47.5
"3064","Italy","Women","1980-1989","All",82,36,12,43.9,33.3
"3065","Ivory Coast","Men","1960-1969","All",1108,32,9,2.9,28.1
"3066","Ivory Coast","Men","1970-1979","All",1627,60,23,3.7,38.3
"3067","Ivory Coast","Women","1950-1959","All",334,3,1,0.9,33.3
"3068","Ivory Coast","Women","1960-1969","All",753,22,9,2.9,40.9
"3069","Ivory Coast","Women","1970-1979","All",792,51,32,6.4,62.7
"3070","Kazakhstan","Men","1940-1949","All",17,0,0,0,NA
"3071","Kazakhstan","Men","1950-1959","All",1252,75,50,6,66.7
"3072","Kazakhstan","Men","1960-1969","All",710,39,24,5.5,61.5
"3073","Kazakhstan","Women","1930-1939","All",5,0,0,0,NA
"3074","Kazakhstan","Women","1940-1949","All",170,5,1,2.9,20
"3075","Kazakhstan","Women","1950-1959","All",308,16,10,5.2,62.5
"3076","Kazakhstan","Women","1960-1969","All",199,15,9,7.5,60
"3077","Kenya","Men","1960-1969","All",2520,45,13,1.8,28.9
"3078","Kenya","Men","1970-1979","All",6685,147,70,2.2,47.6
"3079","Kenya","Women","1950-1959","All",43,0,0,0,NA
"3080","Kenya","Women","1960-1969","All",1725,51,30,3,58.8
"3081","Kenya","Women","1970-1979","All",2616,145,93,5.5,64.1
"3082","Kyrgyzstan","Men","1960-1969","All",1309,35,12,2.7,34.3
"3083","Kyrgyzstan","Men","1970-1979","All",1466,48,16,3.3,33.3
"3084","Kyrgyzstan","Women","1960-1969","All",387,9,4,2.3,44.4
"3085","Kyrgyzstan","Women","1970-1979","All",494,24,9,4.9,37.5
"3086","Latvia","Men","1920-1929","All",1,0,0,0,NA
"3087","Latvia","Men","1930-1939","All",18,1,0,5.6,0
"3088","Latvia","Men","1940-1949","All",38,5,1,13.2,20
"3089","Latvia","Men","1950-1959","All",49,4,2,8.2,50
"3090","Latvia","Men","1960-1969","All",60,8,1,13.3,12.5
"3091","Latvia","Men","1970-1979","All",53,14,4,26.4,28.6
"3092","Latvia","Men","1980-1989","All",17,5,2,29.4,40
"3093","Latvia","Women","1920-1929","All",7,1,0,14.3,0
"3094","Latvia","Women","1930-1939","All",58,9,3,15.5,33.3
"3095","Latvia","Women","1940-1949","All",109,4,1,3.7,25
"3096","Latvia","Women","1950-1959","All",134,13,2,9.7,15.4
"3097","Latvia","Women","1960-1969","All",119,9,4,7.6,44.4
"3098","Latvia","Women","1970-1979","All",86,11,5,12.8,45.5
"3099","Latvia","Women","1980-1989","All",31,5,1,16.1,20
"3100","Lesotho","Men","1960-1969","All",504,22,6,4.4,27.3
"3101","Lesotho","Men","1970-1979","All",1296,55,16,4.2,29.1
"3102","Lesotho","Women","1950-1959","All",141,9,4,6.4,44.4
"3103","Lesotho","Women","1960-1969","All",334,32,18,9.6,56.2
"3104","Lesotho","Women","1970-1979","All",493,86,64,17.4,74.4
"3105","Liberia","Men","1960-1969","All",10,0,0,0,NA
"3106","Liberia","Men","1970-1979","All",1569,14,4,0.9,28.6
"3107","Liberia","Men","1980-1989","All",1108,14,4,1.3,28.6
"3108","Liberia","Women","1950-1959","All",3,0,0,0,NA
"3109","Liberia","Women","1960-1969","All",487,5,3,1,60
"3110","Liberia","Women","1970-1979","All",841,11,6,1.3,54.5
"3111","Liberia","Women","1980-1989","All",496,5,3,1,60
"3112","Lithuania","Men","1920-1929","All",162,37,16,22.8,43.2
"3113","Lithuania","Men","1930-1939","All",759,137,53,18.1,38.7
"3114","Lithuania","Men","1940-1949","All",720,110,42,15.3,38.2
"3115","Lithuania","Men","1950-1959","All",1000,152,75,15.2,49.3
"3116","Lithuania","Men","1960-1969","All",1006,144,79,14.3,54.9
"3117","Lithuania","Men","1970-1979","All",219,47,28,21.5,59.6
"3118","Lithuania","Men","1980-1989","All",20,9,2,45,22.2
"3119","Lithuania","Women","1920-1929","All",160,48,28,30,58.3
"3120","Lithuania","Women","1930-1939","All",904,170,89,18.8,52.4
"3121","Lithuania","Women","1940-1949","All",1017,131,66,12.9,50.4
"3122","Lithuania","Women","1950-1959","All",1097,143,73,13,51
"3123","Lithuania","Women","1960-1969","All",1170,116,61,9.9,52.6
"3124","Lithuania","Women","1970-1979","All",281,35,23,12.5,65.7
"3125","Lithuania","Women","1980-1989","All",61,9,2,14.8,22.2
"3126","Madagascar","Men","1950-1959","All",186,10,1,5.4,10
"3127","Madagascar","Men","1960-1969","All",3282,168,33,5.1,19.6
"3128","Madagascar","Men","1970-1979","All",1746,69,18,4,26.1
"3129","Madagascar","Women","1940-1949","All",42,1,0,2.4,0
"3130","Madagascar","Women","1950-1959","All",976,32,8,3.3,25
"3131","Madagascar","Women","1960-1969","All",1468,65,19,4.4,29.2
"3132","Madagascar","Women","1970-1979","All",787,55,22,7,40
"3133","Malawi","Men","1960-1969","All",1127,15,0,1.3,0
"3134","Malawi","Men","1970-1979","All",4604,61,10,1.3,16.4
"3135","Malawi","Men","1980-1989","All",840,16,7,1.9,43.8
"3136","Malawi","Women","1960-1969","All",676,12,6,1.8,50
"3137","Malawi","Women","1970-1979","All",1366,36,19,2.6,52.8
"3138","Malawi","Women","1980-1989","All",235,3,2,1.3,66.7
"3139","Maldives","Men","1960-1969","All",361,16,3,4.4,18.8
"3140","Maldives","Men","1970-1979","All",1766,77,21,4.4,27.3
"3141","Maldives","Men","1980-1989","All",559,35,7,6.3,20
"3142","Maldives","Women","1960-1969","All",204,15,5,7.4,33.3
"3143","Maldives","Women","1970-1979","All",919,89,33,9.7,37.1
"3144","Maldives","Women","1980-1989","All",240,35,11,14.6,31.4
"3145","Mali","Men","1960-1969","All",123,3,0,2.4,0
"3146","Mali","Men","1970-1979","All",1723,50,8,2.9,16
"3147","Mali","Men","1980-1989","All",995,39,5,3.9,12.8
"3148","Mali","Women","1950-1959","All",38,1,0,2.6,0
"3149","Mali","Women","1960-1969","All",629,10,2,1.6,20
"3150","Mali","Women","1970-1979","All",910,24,7,2.6,29.2
"3151","Mali","Women","1980-1989","All",427,30,9,7,30
"3152","Mauritania","Men","1950-1959","All",874,61,17,7,27.9
"3153","Mauritania","Men","1960-1969","All",1178,102,49,8.7,48
"3154","Mauritania","Women","1940-1949","All",140,5,1,3.6,20
"3155","Mauritania","Women","1950-1959","All",334,14,6,4.2,42.9
"3156","Mauritania","Women","1960-1969","All",329,57,39,17.3,68.4
"3157","Montenegro","Men","1920-1929","All",1,0,0,0,NA
"3158","Montenegro","Men","1930-1939","All",18,3,2,16.7,66.7
"3159","Montenegro","Men","1940-1949","All",40,6,2,15,33.3
"3160","Montenegro","Men","1950-1959","All",118,15,10,12.7,66.7
"3161","Montenegro","Men","1960-1969","All",116,33,27,28.4,81.8
"3162","Montenegro","Men","1970-1979","All",113,37,22,32.7,59.5
"3163","Montenegro","Men","1980-1989","All",50,25,20,50,80
"3164","Montenegro","Women","1930-1939","All",24,2,2,8.3,100
"3165","Montenegro","Women","1940-1949","All",58,7,4,12.1,57.1
"3166","Montenegro","Women","1950-1959","All",95,12,8,12.6,66.7
"3167","Montenegro","Women","1960-1969","All",114,18,13,15.8,72.2
"3168","Montenegro","Women","1970-1979","All",98,18,15,18.4,83.3
"3169","Montenegro","Women","1980-1989","All",46,10,7,21.7,70
"3170","Mozambique","Men","1960-1969","All",1740,72,9,4.1,12.5
"3171","Mozambique","Men","1970-1979","All",2157,93,16,4.3,17.2
"3172","Mozambique","Women","1940-1949","All",80,1,0,1.2,0
"3173","Mozambique","Women","1950-1959","All",359,9,0,2.5,0
"3174","Mozambique","Women","1960-1969","All",481,18,5,3.7,27.8
"3175","Mozambique","Women","1970-1979","All",561,19,8,3.4,42.1
"3176","Myanmar","Men","1960-1969","All",1185,188,151,15.9,80.3
"3177","Myanmar","Men","1970-1979","All",3647,636,507,17.4,79.7
"3178","Myanmar","Men","1980-1989","All",473,113,80,23.9,70.8
"3179","Myanmar","Women","1960-1969","All",419,31,15,7.4,48.4
"3180","Myanmar","Women","1970-1979","All",1324,184,107,13.9,58.2
"3181","Myanmar","Women","1980-1989","All",175,44,24,25.1,54.5
"3182","Namibia","Men","1940-1949","All",42,0,0,0,NA
"3183","Namibia","Men","1950-1959","All",512,0,0,0,NA
"3184","Namibia","Men","1960-1969","All",1281,51,29,4,56.9
"3185","Namibia","Men","1970-1979","All",1846,98,57,5.3,58.2
"3186","Namibia","Women","1940-1949","All",29,0,0,0,NA
"3187","Namibia","Women","1950-1959","All",334,0,0,0,NA
"3188","Namibia","Women","1960-1969","All",581,43,28,7.4,65.1
"3189","Namibia","Women","1970-1979","All",754,98,79,13,80.6
"3190","Nepal","Men","1960-1969","All",712,21,7,2.9,33.3
"3191","Nepal","Men","1970-1979","All",2839,67,24,2.4,35.8
"3192","Nepal","Men","1980-1989","All",500,15,5,3,33.3
"3193","Nepal","Women","1960-1969","All",291,2,0,0.7,0
"3194","Nepal","Women","1970-1979","All",934,17,4,1.8,23.5
"3195","Nepal","Women","1980-1989","All",187,12,7,6.4,58.3
"3196","Netherlands","Men","1910-1919","All",6,0,0,0,NA
"3197","Netherlands","Men","1920-1929","All",48,9,2,18.8,22.2
"3198","Netherlands","Men","1930-1939","All",419,43,13,10.3,30.2
"3199","Netherlands","Men","1940-1949","All",1964,259,68,13.2,26.3
"3200","Netherlands","Men","1950-1959","All",2142,408,99,19,24.3
"3201","Netherlands","Men","1960-1969","All",2102,535,169,25.5,31.6
"3202","Netherlands","Men","1970-1979","All",892,246,71,27.6,28.9
"3203","Netherlands","Men","1980-1989","All",38,16,3,42.1,18.8
"3204","Netherlands","Women","1910-1919","All",13,2,2,15.4,100
"3205","Netherlands","Women","1920-1929","All",80,13,7,16.2,53.8
"3206","Netherlands","Women","1930-1939","All",463,60,25,13,41.7
"3207","Netherlands","Women","1940-1949","All",1856,213,57,11.5,26.8
"3208","Netherlands","Women","1950-1959","All",2363,348,56,14.7,16.1
"3209","Netherlands","Women","1960-1969","All",2299,376,76,16.4,20.2
"3210","Netherlands","Women","1970-1979","All",899,173,38,19.2,22
"3211","Netherlands","Women","1980-1989","All",46,6,2,13,33.3
"3212","Nicaragua","Men","1940-1949","All",294,8,5,2.7,62.5
"3213","Nicaragua","Men","1950-1959","All",2441,87,52,3.6,59.8
"3214","Nicaragua","Men","1960-1969","All",1072,47,27,4.4,57.4
"3215","Nicaragua","Women","1930-1939","All",26,0,0,0,NA
"3216","Nicaragua","Women","1940-1949","All",284,19,9,6.7,47.4
"3217","Nicaragua","Women","1950-1959","All",491,19,11,3.9,57.9
"3218","Nicaragua","Women","1960-1969","All",187,12,6,6.4,50
"3219","Niger","Men","1960-1969","All",1103,17,3,1.5,17.6
"3220","Niger","Men","1970-1979","All",2057,54,19,2.6,35.2
"3221","Niger","Women","1950-1959","All",305,3,1,1,33.3
"3222","Niger","Women","1960-1969","All",717,10,5,1.4,50
"3223","Niger","Women","1970-1979","All",782,42,18,5.4,42.9
"3224","Nigeria","Men","1960-1969","All",803,27,3,3.4,11.1
"3225","Nigeria","Men","1970-1979","All",7914,286,97,3.6,33.9
"3226","Nigeria","Men","1980-1989","All",4637,209,101,4.5,48.3
"3227","Nigeria","Women","1950-1959","All",82,2,1,2.4,50
"3228","Nigeria","Women","1960-1969","All",1512,29,12,1.9,41.4
"3229","Nigeria","Women","1970-1979","All",2784,119,61,4.3,51.3
"3230","Nigeria","Women","1980-1989","All",1545,143,89,9.3,62.2
"3231","Norway","Men","1910-1919","All",10,2,1,20,50
"3232","Norway","Men","1920-1929","All",181,21,8,11.6,38.1
"3233","Norway","Men","1930-1939","All",815,105,37,12.9,35.2
"3234","Norway","Men","1940-1949","All",1468,167,50,11.4,29.9
"3235","Norway","Men","1950-1959","All",1604,232,63,14.5,27.2
"3236","Norway","Men","1960-1969","All",1772,323,102,18.2,31.6
"3237","Norway","Men","1970-1979","All",592,143,46,24.2,32.2
"3238","Norway","Men","1980-1989","All",60,19,4,31.7,21.1
"3239","Norway","Women","1905-1909","All",2,1,1,50,100
"3240","Norway","Women","1910-1919","All",15,4,3,26.7,75
"3241","Norway","Women","1920-1929","All",219,40,14,18.3,35
"3242","Norway","Women","1930-1939","All",834,98,28,11.8,28.6
"3243","Norway","Women","1940-1949","All",1347,154,39,11.4,25.3
"3244","Norway","Women","1950-1959","All",1660,195,33,11.7,16.9
"3245","Norway","Women","1960-1969","All",1831,222,55,12.1,24.8
"3246","Norway","Women","1970-1979","All",613,92,25,15,27.2
"3247","Norway","Women","1980-1989","All",39,8,1,20.5,12.5
"3248","Peru","Men","1940-1949","All",1287,55,35,4.3,63.6
"3249","Peru","Men","1950-1959","All",6110,271,178,4.4,65.7
"3250","Peru","Men","1960-1969","All",1337,76,58,5.7,76.3
"3251","Peru","Women","1930-1939","All",61,2,1,3.3,50
"3252","Peru","Women","1940-1949","All",303,16,5,5.3,31.2
"3253","Peru","Women","1950-1959","All",478,43,24,9,55.8
"3254","Peru","Women","1960-1969","All",99,11,8,11.1,72.7
"3255","Philippines","Men","1950-1959","All",1768,111,64,6.3,57.7
"3256","Philippines","Men","1960-1969","All",3008,266,169,8.8,63.5
"3257","Philippines","Women","1940-1949","All",84,2,2,2.4,100
"3258","Philippines","Women","1950-1959","All",796,66,36,8.3,54.5
"3259","Philippines","Women","1960-1969","All",937,122,75,13,61.5
"3260","Poland","Men","1920-1929","All",26,2,0,7.7,0
"3261","Poland","Men","1930-1939","All",911,92,35,10.1,38
"3262","Poland","Men","1940-1949","All",1543,180,83,11.7,46.1
"3263","Poland","Men","1950-1959","All",2097,350,209,16.7,59.7
"3264","Poland","Men","1960-1969","All",1455,255,172,17.5,67.5
"3265","Poland","Men","1970-1979","All",974,206,119,21.1,57.8
"3266","Poland","Men","1980-1989","All",53,18,11,34,61.1
"3267","Poland","Women","1920-1929","All",57,5,1,8.8,20
"3268","Poland","Women","1930-1939","All",1654,171,55,10.3,32.2
"3269","Poland","Women","1940-1949","All",2238,232,103,10.4,44.4
"3270","Poland","Women","1950-1959","All",2825,291,135,10.3,46.4
"3271","Poland","Women","1960-1969","All",1798,180,105,10,58.3
"3272","Poland","Women","1970-1979","All",1256,145,72,11.5,49.7
"3273","Poland","Women","1980-1989","All",63,9,3,14.3,33.3
"3274","Portugal","Men","1910-1919","All",11,0,0,0,NA
"3275","Portugal","Men","1920-1929","All",65,5,1,7.7,20
"3276","Portugal","Men","1930-1939","All",149,5,0,3.4,0
"3277","Portugal","Men","1940-1949","All",208,16,5,7.7,31.2
"3278","Portugal","Men","1950-1959","All",189,26,13,13.8,50
"3279","Portugal","Men","1960-1969","All",216,44,24,20.4,54.5
"3280","Portugal","Men","1970-1979","All",107,25,5,23.4,20
"3281","Portugal","Men","1980-1989","All",31,12,5,38.7,41.7
"3282","Portugal","Women","1910-1919","All",8,1,0,12.5,0
"3283","Portugal","Women","1920-1929","All",130,19,7,14.6,36.8
"3284","Portugal","Women","1930-1939","All",249,30,13,12,43.3
"3285","Portugal","Women","1940-1949","All",335,34,11,10.1,32.4
"3286","Portugal","Women","1950-1959","All",295,40,14,13.6,35
"3287","Portugal","Women","1960-1969","All",323,46,17,14.2,37
"3288","Portugal","Women","1970-1979","All",160,28,12,17.5,42.9
"3289","Portugal","Women","1980-1989","All",47,6,1,12.8,16.7
"3290","Republic of Moldova","Men","1950-1959","All",1008,42,8,4.2,19
"3291","Republic of Moldova","Men","1960-1969","All",1886,93,26,4.9,28
"3292","Republic of Moldova","Men","1970-1979","All",116,5,1,4.3,20
"3293","Republic of Moldova","Women","1940-1949","All",177,11,3,6.2,27.3
"3294","Republic of Moldova","Women","1950-1959","All",631,31,12,4.9,38.7
"3295","Republic of Moldova","Women","1960-1969","All",499,50,13,10,26
"3296","Republic of Moldova","Women","1970-1979","All",34,3,1,8.8,33.3
"3297","Romania","Men","1920-1929","All",247,37,7,15,18.9
"3298","Romania","Men","1930-1939","All",832,128,24,15.4,18.8
"3299","Romania","Men","1940-1949","All",984,174,46,17.7,26.4
"3300","Romania","Men","1950-1959","All",1225,204,74,16.7,36.3
"3301","Romania","Men","1960-1969","All",1163,210,90,18.1,42.9
"3302","Romania","Men","1970-1979","All",136,45,27,33.1,60
"3303","Romania","Women","1920-1929","All",281,49,14,17.4,28.6
"3304","Romania","Women","1930-1939","All",1071,160,34,14.9,21.2
"3305","Romania","Women","1940-1949","All",1026,130,22,12.7,16.9
"3306","Romania","Women","1950-1959","All",1213,114,18,9.4,15.8
"3307","Romania","Women","1960-1969","All",1050,105,39,10,37.1
"3308","Romania","Women","1970-1979","All",118,11,7,9.3,63.6
"3309","Russia","Men","1910-1919","All",2,0,0,0,NA
"3310","Russia","Men","1920-1929","All",212,18,1,8.5,5.6
"3311","Russia","Men","1930-1939","All",557,52,7,9.3,13.5
"3312","Russia","Men","1940-1949","All",598,48,6,8,12.5
"3313","Russia","Men","1950-1959","All",900,73,23,8.1,31.5
"3314","Russia","Men","1960-1969","All",965,142,61,14.7,43
"3315","Russia","Men","1970-1979","All",27,5,2,18.5,40
"3316","Russia","Women","1910-1919","All",10,3,1,30,33.3
"3317","Russia","Women","1920-1929","All",527,80,27,15.2,33.8
"3318","Russia","Women","1930-1939","All",1306,105,24,8,22.9
"3319","Russia","Women","1940-1949","All",1117,108,34,9.7,31.5
"3320","Russia","Women","1950-1959","All",1615,112,38,6.9,33.9
"3321","Russia","Women","1960-1969","All",1355,97,38,7.2,39.2
"3322","Russia","Women","1970-1979","All",56,6,3,10.7,50
"3323","Rwanda","Men","1960-1969","All",1,0,0,0,NA
"3324","Rwanda","Men","1970-1979","All",2521,75,41,3,54.7
"3325","Rwanda","Men","1980-1989","All",2238,88,59,3.9,67
"3326","Rwanda","Women","1960-1969","All",644,18,11,2.8,61.1
"3327","Rwanda","Women","1970-1979","All",973,24,12,2.5,50
"3328","Rwanda","Women","1980-1989","All",857,55,32,6.4,58.2
"3329","Sao Tome and Principe","Men","1950-1959","All",39,1,1,2.6,100
"3330","Sao Tome and Principe","Men","1960-1969","All",529,4,0,0.8,0
"3331","Sao Tome and Principe","Men","1970-1979","All",220,2,0,0.9,0
"3332","Sao Tome and Principe","Women","1940-1949","All",17,0,0,0,NA
"3333","Sao Tome and Principe","Women","1950-1959","All",235,8,6,3.4,75
"3334","Sao Tome and Principe","Women","1960-1969","All",392,25,13,6.4,52
"3335","Sao Tome and Principe","Women","1970-1979","All",195,16,10,8.2,62.5
"3336","Senegal","Men","1960-1969","All",125,3,1,2.4,33.3
"3337","Senegal","Men","1970-1979","All",1572,77,26,4.9,33.8
"3338","Senegal","Men","1980-1989","All",912,59,15,6.5,25.4
"3339","Senegal","Women","1950-1959","All",26,0,0,0,NA
"3340","Senegal","Women","1960-1969","All",387,18,7,4.7,38.9
"3341","Senegal","Women","1970-1979","All",590,44,27,7.5,61.4
"3342","Senegal","Women","1980-1989","All",310,66,32,21.3,48.5
"3343","Serbia","Men","1920-1929","All",5,0,0,0,NA
"3344","Serbia","Men","1930-1939","All",62,3,0,4.8,0
"3345","Serbia","Men","1940-1949","All",128,14,5,10.9,35.7
"3346","Serbia","Men","1950-1959","All",220,29,14,13.2,48.3
"3347","Serbia","Men","1960-1969","All",183,41,19,22.4,46.3
"3348","Serbia","Men","1970-1979","All",143,34,18,23.8,52.9
"3349","Serbia","Men","1980-1989","All",55,24,15,43.6,62.5
"3350","Serbia","Women","1920-1929","All",8,3,2,37.5,66.7
"3351","Serbia","Women","1930-1939","All",75,8,1,10.7,12.5
"3352","Serbia","Women","1940-1949","All",175,16,4,9.1,25
"3353","Serbia","Women","1950-1959","All",214,18,4,8.4,22.2
"3354","Serbia","Women","1960-1969","All",184,20,4,10.9,20
"3355","Serbia","Women","1970-1979","All",165,28,13,17,46.4
"3356","Serbia","Women","1980-1989","All",55,10,6,18.2,60
"3357","Sierra Leone","Men","1960-1969","All",41,0,0,0,NA
"3358","Sierra Leone","Men","1970-1979","All",2733,43,7,1.6,16.3
"3359","Sierra Leone","Men","1980-1989","All",2156,51,13,2.4,25.5
"3360","Sierra Leone","Women","1950-1959","All",19,0,0,0,NA
"3361","Sierra Leone","Women","1960-1969","All",842,7,3,0.8,42.9
"3362","Sierra Leone","Women","1970-1979","All",1333,23,14,1.7,60.9
"3363","Sierra Leone","Women","1980-1989","All",768,47,22,6.1,46.8
"3364","Slovakia","Men","1910-1919","All",2,0,0,0,NA
"3365","Slovakia","Men","1920-1929","All",26,3,1,11.5,33.3
"3366","Slovakia","Men","1930-1939","All",83,6,2,7.2,33.3
"3367","Slovakia","Men","1940-1949","All",185,18,14,9.7,77.8
"3368","Slovakia","Men","1950-1959","All",265,35,26,13.2,74.3
"3369","Slovakia","Men","1960-1969","All",244,51,32,20.9,62.7
"3370","Slovakia","Men","1970-1979","All",99,25,22,25.3,88
"3371","Slovakia","Men","1980-1989","All",35,8,5,22.9,62.5
"3372","Slovakia","Women","1910-1919","All",4,0,0,0,NA
"3373","Slovakia","Women","1920-1929","All",44,5,2,11.4,40
"3374","Slovakia","Women","1930-1939","All",99,8,5,8.1,62.5
"3375","Slovakia","Women","1940-1949","All",189,15,6,7.9,40
"3376","Slovakia","Women","1950-1959","All",315,31,20,9.8,64.5
"3377","Slovakia","Women","1960-1969","All",243,31,20,12.8,64.5
"3378","Slovakia","Women","1970-1979","All",104,15,7,14.4,46.7
"3379","Slovakia","Women","1980-1989","All",39,8,5,20.5,62.5
"3380","Slovakia",NA,"1930-1939","All",1,0,0,0,NA
"3381","Slovakia",NA,"1940-1949","All",1,0,0,0,NA
"3382","Slovakia",NA,"1950-1959","All",2,0,0,0,NA
"3383","Slovakia",NA,"1960-1969","All",2,0,0,0,NA
"3384","Slovenia","Men","1910-1919","All",2,0,0,0,NA
"3385","Slovenia","Men","1920-1929","All",29,4,3,13.8,75
"3386","Slovenia","Men","1930-1939","All",92,11,8,12,72.7
"3387","Slovenia","Men","1940-1949","All",174,14,7,8,50
"3388","Slovenia","Men","1950-1959","All",214,19,8,8.9,42.1
"3389","Slovenia","Men","1960-1969","All",215,29,16,13.5,55.2
"3390","Slovenia","Men","1970-1979","All",121,31,9,25.6,29
"3391","Slovenia","Men","1980-1989","All",41,15,3,36.6,20
"3392","Slovenia","Women","1910-1919","All",8,1,1,12.5,100
"3393","Slovenia","Women","1920-1929","All",49,6,3,12.2,50
"3394","Slovenia","Women","1930-1939","All",156,10,4,6.4,40
"3395","Slovenia","Women","1940-1949","All",192,9,1,4.7,11.1
"3396","Slovenia","Women","1950-1959","All",277,20,5,7.2,25
"3397","Slovenia","Women","1960-1969","All",239,14,8,5.9,57.1
"3398","Slovenia","Women","1970-1979","All",148,14,4,9.5,28.6
"3399","Slovenia","Women","1980-1989","All",39,4,2,10.3,50
"3400","South Africa","Men","1960-1969","All",620,41,17,6.6,41.5
"3401","South Africa","Men","1970-1979","All",1890,111,58,5.9,52.3
"3402","South Africa","Men","1980-1989","All",399,31,20,7.8,64.5
"3403","South Africa","Women","1950-1959","All",135,10,8,7.4,80
"3404","South Africa","Women","1960-1969","All",488,57,37,11.7,64.9
"3405","South Africa","Women","1970-1979","All",636,72,51,11.3,70.8
"3406","South Africa","Women","1980-1989","All",124,28,20,22.6,71.4
"3407","Spain","Men","1910-1919","All",3,1,0,33.3,0
"3408","Spain","Men","1920-1929","All",60,9,2,15,22.2
"3409","Spain","Men","1930-1939","All",108,15,7,13.9,46.7
"3410","Spain","Men","1940-1949","All",178,22,14,12.4,63.6
"3411","Spain","Men","1950-1959","All",238,36,17,15.1,47.2
"3412","Spain","Men","1960-1969","All",349,75,28,21.5,37.3
"3413","Spain","Men","1970-1979","All",186,53,20,28.5,37.7
"3414","Spain","Men","1980-1989","All",76,31,11,40.8,35.5
"3415","Spain","Women","1908-1909","All",1,1,1,100,100
"3416","Spain","Women","1910-1919","All",59,9,2,15.3,22.2
"3417","Spain","Women","1920-1929","All",584,79,33,13.5,41.8
"3418","Spain","Women","1930-1939","All",1113,113,39,10.2,34.5
"3419","Spain","Women","1940-1949","All",1280,115,53,9,46.1
"3420","Spain","Women","1950-1959","All",1549,183,78,11.8,42.6
"3421","Spain","Women","1960-1969","All",2051,293,115,14.3,39.2
"3422","Spain","Women","1970-1979","All",448,103,33,23,32
"3423","Spain","Women","1980-1989","All",73,28,5,38.4,17.9
"3424","Swaziland","Men","1950-1959","All",232,8,2,3.4,25
"3425","Swaziland","Men","1960-1969","All",916,44,13,4.8,29.5
"3426","Swaziland","Men","1970-1979","All",185,10,5,5.4,50
"3427","Swaziland","Women","1950-1959","All",152,5,2,3.3,40
"3428","Swaziland","Women","1960-1969","All",630,43,25,6.8,58.1
"3429","Swaziland","Women","1970-1979","All",147,16,12,10.9,75
"3430","Sweden","Men","1910-1919","All",6,1,0,16.7,0
"3431","Sweden","Men","1920-1929","All",53,9,3,17,33.3
"3432","Sweden","Men","1930-1939","All",452,58,14,12.8,24.1
"3433","Sweden","Men","1940-1949","All",1109,134,40,12.1,29.9
"3434","Sweden","Men","1950-1959","All",1116,161,41,14.4,25.5
"3435","Sweden","Men","1960-1969","All",1102,201,69,18.2,34.3
"3436","Sweden","Men","1970-1979","All",788,172,43,21.8,25
"3437","Sweden","Men","1980-1989","All",39,11,3,28.2,27.3
"3438","Sweden","Women","1910-1919","All",16,0,0,0,NA
"3439","Sweden","Women","1920-1929","All",62,10,3,16.1,30
"3440","Sweden","Women","1930-1939","All",505,34,11,6.7,32.4
"3441","Sweden","Women","1940-1949","All",1140,105,18,9.2,17.1
"3442","Sweden","Women","1950-1959","All",1089,118,16,10.8,13.6
"3443","Sweden","Women","1960-1969","All",1263,127,15,10.1,11.8
"3444","Sweden","Women","1970-1979","All",795,104,21,13.1,20.2
"3445","Sweden","Women","1980-1989","All",42,9,2,21.4,22.2
"3446","Switzerland","Men","1910-1919","All",13,6,1,46.2,16.7
"3447","Switzerland","Men","1920-1929","All",52,7,2,13.5,28.6
"3448","Switzerland","Men","1930-1939","All",119,17,4,14.3,23.5
"3449","Switzerland","Men","1940-1949","All",217,48,9,22.1,18.8
"3450","Switzerland","Men","1950-1959","All",264,56,16,21.2,28.6
"3451","Switzerland","Men","1960-1969","All",290,85,15,29.3,17.6
"3452","Switzerland","Men","1970-1979","All",170,47,7,27.6,14.9
"3453","Switzerland","Men","1980-1989","All",62,26,4,41.9,15.4
"3454","Switzerland","Women","1910-1919","All",15,1,1,6.7,100
"3455","Switzerland","Women","1920-1929","All",80,13,8,16.2,61.5
"3456","Switzerland","Women","1930-1939","All",157,32,14,20.4,43.8
"3457","Switzerland","Women","1940-1949","All",243,48,13,19.8,27.1
"3458","Switzerland","Women","1950-1959","All",270,65,11,24.1,16.9
"3459","Switzerland","Women","1960-1969","All",335,82,19,24.5,23.2
"3460","Switzerland","Women","1970-1979","All",157,39,9,24.8,23.1
"3461","Switzerland","Women","1980-1989","All",46,12,2,26.1,16.7
"3462","Tanzania","Men","1960-1969","All",774,13,2,1.7,15.4
"3463","Tanzania","Men","1970-1979","All",2862,82,25,2.9,30.5
"3464","Tanzania","Men","1980-1989","All",374,12,4,3.2,33.3
"3465","Tanzania","Women","1960-1969","All",232,8,4,3.4,50
"3466","Tanzania","Women","1970-1979","All",746,26,18,3.5,69.2
"3467","Tanzania","Women","1980-1989","All",80,1,0,1.2,0
"3468","The UK","Men","1910-1919","All",16,2,1,12.5,50
"3469","The UK","Men","1920-1929","All",295,53,19,18,35.8
"3470","The UK","Men","1930-1939","All",842,146,52,17.3,35.6
"3471","The UK","Men","1940-1949","All",1256,209,65,16.6,31.1
"3472","The UK","Men","1950-1959","All",1323,286,83,21.6,29
"3473","The UK","Men","1960-1969","All",1574,430,119,27.3,27.7
"3474","The UK","Men","1970-1979","All",296,102,19,34.5,18.6
"3475","The UK","Men","1980-1989","All",56,27,5,48.2,18.5
"3476","The UK","Women","1905-1909","All",1,1,1,100,100
"3477","The UK","Women","1910-1919","All",21,4,1,19,25
"3478","The UK","Women","1920-1929","All",403,82,26,20.3,31.7
"3479","The UK","Women","1930-1939","All",997,155,49,15.5,31.6
"3480","The UK","Women","1940-1949","All",1494,181,50,12.1,27.6
"3481","The UK","Women","1950-1959","All",1555,224,47,14.4,21
"3482","The UK","Women","1960-1969","All",1925,311,74,16.2,23.8
"3483","The UK","Women","1970-1979","All",347,61,6,17.6,9.8
"3484","The UK","Women","1980-1989","All",106,18,3,17,16.7
"3485","The US","Men","1960-1969","All",1243,411,148,33.1,36
"3486","The US","Men","1970-1979","All",507,157,63,31,40.1
"3487","The US","Women","1950-1959","All",3875,632,150,16.3,23.7
"3488","The US","Women","1960-1969","All",1610,326,94,20.2,28.8
"3489","The US","Women","1970-1979","All",603,122,35,20.2,28.7
"3490","Timor-Leste","Men","1960-1969","All",606,42,29,6.9,69
"3491","Timor-Leste","Men","1970-1979","All",2557,182,116,7.1,63.7
"3492","Timor-Leste","Men","1980-1989","All",557,60,44,10.8,73.3
"3493","Timor-Leste","Women","1950-1959","All",112,9,3,8,33.3
"3494","Timor-Leste","Women","1960-1969","All",716,58,24,8.1,41.4
"3495","Timor-Leste","Women","1970-1979","All",858,93,49,10.8,52.7
"3496","Timor-Leste","Women","1980-1989","All",169,34,27,20.1,79.4
"3497","Togo","Men","1960-1969","All",938,16,5,1.7,31.2
"3498","Togo","Men","1970-1979","All",2125,59,17,2.8,28.8
"3499","Togo","Women","1950-1959","All",208,3,3,1.4,100
"3500","Togo","Women","1960-1969","All",671,15,8,2.2,53.3
"3501","Togo","Women","1970-1979","All",852,60,34,7,56.7
"3502","Turkey","Men","1940-1949","All",125,7,5,5.6,71.4
"3503","Turkey","Men","1950-1959","All",1686,74,30,4.4,40.5
"3504","Turkey","Men","1960-1969","All",895,54,23,6,42.6
"3505","Turkey","Women","1910-1919","All",1,0,0,0,NA
"3506","Turkey","Women","1920-1929","All",6,1,0,16.7,0
"3507","Turkey","Women","1930-1939","All",38,0,0,0,NA
"3508","Turkey","Women","1940-1949","All",230,5,0,2.2,0
"3509","Turkey","Women","1950-1959","All",610,14,0,2.3,0
"3510","Turkey","Women","1960-1969","All",301,9,0,3,0
"3511","Uganda","Men","1960-1969","All",710,10,1,1.4,10
"3512","Uganda","Men","1970-1979","All",3368,65,22,1.9,33.8
"3513","Uganda","Men","1980-1989","All",756,9,5,1.2,55.6
"3514","Uganda","Women","1960-1969","All",493,9,4,1.8,44.4
"3515","Uganda","Women","1970-1979","All",947,23,12,2.4,52.2
"3516","Uganda","Women","1980-1989","All",205,8,6,3.9,75
"3517","Ukraine","Men","1910-1919","All",3,0,0,0,NA
"3518","Ukraine","Men","1920-1929","All",35,3,1,8.6,33.3
"3519","Ukraine","Men","1930-1939","All",105,5,1,4.8,20
"3520","Ukraine","Men","1940-1949","All",111,5,3,4.5,60
"3521","Ukraine","Men","1950-1959","All",568,33,6,5.8,18.2
"3522","Ukraine","Men","1960-1969","All",2164,128,33,5.9,25.8
"3523","Ukraine","Men","1970-1979","All",628,48,15,7.6,31.2
"3524","Ukraine","Women","1910-1919","All",3,1,0,33.3,0
"3525","Ukraine","Women","1920-1929","All",91,20,8,22,40
"3526","Ukraine","Women","1930-1939","All",201,22,9,10.9,40.9
"3527","Ukraine","Women","1940-1949","All",191,12,3,6.3,25
"3528","Ukraine","Women","1950-1959","All",445,29,13,6.5,44.8
"3529","Ukraine","Women","1960-1969","All",1015,104,39,10.2,37.5
"3530","Ukraine","Women","1970-1979","All",328,47,20,14.3,42.6
"3531","Uruguay","Men","1970-1979","All",455,87,29,19.1,33.3
"3532","Uruguay","Men","1980-1989","All",21,6,2,28.6,33.3
"3533","Uruguay","Women","1970-1979","All",590,78,23,13.2,29.5
"3534","Uruguay","Women","1980-1989","All",29,5,5,17.2,100
"3535","Zambia","Men","1960-1969","All",179,4,0,2.2,0
"3536","Zambia","Men","1970-1979","All",2386,45,16,1.9,35.6
"3537","Zambia","Men","1980-1989","All",1289,23,9,1.8,39.1
"3538","Zambia","Women","1950-1959","All",67,1,0,1.5,0
"3539","Zambia","Women","1960-1969","All",1119,21,16,1.9,76.2
"3540","Zambia","Women","1970-1979","All",2072,68,42,3.3,61.8
"3541","Zambia","Women","1980-1989","All",1041,72,47,6.9,65.3
"3542","Zimbabwe","Men","1960-1969","All",471,19,9,4,47.4
"3543","Zimbabwe","Men","1970-1979","All",2080,74,29,3.6,39.2
"3544","Zimbabwe","Men","1980-1989","All",219,7,5,3.2,71.4
"3545","Zimbabwe","Women","1960-1969","All",814,25,8,3.1,32
"3546","Zimbabwe","Women","1970-1979","All",1690,94,35,5.6,37.2
"3547","Zimbabwe","Women","1980-1989","All",181,19,14,10.5,73.7
