"","X","country","sex","bc_cate","edu2","TotalN","ChildlessN","NeverInUnionN","prop_childless","prop_neverinunion"
"1",1,"Albania","Men","1950-1959","High",337,NA,NA,NA,NA
"2",2,"Albania","Men","1950-1959","Low",524,NA,NA,NA,NA
"3",3,"Albania","Men","1960-1969","High",1760,21,17,1.2,81
"4",4,"Albania","Men","1960-1969","Low",2292,13,5,0.6,38.5
"5",5,"Albania","Men","1970-1979","High",1449,107,60,7.4,56.1
"6",6,"Albania","Men","1970-1979","Low",1795,107,45,6,42.1
"7",7,"Albania","Men","1980-1989","High",298,35,24,11.7,68.6
"8",8,"Albania","Men","1980-1989","Low",503,38,29,7.6,76.3
"9",9,"Albania","Women","1950-1959","High",183,8,2,4.4,25
"10",10,"Albania","Women","1950-1959","Low",146,8,1,5.5,12.5
"11",11,"Albania","Women","1960-1969","High",863,71,21,8.2,29.6
"12",12,"Albania","Women","1960-1969","Low",737,48,10,6.5,20.8
"13",13,"Albania","Women","1970-1979","High",578,72,32,12.5,44.4
"14",14,"Albania","Women","1970-1979","Low",622,75,30,12.1,40
"15",15,"Albania","Women","1980-1989","High",137,50,33,36.5,66
"16",16,"Albania","Women","1980-1989","Low",179,39,26,21.8,66.7
"17",17,"Angola","Men","1960-1969","High",274,7,3,2.6,42.9
"18",18,"Angola","Men","1960-1969","Low",368,17,5,4.6,29.4
"19",19,"Angola","Men","1970-1979","High",1093,29,13,2.7,44.8
"20",20,"Angola","Men","1970-1979","Low",1524,52,13,3.4,25
"21",21,"Angola","Men","1980-1989","High",99,2,1,2,50
"22",22,"Angola","Men","1980-1989","Low",263,6,5,2.3,83.3
"23",23,"Angola","Women","1960-1969","High",284,9,1,3.2,11.1
"24",24,"Angola","Women","1960-1969","Low",327,15,6,4.6,40
"25",25,"Angola","Women","1970-1979","High",493,13,7,2.6,53.8
"26",26,"Angola","Women","1970-1979","Low",466,20,7,4.3,35
"27",27,"Angola","Women","1980-1989","High",58,3,3,5.2,100
"28",28,"Angola","Women","1980-1989","Low",82,7,5,8.5,71.4
"29",29,"Armenia","Men","1960-1969","High",268,19,15,7.1,78.9
"30",30,"Armenia","Men","1960-1969","Low",260,14,8,5.4,57.1
"31",31,"Armenia","Men","1970-1979","High",781,83,59,10.6,71.1
"32",32,"Armenia","Men","1970-1979","Low",842,47,25,5.6,53.2
"33",33,"Armenia","Men","1980-1989","High",107,14,13,13.1,92.9
"34",34,"Armenia","Men","1980-1989","Low",112,9,7,8,77.8
"35",35,"Armenia","Women","1960-1969","High",104,5,5,4.8,100
"36",36,"Armenia","Women","1960-1969","Low",135,7,4,5.2,57.1
"37",37,"Armenia","Women","1970-1979","High",285,37,25,13,67.6
"38",38,"Armenia","Women","1970-1979","Low",442,43,31,9.7,72.1
"39",39,"Armenia","Women","1980-1989","High",25,4,3,16,75
"40",40,"Armenia","Women","1980-1989","Low",57,11,9,19.3,81.8
"41",41,"Austria","Men","1910-1919","High",3,NA,NA,NA,NA
"42",42,"Austria","Men","1910-1919","Low",3,NA,NA,NA,NA
"43",43,"Austria","Men","1920-1929","High",22,NA,NA,NA,NA
"44",44,"Austria","Men","1920-1929","Low",24,4,1,16.7,25
"45",45,"Austria","Men","1920-1929",NA,2,NA,NA,NA,NA
"46",46,"Austria","Men","1930-1939","High",56,4,2,7.1,50
"47",47,"Austria","Men","1930-1939","Low",79,13,3,16.5,23.1
"48",48,"Austria","Men","1930-1939",NA,1,NA,NA,NA,NA
"49",49,"Austria","Men","1940-1949","High",103,12,2,11.7,16.7
"50",50,"Austria","Men","1940-1949","Low",193,41,4,21.2,9.8
"51",51,"Austria","Men","1940-1949",NA,1,NA,NA,NA,NA
"52",52,"Austria","Men","1950-1959","High",153,27,2,17.6,7.4
"53",53,"Austria","Men","1950-1959","Low",240,42,11,17.5,26.2
"54",54,"Austria","Men","1950-1959",NA,4,NA,NA,NA,NA
"55",55,"Austria","Men","1960-1969","High",366,103,25,28.1,24.3
"56",56,"Austria","Men","1960-1969","Low",693,169,55,24.4,32.5
"57",57,"Austria","Men","1960-1969",NA,11,4,2,36.4,50
"58",58,"Austria","Men","1970-1979","High",153,60,15,39.2,25
"59",59,"Austria","Men","1970-1979","Low",365,123,35,33.7,28.5
"60",60,"Austria","Men","1970-1979",NA,2,1,NA,50,NA
"61",61,"Austria","Men","1980-1989","High",42,21,7,50,33.3
"62",62,"Austria","Men","1980-1989","Low",41,18,5,43.9,27.8
"63",63,"Austria","Men","1980-1989",NA,2,2,NA,100,NA
"64",64,"Austria","Women","1910-1919","High",1,1,NA,100,NA
"65",65,"Austria","Women","1910-1919","Low",1,1,NA,100,NA
"66",66,"Austria","Women","1920-1929","High",24,7,3,29.2,42.9
"67",67,"Austria","Women","1920-1929","Low",30,7,NA,23.3,NA
"68",68,"Austria","Women","1920-1929",NA,1,NA,NA,NA,NA
"69",69,"Austria","Women","1930-1939","High",80,12,3,15,25
"70",70,"Austria","Women","1930-1939","Low",96,6,1,6.2,16.7
"71",71,"Austria","Women","1930-1939",NA,3,NA,NA,NA,NA
"72",72,"Austria","Women","1940-1949","High",135,25,4,18.5,16
"73",73,"Austria","Women","1940-1949","Low",229,18,5,7.9,27.8
"74",74,"Austria","Women","1940-1949",NA,8,2,NA,25,NA
"75",75,"Austria","Women","1950-1959","High",130,28,10,21.5,35.7
"76",76,"Austria","Women","1950-1959","Low",280,31,7,11.1,22.6
"77",77,"Austria","Women","1950-1959",NA,4,NA,NA,NA,NA
"78",78,"Austria","Women","1960-1969","High",619,115,24,18.6,20.9
"79",79,"Austria","Women","1960-1969","Low",881,124,28,14.1,22.6
"80",80,"Austria","Women","1960-1969",NA,5,1,NA,20,NA
"81",81,"Austria","Women","1970-1979","High",184,58,17,31.5,29.3
"82",82,"Austria","Women","1970-1979","Low",564,100,19,17.7,19
"83",83,"Austria","Women","1970-1979",NA,4,1,1,25,100
"84",84,"Austria","Women","1980-1989","High",32,8,2,25,25
"85",85,"Austria","Women","1980-1989","Low",39,8,2,20.5,25
"86",86,"Azerbaijan","Men","1950-1959","High",213,20,12,9.4,60
"87",87,"Azerbaijan","Men","1950-1959","Low",380,41,23,10.8,56.1
"88",88,"Azerbaijan","Men","1960-1969","High",816,90,62,11,68.9
"89",89,"Azerbaijan","Men","1960-1969","Low",1650,191,124,11.6,64.9
"90",90,"Azerbaijan","Men","1970-1979","High",150,29,25,19.3,86.2
"91",91,"Azerbaijan","Men","1970-1979","Low",286,56,38,19.6,67.9
"92",92,"Azerbaijan","Women","1940-1949","High",26,1,1,3.8,100
"93",93,"Azerbaijan","Women","1940-1949","Low",27,NA,NA,NA,NA
"94",94,"Azerbaijan","Women","1950-1959","High",204,7,2,3.4,28.6
"95",95,"Azerbaijan","Women","1950-1959","Low",237,10,2,4.2,20
"96",96,"Azerbaijan","Women","1960-1969","High",258,9,2,3.5,22.2
"97",97,"Azerbaijan","Women","1960-1969","Low",365,13,6,3.6,46.2
"98",98,"Azerbaijan","Women","1960-1969",NA,1,NA,NA,NA,NA
"99",99,"Azerbaijan","Women","1970-1979","High",41,2,1,4.9,50
"100",100,"Azerbaijan","Women","1970-1979","Low",79,13,7,16.5,53.8
"101",101,"Azerbaijan","Women","1970-1979",NA,1,1,NA,100,NA
"102",102,"Belarus","Men","1930-1939","High",21,3,2,14.3,66.7
"103",103,"Belarus","Men","1930-1939","Low",24,2,1,8.3,50
"104",104,"Belarus","Men","1930-1939",NA,8,NA,NA,NA,NA
"105",105,"Belarus","Men","1940-1949","High",132,9,4,6.8,44.4
"106",106,"Belarus","Men","1940-1949","Low",157,11,6,7,54.5
"107",107,"Belarus","Men","1940-1949",NA,10,NA,NA,NA,NA
"108",108,"Belarus","Men","1950-1959","High",311,28,12,9,42.9
"109",109,"Belarus","Men","1950-1959","Low",349,29,16,8.3,55.2
"110",110,"Belarus","Men","1950-1959",NA,6,3,2,50,66.7
"111",111,"Belarus","Men","1960-1969","High",340,34,18,10,52.9
"112",112,"Belarus","Men","1960-1969","Low",381,61,24,16,39.3
"113",113,"Belarus","Men","1960-1969",NA,3,1,NA,33.3,NA
"114",114,"Belarus","Men","1970-1979","High",355,67,27,18.9,40.3
"115",115,"Belarus","Men","1970-1979","Low",461,65,36,14.1,55.4
"116",116,"Belarus","Men","1970-1979",NA,3,2,1,66.7,50
"117",117,"Belarus","Men","1980-1989","High",43,8,4,18.6,50
"118",118,"Belarus","Men","1980-1989","Low",205,50,22,24.4,44
"119",119,"Belarus","Women","1920-1929","High",1,NA,NA,NA,NA
"120",120,"Belarus","Women","1930-1939","High",48,12,6,25,50
"121",121,"Belarus","Women","1930-1939","Low",77,6,4,7.8,66.7
"122",122,"Belarus","Women","1930-1939",NA,31,2,2,6.5,100
"123",123,"Belarus","Women","1940-1949","High",274,34,23,12.4,67.6
"124",124,"Belarus","Women","1940-1949","Low",274,32,19,11.7,59.4
"125",125,"Belarus","Women","1940-1949",NA,52,6,4,11.5,66.7
"126",126,"Belarus","Women","1950-1959","High",471,40,20,8.5,50
"127",127,"Belarus","Women","1950-1959","Low",532,44,27,8.3,61.4
"128",128,"Belarus","Women","1950-1959",NA,12,1,NA,8.3,NA
"129",129,"Belarus","Women","1960-1969","High",472,59,36,12.5,61
"130",130,"Belarus","Women","1960-1969","Low",471,36,24,7.6,66.7
"131",131,"Belarus","Women","1960-1969",NA,1,NA,NA,NA,NA
"132",132,"Belarus","Women","1970-1979","High",425,51,24,12,47.1
"133",133,"Belarus","Women","1970-1979","Low",615,44,20,7.2,45.5
"134",134,"Belarus","Women","1970-1979",NA,1,NA,NA,NA,NA
"135",135,"Belarus","Women","1980-1989","High",40,5,2,12.5,40
"136",136,"Belarus","Women","1980-1989","Low",231,24,9,10.4,37.5
"137",137,"Belarus","Women","1980-1989",NA,1,NA,NA,NA,NA
"138",138,"Belgium","Men","1910-1919","High",2,NA,NA,NA,NA
"139",139,"Belgium","Men","1910-1919","Low",3,1,NA,33.3,NA
"140",140,"Belgium","Men","1920-1929","High",32,9,2,28.1,22.2
"141",141,"Belgium","Men","1920-1929","Low",47,6,2,12.8,33.3
"142",142,"Belgium","Men","1920-1929",NA,3,NA,NA,NA,NA
"143",143,"Belgium","Men","1930-1939","High",211,51,8,24.2,15.7
"144",144,"Belgium","Men","1930-1939","Low",253,53,8,20.9,15.1
"145",145,"Belgium","Men","1930-1939",NA,20,8,2,40,25
"146",146,"Belgium","Men","1940-1949","High",360,84,17,23.3,20.2
"147",147,"Belgium","Men","1940-1949","Low",345,101,26,29.3,25.7
"148",148,"Belgium","Men","1940-1949",NA,14,4,1,28.6,25
"149",149,"Belgium","Men","1950-1959","High",445,82,27,18.4,32.9
"150",150,"Belgium","Men","1950-1959","Low",495,103,30,20.8,29.1
"151",151,"Belgium","Men","1950-1959",NA,17,2,NA,11.8,NA
"152",152,"Belgium","Men","1960-1969","High",454,87,31,19.2,35.6
"153",153,"Belgium","Men","1960-1969","Low",566,119,36,21,30.3
"154",154,"Belgium","Men","1960-1969",NA,9,2,1,22.2,50
"155",155,"Belgium","Men","1970-1979","High",150,27,6,18,22.2
"156",156,"Belgium","Men","1970-1979","Low",297,75,27,25.3,36
"157",157,"Belgium","Men","1970-1979",NA,7,2,2,28.6,100
"158",158,"Belgium","Men","1980-1989","High",38,12,6,31.6,50
"159",159,"Belgium","Men","1980-1989","Low",15,4,NA,26.7,NA
"160",160,"Belgium","Women","1910-1919","High",4,1,1,25,100
"161",161,"Belgium","Women","1910-1919","Low",3,NA,NA,NA,NA
"162",162,"Belgium","Women","1920-1929","High",43,10,3,23.3,30
"163",163,"Belgium","Women","1920-1929","Low",56,7,1,12.5,14.3
"164",164,"Belgium","Women","1920-1929",NA,2,1,1,50,100
"165",165,"Belgium","Women","1930-1939","High",246,62,21,25.2,33.9
"166",166,"Belgium","Women","1930-1939","Low",258,58,23,22.5,39.7
"167",167,"Belgium","Women","1930-1939",NA,18,6,3,33.3,50
"168",168,"Belgium","Women","1940-1949","High",373,90,15,24.1,16.7
"169",169,"Belgium","Women","1940-1949","Low",327,59,14,18,23.7
"170",170,"Belgium","Women","1940-1949",NA,21,6,NA,28.6,NA
"171",171,"Belgium","Women","1950-1959","High",468,81,13,17.3,16
"172",172,"Belgium","Women","1950-1959","Low",524,73,13,13.9,17.8
"173",173,"Belgium","Women","1950-1959",NA,22,5,3,22.7,60
"174",174,"Belgium","Women","1960-1969","High",553,81,19,14.6,23.5
"175",175,"Belgium","Women","1960-1969","Low",580,68,18,11.7,26.5
"176",176,"Belgium","Women","1960-1969",NA,16,1,NA,6.2,NA
"177",177,"Belgium","Women","1970-1979","High",154,22,9,14.3,40.9
"178",178,"Belgium","Women","1970-1979","Low",313,48,10,15.3,20.8
"179",179,"Belgium","Women","1970-1979",NA,3,NA,NA,NA,NA
"180",180,"Belgium","Women","1980-1989","High",46,7,2,15.2,28.6
"181",181,"Belgium","Women","1980-1989","Low",18,1,1,5.6,100
"182",182,"Benin","Men","1960-1969","High",92,3,2,3.3,66.7
"183",183,"Benin","Men","1960-1969","Low",306,4,1,1.3,25
"184",184,"Benin","Men","1970-1979","High",641,19,6,3,31.6
"185",185,"Benin","Men","1970-1979","Low",2111,23,3,1.1,13
"186",186,"Benin","Men","1980-1989","High",289,9,1,3.1,11.1
"187",187,"Benin","Men","1980-1989","Low",1072,18,2,1.7,11.1
"188",188,"Benin","Women","1950-1959","High",85,1,NA,1.2,NA
"189",189,"Benin","Women","1950-1959","Low",198,2,2,1,100
"190",190,"Benin","Women","1960-1969","High",293,4,NA,1.4,NA
"191",191,"Benin","Women","1960-1969","Low",440,10,6,2.3,60
"192",192,"Benin","Women","1970-1979","High",476,17,7,3.6,41.2
"193",193,"Benin","Women","1970-1979","Low",788,15,5,1.9,33.3
"194",194,"Benin","Women","1980-1989","High",156,13,7,8.3,53.8
"195",195,"Benin","Women","1980-1989","Low",440,21,10,4.8,47.6
"196",196,"Bolivia","Men","1950-1959","High",205,12,7,5.9,58.3
"197",197,"Bolivia","Men","1950-1959","Low",306,13,4,4.2,30.8
"198",198,"Bolivia","Men","1960-1969","High",1505,92,59,6.1,64.1
"199",199,"Bolivia","Men","1960-1969","Low",2095,46,22,2.2,47.8
"200",200,"Bolivia","Men","1970-1979","High",628,63,42,10,66.7
"201",201,"Bolivia","Men","1970-1979","Low",790,19,11,2.4,57.9
"202",202,"Bolivia","Women","1940-1949","High",123,8,3,6.5,37.5
"203",203,"Bolivia","Women","1940-1949","Low",239,9,4,3.8,44.4
"204",204,"Bolivia","Women","1950-1959","High",386,19,11,4.9,57.9
"205",205,"Bolivia","Women","1950-1959","Low",423,18,9,4.3,50
"206",206,"Bolivia","Women","1960-1969","High",535,40,31,7.5,77.5
"207",207,"Bolivia","Women","1960-1969","Low",597,35,21,5.9,60
"208",208,"Bolivia","Women","1970-1979","High",217,21,14,9.7,66.7
"209",209,"Bolivia","Women","1970-1979","Low",217,12,7,5.5,58.3
"210",210,"Brazil","Men","1940-1949","High",316,38,21,12,55.3
"211",211,"Brazil","Men","1940-1949","Low",501,30,16,6,53.3
"212",212,"Brazil","Men","1950-1959","High",1166,154,106,13.2,68.8
"213",213,"Brazil","Men","1950-1959","Low",1807,101,54,5.6,53.5
"214",214,"Brazil","Men","1950-1959",NA,2,NA,NA,NA,NA
"215",215,"Brazil","Men","1960-1969","High",195,28,18,14.4,64.3
"216",216,"Brazil","Men","1960-1969","Low",273,12,8,4.4,66.7
"217",217,"Brazil","Women","1930-1939","High",37,NA,NA,NA,NA
"218",218,"Brazil","Women","1930-1939","Low",65,5,1,7.7,20
"219",219,"Brazil","Women","1940-1949","High",111,8,2,7.2,25
"220",220,"Brazil","Women","1940-1949","Low",285,16,8,5.6,50
"221",221,"Brazil","Women","1950-1959","High",225,22,8,9.8,36.4
"222",222,"Brazil","Women","1950-1959","Low",332,20,13,6,65
"223",223,"Brazil","Women","1960-1969","High",37,5,3,13.5,60
"224",224,"Brazil","Women","1960-1969","Low",38,8,4,21.1,50
"225",225,"Bulgaria","Men","1910-1919","High",1,NA,NA,NA,NA
"226",226,"Bulgaria","Men","1920-1929","High",99,8,4,8.1,50
"227",227,"Bulgaria","Men","1920-1929","Low",161,17,4,10.6,23.5
"228",228,"Bulgaria","Men","1920-1929",NA,17,3,3,17.6,100
"229",229,"Bulgaria","Men","1930-1939","High",321,11,4,3.4,36.4
"230",230,"Bulgaria","Men","1930-1939","Low",447,30,15,6.7,50
"231",231,"Bulgaria","Men","1930-1939",NA,27,2,NA,7.4,NA
"232",232,"Bulgaria","Men","1940-1949","High",483,40,17,8.3,42.5
"233",233,"Bulgaria","Men","1940-1949","Low",567,42,22,7.4,52.4
"234",234,"Bulgaria","Men","1940-1949",NA,13,NA,NA,NA,NA
"235",235,"Bulgaria","Men","1950-1959","High",508,57,33,11.2,57.9
"236",236,"Bulgaria","Men","1950-1959","Low",596,60,38,10.1,63.3
"237",237,"Bulgaria","Men","1950-1959",NA,20,4,4,20,100
"238",238,"Bulgaria","Men","1960-1969","High",702,148,102,21.1,68.9
"239",239,"Bulgaria","Men","1960-1969","Low",768,107,69,13.9,64.5
"240",240,"Bulgaria","Men","1960-1969",NA,19,1,NA,5.3,NA
"241",241,"Bulgaria","Men","1970-1979","High",50,14,9,28,64.3
"242",242,"Bulgaria","Men","1970-1979","Low",127,41,30,32.3,73.2
"243",243,"Bulgaria","Men","1970-1979",NA,2,1,NA,50,NA
"244",244,"Bulgaria","Men","1980-1989","High",12,7,4,58.3,57.1
"245",245,"Bulgaria","Men","1980-1989","Low",33,17,15,51.5,88.2
"246",246,"Bulgaria","Men","1980-1989",NA,1,NA,NA,NA,NA
"247",247,"Bulgaria","Women","1910-1919","High",2,NA,NA,NA,NA
"248",248,"Bulgaria","Women","1920-1929","High",69,6,3,8.7,50
"249",249,"Bulgaria","Women","1920-1929","Low",113,10,2,8.8,20
"250",250,"Bulgaria","Women","1920-1929",NA,17,3,1,17.6,33.3
"251",251,"Bulgaria","Women","1930-1939","High",397,27,8,6.8,29.6
"252",252,"Bulgaria","Women","1930-1939","Low",466,32,7,6.9,21.9
"253",253,"Bulgaria","Women","1930-1939",NA,74,9,2,12.2,22.2
"254",254,"Bulgaria","Women","1940-1949","High",612,42,16,6.9,38.1
"255",255,"Bulgaria","Women","1940-1949","Low",592,20,5,3.4,25
"256",256,"Bulgaria","Women","1940-1949",NA,42,2,1,4.8,50
"257",257,"Bulgaria","Women","1950-1959","High",593,45,28,7.6,62.2
"258",258,"Bulgaria","Women","1950-1959","Low",657,31,13,4.7,41.9
"259",259,"Bulgaria","Women","1950-1959",NA,26,2,1,7.7,50
"260",260,"Bulgaria","Women","1960-1969","High",905,94,60,10.4,63.8
"261",261,"Bulgaria","Women","1960-1969","Low",1128,68,38,6,55.9
"262",262,"Bulgaria","Women","1960-1969",NA,32,6,5,18.8,83.3
"263",263,"Bulgaria","Women","1970-1979","High",72,9,4,12.5,44.4
"264",264,"Bulgaria","Women","1970-1979","Low",143,10,6,7,60
"265",265,"Bulgaria","Women","1980-1989","High",18,5,3,27.8,60
"266",266,"Bulgaria","Women","1980-1989","Low",17,4,2,23.5,50
"267",267,"Bulgaria","Women","1980-1989",NA,1,NA,NA,NA,NA
"268",268,"Burkina Faso","Men","1960-1969","High",305,7,4,2.3,57.1
"269",269,"Burkina Faso","Men","1960-1969","Low",2222,14,NA,0.6,NA
"270",270,"Burkina Faso","Men","1970-1979","High",328,9,4,2.7,44.4
"271",271,"Burkina Faso","Men","1970-1979","Low",2115,15,NA,0.7,NA
"272",272,"Burkina Faso","Women","1950-1959","High",125,1,NA,0.8,NA
"273",273,"Burkina Faso","Women","1950-1959","Low",566,4,NA,0.7,NA
"274",274,"Burkina Faso","Women","1960-1969","High",254,5,4,2,80
"275",275,"Burkina Faso","Women","1960-1969","Low",1008,11,NA,1.1,NA
"276",276,"Burkina Faso","Women","1970-1979","High",300,24,16,8,66.7
"277",277,"Burkina Faso","Women","1970-1979","Low",680,31,12,4.6,38.7
"278",278,"Burundi","Men","1960-1969","High",178,1,NA,0.6,NA
"279",279,"Burundi","Men","1960-1969","Low",473,18,12,3.8,66.7
"280",280,"Burundi","Men","1970-1979","High",1238,50,28,4,56
"281",281,"Burundi","Men","1970-1979","Low",1868,74,43,4,58.1
"282",282,"Burundi","Men","1980-1989","High",423,23,17,5.4,73.9
"283",283,"Burundi","Men","1980-1989","Low",505,28,21,5.5,75
"284",284,"Burundi","Women","1950-1959","High",87,1,1,1.1,100
"285",285,"Burundi","Women","1950-1959","Low",124,4,3,3.2,75
"286",286,"Burundi","Women","1960-1969","High",333,10,8,3,80
"287",287,"Burundi","Women","1960-1969","Low",591,10,6,1.7,60
"288",288,"Burundi","Women","1970-1979","High",635,19,10,3,52.6
"289",289,"Burundi","Women","1970-1979","Low",581,18,8,3.1,44.4
"290",290,"Burundi","Women","1980-1989","High",115,11,8,9.6,72.7
"291",291,"Burundi","Women","1980-1989","Low",237,3,2,1.3,66.7
"292",292,"Cambodia","Men","1960-1969","High",846,61,43,7.2,70.5
"293",293,"Cambodia","Men","1960-1969","Low",1129,67,41,5.9,61.2
"294",294,"Cambodia","Men","1970-1979","High",1602,141,89,8.8,63.1
"295",295,"Cambodia","Men","1970-1979","Low",2095,160,104,7.6,65
"296",296,"Cambodia","Women","1960-1969","High",260,5,NA,1.9,NA
"297",297,"Cambodia","Women","1960-1969","Low",310,11,1,3.5,9.1
"298",298,"Cambodia","Women","1970-1979","High",504,32,10,6.3,31.2
"299",299,"Cambodia","Women","1970-1979","Low",605,25,10,4.1,40
"300",300,"Cameroon","Men","1950-1959","High",209,9,NA,4.3,NA
"301",301,"Cameroon","Men","1950-1959","Low",159,4,NA,2.5,NA
"302",302,"Cameroon","Men","1960-1969","High",568,15,4,2.6,26.7
"303",303,"Cameroon","Men","1960-1969","Low",393,14,2,3.6,14.3
"304",304,"Cameroon","Men","1970-1979","High",1252,47,11,3.8,23.4
"305",305,"Cameroon","Men","1970-1979","Low",841,28,NA,3.3,NA
"306",306,"Cameroon","Men","1980-1989","High",473,34,22,7.2,64.7
"307",307,"Cameroon","Men","1980-1989","Low",741,28,12,3.8,42.9
"308",308,"Cameroon","Women","1950-1959","High",107,1,NA,0.9,NA
"309",309,"Cameroon","Women","1950-1959","Low",187,6,NA,3.2,NA
"310",310,"Cameroon","Women","1960-1969","High",327,5,NA,1.5,NA
"311",311,"Cameroon","Women","1960-1969","Low",383,13,6,3.4,46.2
"312",312,"Cameroon","Women","1970-1979","High",492,22,15,4.5,68.2
"313",313,"Cameroon","Women","1970-1979","Low",527,31,19,5.9,61.3
"314",314,"Cameroon","Women","1970-1979",NA,1,NA,NA,NA,NA
"315",315,"Cameroon","Women","1980-1989","High",246,26,12,10.6,46.2
"316",316,"Cameroon","Women","1980-1989","Low",303,29,24,9.6,82.8
"317",317,"Canada","Men","1920-1929","High",27,5,1,18.5,20
"318",318,"Canada","Men","1920-1929","Low",51,11,3,21.6,27.3
"319",319,"Canada","Men","1920-1929",NA,103,22,4,21.4,18.2
"320",320,"Canada","Men","1930-1939","High",330,52,19,15.8,36.5
"321",321,"Canada","Men","1930-1939","Low",479,75,18,15.7,24
"322",322,"Canada","Men","1930-1939",NA,974,182,52,18.7,28.6
"323",323,"Canada","Men","1940-1949","High",654,143,20,21.9,14
"324",324,"Canada","Men","1940-1949","Low",1226,240,51,19.6,21.2
"325",325,"Canada","Men","1940-1949",NA,1347,301,79,22.3,26.2
"326",326,"Canada","Men","1950-1959","High",997,267,63,26.8,23.6
"327",327,"Canada","Men","1950-1959","Low",1581,392,104,24.8,26.5
"328",328,"Canada","Men","1950-1959",NA,1368,368,121,26.9,32.9
"329",329,"Canada","Men","1960-1969","High",1198,352,116,29.4,33
"330",330,"Canada","Men","1960-1969","Low",1496,450,140,30.1,31.1
"331",331,"Canada","Men","1960-1969",NA,1207,382,119,31.6,31.2
"332",332,"Canada","Men","1970-1979","High",373,110,30,29.5,27.3
"333",333,"Canada","Men","1970-1979","Low",645,186,63,28.8,33.9
"334",334,"Canada","Men","1970-1979",NA,337,112,49,33.2,43.8
"335",335,"Canada","Women","1920-1929","High",31,7,5,22.6,71.4
"336",336,"Canada","Women","1920-1929","Low",66,9,4,13.6,44.4
"337",337,"Canada","Women","1920-1929",NA,213,39,15,18.3,38.5
"338",338,"Canada","Women","1930-1939","High",344,68,33,19.8,48.5
"339",339,"Canada","Women","1930-1939","Low",608,77,26,12.7,33.8
"340",340,"Canada","Women","1930-1939",NA,1482,164,46,11.1,28
"341",341,"Canada","Women","1940-1949","High",850,154,49,18.1,31.8
"342",342,"Canada","Women","1940-1949","Low",1367,245,69,17.9,28.2
"343",343,"Canada","Women","1940-1949",NA,1855,219,60,11.8,27.4
"344",344,"Canada","Women","1950-1959","High",1273,293,67,23,22.9
"345",345,"Canada","Women","1950-1959","Low",1921,478,137,24.9,28.7
"346",346,"Canada","Women","1950-1959",NA,1754,273,68,15.6,24.9
"347",347,"Canada","Women","1960-1969","High",1495,403,108,27,26.8
"348",348,"Canada","Women","1960-1969","Low",1895,478,141,25.2,29.5
"349",349,"Canada","Women","1960-1969",NA,1262,259,62,20.5,23.9
"350",350,"Canada","Women","1970-1979","High",459,122,44,26.6,36.1
"351",351,"Canada","Women","1970-1979","Low",830,195,68,23.5,34.9
"352",352,"Canada","Women","1970-1979",NA,338,47,13,13.9,27.7
"353",353,"Central African Republic","Men","1940-1949","High",46,4,NA,8.7,NA
"354",354,"Central African Republic","Men","1940-1949","Low",382,32,2,8.4,6.2
"355",355,"Central African Republic","Men","1950-1959","High",265,5,1,1.9,20
"356",356,"Central African Republic","Men","1950-1959","Low",888,87,12,9.8,13.8
"357",357,"Central African Republic","Men","1960-1969","High",1,NA,NA,NA,NA
"358",358,"Central African Republic","Men","1960-1969","Low",6,NA,NA,NA,NA
"359",359,"Central African Republic","Women","1930-1939","High",25,NA,NA,NA,NA
"360",360,"Central African Republic","Women","1930-1939","Low",68,9,NA,13.2,NA
"361",361,"Central African Republic","Women","1940-1949","High",60,NA,NA,NA,NA
"362",362,"Central African Republic","Women","1940-1949","Low",137,13,1,9.5,7.7
"363",363,"Central African Republic","Women","1950-1959","High",146,11,5,7.5,45.5
"364",364,"Central African Republic","Women","1950-1959","Low",165,25,10,15.2,40
"365",365,"Central African Republic","Women","1960-1969","High",1,NA,NA,NA,NA
"366",366,"Central African Republic","Women","1960-1969","Low",3,1,NA,33.3,NA
"367",367,"Chad","Men","1960-1969","High",201,2,NA,1,NA
"368",368,"Chad","Men","1960-1969","Low",1060,11,2,1,18.2
"369",369,"Chad","Men","1970-1979","High",626,13,4,2.1,30.8
"370",370,"Chad","Men","1970-1979","Low",2955,26,7,0.9,26.9
"371",371,"Chad","Men","1970-1979",NA,2,NA,NA,NA,NA
"372",372,"Chad","Men","1980-1989","High",34,1,NA,2.9,NA
"373",373,"Chad","Men","1980-1989","Low",130,NA,NA,NA,NA
"374",374,"Chad","Women","1950-1959","High",66,NA,NA,NA,NA
"375",375,"Chad","Women","1950-1959","Low",153,2,NA,1.3,NA
"376",376,"Chad","Women","1960-1969","High",206,3,1,1.5,33.3
"377",377,"Chad","Women","1960-1969","Low",479,7,2,1.5,28.6
"378",378,"Chad","Women","1960-1969",NA,1,NA,NA,NA,NA
"379",379,"Chad","Women","1970-1979","High",396,21,12,5.3,57.1
"380",380,"Chad","Women","1970-1979","Low",657,5,1,0.8,20
"381",381,"Chad","Women","1970-1979",NA,4,NA,NA,NA,NA
"382",382,"Chad","Women","1980-1989","High",24,1,1,4.2,100
"383",383,"Chad","Women","1980-1989","Low",53,1,NA,1.9,NA
"384",384,"Colombia","Men","1960-1969","High",1866,139,69,7.4,49.6
"385",385,"Colombia","Men","1960-1969","Low",1897,57,26,3,45.6
"386",386,"Colombia","Men","1970-1979","High",4771,400,217,8.4,54.2
"387",387,"Colombia","Men","1970-1979","Low",4033,105,49,2.6,46.7
"388",388,"Colombia","Men","1980-1989","High",402,44,27,10.9,61.4
"389",389,"Colombia","Men","1980-1989","Low",274,6,4,2.2,66.7
"390",390,"Colombia","Women","1950-1959","High",869,68,34,7.8,50
"391",391,"Colombia","Women","1950-1959","Low",1255,135,70,10.8,51.9
"392",392,"Colombia","Women","1960-1969","High",2622,296,133,11.3,44.9
"393",393,"Colombia","Women","1960-1969","Low",3522,409,215,11.6,52.6
"394",394,"Colombia","Women","1970-1979","High",3114,520,259,16.7,49.8
"395",395,"Colombia","Women","1970-1979","Low",3145,448,256,14.2,57.1
"396",396,"Colombia","Women","1980-1989","High",240,52,33,21.7,63.5
"397",397,"Colombia","Women","1980-1989","Low",228,30,14,13.2,46.7
"398",398,"Comoros","Men","1960-1969","High",161,11,NA,6.8,NA
"399",399,"Comoros","Men","1960-1969","Low",272,15,NA,5.5,NA
"400",400,"Comoros","Men","1960-1969",NA,1,NA,NA,NA,NA
"401",401,"Comoros","Men","1970-1979","High",407,73,24,17.9,32.9
"402",402,"Comoros","Men","1970-1979","Low",547,35,9,6.4,25.7
"403",403,"Comoros","Men","1970-1979",NA,4,NA,NA,NA,NA
"404",404,"Comoros","Women","1950-1959","High",39,3,NA,7.7,NA
"405",405,"Comoros","Women","1950-1959","Low",61,3,NA,4.9,NA
"406",406,"Comoros","Women","1960-1969","High",129,8,1,6.2,12.5
"407",407,"Comoros","Women","1960-1969","Low",151,7,3,4.6,42.9
"408",408,"Comoros","Women","1960-1969",NA,2,NA,NA,NA,NA
"409",409,"Comoros","Women","1970-1979","High",170,30,15,17.6,50
"410",410,"Comoros","Women","1970-1979","Low",231,26,11,11.3,42.3
"411",411,"Comoros","Women","1970-1979",NA,1,1,NA,100,NA
"412",412,"Congo","Men","1960-1969","High",773,18,2,2.3,11.1
"413",413,"Congo","Men","1960-1969","Low",695,12,2,1.7,16.7
"414",414,"Congo","Men","1970-1979","High",1004,30,5,3,16.7
"415",415,"Congo","Men","1970-1979","Low",896,16,5,1.8,31.2
"416",416,"Congo","Women","1950-1959","High",172,2,NA,1.2,NA
"417",417,"Congo","Women","1950-1959","Low",194,4,3,2.1,75
"418",418,"Congo","Women","1960-1969","High",410,9,3,2.2,33.3
"419",419,"Congo","Women","1960-1969","Low",493,23,15,4.7,65.2
"420",420,"Congo","Women","1970-1979","High",521,22,10,4.2,45.5
"421",421,"Congo","Women","1970-1979","Low",394,22,14,5.6,63.6
"422",422,"Croatia","Men","1930-1939","High",16,2,NA,12.5,NA
"423",423,"Croatia","Men","1930-1939","Low",16,1,1,6.2,100
"424",424,"Croatia","Men","1940-1949","High",24,2,1,8.3,50
"425",425,"Croatia","Men","1940-1949","Low",51,3,2,5.9,66.7
"426",426,"Croatia","Men","1950-1959","High",51,6,2,11.8,33.3
"427",427,"Croatia","Men","1950-1959","Low",112,17,8,15.2,47.1
"428",428,"Croatia","Men","1960-1969","High",28,11,3,39.3,27.3
"429",429,"Croatia","Men","1960-1969","Low",102,25,14,24.5,56
"430",430,"Croatia","Men","1970-1979","High",26,4,NA,15.4,NA
"431",431,"Croatia","Men","1970-1979","Low",82,27,14,32.9,51.9
"432",432,"Croatia","Men","1970-1979",NA,1,NA,NA,NA,NA
"433",433,"Croatia","Men","1980-1989","High",17,7,3,41.2,42.9
"434",434,"Croatia","Men","1980-1989","Low",39,17,8,43.6,47.1
"435",435,"Croatia","Women","1920-1929","High",3,1,NA,33.3,NA
"436",436,"Croatia","Women","1920-1929","Low",4,1,1,25,100
"437",437,"Croatia","Women","1930-1939","High",19,6,3,31.6,50
"438",438,"Croatia","Women","1930-1939","Low",26,2,1,7.7,50
"439",439,"Croatia","Women","1940-1949","High",85,5,2,5.9,40
"440",440,"Croatia","Women","1940-1949","Low",50,5,2,10,40
"441",441,"Croatia","Women","1950-1959","High",106,10,5,9.4,50
"442",442,"Croatia","Women","1950-1959","Low",92,11,1,12,9.1
"443",443,"Croatia","Women","1960-1969","High",47,12,4,25.5,33.3
"444",444,"Croatia","Women","1960-1969","Low",150,15,7,10,46.7
"445",445,"Croatia","Women","1970-1979","High",56,9,3,16.1,33.3
"446",446,"Croatia","Women","1970-1979","Low",114,13,7,11.4,53.8
"447",447,"Croatia","Women","1970-1979",NA,1,NA,NA,NA,NA
"448",448,"Croatia","Women","1980-1989","High",30,6,3,20,50
"449",449,"Croatia","Women","1980-1989","Low",50,5,3,10,60
"450",450,"Cyprus","Men","1920-1929","High",8,1,1,12.5,100
"451",451,"Cyprus","Men","1920-1929","Low",23,1,NA,4.3,NA
"452",452,"Cyprus","Men","1930-1939","High",35,3,NA,8.6,NA
"453",453,"Cyprus","Men","1930-1939","Low",60,1,1,1.7,100
"454",454,"Cyprus","Men","1940-1949","High",76,3,1,3.9,33.3
"455",455,"Cyprus","Men","1940-1949","Low",56,2,1,3.6,50
"456",456,"Cyprus","Men","1950-1959","High",38,5,2,13.2,40
"457",457,"Cyprus","Men","1950-1959","Low",91,5,2,5.5,40
"458",458,"Cyprus","Men","1960-1969","High",40,3,NA,7.5,NA
"459",459,"Cyprus","Men","1960-1969","Low",88,11,3,12.5,27.3
"460",460,"Cyprus","Men","1970-1979","High",29,6,1,20.7,16.7
"461",461,"Cyprus","Men","1970-1979","Low",42,8,3,19,37.5
"462",462,"Cyprus","Men","1980-1989","High",17,8,3,47.1,37.5
"463",463,"Cyprus","Men","1980-1989","Low",9,2,2,22.2,100
"464",464,"Cyprus","Women","1920-1929","High",13,1,1,7.7,100
"465",465,"Cyprus","Women","1920-1929","Low",13,NA,NA,NA,NA
"466",466,"Cyprus","Women","1930-1939","High",45,2,1,4.4,50
"467",467,"Cyprus","Women","1930-1939","Low",32,1,NA,3.1,NA
"468",468,"Cyprus","Women","1940-1949","High",61,7,1,11.5,14.3
"469",469,"Cyprus","Women","1940-1949","Low",88,14,6,15.9,42.9
"470",470,"Cyprus","Women","1950-1959","High",119,10,6,8.4,60
"471",471,"Cyprus","Women","1950-1959","Low",70,6,4,8.6,66.7
"472",472,"Cyprus","Women","1960-1969","High",58,11,6,19,54.5
"473",473,"Cyprus","Women","1960-1969","Low",126,7,3,5.6,42.9
"474",474,"Cyprus","Women","1970-1979","High",42,9,2,21.4,22.2
"475",475,"Cyprus","Women","1970-1979","Low",34,3,2,8.8,66.7
"476",476,"Cyprus","Women","1980-1989","High",18,6,4,33.3,66.7
"477",477,"Cyprus","Women","1980-1989","Low",6,NA,NA,NA,NA
"478",478,"Czechia","Men","1920-1929","High",52,11,2,21.2,18.2
"479",479,"Czechia","Men","1920-1929","Low",114,25,10,21.9,40
"480",480,"Czechia","Men","1930-1939","High",207,25,8,12.1,32
"481",481,"Czechia","Men","1930-1939","Low",342,77,38,22.5,49.4
"482",482,"Czechia","Men","1940-1949","High",378,68,31,18,45.6
"483",483,"Czechia","Men","1940-1949","Low",454,87,45,19.2,51.7
"484",484,"Czechia","Men","1940-1949",NA,3,NA,NA,NA,NA
"485",485,"Czechia","Men","1950-1959","High",326,60,29,18.4,48.3
"486",486,"Czechia","Men","1950-1959","Low",641,160,96,25,60
"487",487,"Czechia","Men","1950-1959",NA,7,2,1,28.6,50
"488",488,"Czechia","Men","1960-1969","High",329,73,40,22.2,54.8
"489",489,"Czechia","Men","1960-1969","Low",683,174,102,25.5,58.6
"490",490,"Czechia","Men","1960-1969",NA,4,NA,NA,NA,NA
"491",491,"Czechia","Men","1970-1979","High",54,11,3,20.4,27.3
"492",492,"Czechia","Men","1970-1979","Low",180,42,20,23.3,47.6
"493",493,"Czechia","Men","1970-1979",NA,7,2,2,28.6,100
"494",494,"Czechia","Men","1980-1989","High",26,15,4,57.7,26.7
"495",495,"Czechia","Men","1980-1989","Low",60,26,12,43.3,46.2
"496",496,"Czechia","Men","1980-1989",NA,2,1,1,50,100
"497",497,"Czechia","Women","1920-1929","High",99,23,7,23.2,30.4
"498",498,"Czechia","Women","1920-1929","Low",160,33,17,20.6,51.5
"499",499,"Czechia","Women","1920-1929",NA,2,NA,NA,NA,NA
"500",500,"Czechia","Women","1930-1939","High",305,43,20,14.1,46.5
"501",501,"Czechia","Women","1930-1939","Low",349,55,22,15.8,40
"502",502,"Czechia","Women","1930-1939",NA,3,NA,NA,NA,NA
"503",503,"Czechia","Women","1940-1949","High",451,51,17,11.3,33.3
"504",504,"Czechia","Women","1940-1949","Low",554,65,26,11.7,40
"505",505,"Czechia","Women","1940-1949",NA,5,1,1,20,100
"506",506,"Czechia","Women","1950-1959","High",531,53,17,10,32.1
"507",507,"Czechia","Women","1950-1959","Low",583,60,21,10.3,35
"508",508,"Czechia","Women","1950-1959",NA,5,2,1,40,50
"509",509,"Czechia","Women","1960-1969","High",496,66,31,13.3,47
"510",510,"Czechia","Women","1960-1969","Low",614,60,20,9.8,33.3
"511",511,"Czechia","Women","1960-1969",NA,5,2,NA,40,NA
"512",512,"Czechia","Women","1970-1979","High",71,12,5,16.9,41.7
"513",513,"Czechia","Women","1970-1979","Low",189,19,6,10.1,31.6
"514",514,"Czechia","Women","1970-1979",NA,5,1,NA,20,NA
"515",515,"Czechia","Women","1980-1989","High",45,11,4,24.4,36.4
"516",516,"Czechia","Women","1980-1989","Low",53,9,3,17,33.3
"517",517,"Czechia","Women","1980-1989",NA,3,2,NA,66.7,NA
"518",518,"Democratic Republic of the Congo","Men","1960-1969","High",735,23,8,3.1,34.8
"519",519,"Democratic Republic of the Congo","Men","1960-1969","Low",858,20,NA,2.3,NA
"520",520,"Democratic Republic of the Congo","Men","1970-1979","High",1626,59,26,3.6,44.1
"521",521,"Democratic Republic of the Congo","Men","1970-1979","Low",1890,53,6,2.8,11.3
"522",522,"Democratic Republic of the Congo","Women","1950-1959","High",253,2,NA,0.8,NA
"523",523,"Democratic Republic of the Congo","Women","1950-1959","Low",264,7,3,2.7,42.9
"524",524,"Democratic Republic of the Congo","Women","1960-1969","High",661,11,3,1.7,27.3
"525",525,"Democratic Republic of the Congo","Women","1960-1969","Low",617,21,7,3.4,33.3
"526",526,"Democratic Republic of the Congo","Women","1970-1979","High",745,23,10,3.1,43.5
"527",527,"Democratic Republic of the Congo","Women","1970-1979","Low",732,25,10,3.4,40
"528",528,"Denmark","Men","1910-1919","High",3,NA,NA,NA,NA
"529",529,"Denmark","Men","1910-1919","Low",1,NA,NA,NA,NA
"530",530,"Denmark","Men","1920-1929","High",21,2,NA,9.5,NA
"531",531,"Denmark","Men","1920-1929","Low",17,4,NA,23.5,NA
"532",532,"Denmark","Men","1920-1929",NA,2,NA,NA,NA,NA
"533",533,"Denmark","Men","1930-1939","High",49,1,NA,2,NA
"534",534,"Denmark","Men","1930-1939","Low",72,7,1,9.7,14.3
"535",535,"Denmark","Men","1930-1939",NA,4,NA,NA,NA,NA
"536",536,"Denmark","Men","1940-1949","High",121,9,NA,7.4,NA
"537",537,"Denmark","Men","1940-1949","Low",131,22,7,16.8,31.8
"538",538,"Denmark","Men","1940-1949",NA,3,NA,NA,NA,NA
"539",539,"Denmark","Men","1950-1959","High",148,24,6,16.2,25
"540",540,"Denmark","Men","1950-1959","Low",134,24,2,17.9,8.3
"541",541,"Denmark","Men","1950-1959",NA,2,1,1,50,100
"542",542,"Denmark","Men","1960-1969","High",145,27,6,18.6,22.2
"543",543,"Denmark","Men","1960-1969","Low",139,29,5,20.9,17.2
"544",544,"Denmark","Men","1960-1969",NA,4,NA,NA,NA,NA
"545",545,"Denmark","Men","1970-1979","High",80,12,4,15,33.3
"546",546,"Denmark","Men","1970-1979","Low",65,17,2,26.2,11.8
"547",547,"Denmark","Men","1970-1979",NA,2,1,NA,50,NA
"548",548,"Denmark","Men","1980-1989","High",26,5,NA,19.2,NA
"549",549,"Denmark","Men","1980-1989","Low",11,3,1,27.3,33.3
"550",550,"Denmark","Women","1910-1919","High",2,NA,NA,NA,NA
"551",551,"Denmark","Women","1910-1919","Low",5,NA,NA,NA,NA
"552",552,"Denmark","Women","1920-1929","High",29,6,NA,20.7,NA
"553",553,"Denmark","Women","1920-1929","Low",30,3,NA,10,NA
"554",554,"Denmark","Women","1930-1939","High",48,8,NA,16.7,NA
"555",555,"Denmark","Women","1930-1939","Low",55,3,NA,5.5,NA
"556",556,"Denmark","Women","1930-1939",NA,7,1,NA,14.3,NA
"557",557,"Denmark","Women","1940-1949","High",134,14,NA,10.4,NA
"558",558,"Denmark","Women","1940-1949","Low",134,12,1,9,8.3
"559",559,"Denmark","Women","1940-1949",NA,7,NA,NA,NA,NA
"560",560,"Denmark","Women","1950-1959","High",142,23,2,16.2,8.7
"561",561,"Denmark","Women","1950-1959","Low",108,17,NA,15.7,NA
"562",562,"Denmark","Women","1950-1959",NA,7,2,1,28.6,50
"563",563,"Denmark","Women","1960-1969","High",106,16,2,15.1,12.5
"564",564,"Denmark","Women","1960-1969","Low",133,20,2,15,10
"565",565,"Denmark","Women","1960-1969",NA,3,1,NA,33.3,NA
"566",566,"Denmark","Women","1970-1979","High",94,14,3,14.9,21.4
"567",567,"Denmark","Women","1970-1979","Low",63,8,1,12.7,12.5
"568",568,"Denmark","Women","1980-1989","High",28,3,1,10.7,33.3
"569",569,"Denmark","Women","1980-1989","Low",10,3,NA,30,NA
"570",570,"Denmark","Women","1980-1989",NA,1,NA,NA,NA,NA
"571",571,"Dominican Republic","Men","1950-1959","High",1319,84,26,6.4,31
"572",572,"Dominican Republic","Men","1950-1959","Low",1926,55,6,2.9,10.9
"573",573,"Dominican Republic","Men","1950-1959",NA,2,NA,NA,NA,NA
"574",574,"Dominican Republic","Men","1960-1969","High",2177,113,53,5.2,46.9
"575",575,"Dominican Republic","Men","1960-1969","Low",2299,72,18,3.1,25
"576",576,"Dominican Republic","Men","1960-1969",NA,1,NA,NA,NA,NA
"577",577,"Dominican Republic","Women","1940-1949","High",104,5,3,4.8,60
"578",578,"Dominican Republic","Women","1940-1949","Low",146,13,6,8.9,46.2
"579",579,"Dominican Republic","Women","1940-1949",NA,1,NA,NA,NA,NA
"580",580,"Dominican Republic","Women","1950-1959","High",194,8,2,4.1,25
"581",581,"Dominican Republic","Women","1950-1959","Low",237,22,6,9.3,27.3
"582",582,"Dominican Republic","Women","1960-1969","High",218,25,9,11.5,36
"583",583,"Dominican Republic","Women","1960-1969","Low",238,37,14,15.5,37.8
"584",584,"Dominican Republic","Women","1960-1969",NA,3,NA,NA,NA,NA
"585",585,"Estonia","Men","1920-1929","High",62,7,NA,11.3,NA
"586",586,"Estonia","Men","1920-1929","Low",87,11,2,12.6,18.2
"587",587,"Estonia","Men","1930-1939","High",219,17,5,7.8,29.4
"588",588,"Estonia","Men","1930-1939","Low",291,33,5,11.3,15.2
"589",589,"Estonia","Men","1940-1949","High",283,14,4,4.9,28.6
"590",590,"Estonia","Men","1940-1949","Low",353,46,13,13,28.3
"591",591,"Estonia","Men","1950-1959","High",356,30,8,8.4,26.7
"592",592,"Estonia","Men","1950-1959","Low",405,50,18,12.3,36
"593",593,"Estonia","Men","1960-1969","High",168,26,6,15.5,23.1
"594",594,"Estonia","Men","1960-1969","Low",575,86,37,15,43
"595",595,"Estonia","Men","1970-1979","High",89,18,6,20.2,33.3
"596",596,"Estonia","Men","1970-1979","Low",105,23,10,21.9,43.5
"597",597,"Estonia","Men","1980-1989","High",34,12,3,35.3,25
"598",598,"Estonia","Men","1980-1989","Low",23,5,1,21.7,20
"599",599,"Estonia","Women","1905-1909","High",1,NA,NA,NA,NA
"600",600,"Estonia","Women","1910-1919","High",4,NA,NA,NA,NA
"601",601,"Estonia","Women","1910-1919","Low",3,1,1,33.3,100
"602",602,"Estonia","Women","1920-1929","High",171,25,10,14.6,40
"603",603,"Estonia","Women","1920-1929","Low",252,37,7,14.7,18.9
"604",604,"Estonia","Women","1930-1939","High",474,56,19,11.8,33.9
"605",605,"Estonia","Women","1930-1939","Low",560,49,12,8.8,24.5
"606",606,"Estonia","Women","1930-1939",NA,1,NA,NA,NA,NA
"607",607,"Estonia","Women","1940-1949","High",466,41,14,8.8,34.1
"608",608,"Estonia","Women","1940-1949","Low",605,42,14,6.9,33.3
"609",609,"Estonia","Women","1950-1959","High",533,33,9,6.2,27.3
"610",610,"Estonia","Women","1950-1959","Low",743,45,14,6.1,31.1
"611",611,"Estonia","Women","1960-1969","High",528,42,20,8,47.6
"612",612,"Estonia","Women","1960-1969","Low",639,46,16,7.2,34.8
"613",613,"Estonia","Women","1960-1969",NA,1,NA,NA,NA,NA
"614",614,"Estonia","Women","1970-1979","High",90,12,2,13.3,16.7
"615",615,"Estonia","Women","1970-1979","Low",129,10,4,7.8,40
"616",616,"Estonia","Women","1980-1989","High",40,7,2,17.5,28.6
"617",617,"Estonia","Women","1980-1989","Low",24,3,1,12.5,33.3
"618",618,"Ethiopia","Men","1960-1969","High",124,11,6,8.9,54.5
"619",619,"Ethiopia","Men","1960-1969","Low",370,6,NA,1.6,NA
"620",620,"Ethiopia","Men","1970-1979","High",760,99,59,13,59.6
"621",621,"Ethiopia","Men","1970-1979","Low",2015,38,10,1.9,26.3
"622",622,"Ethiopia","Men","1980-1989","High",228,33,21,14.5,63.6
"623",623,"Ethiopia","Men","1980-1989","Low",699,24,9,3.4,37.5
"624",624,"Ethiopia","Women","1950-1959","High",77,4,2,5.2,50
"625",625,"Ethiopia","Women","1950-1959","Low",140,2,NA,1.4,NA
"626",626,"Ethiopia","Women","1960-1969","High",473,31,17,6.6,54.8
"627",627,"Ethiopia","Women","1960-1969","Low",843,11,NA,1.3,NA
"628",628,"Ethiopia","Women","1970-1979","High",938,131,80,14,61.1
"629",629,"Ethiopia","Women","1970-1979","Low",1474,36,13,2.4,36.1
"630",630,"Ethiopia","Women","1980-1989","High",194,45,25,23.2,55.6
"631",631,"Ethiopia","Women","1980-1989","Low",432,28,15,6.5,53.6
"632",632,"Finland","Men","1910-1919","High",3,NA,NA,NA,NA
"633",633,"Finland","Men","1910-1919","Low",5,1,NA,20,NA
"634",634,"Finland","Men","1920-1929","High",18,NA,NA,NA,NA
"635",635,"Finland","Men","1920-1929","Low",29,2,2,6.9,100
"636",636,"Finland","Men","1920-1929",NA,2,NA,NA,NA,NA
"637",637,"Finland","Men","1930-1939","High",51,7,2,13.7,28.6
"638",638,"Finland","Men","1930-1939","Low",93,7,2,7.5,28.6
"639",639,"Finland","Men","1930-1939",NA,1,NA,NA,NA,NA
"640",640,"Finland","Men","1940-1949","High",111,10,2,9,20
"641",641,"Finland","Men","1940-1949","Low",165,20,7,12.1,35
"642",642,"Finland","Men","1940-1949",NA,1,NA,NA,NA,NA
"643",643,"Finland","Men","1950-1959","High",130,19,6,14.6,31.6
"644",644,"Finland","Men","1950-1959","Low",193,36,14,18.7,38.9
"645",645,"Finland","Men","1960-1969","High",119,25,5,21,20
"646",646,"Finland","Men","1960-1969","Low",170,38,14,22.4,36.8
"647",647,"Finland","Men","1960-1969",NA,2,1,1,50,100
"648",648,"Finland","Men","1970-1979","High",84,17,5,20.2,29.4
"649",649,"Finland","Men","1970-1979","Low",67,22,6,32.8,27.3
"650",650,"Finland","Men","1970-1979",NA,1,NA,NA,NA,NA
"651",651,"Finland","Men","1980-1989","High",32,11,1,34.4,9.1
"652",652,"Finland","Men","1980-1989","Low",21,5,NA,23.8,NA
"653",653,"Finland","Women","1905-1909","High",1,NA,NA,NA,NA
"654",654,"Finland","Women","1910-1919","High",5,2,NA,40,NA
"655",655,"Finland","Women","1910-1919","Low",12,NA,NA,NA,NA
"656",656,"Finland","Women","1920-1929","High",24,5,3,20.8,60
"657",657,"Finland","Women","1920-1929","Low",53,9,5,17,55.6
"658",658,"Finland","Women","1920-1929",NA,1,NA,NA,NA,NA
"659",659,"Finland","Women","1930-1939","High",84,10,6,11.9,60
"660",660,"Finland","Women","1930-1939","Low",113,12,4,10.6,33.3
"661",661,"Finland","Women","1930-1939",NA,1,NA,NA,NA,NA
"662",662,"Finland","Women","1940-1949","High",123,16,5,13,31.2
"663",663,"Finland","Women","1940-1949","Low",176,20,6,11.4,30
"664",664,"Finland","Women","1950-1959","High",158,33,8,20.9,24.2
"665",665,"Finland","Women","1950-1959","Low",158,16,1,10.1,6.2
"666",666,"Finland","Women","1960-1969","High",144,19,5,13.2,26.3
"667",667,"Finland","Women","1960-1969","Low",148,27,5,18.2,18.5
"668",668,"Finland","Women","1960-1969",NA,1,NA,NA,NA,NA
"669",669,"Finland","Women","1970-1979","High",75,15,5,20,33.3
"670",670,"Finland","Women","1970-1979","Low",73,10,1,13.7,10
"671",671,"Finland","Women","1980-1989","High",50,11,3,22,27.3
"672",672,"Finland","Women","1980-1989","Low",14,1,NA,7.1,NA
"673",673,"France","Men","1910-1919","High",1,NA,NA,NA,NA
"674",674,"France","Men","1910-1919","Low",6,1,1,16.7,100
"675",675,"France","Men","1920-1929","High",63,10,2,15.9,20
"676",676,"France","Men","1920-1929","Low",166,33,13,19.9,39.4
"677",677,"France","Men","1920-1929",NA,4,NA,NA,NA,NA
"678",678,"France","Men","1930-1939","High",290,33,16,11.4,48.5
"679",679,"France","Men","1930-1939","Low",396,57,27,14.4,47.4
"680",680,"France","Men","1930-1939",NA,17,1,1,5.9,100
"681",681,"France","Men","1940-1949","High",438,59,25,13.5,42.4
"682",682,"France","Men","1940-1949","Low",581,90,34,15.5,37.8
"683",683,"France","Men","1940-1949",NA,20,1,NA,5,NA
"684",684,"France","Men","1950-1959","High",490,87,25,17.8,28.7
"685",685,"France","Men","1950-1959","Low",642,105,35,16.4,33.3
"686",686,"France","Men","1950-1959",NA,9,2,NA,22.2,NA
"687",687,"France","Men","1960-1969","High",550,111,32,20.2,28.8
"688",688,"France","Men","1960-1969","Low",655,144,59,22,41
"689",689,"France","Men","1960-1969",NA,10,3,2,30,66.7
"690",690,"France","Men","1970-1979","High",121,29,6,24,20.7
"691",691,"France","Men","1970-1979","Low",162,39,14,24.1,35.9
"692",692,"France","Men","1970-1979",NA,3,1,NA,33.3,NA
"693",693,"France","Men","1980-1989","High",42,11,1,26.2,9.1
"694",694,"France","Men","1980-1989","Low",26,10,2,38.5,20
"695",695,"France","Men","1980-1989",NA,2,NA,NA,NA,NA
"696",696,"France","Women","1910-1919","High",5,NA,NA,NA,NA
"697",697,"France","Women","1910-1919","Low",3,NA,NA,NA,NA
"698",698,"France","Women","1920-1929","High",132,33,12,25,36.4
"699",699,"France","Women","1920-1929","Low",188,25,8,13.3,32
"700",700,"France","Women","1920-1929",NA,6,2,2,33.3,100
"701",701,"France","Women","1930-1939","High",390,57,28,14.6,49.1
"702",702,"France","Women","1930-1939","Low",512,59,19,11.5,32.2
"703",703,"France","Women","1930-1939",NA,22,1,NA,4.5,NA
"704",704,"France","Women","1940-1949","High",475,88,30,18.5,34.1
"705",705,"France","Women","1940-1949","Low",711,71,24,10,33.8
"706",706,"France","Women","1940-1949",NA,15,1,NA,6.7,NA
"707",707,"France","Women","1950-1959","High",610,96,26,15.7,27.1
"708",708,"France","Women","1950-1959","Low",846,95,41,11.2,43.2
"709",709,"France","Women","1950-1959",NA,9,NA,NA,NA,NA
"710",710,"France","Women","1960-1969","High",650,123,40,18.9,32.5
"711",711,"France","Women","1960-1969","Low",812,102,34,12.6,33.3
"712",712,"France","Women","1960-1969",NA,10,1,NA,10,NA
"713",713,"France","Women","1970-1979","High",131,23,4,17.6,17.4
"714",714,"France","Women","1970-1979","Low",181,27,8,14.9,29.6
"715",715,"France","Women","1970-1979",NA,1,NA,NA,NA,NA
"716",716,"France","Women","1980-1989","High",41,9,NA,22,NA
"717",717,"France","Women","1980-1989","Low",35,4,NA,11.4,NA
"718",718,"France","Women","1980-1989",NA,1,NA,NA,NA,NA
"719",719,"Gabon","Men","1960-1969","High",656,31,4,4.7,12.9
"720",720,"Gabon","Men","1960-1969","Low",576,24,3,4.2,12.5
"721",721,"Gabon","Men","1970-1979","High",637,33,10,5.2,30.3
"722",722,"Gabon","Men","1970-1979","Low",749,29,6,3.9,20.7
"723",723,"Gabon","Men","1970-1979",NA,1,NA,NA,NA,NA
"724",724,"Gabon","Women","1950-1959","High",216,4,2,1.9,50
"725",725,"Gabon","Women","1950-1959","Low",229,8,3,3.5,37.5
"726",726,"Gabon","Women","1950-1959",NA,1,NA,NA,NA,NA
"727",727,"Gabon","Women","1960-1969","High",501,11,1,2.2,9.1
"728",728,"Gabon","Women","1960-1969","Low",516,34,10,6.6,29.4
"729",729,"Gabon","Women","1960-1969",NA,1,NA,NA,NA,NA
"730",730,"Gabon","Women","1970-1979","High",448,30,9,6.7,30
"731",731,"Gabon","Women","1970-1979","Low",474,60,33,12.7,55
"732",732,"Gabon","Women","1970-1979",NA,1,NA,NA,NA,NA
"733",733,"Gambia","Men","1970-1979","High",508,18,2,3.5,11.1
"734",734,"Gambia","Men","1970-1979","Low",1225,25,1,2,4
"735",735,"Gambia","Men","1980-1989","High",517,38,11,7.4,28.9
"736",736,"Gambia","Men","1980-1989","Low",1026,21,4,2,19
"737",737,"Gambia","Women","1960-1969","High",172,10,5,5.8,50
"738",738,"Gambia","Women","1960-1969","Low",245,2,NA,0.8,NA
"739",739,"Gambia","Women","1970-1979","High",350,28,21,8,75
"740",740,"Gambia","Women","1970-1979","Low",375,11,4,2.9,36.4
"741",741,"Gambia","Women","1980-1989","High",230,45,34,19.6,75.6
"742",742,"Gambia","Women","1980-1989","Low",294,26,13,8.8,50
"743",743,"Georgia","Men","1920-1929","High",30,1,NA,3.3,NA
"744",744,"Georgia","Men","1920-1929","Low",43,1,NA,2.3,NA
"745",745,"Georgia","Men","1920-1929",NA,48,3,2,6.2,66.7
"746",746,"Georgia","Men","1930-1939","High",137,12,6,8.8,50
"747",747,"Georgia","Men","1930-1939","Low",183,5,1,2.7,20
"748",748,"Georgia","Men","1930-1939",NA,189,12,7,6.3,58.3
"749",749,"Georgia","Men","1940-1949","High",218,10,3,4.6,30
"750",750,"Georgia","Men","1940-1949","Low",189,10,4,5.3,40
"751",751,"Georgia","Men","1940-1949",NA,69,8,1,11.6,12.5
"752",752,"Georgia","Men","1950-1959","High",358,28,21,7.8,75
"753",753,"Georgia","Men","1950-1959","Low",396,28,18,7.1,64.3
"754",754,"Georgia","Men","1950-1959",NA,40,2,1,5,50
"755",755,"Georgia","Men","1960-1969","High",391,70,52,17.9,74.3
"756",756,"Georgia","Men","1960-1969","Low",492,52,37,10.6,71.2
"757",757,"Georgia","Men","1960-1969",NA,36,10,8,27.8,80
"758",758,"Georgia","Men","1970-1979","High",16,8,5,50,62.5
"759",759,"Georgia","Men","1970-1979","Low",91,29,21,31.9,72.4
"760",760,"Georgia","Men","1970-1979",NA,3,NA,NA,NA,NA
"761",761,"Georgia","Women","1920-1929","High",39,10,5,25.6,50
"762",762,"Georgia","Women","1920-1929","Low",76,14,10,18.4,71.4
"763",763,"Georgia","Women","1920-1929",NA,103,13,8,12.6,61.5
"764",764,"Georgia","Women","1930-1939","High",181,28,19,15.5,67.9
"765",765,"Georgia","Women","1930-1939","Low",268,33,16,12.3,48.5
"766",766,"Georgia","Women","1930-1939",NA,280,28,16,10,57.1
"767",767,"Georgia","Women","1940-1949","High",285,44,32,15.4,72.7
"768",768,"Georgia","Women","1940-1949","Low",305,30,18,9.8,60
"769",769,"Georgia","Women","1940-1949",NA,128,14,8,10.9,57.1
"770",770,"Georgia","Women","1950-1959","High",439,44,33,10,75
"771",771,"Georgia","Women","1950-1959","Low",497,49,33,9.9,67.3
"772",772,"Georgia","Women","1950-1959",NA,83,8,4,9.6,50
"773",773,"Georgia","Women","1960-1969","High",536,94,77,17.5,81.9
"774",774,"Georgia","Women","1960-1969","Low",556,56,39,10.1,69.6
"775",775,"Georgia","Women","1960-1969",NA,54,5,5,9.3,100
"776",776,"Georgia","Women","1970-1979","High",18,2,NA,11.1,NA
"777",777,"Georgia","Women","1970-1979","Low",140,21,15,15,71.4
"778",778,"Georgia","Women","1970-1979",NA,16,NA,NA,NA,NA
"779",779,"Germany","Men","1910-1919","High",4,1,NA,25,NA
"780",780,"Germany","Men","1910-1919","Low",3,NA,NA,NA,NA
"781",781,"Germany","Men","1920-1929","High",104,12,1,11.5,8.3
"782",782,"Germany","Men","1920-1929","Low",146,32,12,21.9,37.5
"783",783,"Germany","Men","1920-1929",NA,5,1,NA,20,NA
"784",784,"Germany","Men","1930-1939","High",340,62,11,18.2,17.7
"785",785,"Germany","Men","1930-1939","Low",559,117,34,20.9,29.1
"786",786,"Germany","Men","1930-1939",NA,12,4,NA,33.3,NA
"787",787,"Germany","Men","1940-1949","High",499,108,16,21.6,14.8
"788",788,"Germany","Men","1940-1949","Low",649,148,42,22.8,28.4
"789",789,"Germany","Men","1940-1949",NA,6,1,NA,16.7,NA
"790",790,"Germany","Men","1950-1959","High",578,129,34,22.3,26.4
"791",791,"Germany","Men","1950-1959","Low",710,172,62,24.2,36
"792",792,"Germany","Men","1950-1959",NA,6,1,NA,16.7,NA
"793",793,"Germany","Men","1960-1969","High",632,205,75,32.4,36.6
"794",794,"Germany","Men","1960-1969","Low",827,244,111,29.5,45.5
"795",795,"Germany","Men","1960-1969",NA,21,10,6,47.6,60
"796",796,"Germany","Men","1970-1979","High",102,34,8,33.3,23.5
"797",797,"Germany","Men","1970-1979","Low",147,52,20,35.4,38.5
"798",798,"Germany","Men","1970-1979",NA,2192,647,255,29.5,39.4
"799",799,"Germany","Men","1980-1989","High",37,17,1,45.9,5.9
"800",800,"Germany","Men","1980-1989","Low",26,13,2,50,15.4
"801",801,"Germany","Women","1910-1919","High",10,NA,NA,NA,NA
"802",802,"Germany","Women","1910-1919","Low",11,3,1,27.3,33.3
"803",803,"Germany","Women","1920-1929","High",161,50,28,31.1,56
"804",804,"Germany","Women","1920-1929","Low",191,43,27,22.5,62.8
"805",805,"Germany","Women","1920-1929",NA,8,1,NA,12.5,NA
"806",806,"Germany","Women","1930-1939","High",332,67,31,20.2,46.3
"807",807,"Germany","Women","1930-1939","Low",526,99,38,18.8,38.4
"808",808,"Germany","Women","1930-1939",NA,20,8,5,40,62.5
"809",809,"Germany","Women","1940-1949","High",471,90,13,19.1,14.4
"810",810,"Germany","Women","1940-1949","Low",622,99,20,15.9,20.2
"811",811,"Germany","Women","1940-1949",NA,8,2,NA,25,NA
"812",812,"Germany","Women","1950-1959","High",624,93,23,14.9,24.7
"813",813,"Germany","Women","1950-1959","Low",874,133,34,15.2,25.6
"814",814,"Germany","Women","1950-1959",NA,14,5,NA,35.7,NA
"815",815,"Germany","Women","1960-1969","High",772,139,46,18,33.1
"816",816,"Germany","Women","1960-1969","Low",1011,134,38,13.3,28.4
"817",817,"Germany","Women","1960-1969",NA,17,4,4,23.5,100
"818",818,"Germany","Women","1970-1979","High",105,16,2,15.2,12.5
"819",819,"Germany","Women","1970-1979","Low",162,35,8,21.6,22.9
"820",820,"Germany","Women","1970-1979",NA,2595,424,116,16.3,27.4
"821",821,"Germany","Women","1980-1989","High",40,12,2,30,16.7
"822",822,"Germany","Women","1980-1989","Low",25,2,NA,8,NA
"823",823,"Ghana","Men","1960-1969","High",395,10,1,2.5,10
"824",824,"Ghana","Men","1960-1969","Low",487,6,1,1.2,16.7
"825",825,"Ghana","Men","1970-1979","High",1112,56,18,5,32.1
"826",826,"Ghana","Men","1970-1979","Low",1168,24,4,2.1,16.7
"827",827,"Ghana","Women","1950-1959","High",142,3,NA,2.1,NA
"828",828,"Ghana","Women","1950-1959","Low",93,1,1,1.1,100
"829",829,"Ghana","Women","1960-1969","High",392,15,11,3.8,73.3
"830",830,"Ghana","Women","1960-1969","Low",276,6,5,2.2,83.3
"831",831,"Ghana","Women","1970-1979","High",545,45,25,8.3,55.6
"832",832,"Ghana","Women","1970-1979","Low",357,18,9,5,50
"833",833,"Guatemala","Men","1960-1969","High",795,57,39,7.2,68.4
"834",834,"Guatemala","Men","1960-1969","Low",1269,45,32,3.5,71.1
"835",835,"Guatemala","Men","1970-1979","High",2371,199,147,8.4,73.9
"836",836,"Guatemala","Men","1970-1979","Low",3189,170,133,5.3,78.2
"837",837,"Guatemala","Men","1980-1989","High",42,7,5,16.7,71.4
"838",838,"Guatemala","Men","1980-1989","Low",73,9,6,12.3,66.7
"839",839,"Guatemala","Women","1950-1959","High",221,10,5,4.5,50
"840",840,"Guatemala","Women","1950-1959","Low",368,14,8,3.8,57.1
"841",841,"Guatemala","Women","1960-1969","High",638,37,24,5.8,64.9
"842",842,"Guatemala","Women","1960-1969","Low",849,41,23,4.8,56.1
"843",843,"Guatemala","Women","1970-1979","High",998,97,66,9.7,68
"844",844,"Guatemala","Women","1970-1979","Low",975,96,62,9.8,64.6
"845",845,"Guatemala","Women","1980-1989","High",19,2,1,10.5,50
"846",846,"Guatemala","Women","1980-1989","Low",27,3,3,11.1,100
"847",847,"Guinea","Men","1960-1969","High",20,NA,NA,NA,NA
"848",848,"Guinea","Men","1960-1969","Low",157,9,2,5.7,22.2
"849",849,"Guinea","Men","1970-1979","High",199,14,3,7,21.4
"850",850,"Guinea","Men","1970-1979","Low",1797,70,6,3.9,8.6
"851",851,"Guinea","Men","1980-1989","High",155,13,6,8.4,46.2
"852",852,"Guinea","Men","1980-1989","Low",925,41,3,4.4,7.3
"853",853,"Guinea","Women","1950-1959","High",11,NA,NA,NA,NA
"854",854,"Guinea","Women","1950-1959","Low",28,NA,NA,NA,NA
"855",855,"Guinea","Women","1960-1969","High",131,2,1,1.5,50
"856",856,"Guinea","Women","1960-1969","Low",422,9,4,2.1,44.4
"857",857,"Guinea","Women","1970-1979","High",237,15,7,6.3,46.7
"858",858,"Guinea","Women","1970-1979","Low",545,17,7,3.1,41.2
"859",859,"Guinea","Women","1980-1989","High",123,23,12,18.7,52.2
"860",860,"Guinea","Women","1980-1989","Low",242,22,12,9.1,54.5
"861",861,"Guyana","Men","1950-1959","High",24,3,3,12.5,100
"862",862,"Guyana","Men","1950-1959","Low",29,NA,NA,NA,NA
"863",863,"Guyana","Men","1960-1969","High",704,53,28,7.5,52.8
"864",864,"Guyana","Men","1960-1969","Low",508,28,11,5.5,39.3
"865",865,"Guyana","Men","1960-1969",NA,1,NA,NA,NA,NA
"866",866,"Guyana","Men","1970-1979","High",355,30,18,8.5,60
"867",867,"Guyana","Men","1970-1979","Low",264,13,6,4.9,46.2
"868",868,"Guyana","Men","1970-1979",NA,1,NA,NA,NA,NA
"869",869,"Guyana","Women","1950-1959","High",24,2,1,8.3,50
"870",870,"Guyana","Women","1950-1959","Low",24,1,NA,4.2,NA
"871",871,"Guyana","Women","1960-1969","High",497,58,26,11.7,44.8
"872",872,"Guyana","Women","1960-1969","Low",386,44,22,11.4,50
"873",873,"Guyana","Women","1960-1969",NA,4,1,1,25,100
"874",874,"Guyana","Women","1970-1979","High",230,35,19,15.2,54.3
"875",875,"Guyana","Women","1970-1979","Low",192,27,14,14.1,51.9
"876",876,"Guyana","Women","1970-1979",NA,1,NA,NA,NA,NA
"877",877,"Haiti","Men","1950-1959","High",119,NA,NA,NA,NA
"878",878,"Haiti","Men","1950-1959","Low",397,NA,NA,NA,NA
"879",879,"Haiti","Men","1960-1969","High",477,18,6,3.8,33.3
"880",880,"Haiti","Men","1960-1969","Low",811,8,1,1,12.5
"881",881,"Haiti","Men","1970-1979","High",1308,124,56,9.5,45.2
"882",882,"Haiti","Men","1970-1979","Low",1442,33,14,2.3,42.4
"883",883,"Haiti","Men","1980-1989","High",249,44,23,17.7,52.3
"884",884,"Haiti","Men","1980-1989","Low",509,17,11,3.3,64.7
"885",885,"Haiti","Women","1950-1959","High",447,9,3,2,33.3
"886",886,"Haiti","Women","1950-1959","Low",783,19,11,2.4,57.9
"887",887,"Haiti","Women","1960-1969","High",815,29,15,3.6,51.7
"888",888,"Haiti","Women","1960-1969","Low",1135,35,19,3.1,54.3
"889",889,"Haiti","Women","1970-1979","High",912,69,35,7.6,50.7
"890",890,"Haiti","Women","1970-1979","Low",1375,79,61,5.7,77.2
"891",891,"Haiti","Women","1980-1989","High",248,39,23,15.7,59
"892",892,"Haiti","Women","1980-1989","Low",324,34,24,10.5,70.6
"893",893,"Honduras","Men","1960-1969","High",1465,78,47,5.3,60.3
"894",894,"Honduras","Men","1960-1969","Low",1564,50,31,3.2,62
"895",895,"Honduras","Men","1960-1969",NA,1,NA,NA,NA,NA
"896",896,"Honduras","Men","1970-1979","High",2057,109,68,5.3,62.4
"897",897,"Honduras","Men","1970-1979","Low",1587,55,34,3.5,61.8
"898",898,"Honduras","Women","1950-1959","High",289,12,5,4.2,41.7
"899",899,"Honduras","Women","1950-1959","Low",423,23,11,5.4,47.8
"900",900,"Honduras","Women","1950-1959",NA,1,NA,NA,NA,NA
"901",901,"Honduras","Women","1960-1969","High",533,32,12,6,37.5
"902",902,"Honduras","Women","1960-1969","Low",642,45,28,7,62.2
"903",903,"Honduras","Women","1970-1979","High",647,58,27,9,46.6
"904",904,"Honduras","Women","1970-1979","Low",535,61,35,11.4,57.4
"905",905,"Hungary","Men","1910-1919","High",3,1,NA,33.3,NA
"906",906,"Hungary","Men","1910-1919","Low",3,NA,NA,NA,NA
"907",907,"Hungary","Men","1920-1929","High",104,7,1,6.7,14.3
"908",908,"Hungary","Men","1920-1929","Low",127,18,2,14.2,11.1
"909",909,"Hungary","Men","1920-1929",NA,1,NA,NA,NA,NA
"910",910,"Hungary","Men","1930-1939","High",293,27,3,9.2,11.1
"911",911,"Hungary","Men","1930-1939","Low",505,58,13,11.5,22.4
"912",912,"Hungary","Men","1930-1939",NA,8,NA,NA,NA,NA
"913",913,"Hungary","Men","1940-1949","High",488,49,4,10,8.2
"914",914,"Hungary","Men","1940-1949","Low",710,80,22,11.3,27.5
"915",915,"Hungary","Men","1940-1949",NA,3,NA,NA,NA,NA
"916",916,"Hungary","Men","1950-1959","High",557,53,19,9.5,35.8
"917",917,"Hungary","Men","1950-1959","Low",894,132,65,14.8,49.2
"918",918,"Hungary","Men","1960-1969","High",527,110,49,20.9,44.5
"919",919,"Hungary","Men","1960-1969","Low",647,136,69,21,50.7
"920",920,"Hungary","Men","1970-1979","High",41,13,5,31.7,38.5
"921",921,"Hungary","Men","1970-1979","Low",125,41,19,32.8,46.3
"922",922,"Hungary","Men","1970-1979",NA,1,NA,NA,NA,NA
"923",923,"Hungary","Men","1980-1989","High",31,11,5,35.5,45.5
"924",924,"Hungary","Men","1980-1989","Low",30,9,7,30,77.8
"925",925,"Hungary","Women","1910-1919","High",3,1,NA,33.3,NA
"926",926,"Hungary","Women","1910-1919","Low",4,1,NA,25,NA
"927",927,"Hungary","Women","1920-1929","High",136,28,8,20.6,28.6
"928",928,"Hungary","Women","1920-1929","Low",308,44,9,14.3,20.5
"929",929,"Hungary","Women","1920-1929",NA,3,NA,NA,NA,NA
"930",930,"Hungary","Women","1930-1939","High",487,69,22,14.2,31.9
"931",931,"Hungary","Women","1930-1939","Low",830,72,11,8.7,15.3
"932",932,"Hungary","Women","1930-1939",NA,8,NA,NA,NA,NA
"933",933,"Hungary","Women","1940-1949","High",690,69,20,10,29
"934",934,"Hungary","Women","1940-1949","Low",938,74,14,7.9,18.9
"935",935,"Hungary","Women","1940-1949",NA,10,1,1,10,100
"936",936,"Hungary","Women","1950-1959","High",743,73,19,9.8,26
"937",937,"Hungary","Women","1950-1959","Low",1053,73,21,6.9,28.8
"938",938,"Hungary","Women","1950-1959",NA,12,1,NA,8.3,NA
"939",939,"Hungary","Women","1960-1969","High",596,61,20,10.2,32.8
"940",940,"Hungary","Women","1960-1969","Low",830,67,27,8.1,40.3
"941",941,"Hungary","Women","1960-1969",NA,2,NA,NA,NA,NA
"942",942,"Hungary","Women","1970-1979","High",84,27,9,32.1,33.3
"943",943,"Hungary","Women","1970-1979","Low",113,19,10,16.8,52.6
"944",944,"Hungary","Women","1970-1979",NA,2,NA,NA,NA,NA
"945",945,"Hungary","Women","1980-1989","High",23,7,2,30.4,28.6
"946",946,"Hungary","Women","1980-1989","Low",34,10,1,29.4,10
"947",947,"Iceland","Men","1920-1929","High",1,1,1,100,100
"948",948,"Iceland","Men","1920-1929","Low",1,NA,NA,NA,NA
"949",949,"Iceland","Men","1920-1929",NA,2,1,1,50,100
"950",950,"Iceland","Men","1930-1939","High",9,1,NA,11.1,NA
"951",951,"Iceland","Men","1930-1939","Low",4,1,1,25,100
"952",952,"Iceland","Men","1930-1939",NA,2,NA,NA,NA,NA
"953",953,"Iceland","Men","1940-1949","High",22,NA,NA,NA,NA
"954",954,"Iceland","Men","1940-1949","Low",23,3,2,13,66.7
"955",955,"Iceland","Men","1940-1949",NA,2,NA,NA,NA,NA
"956",956,"Iceland","Men","1950-1959","High",41,1,1,2.4,100
"957",957,"Iceland","Men","1950-1959","Low",37,3,2,8.1,66.7
"958",958,"Iceland","Men","1950-1959",NA,1,NA,NA,NA,NA
"959",959,"Iceland","Men","1960-1969","High",38,1,NA,2.6,NA
"960",960,"Iceland","Men","1960-1969","Low",48,7,5,14.6,71.4
"961",961,"Iceland","Men","1960-1969",NA,1,NA,NA,NA,NA
"962",962,"Iceland","Men","1970-1979","High",32,3,1,9.4,33.3
"963",963,"Iceland","Men","1970-1979","Low",27,2,NA,7.4,NA
"964",964,"Iceland","Men","1970-1979",NA,1,NA,NA,NA,NA
"965",965,"Iceland","Men","1980-1989","High",21,2,NA,9.5,NA
"966",966,"Iceland","Men","1980-1989","Low",14,NA,NA,NA,NA
"967",967,"Iceland","Women","1920-1929","High",2,NA,NA,NA,NA
"968",968,"Iceland","Women","1920-1929","Low",2,NA,NA,NA,NA
"969",969,"Iceland","Women","1930-1939","High",9,NA,NA,NA,NA
"970",970,"Iceland","Women","1930-1939","Low",7,NA,NA,NA,NA
"971",971,"Iceland","Women","1930-1939",NA,1,NA,NA,NA,NA
"972",972,"Iceland","Women","1940-1949","High",26,1,NA,3.8,NA
"973",973,"Iceland","Women","1940-1949","Low",26,NA,NA,NA,NA
"974",974,"Iceland","Women","1940-1949",NA,1,NA,NA,NA,NA
"975",975,"Iceland","Women","1950-1959","High",36,1,NA,2.8,NA
"976",976,"Iceland","Women","1950-1959","Low",37,1,NA,2.7,NA
"977",977,"Iceland","Women","1950-1959",NA,2,NA,NA,NA,NA
"978",978,"Iceland","Women","1960-1969","High",39,3,1,7.7,33.3
"979",979,"Iceland","Women","1960-1969","Low",37,4,NA,10.8,NA
"980",980,"Iceland","Women","1970-1979","High",36,4,2,11.1,50
"981",981,"Iceland","Women","1970-1979","Low",35,3,NA,8.6,NA
"982",982,"Iceland","Women","1970-1979",NA,2,NA,NA,NA,NA
"983",983,"Iceland","Women","1980-1989","High",21,1,NA,4.8,NA
"984",984,"Iceland","Women","1980-1989","Low",13,NA,NA,NA,NA
"985",985,"India","Men","1960-1969","High",20851,912,351,4.4,38.5
"986",986,"India","Men","1960-1969","Low",30645,956,189,3.1,19.8
"987",987,"India","Men","1970-1979","High",76976,3789,1592,4.9,42
"988",988,"India","Men","1970-1979","Low",86018,3001,778,3.5,25.9
"989",989,"India","Men","1980-1989","High",10339,791,386,7.7,48.8
"990",990,"India","Men","1980-1989","Low",14900,746,222,5,29.8
"991",991,"India","Women","1960-1969","High",8518,556,119,6.5,21.4
"992",992,"India","Women","1960-1969","Low",7639,494,114,6.5,23.1
"993",993,"India","Women","1970-1979","High",14382,1362,500,9.5,36.7
"994",994,"India","Women","1970-1979","Low",10767,903,316,8.4,35
"995",995,"India","Women","1980-1989","High",1951,274,121,14,44.2
"996",996,"India","Women","1980-1989","Low",2362,241,94,10.2,39
"997",997,"Indonesia","Men","1960-1969","High",1297,93,40,7.2,43
"998",998,"Indonesia","Men","1960-1969","Low",1473,75,26,5.1,34.7
"999",999,"Indonesia","Men","1960-1969",NA,3,1,NA,33.3,NA
"1000",1000,"Indonesia","Men","1970-1979","High",7533,552,239,7.3,43.3
"1001",1001,"Indonesia","Men","1970-1979","Low",6346,314,140,4.9,44.6
"1002",1002,"Indonesia","Men","1970-1979",NA,15,3,2,20,66.7
"1003",1003,"Indonesia","Men","1980-1989","High",1776,154,64,8.7,41.6
"1004",1004,"Indonesia","Men","1980-1989","Low",2434,124,57,5.1,46
"1005",1005,"Indonesia","Men","1980-1989",NA,9,1,NA,11.1,NA
"1006",1006,"Indonesia","Women","1960-1969","High",1236,24,NA,1.9,NA
"1007",1007,"Indonesia","Women","1960-1969","Low",1086,26,NA,2.4,NA
"1008",1008,"Indonesia","Women","1960-1969",NA,7,NA,NA,NA,NA
"1009",1009,"Indonesia","Women","1970-1979","High",1656,64,NA,3.9,NA
"1010",1010,"Indonesia","Women","1970-1979","Low",1919,73,NA,3.8,NA
"1011",1011,"Indonesia","Women","1970-1979",NA,7,NA,NA,NA,NA
"1012",1012,"Indonesia","Women","1980-1989","High",457,26,NA,5.7,NA
"1013",1013,"Indonesia","Women","1980-1989","Low",586,30,NA,5.1,NA
"1014",1014,"Indonesia","Women","1980-1989",NA,1,NA,NA,NA,NA
"1015",1015,"Ireland","Men","1910-1919","High",2,NA,NA,NA,NA
"1016",1016,"Ireland","Men","1910-1919","Low",2,NA,NA,NA,NA
"1017",1017,"Ireland","Men","1920-1929","High",22,4,3,18.2,75
"1018",1018,"Ireland","Men","1920-1929","Low",24,9,6,37.5,66.7
"1019",1019,"Ireland","Men","1930-1939","High",57,7,4,12.3,57.1
"1020",1020,"Ireland","Men","1930-1939","Low",96,29,19,30.2,65.5
"1021",1021,"Ireland","Men","1930-1939",NA,2,1,1,50,100
"1022",1022,"Ireland","Men","1940-1949","High",116,17,6,14.7,35.3
"1023",1023,"Ireland","Men","1940-1949","Low",142,41,29,28.9,70.7
"1024",1024,"Ireland","Men","1940-1949",NA,7,2,1,28.6,50
"1025",1025,"Ireland","Men","1950-1959","High",148,34,21,23,61.8
"1026",1026,"Ireland","Men","1950-1959","Low",155,45,36,29,80
"1027",1027,"Ireland","Men","1950-1959",NA,6,2,1,33.3,50
"1028",1028,"Ireland","Men","1960-1969","High",157,46,21,29.3,45.7
"1029",1029,"Ireland","Men","1960-1969","Low",160,63,42,39.4,66.7
"1030",1030,"Ireland","Men","1960-1969",NA,7,1,1,14.3,100
"1031",1031,"Ireland","Men","1970-1979","High",104,33,11,31.7,33.3
"1032",1032,"Ireland","Men","1970-1979","Low",82,22,9,26.8,40.9
"1033",1033,"Ireland","Men","1970-1979",NA,2,1,NA,50,NA
"1034",1034,"Ireland","Men","1980-1989","High",49,28,9,57.1,32.1
"1035",1035,"Ireland","Men","1980-1989","Low",33,8,5,24.2,62.5
"1036",1036,"Ireland","Men","1980-1989",NA,2,1,NA,50,NA
"1037",1037,"Ireland","Women","1905-1909","High",1,1,NA,100,NA
"1038",1038,"Ireland","Women","1910-1919","High",1,NA,NA,NA,NA
"1039",1039,"Ireland","Women","1910-1919","Low",1,1,NA,100,NA
"1040",1040,"Ireland","Women","1920-1929","High",26,5,2,19.2,40
"1041",1041,"Ireland","Women","1920-1929","Low",20,5,4,25,80
"1042",1042,"Ireland","Women","1930-1939","High",56,9,3,16.1,33.3
"1043",1043,"Ireland","Women","1930-1939","Low",68,10,6,14.7,60
"1044",1044,"Ireland","Women","1930-1939",NA,2,1,1,50,100
"1045",1045,"Ireland","Women","1940-1949","High",108,20,16,18.5,80
"1046",1046,"Ireland","Women","1940-1949","Low",152,21,12,13.8,57.1
"1047",1047,"Ireland","Women","1940-1949",NA,2,NA,NA,NA,NA
"1048",1048,"Ireland","Women","1950-1959","High",150,41,23,27.3,56.1
"1049",1049,"Ireland","Women","1950-1959","Low",178,23,13,12.9,56.5
"1050",1050,"Ireland","Women","1950-1959",NA,3,1,NA,33.3,NA
"1051",1051,"Ireland","Women","1960-1969","High",164,29,18,17.7,62.1
"1052",1052,"Ireland","Women","1960-1969","Low",218,33,18,15.1,54.5
"1053",1053,"Ireland","Women","1960-1969",NA,1,NA,NA,NA,NA
"1054",1054,"Ireland","Women","1970-1979","High",145,31,5,21.4,16.1
"1055",1055,"Ireland","Women","1970-1979","Low",123,17,4,13.8,23.5
"1056",1056,"Ireland","Women","1970-1979",NA,2,NA,NA,NA,NA
"1057",1057,"Ireland","Women","1980-1989","High",86,19,9,22.1,47.4
"1058",1058,"Ireland","Women","1980-1989","Low",33,6,3,18.2,50
"1059",1059,"Ireland",NA,"1920-1929","High",1,1,NA,100,NA
"1060",1060,"Ireland",NA,"1930-1939","High",2,NA,NA,NA,NA
"1061",1061,"Ireland",NA,"1930-1939","Low",3,1,1,33.3,100
"1062",1062,"Ireland",NA,"1940-1949","High",2,NA,NA,NA,NA
"1063",1063,"Ireland",NA,"1940-1949","Low",3,NA,NA,NA,NA
"1064",1064,"Ireland",NA,"1950-1959","High",2,NA,NA,NA,NA
"1065",1065,"Ireland",NA,"1950-1959","Low",2,1,NA,50,NA
"1066",1066,"Ireland",NA,"1960-1969","High",1,NA,NA,NA,NA
"1067",1067,"Ireland",NA,"1960-1969","Low",1,1,NA,100,NA
"1068",1068,"Italy","Men","1920-1929","High",1,NA,NA,NA,NA
"1069",1069,"Italy","Men","1920-1929","Low",3,NA,NA,NA,NA
"1070",1070,"Italy","Men","1920-1929",NA,1,NA,NA,NA,NA
"1071",1071,"Italy","Men","1930-1939","High",25,1,NA,4,NA
"1072",1072,"Italy","Men","1930-1939","Low",48,3,1,6.2,33.3
"1073",1073,"Italy","Men","1930-1939",NA,2,NA,NA,NA,NA
"1074",1074,"Italy","Men","1940-1949","High",50,8,3,16,37.5
"1075",1075,"Italy","Men","1940-1949","Low",98,9,4,9.2,44.4
"1076",1076,"Italy","Men","1940-1949",NA,6,1,NA,16.7,NA
"1077",1077,"Italy","Men","1950-1959","High",102,16,3,15.7,18.8
"1078",1078,"Italy","Men","1950-1959","Low",91,14,7,15.4,50
"1079",1079,"Italy","Men","1950-1959",NA,5,2,2,40,100
"1080",1080,"Italy","Men","1960-1969","High",120,35,10,29.2,28.6
"1081",1081,"Italy","Men","1960-1969","Low",105,30,14,28.6,46.7
"1082",1082,"Italy","Men","1960-1969",NA,4,1,1,25,100
"1083",1083,"Italy","Men","1970-1979","High",133,53,26,39.8,49.1
"1084",1084,"Italy","Men","1970-1979","Low",82,27,15,32.9,55.6
"1085",1085,"Italy","Men","1970-1979",NA,8,4,2,50,50
"1086",1086,"Italy","Men","1980-1989","High",49,31,14,63.3,45.2
"1087",1087,"Italy","Men","1980-1989","Low",30,13,8,43.3,61.5
"1088",1088,"Italy","Men","1980-1989",NA,5,3,3,60,100
"1089",1089,"Italy","Women","1920-1929","High",4,1,NA,25,NA
"1090",1090,"Italy","Women","1920-1929","Low",14,NA,NA,NA,NA
"1091",1091,"Italy","Women","1920-1929",NA,4,1,1,25,100
"1092",1092,"Italy","Women","1930-1939","High",35,4,1,11.4,25
"1093",1093,"Italy","Women","1930-1939","Low",80,2,1,2.5,50
"1094",1094,"Italy","Women","1930-1939",NA,4,NA,NA,NA,NA
"1095",1095,"Italy","Women","1940-1949","High",61,10,7,16.4,70
"1096",1096,"Italy","Women","1940-1949","Low",119,12,4,10.1,33.3
"1097",1097,"Italy","Women","1940-1949",NA,6,2,1,33.3,50
"1098",1098,"Italy","Women","1950-1959","High",102,24,5,23.5,20.8
"1099",1099,"Italy","Women","1950-1959","Low",115,13,6,11.3,46.2
"1100",1100,"Italy","Women","1950-1959",NA,4,NA,NA,NA,NA
"1101",1101,"Italy","Women","1960-1969","High",136,39,10,28.7,25.6
"1102",1102,"Italy","Women","1960-1969","Low",130,30,12,23.1,40
"1103",1103,"Italy","Women","1960-1969",NA,6,4,3,66.7,75
"1104",1104,"Italy","Women","1970-1979","High",132,38,20,28.8,52.6
"1105",1105,"Italy","Women","1970-1979","Low",83,20,8,24.1,40
"1106",1106,"Italy","Women","1970-1979",NA,5,1,NA,20,NA
"1107",1107,"Italy","Women","1980-1989","High",32,14,2,43.8,14.3
"1108",1108,"Italy","Women","1980-1989","Low",49,20,9,40.8,45
"1109",1109,"Italy","Women","1980-1989",NA,2,2,1,100,50
"1110",1110,"Ivory Coast","Men","1960-1969","High",313,14,6,4.5,42.9
"1111",1111,"Ivory Coast","Men","1960-1969","Low",795,18,3,2.3,16.7
"1112",1112,"Ivory Coast","Men","1970-1979","High",519,35,18,6.7,51.4
"1113",1113,"Ivory Coast","Men","1970-1979","Low",1108,25,5,2.3,20
"1114",1114,"Ivory Coast","Men","1970-1979",NA,1,NA,NA,NA,NA
"1115",1115,"Ivory Coast","Women","1950-1959","High",147,1,1,0.7,100
"1116",1116,"Ivory Coast","Women","1950-1959","Low",187,2,NA,1.1,NA
"1117",1117,"Ivory Coast","Women","1960-1969","High",316,11,4,3.5,36.4
"1118",1118,"Ivory Coast","Women","1960-1969","Low",437,11,5,2.5,45.5
"1119",1119,"Ivory Coast","Women","1970-1979","High",377,28,18,7.4,64.3
"1120",1120,"Ivory Coast","Women","1970-1979","Low",415,23,14,5.5,60.9
"1121",1121,"Kazakhstan","Men","1930-1939","High",12,NA,NA,NA,NA
"1122",1122,"Kazakhstan","Men","1930-1939","Low",23,4,3,17.4,75
"1123",1123,"Kazakhstan","Men","1940-1949","High",137,27,13,19.7,48.1
"1124",1124,"Kazakhstan","Men","1940-1949","Low",154,28,17,18.2,60.7
"1125",1125,"Kazakhstan","Men","1950-1959","High",686,88,62,12.8,70.5
"1126",1126,"Kazakhstan","Men","1950-1959","Low",1331,105,60,7.9,57.1
"1127",1127,"Kazakhstan","Men","1960-1969","High",691,96,61,13.9,63.5
"1128",1128,"Kazakhstan","Men","1960-1969","Low",1040,101,56,9.7,55.4
"1129",1129,"Kazakhstan","Men","1970-1979","High",533,99,64,18.6,64.6
"1130",1130,"Kazakhstan","Men","1970-1979","Low",680,140,83,20.6,59.3
"1131",1131,"Kazakhstan","Men","1980-1989","High",62,15,9,24.2,60
"1132",1132,"Kazakhstan","Men","1980-1989","Low",373,68,45,18.2,66.2
"1133",1133,"Kazakhstan","Women","1920-1929","High",1,1,NA,100,NA
"1134",1134,"Kazakhstan","Women","1930-1939","High",48,11,7,22.9,63.6
"1135",1135,"Kazakhstan","Women","1930-1939","Low",58,15,12,25.9,80
"1136",1136,"Kazakhstan","Women","1940-1949","High",433,85,56,19.6,65.9
"1137",1137,"Kazakhstan","Women","1940-1949","Low",448,72,51,16.1,70.8
"1138",1138,"Kazakhstan","Women","1950-1959","High",671,111,78,16.5,70.3
"1139",1139,"Kazakhstan","Women","1950-1959","Low",1010,136,99,13.5,72.8
"1140",1140,"Kazakhstan","Women","1950-1959",NA,1,NA,NA,NA,NA
"1141",1141,"Kazakhstan","Women","1960-1969","High",846,151,118,17.8,78.1
"1142",1142,"Kazakhstan","Women","1960-1969","Low",1020,137,93,13.4,67.9
"1143",1143,"Kazakhstan","Women","1970-1979","High",722,138,100,19.1,72.5
"1144",1144,"Kazakhstan","Women","1970-1979","Low",1071,143,101,13.4,70.6
"1145",1145,"Kazakhstan","Women","1980-1989","High",112,19,16,17,84.2
"1146",1146,"Kazakhstan","Women","1980-1989","Low",559,70,49,12.5,70
"1147",1147,"Kenya","Men","1960-1969","High",1504,25,10,1.7,40
"1148",1148,"Kenya","Men","1960-1969","Low",1016,20,3,2,15
"1149",1149,"Kenya","Men","1970-1979","High",3653,98,59,2.7,60.2
"1150",1150,"Kenya","Men","1970-1979","Low",3032,49,11,1.6,22.4
"1151",1151,"Kenya","Women","1950-1959","High",22,NA,NA,NA,NA
"1152",1152,"Kenya","Women","1950-1959","Low",21,NA,NA,NA,NA
"1153",1153,"Kenya","Women","1960-1969","High",705,17,12,2.4,70.6
"1154",1154,"Kenya","Women","1960-1969","Low",1020,34,18,3.3,52.9
"1155",1155,"Kenya","Women","1970-1979","High",990,46,27,4.6,58.7
"1156",1156,"Kenya","Women","1970-1979","Low",1626,99,66,6.1,66.7
"1157",1157,"Kyrgyzstan","Men","1960-1969","High",584,14,7,2.4,50
"1158",1158,"Kyrgyzstan","Men","1960-1969","Low",725,21,5,2.9,23.8
"1159",1159,"Kyrgyzstan","Men","1970-1979","High",585,26,7,4.4,26.9
"1160",1160,"Kyrgyzstan","Men","1970-1979","Low",881,22,9,2.5,40.9
"1161",1161,"Kyrgyzstan","Women","1960-1969","High",129,2,NA,1.6,NA
"1162",1162,"Kyrgyzstan","Women","1960-1969","Low",258,7,4,2.7,57.1
"1163",1163,"Kyrgyzstan","Women","1970-1979","High",146,5,2,3.4,40
"1164",1164,"Kyrgyzstan","Women","1970-1979","Low",348,19,7,5.5,36.8
"1165",1165,"Latvia","Men","1920-1929","High",1,NA,NA,NA,NA
"1166",1166,"Latvia","Men","1930-1939","High",11,1,NA,9.1,NA
"1167",1167,"Latvia","Men","1930-1939","Low",7,NA,NA,NA,NA
"1168",1168,"Latvia","Men","1940-1949","High",17,2,1,11.8,50
"1169",1169,"Latvia","Men","1940-1949","Low",21,3,NA,14.3,NA
"1170",1170,"Latvia","Men","1950-1959","High",21,1,1,4.8,100
"1171",1171,"Latvia","Men","1950-1959","Low",28,3,1,10.7,33.3
"1172",1172,"Latvia","Men","1960-1969","High",23,3,NA,13,NA
"1173",1173,"Latvia","Men","1960-1969","Low",37,5,1,13.5,20
"1174",1174,"Latvia","Men","1970-1979","High",21,4,NA,19,NA
"1175",1175,"Latvia","Men","1970-1979","Low",32,10,4,31.2,40
"1176",1176,"Latvia","Men","1980-1989","High",6,2,NA,33.3,NA
"1177",1177,"Latvia","Men","1980-1989","Low",11,3,2,27.3,66.7
"1178",1178,"Latvia","Women","1920-1929","High",4,NA,NA,NA,NA
"1179",1179,"Latvia","Women","1920-1929","Low",3,1,NA,33.3,NA
"1180",1180,"Latvia","Women","1930-1939","High",29,5,1,17.2,20
"1181",1181,"Latvia","Women","1930-1939","Low",29,4,2,13.8,50
"1182",1182,"Latvia","Women","1940-1949","High",48,1,NA,2.1,NA
"1183",1183,"Latvia","Women","1940-1949","Low",61,3,1,4.9,33.3
"1184",1184,"Latvia","Women","1950-1959","High",50,4,1,8,25
"1185",1185,"Latvia","Women","1950-1959","Low",83,9,1,10.8,11.1
"1186",1186,"Latvia","Women","1950-1959",NA,1,NA,NA,NA,NA
"1187",1187,"Latvia","Women","1960-1969","High",55,3,1,5.5,33.3
"1188",1188,"Latvia","Women","1960-1969","Low",63,6,3,9.5,50
"1189",1189,"Latvia","Women","1960-1969",NA,1,NA,NA,NA,NA
"1190",1190,"Latvia","Women","1970-1979","High",45,5,2,11.1,40
"1191",1191,"Latvia","Women","1970-1979","Low",41,6,3,14.6,50
"1192",1192,"Latvia","Women","1980-1989","High",20,3,1,15,33.3
"1193",1193,"Latvia","Women","1980-1989","Low",11,2,NA,18.2,NA
"1194",1194,"Lesotho","Men","1960-1969","High",158,9,5,5.7,55.6
"1195",1195,"Lesotho","Men","1960-1969","Low",346,13,1,3.8,7.7
"1196",1196,"Lesotho","Men","1970-1979","High",493,30,8,6.1,26.7
"1197",1197,"Lesotho","Men","1970-1979","Low",803,25,8,3.1,32
"1198",1198,"Lesotho","Women","1950-1959","High",65,4,1,6.2,25
"1199",1199,"Lesotho","Women","1950-1959","Low",76,5,3,6.6,60
"1200",1200,"Lesotho","Women","1960-1969","High",151,12,9,7.9,75
"1201",1201,"Lesotho","Women","1960-1969","Low",183,20,9,10.9,45
"1202",1202,"Lesotho","Women","1970-1979","High",254,41,26,16.1,63.4
"1203",1203,"Lesotho","Women","1970-1979","Low",239,45,38,18.8,84.4
"1204",1204,"Liberia","Men","1960-1969","High",4,NA,NA,NA,NA
"1205",1205,"Liberia","Men","1960-1969","Low",6,NA,NA,NA,NA
"1206",1206,"Liberia","Men","1970-1979","High",445,6,3,1.3,50
"1207",1207,"Liberia","Men","1970-1979","Low",1124,8,1,0.7,12.5
"1208",1208,"Liberia","Men","1980-1989","High",318,5,2,1.6,40
"1209",1209,"Liberia","Men","1980-1989","Low",790,9,2,1.1,22.2
"1210",1210,"Liberia","Women","1950-1959","High",3,NA,NA,NA,NA
"1211",1211,"Liberia","Women","1960-1969","High",251,NA,NA,NA,NA
"1212",1212,"Liberia","Women","1960-1969","Low",236,5,3,2.1,60
"1213",1213,"Liberia","Women","1970-1979","High",389,5,3,1.3,60
"1214",1214,"Liberia","Women","1970-1979","Low",452,6,3,1.3,50
"1215",1215,"Liberia","Women","1980-1989","High",225,1,NA,0.4,NA
"1216",1216,"Liberia","Women","1980-1989","Low",271,4,3,1.5,75
"1217",1217,"Lithuania","Men","1920-1929","High",32,3,1,9.4,33.3
"1218",1218,"Lithuania","Men","1920-1929","Low",52,12,6,23.1,50
"1219",1219,"Lithuania","Men","1920-1929",NA,78,22,9,28.2,40.9
"1220",1220,"Lithuania","Men","1930-1939","High",232,31,8,13.4,25.8
"1221",1221,"Lithuania","Men","1930-1939","Low",324,57,19,17.6,33.3
"1222",1222,"Lithuania","Men","1930-1939",NA,203,49,26,24.1,53.1
"1223",1223,"Lithuania","Men","1940-1949","High",284,34,17,12,50
"1224",1224,"Lithuania","Men","1940-1949","Low",391,66,24,16.9,36.4
"1225",1225,"Lithuania","Men","1940-1949",NA,46,10,1,21.7,10
"1226",1226,"Lithuania","Men","1950-1959","High",480,53,27,11,50.9
"1227",1227,"Lithuania","Men","1950-1959","Low",511,97,46,19,47.4
"1228",1228,"Lithuania","Men","1950-1959",NA,9,2,2,22.2,100
"1229",1229,"Lithuania","Men","1960-1969","High",437,58,29,13.3,50
"1230",1230,"Lithuania","Men","1960-1969","Low",569,86,50,15.1,58.1
"1231",1231,"Lithuania","Men","1960-1969",NA,2,1,1,50,100
"1232",1232,"Lithuania","Men","1970-1979","High",46,7,4,15.2,57.1
"1233",1233,"Lithuania","Men","1970-1979","Low",173,40,24,23.1,60
"1234",1234,"Lithuania","Men","1980-1989","High",10,6,1,60,16.7
"1235",1235,"Lithuania","Men","1980-1989","Low",10,3,1,30,33.3
"1236",1236,"Lithuania","Women","1920-1929","High",22,7,5,31.8,71.4
"1237",1237,"Lithuania","Women","1920-1929","Low",59,21,13,35.6,61.9
"1238",1238,"Lithuania","Women","1920-1929",NA,79,20,10,25.3,50
"1239",1239,"Lithuania","Women","1930-1939","High",292,58,25,19.9,43.1
"1240",1240,"Lithuania","Women","1930-1939","Low",357,49,30,13.7,61.2
"1241",1241,"Lithuania","Women","1930-1939",NA,255,63,34,24.7,54
"1242",1242,"Lithuania","Women","1940-1949","High",415,54,26,13,48.1
"1243",1243,"Lithuania","Women","1940-1949","Low",547,70,37,12.8,52.9
"1244",1244,"Lithuania","Women","1940-1949",NA,56,7,3,12.5,42.9
"1245",1245,"Lithuania","Women","1950-1959","High",520,64,34,12.3,53.1
"1246",1246,"Lithuania","Women","1950-1959","Low",565,78,38,13.8,48.7
"1247",1247,"Lithuania","Women","1950-1959",NA,13,1,1,7.7,100
"1248",1248,"Lithuania","Women","1960-1969","High",479,50,31,10.4,62
"1249",1249,"Lithuania","Women","1960-1969","Low",688,66,30,9.6,45.5
"1250",1250,"Lithuania","Women","1960-1969",NA,3,NA,NA,NA,NA
"1251",1251,"Lithuania","Women","1970-1979","High",82,13,10,15.9,76.9
"1252",1252,"Lithuania","Women","1970-1979","Low",199,22,13,11.1,59.1
"1253",1253,"Lithuania","Women","1980-1989","High",31,6,1,19.4,16.7
"1254",1254,"Lithuania","Women","1980-1989","Low",30,3,1,10,33.3
"1255",1255,"Madagascar","Men","1950-1959","High",60,4,1,6.7,25
"1256",1256,"Madagascar","Men","1950-1959","Low",126,6,NA,4.8,NA
"1257",1257,"Madagascar","Men","1960-1969","High",1301,76,24,5.8,31.6
"1258",1258,"Madagascar","Men","1960-1969","Low",1981,92,9,4.6,9.8
"1259",1259,"Madagascar","Men","1960-1969",NA,6,NA,NA,NA,NA
"1260",1260,"Madagascar","Men","1970-1979","High",680,35,12,5.1,34.3
"1261",1261,"Madagascar","Men","1970-1979","Low",1066,34,6,3.2,17.6
"1262",1262,"Madagascar","Men","1970-1979",NA,1,NA,NA,NA,NA
"1263",1263,"Madagascar","Women","1940-1949","High",16,1,NA,6.2,NA
"1264",1264,"Madagascar","Women","1940-1949","Low",26,NA,NA,NA,NA
"1265",1265,"Madagascar","Women","1950-1959","High",341,9,5,2.6,55.6
"1266",1266,"Madagascar","Women","1950-1959","Low",635,23,3,3.6,13
"1267",1267,"Madagascar","Women","1950-1959",NA,2,NA,NA,NA,NA
"1268",1268,"Madagascar","Women","1960-1969","High",552,26,9,4.7,34.6
"1269",1269,"Madagascar","Women","1960-1969","Low",916,39,10,4.3,25.6
"1270",1270,"Madagascar","Women","1960-1969",NA,1,NA,NA,NA,NA
"1271",1271,"Madagascar","Women","1970-1979","High",319,27,13,8.5,48.1
"1272",1272,"Madagascar","Women","1970-1979","Low",468,28,9,6,32.1
"1273",1273,"Malawi","Men","1960-1969","High",517,7,NA,1.4,NA
"1274",1274,"Malawi","Men","1960-1969","Low",610,8,NA,1.3,NA
"1275",1275,"Malawi","Men","1970-1979","High",2114,23,5,1.1,21.7
"1276",1276,"Malawi","Men","1970-1979","Low",2490,38,5,1.5,13.2
"1277",1277,"Malawi","Men","1980-1989","High",331,7,5,2.1,71.4
"1278",1278,"Malawi","Men","1980-1989","Low",509,9,2,1.8,22.2
"1279",1279,"Malawi","Women","1960-1969","High",367,9,4,2.5,44.4
"1280",1280,"Malawi","Women","1960-1969","Low",309,3,2,1,66.7
"1281",1281,"Malawi","Women","1970-1979","High",768,17,8,2.2,47.1
"1282",1282,"Malawi","Women","1970-1979","Low",598,19,11,3.2,57.9
"1283",1283,"Malawi","Women","1980-1989","High",139,2,2,1.4,100
"1284",1284,"Malawi","Women","1980-1989","Low",96,1,NA,1,NA
"1285",1285,"Maldives","Men","1960-1969","High",183,11,2,6,18.2
"1286",1286,"Maldives","Men","1960-1969","Low",178,5,1,2.8,20
"1287",1287,"Maldives","Men","1970-1979","High",1002,43,9,4.3,20.9
"1288",1288,"Maldives","Men","1970-1979","Low",764,34,12,4.5,35.3
"1289",1289,"Maldives","Men","1980-1989","High",236,19,2,8.1,10.5
"1290",1290,"Maldives","Men","1980-1989","Low",323,16,5,5,31.2
"1291",1291,"Maldives","Women","1960-1969","High",101,9,2,8.9,22.2
"1292",1292,"Maldives","Women","1960-1969","Low",103,6,3,5.8,50
"1293",1293,"Maldives","Women","1970-1979","High",369,37,15,10,40.5
"1294",1294,"Maldives","Women","1970-1979","Low",550,52,18,9.5,34.6
"1295",1295,"Maldives","Women","1980-1989","High",114,17,3,14.9,17.6
"1296",1296,"Maldives","Women","1980-1989","Low",126,18,8,14.3,44.4
"1297",1297,"Mali","Men","1960-1969","High",14,1,NA,7.1,NA
"1298",1298,"Mali","Men","1960-1969","Low",109,2,NA,1.8,NA
"1299",1299,"Mali","Men","1970-1979","High",283,10,3,3.5,30
"1300",1300,"Mali","Men","1970-1979","Low",1440,40,5,2.8,12.5
"1301",1301,"Mali","Men","1980-1989","High",163,9,1,5.5,11.1
"1302",1302,"Mali","Men","1980-1989","Low",832,30,4,3.6,13.3
"1303",1303,"Mali","Women","1950-1959","High",9,1,NA,11.1,NA
"1304",1304,"Mali","Women","1950-1959","Low",29,NA,NA,NA,NA
"1305",1305,"Mali","Women","1960-1969","High",165,2,NA,1.2,NA
"1306",1306,"Mali","Women","1960-1969","Low",464,8,2,1.7,25
"1307",1307,"Mali","Women","1970-1979","High",235,6,2,2.6,33.3
"1308",1308,"Mali","Women","1970-1979","Low",675,18,5,2.7,27.8
"1309",1309,"Mali","Women","1980-1989","High",115,9,5,7.8,55.6
"1310",1310,"Mali","Women","1980-1989","Low",312,21,4,6.7,19
"1311",1311,"Mauritania","Men","1950-1959","High",121,9,2,7.4,22.2
"1312",1312,"Mauritania","Men","1950-1959","Low",753,52,15,6.9,28.8
"1313",1313,"Mauritania","Men","1960-1969","High",201,23,10,11.4,43.5
"1314",1314,"Mauritania","Men","1960-1969","Low",977,79,39,8.1,49.4
"1315",1315,"Mauritania","Men","1960-1969",NA,1,NA,NA,NA,NA
"1316",1316,"Mauritania","Women","1940-1949","High",33,1,NA,3,NA
"1317",1317,"Mauritania","Women","1940-1949","Low",107,4,1,3.7,25
"1318",1318,"Mauritania","Women","1950-1959","High",94,2,NA,2.1,NA
"1319",1319,"Mauritania","Women","1950-1959","Low",240,12,6,5,50
"1320",1320,"Mauritania","Women","1960-1969","High",117,26,15,22.2,57.7
"1321",1321,"Mauritania","Women","1960-1969","Low",212,31,24,14.6,77.4
"1322",1322,"Mauritania","Women","1960-1969",NA,1,NA,NA,NA,NA
"1323",1323,"Moldova","Men","1940-1949","High",161,10,4,6.2,40
"1324",1324,"Moldova","Men","1940-1949","Low",234,18,8,7.7,44.4
"1325",1325,"Moldova","Men","1940-1949",NA,6,1,NA,16.7,NA
"1326",1326,"Moldova","Men","1950-1959","High",453,41,21,9.1,51.2
"1327",1327,"Moldova","Men","1950-1959","Low",488,39,19,8,48.7
"1328",1328,"Moldova","Men","1950-1959",NA,2,1,1,50,100
"1329",1329,"Moldova","Men","1960-1969","High",315,36,16,11.4,44.4
"1330",1330,"Moldova","Men","1960-1969","Low",420,47,24,11.2,51.1
"1331",1331,"Moldova","Men","1960-1969",NA,4,2,NA,50,NA
"1332",1332,"Moldova","Men","1970-1979","High",252,48,28,19,58.3
"1333",1333,"Moldova","Men","1970-1979","Low",316,53,26,16.8,49.1
"1334",1334,"Moldova","Men","1970-1979",NA,4,NA,NA,NA,NA
"1335",1335,"Moldova","Men","1980-1989","High",96,24,12,25,50
"1336",1336,"Moldova","Men","1980-1989","Low",229,59,29,25.8,49.2
"1337",1337,"Moldova","Men","1980-1989",NA,1,1,1,100,100
"1338",1338,"Moldova","Women","1940-1949","High",378,38,24,10.1,63.2
"1339",1339,"Moldova","Women","1940-1949","Low",403,50,36,12.4,72
"1340",1340,"Moldova","Women","1940-1949",NA,13,3,3,23.1,100
"1341",1341,"Moldova","Women","1950-1959","High",721,51,21,7.1,41.2
"1342",1342,"Moldova","Women","1950-1959","Low",869,81,48,9.3,59.3
"1343",1343,"Moldova","Women","1950-1959",NA,7,2,1,28.6,50
"1344",1344,"Moldova","Women","1960-1969","High",522,40,15,7.7,37.5
"1345",1345,"Moldova","Women","1960-1969","Low",556,35,15,6.3,42.9
"1346",1346,"Moldova","Women","1960-1969",NA,4,1,1,25,100
"1347",1347,"Moldova","Women","1970-1979","High",329,28,9,8.5,32.1
"1348",1348,"Moldova","Women","1970-1979","Low",492,34,12,6.9,35.3
"1349",1349,"Moldova","Women","1970-1979",NA,2,1,1,50,100
"1350",1350,"Moldova","Women","1980-1989","High",163,17,10,10.4,58.8
"1351",1351,"Moldova","Women","1980-1989","Low",384,27,6,7,22.2
"1352",1352,"Moldova","Women","1980-1989",NA,1,NA,NA,NA,NA
"1353",1353,"Montenegro","Men","1920-1929","High",1,NA,NA,NA,NA
"1354",1354,"Montenegro","Men","1930-1939","High",4,1,1,25,100
"1355",1355,"Montenegro","Men","1930-1939","Low",13,2,1,15.4,50
"1356",1356,"Montenegro","Men","1930-1939",NA,1,NA,NA,NA,NA
"1357",1357,"Montenegro","Men","1940-1949","High",21,2,NA,9.5,NA
"1358",1358,"Montenegro","Men","1940-1949","Low",19,4,2,21.1,50
"1359",1359,"Montenegro","Men","1940-1949",NA,1,NA,NA,NA,NA
"1360",1360,"Montenegro","Men","1950-1959","High",82,6,3,7.3,50
"1361",1361,"Montenegro","Men","1950-1959","Low",35,9,7,25.7,77.8
"1362",1362,"Montenegro","Men","1950-1959",NA,1,NA,NA,NA,NA
"1363",1363,"Montenegro","Men","1960-1969","High",23,2,NA,8.7,NA
"1364",1364,"Montenegro","Men","1960-1969","Low",92,31,27,33.7,87.1
"1365",1365,"Montenegro","Men","1960-1969",NA,2,NA,NA,NA,NA
"1366",1366,"Montenegro","Men","1970-1979","High",26,11,6,42.3,54.5
"1367",1367,"Montenegro","Men","1970-1979","Low",85,25,15,29.4,60
"1368",1368,"Montenegro","Men","1970-1979",NA,3,1,1,33.3,100
"1369",1369,"Montenegro","Men","1980-1989","High",19,11,8,57.9,72.7
"1370",1370,"Montenegro","Men","1980-1989","Low",30,14,12,46.7,85.7
"1371",1371,"Montenegro","Men","1980-1989",NA,2,NA,NA,NA,NA
"1372",1372,"Montenegro","Women","1930-1939","High",15,2,2,13.3,100
"1373",1373,"Montenegro","Women","1930-1939","Low",8,NA,NA,NA,NA
"1374",1374,"Montenegro","Women","1930-1939",NA,1,NA,NA,NA,NA
"1375",1375,"Montenegro","Women","1940-1949","High",31,5,3,16.1,60
"1376",1376,"Montenegro","Women","1940-1949","Low",26,2,1,7.7,50
"1377",1377,"Montenegro","Women","1940-1949",NA,1,NA,NA,NA,NA
"1378",1378,"Montenegro","Women","1950-1959","High",59,8,4,13.6,50
"1379",1379,"Montenegro","Women","1950-1959","Low",36,4,4,11.1,100
"1380",1380,"Montenegro","Women","1960-1969","High",75,13,10,17.3,76.9
"1381",1381,"Montenegro","Women","1960-1969","Low",38,5,3,13.2,60
"1382",1382,"Montenegro","Women","1960-1969",NA,2,NA,NA,NA,NA
"1383",1383,"Montenegro","Women","1970-1979","High",23,9,7,39.1,77.8
"1384",1384,"Montenegro","Women","1970-1979","Low",73,9,8,12.3,88.9
"1385",1385,"Montenegro","Women","1970-1979",NA,2,NA,NA,NA,NA
"1386",1386,"Montenegro","Women","1980-1989","High",19,5,5,26.3,100
"1387",1387,"Montenegro","Women","1980-1989","Low",28,5,2,17.9,40
"1388",1388,"Mozambique","Men","1960-1969","High",737,35,6,4.7,17.1
"1389",1389,"Mozambique","Men","1960-1969","Low",1003,37,3,3.7,8.1
"1390",1390,"Mozambique","Men","1970-1979","High",807,31,12,3.8,38.7
"1391",1391,"Mozambique","Men","1970-1979","Low",1350,62,4,4.6,6.5
"1392",1392,"Mozambique","Women","1940-1949","High",33,NA,NA,NA,NA
"1393",1393,"Mozambique","Women","1940-1949","Low",47,1,NA,2.1,NA
"1394",1394,"Mozambique","Women","1950-1959","High",184,5,NA,2.7,NA
"1395",1395,"Mozambique","Women","1950-1959","Low",175,4,NA,2.3,NA
"1396",1396,"Mozambique","Women","1960-1969","High",209,4,NA,1.9,NA
"1397",1397,"Mozambique","Women","1960-1969","Low",272,14,5,5.1,35.7
"1398",1398,"Mozambique","Women","1970-1979","High",221,5,4,2.3,80
"1399",1399,"Mozambique","Women","1970-1979","Low",340,14,4,4.1,28.6
"1400",1400,"Myanmar","Men","1960-1969","High",559,116,97,20.8,83.6
"1401",1401,"Myanmar","Men","1960-1969","Low",626,72,54,11.5,75
"1402",1402,"Myanmar","Men","1970-1979","High",1259,313,253,24.9,80.8
"1403",1403,"Myanmar","Men","1970-1979","Low",2388,323,254,13.5,78.6
"1404",1404,"Myanmar","Men","1970-1979",NA,1,NA,NA,NA,NA
"1405",1405,"Myanmar","Men","1980-1989","High",149,49,37,32.9,75.5
"1406",1406,"Myanmar","Men","1980-1989","Low",324,64,43,19.8,67.2
"1407",1407,"Myanmar","Women","1960-1969","High",183,18,11,9.8,61.1
"1408",1408,"Myanmar","Women","1960-1969","Low",236,13,4,5.5,30.8
"1409",1409,"Myanmar","Women","1970-1979","High",522,89,53,17,59.6
"1410",1410,"Myanmar","Women","1970-1979","Low",802,95,54,11.8,56.8
"1411",1411,"Myanmar","Women","1980-1989","High",55,17,11,30.9,64.7
"1412",1412,"Myanmar","Women","1980-1989","Low",120,27,13,22.5,48.1
"1413",1413,"Namibia","Men","1940-1949","High",18,NA,NA,NA,NA
"1414",1414,"Namibia","Men","1940-1949","Low",24,NA,NA,NA,NA
"1415",1415,"Namibia","Men","1950-1959","High",243,NA,NA,NA,NA
"1416",1416,"Namibia","Men","1950-1959","Low",269,NA,NA,NA,NA
"1417",1417,"Namibia","Men","1950-1959",NA,1,NA,NA,NA,NA
"1418",1418,"Namibia","Men","1960-1969","High",646,41,20,6.3,48.8
"1419",1419,"Namibia","Men","1960-1969","Low",635,10,9,1.6,90
"1420",1420,"Namibia","Men","1970-1979","High",1111,76,47,6.8,61.8
"1421",1421,"Namibia","Men","1970-1979","Low",735,22,10,3,45.5
"1422",1422,"Namibia","Men","1970-1979",NA,2,NA,NA,NA,NA
"1423",1423,"Namibia","Women","1940-1949","High",12,NA,NA,NA,NA
"1424",1424,"Namibia","Women","1940-1949","Low",17,NA,NA,NA,NA
"1425",1425,"Namibia","Women","1950-1959","High",167,NA,NA,NA,NA
"1426",1426,"Namibia","Women","1950-1959","Low",167,NA,NA,NA,NA
"1427",1427,"Namibia","Women","1960-1969","High",298,21,12,7,57.1
"1428",1428,"Namibia","Women","1960-1969","Low",283,22,16,7.8,72.7
"1429",1429,"Namibia","Women","1970-1979","High",447,51,38,11.4,74.5
"1430",1430,"Namibia","Women","1970-1979","Low",307,47,41,15.3,87.2
"1431",1431,"Nepal","Men","1960-1969","High",144,7,2,4.9,28.6
"1432",1432,"Nepal","Men","1960-1969","Low",568,14,5,2.5,35.7
"1433",1433,"Nepal","Men","1970-1979","High",872,34,16,3.9,47.1
"1434",1434,"Nepal","Men","1970-1979","Low",1967,33,8,1.7,24.2
"1435",1435,"Nepal","Men","1980-1989","High",159,7,4,4.4,57.1
"1436",1436,"Nepal","Men","1980-1989","Low",341,8,1,2.3,12.5
"1437",1437,"Nepal","Women","1960-1969","High",152,1,NA,0.7,NA
"1438",1438,"Nepal","Women","1960-1969","Low",139,1,NA,0.7,NA
"1439",1439,"Nepal","Women","1970-1979","High",498,12,4,2.4,33.3
"1440",1440,"Nepal","Women","1970-1979","Low",436,5,NA,1.1,NA
"1441",1441,"Nepal","Women","1980-1989","High",83,7,4,8.4,57.1
"1442",1442,"Nepal","Women","1980-1989","Low",104,5,3,4.8,60
"1443",1443,"Netherlands","Men","1910-1919","High",3,NA,NA,NA,NA
"1444",1444,"Netherlands","Men","1910-1919","Low",3,NA,NA,NA,NA
"1445",1445,"Netherlands","Men","1920-1929","High",25,4,NA,16,NA
"1446",1446,"Netherlands","Men","1920-1929","Low",22,5,2,22.7,40
"1447",1447,"Netherlands","Men","1920-1929",NA,1,NA,NA,NA,NA
"1448",1448,"Netherlands","Men","1930-1939","High",143,17,5,11.9,29.4
"1449",1449,"Netherlands","Men","1930-1939","Low",246,22,5,8.9,22.7
"1450",1450,"Netherlands","Men","1930-1939",NA,53,6,3,11.3,50
"1451",1451,"Netherlands","Men","1940-1949","High",849,113,22,13.3,19.5
"1452",1452,"Netherlands","Men","1940-1949","Low",1066,145,44,13.6,30.3
"1453",1453,"Netherlands","Men","1940-1949",NA,97,11,2,11.3,18.2
"1454",1454,"Netherlands","Men","1950-1959","High",855,164,38,19.2,23.2
"1455",1455,"Netherlands","Men","1950-1959","Low",1280,246,62,19.2,25.2
"1456",1456,"Netherlands","Men","1950-1959",NA,47,3,2,6.4,66.7
"1457",1457,"Netherlands","Men","1960-1969","High",857,208,55,24.3,26.4
"1458",1458,"Netherlands","Men","1960-1969","Low",1237,322,109,26,33.9
"1459",1459,"Netherlands","Men","1960-1969",NA,39,15,8,38.5,53.3
"1460",1460,"Netherlands","Men","1970-1979","High",497,123,27,24.7,22
"1461",1461,"Netherlands","Men","1970-1979","Low",377,112,39,29.7,34.8
"1462",1462,"Netherlands","Men","1970-1979",NA,27,12,6,44.4,50
"1463",1463,"Netherlands","Men","1980-1989","High",24,10,2,41.7,20
"1464",1464,"Netherlands","Men","1980-1989","Low",13,6,1,46.2,16.7
"1465",1465,"Netherlands","Men","1980-1989",NA,1,NA,NA,NA,NA
"1466",1466,"Netherlands","Women","1910-1919","High",5,1,1,20,100
"1467",1467,"Netherlands","Women","1910-1919","Low",7,NA,NA,NA,NA
"1468",1468,"Netherlands","Women","1910-1919",NA,1,1,1,100,100
"1469",1469,"Netherlands","Women","1920-1929","High",33,12,6,36.4,50
"1470",1470,"Netherlands","Women","1920-1929","Low",45,NA,NA,NA,NA
"1471",1471,"Netherlands","Women","1920-1929",NA,3,1,1,33.3,100
"1472",1472,"Netherlands","Women","1930-1939","High",136,31,12,22.8,38.7
"1473",1473,"Netherlands","Women","1930-1939","Low",279,28,13,10,46.4
"1474",1474,"Netherlands","Women","1930-1939",NA,69,5,2,7.2,40
"1475",1475,"Netherlands","Women","1940-1949","High",724,125,27,17.3,21.6
"1476",1476,"Netherlands","Women","1940-1949","Low",1068,84,29,7.9,34.5
"1477",1477,"Netherlands","Women","1940-1949",NA,102,12,4,11.8,33.3
"1478",1478,"Netherlands","Women","1950-1959","High",835,158,24,18.9,15.2
"1479",1479,"Netherlands","Women","1950-1959","Low",1475,181,30,12.3,16.6
"1480",1480,"Netherlands","Women","1950-1959",NA,88,12,2,13.6,16.7
"1481",1481,"Netherlands","Women","1960-1969","High",922,189,29,20.5,15.3
"1482",1482,"Netherlands","Women","1960-1969","Low",1354,186,47,13.7,25.3
"1483",1483,"Netherlands","Women","1960-1969",NA,42,6,1,14.3,16.7
"1484",1484,"Netherlands","Women","1970-1979","High",494,107,24,21.7,22.4
"1485",1485,"Netherlands","Women","1970-1979","Low",386,61,14,15.8,23
"1486",1486,"Netherlands","Women","1970-1979",NA,28,8,1,28.6,12.5
"1487",1487,"Netherlands","Women","1980-1989","High",32,3,NA,9.4,NA
"1488",1488,"Netherlands","Women","1980-1989","Low",14,3,2,21.4,66.7
"1489",1489,"Nicaragua","Men","1940-1949","High",114,3,2,2.6,66.7
"1490",1490,"Nicaragua","Men","1940-1949","Low",180,5,3,2.8,60
"1491",1491,"Nicaragua","Men","1950-1959","High",959,49,32,5.1,65.3
"1492",1492,"Nicaragua","Men","1950-1959","Low",1482,38,20,2.6,52.6
"1493",1493,"Nicaragua","Men","1950-1959",NA,1,NA,NA,NA,NA
"1494",1494,"Nicaragua","Men","1960-1969","High",470,31,21,6.6,67.7
"1495",1495,"Nicaragua","Men","1960-1969","Low",602,16,6,2.7,37.5
"1496",1496,"Nicaragua","Women","1930-1939","High",13,NA,NA,NA,NA
"1497",1497,"Nicaragua","Women","1930-1939","Low",13,NA,NA,NA,NA
"1498",1498,"Nicaragua","Women","1940-1949","High",110,4,1,3.6,25
"1499",1499,"Nicaragua","Women","1940-1949","Low",174,15,8,8.6,53.3
"1500",1500,"Nicaragua","Women","1940-1949",NA,1,NA,NA,NA,NA
"1501",1501,"Nicaragua","Women","1950-1959","High",199,6,4,3,66.7
"1502",1502,"Nicaragua","Women","1950-1959","Low",292,13,7,4.5,53.8
"1503",1503,"Nicaragua","Women","1960-1969","High",89,5,4,5.6,80
"1504",1504,"Nicaragua","Women","1960-1969","Low",98,7,2,7.1,28.6
"1505",1505,"Niger","Men","1960-1969","High",172,6,1,3.5,16.7
"1506",1506,"Niger","Men","1960-1969","Low",931,11,2,1.2,18.2
"1507",1507,"Niger","Men","1970-1979","High",348,27,15,7.8,55.6
"1508",1508,"Niger","Men","1970-1979","Low",1709,27,4,1.6,14.8
"1509",1509,"Niger","Men","1970-1979",NA,5,NA,NA,NA,NA
"1510",1510,"Niger","Women","1950-1959","High",62,NA,NA,NA,NA
"1511",1511,"Niger","Women","1950-1959","Low",243,3,1,1.2,33.3
"1512",1512,"Niger","Women","1950-1959",NA,2,NA,NA,NA,NA
"1513",1513,"Niger","Women","1960-1969","High",167,7,3,4.2,42.9
"1514",1514,"Niger","Women","1960-1969","Low",550,3,2,0.5,66.7
"1515",1515,"Niger","Women","1960-1969",NA,1,NA,NA,NA,NA
"1516",1516,"Niger","Women","1970-1979","High",229,21,9,9.2,42.9
"1517",1517,"Niger","Women","1970-1979","Low",553,21,9,3.8,42.9
"1518",1518,"Niger","Women","1970-1979",NA,4,NA,NA,NA,NA
"1519",1519,"Nigeria","Men","1960-1969","High",454,13,3,2.9,23.1
"1520",1520,"Nigeria","Men","1960-1969","Low",349,14,NA,4,NA
"1521",1521,"Nigeria","Men","1970-1979","High",4106,210,88,5.1,41.9
"1522",1522,"Nigeria","Men","1970-1979","Low",3808,76,9,2,11.8
"1523",1523,"Nigeria","Men","1980-1989","High",1964,153,87,7.8,56.9
"1524",1524,"Nigeria","Men","1980-1989","Low",2673,56,14,2.1,25
"1525",1525,"Nigeria","Women","1950-1959","High",32,NA,NA,NA,NA
"1526",1526,"Nigeria","Women","1950-1959","Low",50,2,1,4,50
"1527",1527,"Nigeria","Women","1960-1969","High",721,17,5,2.4,29.4
"1528",1528,"Nigeria","Women","1960-1969","Low",791,12,7,1.5,58.3
"1529",1529,"Nigeria","Women","1970-1979","High",1502,67,32,4.5,47.8
"1530",1530,"Nigeria","Women","1970-1979","Low",1282,52,29,4.1,55.8
"1531",1531,"Nigeria","Women","1980-1989","High",915,99,66,10.8,66.7
"1532",1532,"Nigeria","Women","1980-1989","Low",630,44,23,7,52.3
"1533",1533,"Norway","Men","1910-1919","High",6,1,1,16.7,100
"1534",1534,"Norway","Men","1910-1919","Low",4,1,NA,25,NA
"1535",1535,"Norway","Men","1920-1929","High",16,1,NA,6.2,NA
"1536",1536,"Norway","Men","1920-1929","Low",21,3,2,14.3,66.7
"1537",1537,"Norway","Men","1920-1929",NA,145,17,6,11.7,35.3
"1538",1538,"Norway","Men","1930-1939","High",88,3,NA,3.4,NA
"1539",1539,"Norway","Men","1930-1939","Low",95,15,5,15.8,33.3
"1540",1540,"Norway","Men","1930-1939",NA,635,88,32,13.9,36.4
"1541",1541,"Norway","Men","1940-1949","High",295,31,8,10.5,25.8
"1542",1542,"Norway","Men","1940-1949","Low",387,38,15,9.8,39.5
"1543",1543,"Norway","Men","1940-1949",NA,795,100,28,12.6,28
"1544",1544,"Norway","Men","1950-1959","High",590,77,17,13.1,22.1
"1545",1545,"Norway","Men","1950-1959","Low",812,111,29,13.7,26.1
"1546",1546,"Norway","Men","1950-1959",NA,210,47,19,22.4,40.4
"1547",1547,"Norway","Men","1960-1969","High",702,143,31,20.4,21.7
"1548",1548,"Norway","Men","1960-1969","Low",1074,180,71,16.8,39.4
"1549",1549,"Norway","Men","1960-1969",NA,13,3,1,23.1,33.3
"1550",1550,"Norway","Men","1970-1979","High",160,38,13,23.8,34.2
"1551",1551,"Norway","Men","1970-1979","Low",437,106,33,24.3,31.1
"1552",1552,"Norway","Men","1970-1979",NA,4,NA,NA,NA,NA
"1553",1553,"Norway","Men","1980-1989","High",41,14,3,34.1,21.4
"1554",1554,"Norway","Men","1980-1989","Low",19,5,1,26.3,20
"1555",1555,"Norway","Women","1905-1909","High",1,NA,NA,NA,NA
"1556",1556,"Norway","Women","1905-1909","Low",1,1,1,100,100
"1557",1557,"Norway","Women","1910-1919","High",4,2,2,50,100
"1558",1558,"Norway","Women","1910-1919","Low",11,2,1,18.2,50
"1559",1559,"Norway","Women","1920-1929","High",29,1,NA,3.4,NA
"1560",1560,"Norway","Women","1920-1929","Low",28,2,1,7.1,50
"1561",1561,"Norway","Women","1920-1929",NA,162,37,13,22.8,35.1
"1562",1562,"Norway","Women","1930-1939","High",100,15,4,15,26.7
"1563",1563,"Norway","Women","1930-1939","Low",112,12,3,10.7,25
"1564",1564,"Norway","Women","1930-1939",NA,622,71,21,11.4,29.6
"1565",1565,"Norway","Women","1940-1949","High",261,35,8,13.4,22.9
"1566",1566,"Norway","Women","1940-1949","Low",307,47,14,15.3,29.8
"1567",1567,"Norway","Women","1940-1949",NA,786,74,18,9.4,24.3
"1568",1568,"Norway","Women","1950-1959","High",593,79,13,13.3,16.5
"1569",1569,"Norway","Women","1950-1959","Low",835,99,17,11.9,17.2
"1570",1570,"Norway","Women","1950-1959",NA,238,18,3,7.6,16.7
"1571",1571,"Norway","Women","1960-1969","High",895,115,35,12.8,30.4
"1572",1572,"Norway","Women","1960-1969","Low",942,108,20,11.5,18.5
"1573",1573,"Norway","Women","1960-1969",NA,13,5,3,38.5,60
"1574",1574,"Norway","Women","1970-1979","High",227,37,5,16.3,13.5
"1575",1575,"Norway","Women","1970-1979","Low",387,55,20,14.2,36.4
"1576",1576,"Norway","Women","1970-1979",NA,10,NA,NA,NA,NA
"1577",1577,"Norway","Women","1980-1989","High",31,7,1,22.6,14.3
"1578",1578,"Norway","Women","1980-1989","Low",6,1,NA,16.7,NA
"1579",1579,"Norway","Women","1980-1989",NA,2,NA,NA,NA,NA
"1580",1580,"Peru","Men","1940-1949","High",606,40,24,6.6,60
"1581",1581,"Peru","Men","1940-1949","Low",681,15,11,2.2,73.3
"1582",1582,"Peru","Men","1950-1959","High",2567,202,136,7.9,67.3
"1583",1583,"Peru","Men","1950-1959","Low",3543,69,42,1.9,60.9
"1584",1584,"Peru","Men","1960-1969","High",560,55,45,9.8,81.8
"1585",1585,"Peru","Men","1960-1969","Low",777,21,13,2.7,61.9
"1586",1586,"Peru","Women","1930-1939","High",21,NA,NA,NA,NA
"1587",1587,"Peru","Women","1930-1939","Low",40,2,1,5,50
"1588",1588,"Peru","Women","1940-1949","High",118,8,3,6.8,37.5
"1589",1589,"Peru","Women","1940-1949","Low",185,8,2,4.3,25
"1590",1590,"Peru","Women","1950-1959","High",243,29,18,11.9,62.1
"1591",1591,"Peru","Women","1950-1959","Low",235,14,6,6,42.9
"1592",1592,"Peru","Women","1960-1969","High",52,7,5,13.5,71.4
"1593",1593,"Peru","Women","1960-1969","Low",47,4,3,8.5,75
"1594",1594,"Philippines","Men","1950-1959","High",806,71,39,8.8,54.9
"1595",1595,"Philippines","Men","1950-1959","Low",962,40,25,4.2,62.5
"1596",1596,"Philippines","Men","1960-1969","High",1550,193,123,12.5,63.7
"1597",1597,"Philippines","Men","1960-1969","Low",1458,73,46,5,63
"1598",1598,"Philippines","Women","1940-1949","High",34,NA,NA,NA,NA
"1599",1599,"Philippines","Women","1940-1949","Low",50,2,2,4,100
"1600",1600,"Philippines","Women","1950-1959","High",344,32,16,9.3,50
"1601",1601,"Philippines","Women","1950-1959","Low",452,34,20,7.5,58.8
"1602",1602,"Philippines","Women","1960-1969","High",481,65,37,13.5,56.9
"1603",1603,"Philippines","Women","1960-1969","Low",456,57,38,12.5,66.7
"1604",1604,"Poland","Men","1920-1929","High",9,NA,NA,NA,NA
"1605",1605,"Poland","Men","1920-1929","Low",16,2,NA,12.5,NA
"1606",1606,"Poland","Men","1920-1929",NA,1,NA,NA,NA,NA
"1607",1607,"Poland","Men","1930-1939","High",330,24,7,7.3,29.2
"1608",1608,"Poland","Men","1930-1939","Low",581,68,27,11.7,39.7
"1609",1609,"Poland","Men","1930-1939",NA,5,1,1,20,100
"1610",1610,"Poland","Men","1940-1949","High",658,60,20,9.1,33.3
"1611",1611,"Poland","Men","1940-1949","Low",889,121,63,13.6,52.1
"1612",1612,"Poland","Men","1940-1949",NA,3,NA,NA,NA,NA
"1613",1613,"Poland","Men","1950-1959","High",902,128,71,14.2,55.5
"1614",1614,"Poland","Men","1950-1959","Low",1197,224,140,18.7,62.5
"1615",1615,"Poland","Men","1950-1959",NA,5,NA,NA,NA,NA
"1616",1616,"Poland","Men","1960-1969","High",554,75,41,13.5,54.7
"1617",1617,"Poland","Men","1960-1969","Low",904,181,132,20,72.9
"1618",1618,"Poland","Men","1960-1969",NA,2,NA,NA,NA,NA
"1619",1619,"Poland","Men","1970-1979","High",265,57,22,21.5,38.6
"1620",1620,"Poland","Men","1970-1979","Low",705,147,96,20.9,65.3
"1621",1621,"Poland","Men","1970-1979",NA,6,2,1,33.3,50
"1622",1622,"Poland","Men","1980-1989","High",26,9,4,34.6,44.4
"1623",1623,"Poland","Men","1980-1989","Low",24,9,7,37.5,77.8
"1624",1624,"Poland","Men","1980-1989",NA,3,NA,NA,NA,NA
"1625",1625,"Poland","Women","1920-1929","High",26,2,1,7.7,50
"1626",1626,"Poland","Women","1920-1929","Low",28,3,NA,10.7,NA
"1627",1627,"Poland","Women","1920-1929",NA,3,NA,NA,NA,NA
"1628",1628,"Poland","Women","1930-1939","High",600,82,27,13.7,32.9
"1629",1629,"Poland","Women","1930-1939","Low",1049,90,28,8.6,31.1
"1630",1630,"Poland","Women","1930-1939",NA,11,1,NA,9.1,NA
"1631",1631,"Poland","Women","1940-1949","High",1004,128,69,12.7,53.9
"1632",1632,"Poland","Women","1940-1949","Low",1235,104,34,8.4,32.7
"1633",1633,"Poland","Women","1940-1949",NA,2,NA,NA,NA,NA
"1634",1634,"Poland","Women","1950-1959","High",1220,150,77,12.3,51.3
"1635",1635,"Poland","Women","1950-1959","Low",1603,139,57,8.7,41
"1636",1636,"Poland","Women","1950-1959",NA,9,2,1,22.2,50
"1637",1637,"Poland","Women","1960-1969","High",628,80,45,12.7,56.2
"1638",1638,"Poland","Women","1960-1969","Low",1168,101,61,8.6,60.4
"1639",1639,"Poland","Women","1960-1969",NA,6,NA,NA,NA,NA
"1640",1640,"Poland","Women","1970-1979","High",410,67,39,16.3,58.2
"1641",1641,"Poland","Women","1970-1979","Low",845,77,33,9.1,42.9
"1642",1642,"Poland","Women","1970-1979",NA,6,1,NA,16.7,NA
"1643",1643,"Poland","Women","1980-1989","High",39,3,NA,7.7,NA
"1644",1644,"Poland","Women","1980-1989","Low",21,6,3,28.6,50
"1645",1645,"Poland","Women","1980-1989",NA,4,NA,NA,NA,NA
"1646",1646,"Portugal","Men","1910-1919","High",7,NA,NA,NA,NA
"1647",1647,"Portugal","Men","1910-1919","Low",4,NA,NA,NA,NA
"1648",1648,"Portugal","Men","1920-1929","High",14,2,1,14.3,50
"1649",1649,"Portugal","Men","1920-1929","Low",50,3,NA,6,NA
"1650",1650,"Portugal","Men","1920-1929",NA,2,NA,NA,NA,NA
"1651",1651,"Portugal","Men","1930-1939","High",39,3,NA,7.7,NA
"1652",1652,"Portugal","Men","1930-1939","Low",109,2,NA,1.8,NA
"1653",1653,"Portugal","Men","1930-1939",NA,2,NA,NA,NA,NA
"1654",1654,"Portugal","Men","1940-1949","High",60,6,2,10,33.3
"1655",1655,"Portugal","Men","1940-1949","Low",145,10,3,6.9,30
"1656",1656,"Portugal","Men","1940-1949",NA,3,NA,NA,NA,NA
"1657",1657,"Portugal","Men","1950-1959","High",69,9,4,13,44.4
"1658",1658,"Portugal","Men","1950-1959","Low",117,17,9,14.5,52.9
"1659",1659,"Portugal","Men","1950-1959",NA,3,NA,NA,NA,NA
"1660",1660,"Portugal","Men","1960-1969","High",101,15,7,14.9,46.7
"1661",1661,"Portugal","Men","1960-1969","Low",108,26,14,24.1,53.8
"1662",1662,"Portugal","Men","1960-1969",NA,7,3,3,42.9,100
"1663",1663,"Portugal","Men","1970-1979","High",64,17,4,26.6,23.5
"1664",1664,"Portugal","Men","1970-1979","Low",45,10,1,22.2,10
"1665",1665,"Portugal","Men","1980-1989","High",14,6,1,42.9,16.7
"1666",1666,"Portugal","Men","1980-1989","Low",18,6,4,33.3,66.7
"1667",1667,"Portugal","Women","1910-1919","High",2,1,NA,50,NA
"1668",1668,"Portugal","Women","1910-1919","Low",6,NA,NA,NA,NA
"1669",1669,"Portugal","Women","1920-1929","High",66,11,6,16.7,54.5
"1670",1670,"Portugal","Women","1920-1929","Low",64,8,1,12.5,12.5
"1671",1671,"Portugal","Women","1930-1939","High",120,17,6,14.2,35.3
"1672",1672,"Portugal","Women","1930-1939","Low",126,13,7,10.3,53.8
"1673",1673,"Portugal","Women","1930-1939",NA,3,NA,NA,NA,NA
"1674",1674,"Portugal","Women","1940-1949","High",71,12,3,16.9,25
"1675",1675,"Portugal","Women","1940-1949","Low",259,20,6,7.7,30
"1676",1676,"Portugal","Women","1940-1949",NA,5,2,2,40,100
"1677",1677,"Portugal","Women","1950-1959","High",98,20,8,20.4,40
"1678",1678,"Portugal","Women","1950-1959","Low",196,20,6,10.2,30
"1679",1679,"Portugal","Women","1950-1959",NA,2,NA,NA,NA,NA
"1680",1680,"Portugal","Women","1960-1969","High",128,27,8,21.1,29.6
"1681",1681,"Portugal","Women","1960-1969","Low",190,17,7,8.9,41.2
"1682",1682,"Portugal","Women","1960-1969",NA,6,2,2,33.3,100
"1683",1683,"Portugal","Women","1970-1979","High",101,25,11,24.8,44
"1684",1684,"Portugal","Women","1970-1979","Low",57,2,1,3.5,50
"1685",1685,"Portugal","Women","1970-1979",NA,3,1,NA,33.3,NA
"1686",1686,"Portugal","Women","1980-1989","High",30,5,1,16.7,20
"1687",1687,"Portugal","Women","1980-1989","Low",17,1,NA,5.9,NA
"1688",1688,"Portugal","Women","1980-1989",NA,1,NA,NA,NA,NA
"1689",1689,"Republic of Moldova","Men","1950-1959","High",471,24,5,5.1,20.8
"1690",1690,"Republic of Moldova","Men","1950-1959","Low",537,18,3,3.4,16.7
"1691",1691,"Republic of Moldova","Men","1960-1969","High",958,56,16,5.8,28.6
"1692",1692,"Republic of Moldova","Men","1960-1969","Low",928,37,10,4,27
"1693",1693,"Republic of Moldova","Men","1970-1979","High",55,3,NA,5.5,NA
"1694",1694,"Republic of Moldova","Men","1970-1979","Low",61,2,1,3.3,50
"1695",1695,"Republic of Moldova","Women","1940-1949","High",68,3,1,4.4,33.3
"1696",1696,"Republic of Moldova","Women","1940-1949","Low",109,8,2,7.3,25
"1697",1697,"Republic of Moldova","Women","1950-1959","High",219,8,4,3.7,50
"1698",1698,"Republic of Moldova","Women","1950-1959","Low",412,23,8,5.6,34.8
"1699",1699,"Republic of Moldova","Women","1960-1969","High",244,23,6,9.4,26.1
"1700",1700,"Republic of Moldova","Women","1960-1969","Low",255,27,7,10.6,25.9
"1701",1701,"Republic of Moldova","Women","1970-1979","High",17,1,NA,5.9,NA
"1702",1702,"Republic of Moldova","Women","1970-1979","Low",17,2,1,11.8,50
"1703",1703,"Romania","Men","1920-1929","High",82,17,2,20.7,11.8
"1704",1704,"Romania","Men","1920-1929","Low",157,18,4,11.5,22.2
"1705",1705,"Romania","Men","1920-1929",NA,8,2,1,25,50
"1706",1706,"Romania","Men","1930-1939","High",314,47,7,15,14.9
"1707",1707,"Romania","Men","1930-1939","Low",501,73,14,14.6,19.2
"1708",1708,"Romania","Men","1930-1939",NA,17,8,3,47.1,37.5
"1709",1709,"Romania","Men","1940-1949","High",451,78,19,17.3,24.4
"1710",1710,"Romania","Men","1940-1949","Low",526,92,25,17.5,27.2
"1711",1711,"Romania","Men","1940-1949",NA,7,4,2,57.1,50
"1712",1712,"Romania","Men","1950-1959","High",498,68,23,13.7,33.8
"1713",1713,"Romania","Men","1950-1959","Low",718,131,47,18.2,35.9
"1714",1714,"Romania","Men","1950-1959",NA,9,5,4,55.6,80
"1715",1715,"Romania","Men","1960-1969","High",530,98,37,18.5,37.8
"1716",1716,"Romania","Men","1960-1969","Low",630,111,52,17.6,46.8
"1717",1717,"Romania","Men","1960-1969",NA,3,1,1,33.3,100
"1718",1718,"Romania","Men","1970-1979","High",22,5,3,22.7,60
"1719",1719,"Romania","Men","1970-1979","Low",114,40,24,35.1,60
"1720",1720,"Romania","Women","1920-1929","High",93,10,5,10.8,50
"1721",1721,"Romania","Women","1920-1929","Low",157,33,7,21,21.2
"1722",1722,"Romania","Women","1920-1929",NA,31,6,2,19.4,33.3
"1723",1723,"Romania","Women","1930-1939","High",400,71,14,17.8,19.7
"1724",1724,"Romania","Women","1930-1939","Low",595,77,17,12.9,22.1
"1725",1725,"Romania","Women","1930-1939",NA,76,12,3,15.8,25
"1726",1726,"Romania","Women","1940-1949","High",451,61,13,13.5,21.3
"1727",1727,"Romania","Women","1940-1949","Low",553,68,9,12.3,13.2
"1728",1728,"Romania","Women","1940-1949",NA,22,1,NA,4.5,NA
"1729",1729,"Romania","Women","1950-1959","High",527,57,10,10.8,17.5
"1730",1730,"Romania","Women","1950-1959","Low",672,56,7,8.3,12.5
"1731",1731,"Romania","Women","1950-1959",NA,14,1,1,7.1,100
"1732",1732,"Romania","Women","1960-1969","High",477,62,27,13,43.5
"1733",1733,"Romania","Women","1960-1969","Low",566,42,11,7.4,26.2
"1734",1734,"Romania","Women","1960-1969",NA,7,1,1,14.3,100
"1735",1735,"Romania","Women","1970-1979","High",16,4,4,25,100
"1736",1736,"Romania","Women","1970-1979","Low",101,7,3,6.9,42.9
"1737",1737,"Romania","Women","1970-1979",NA,1,NA,NA,NA,NA
"1738",1738,"Russia","Men","1910-1919","High",1,NA,NA,NA,NA
"1739",1739,"Russia","Men","1910-1919","Low",1,NA,NA,NA,NA
"1740",1740,"Russia","Men","1920-1929","High",72,4,NA,5.6,NA
"1741",1741,"Russia","Men","1920-1929","Low",150,15,1,10,6.7
"1742",1742,"Russia","Men","1920-1929",NA,1,1,NA,100,NA
"1743",1743,"Russia","Men","1930-1939","High",248,22,1,8.9,4.5
"1744",1744,"Russia","Men","1930-1939","Low",329,31,6,9.4,19.4
"1745",1745,"Russia","Men","1930-1939",NA,4,NA,NA,NA,NA
"1746",1746,"Russia","Men","1940-1949","High",260,20,5,7.7,25
"1747",1747,"Russia","Men","1940-1949","Low",370,33,1,8.9,3
"1748",1748,"Russia","Men","1950-1959","High",399,26,9,6.5,34.6
"1749",1749,"Russia","Men","1950-1959","Low",557,53,16,9.5,30.2
"1750",1750,"Russia","Men","1960-1969","High",448,74,33,16.5,44.6
"1751",1751,"Russia","Men","1960-1969","Low",577,74,29,12.8,39.2
"1752",1752,"Russia","Men","1970-1979","High",12,2,NA,16.7,NA
"1753",1753,"Russia","Men","1970-1979","Low",15,3,2,20,66.7
"1754",1754,"Russia","Women","1910-1919","High",4,NA,NA,NA,NA
"1755",1755,"Russia","Women","1910-1919","Low",6,3,1,50,33.3
"1756",1756,"Russia","Women","1920-1929","High",181,33,10,18.2,30.3
"1757",1757,"Russia","Women","1920-1929","Low",348,48,16,13.8,33.3
"1758",1758,"Russia","Women","1920-1929",NA,5,1,1,20,100
"1759",1759,"Russia","Women","1930-1939","High",517,41,9,7.9,22
"1760",1760,"Russia","Women","1930-1939","Low",812,66,17,8.1,25.8
"1761",1761,"Russia","Women","1930-1939",NA,8,2,NA,25,NA
"1762",1762,"Russia","Women","1940-1949","High",503,48,17,9.5,35.4
"1763",1763,"Russia","Women","1940-1949","Low",643,64,19,10,29.7
"1764",1764,"Russia","Women","1940-1949",NA,4,NA,NA,NA,NA
"1765",1765,"Russia","Women","1950-1959","High",728,69,30,9.5,43.5
"1766",1766,"Russia","Women","1950-1959","Low",985,52,12,5.3,23.1
"1767",1767,"Russia","Women","1950-1959",NA,2,NA,NA,NA,NA
"1768",1768,"Russia","Women","1960-1969","High",615,56,24,9.1,42.9
"1769",1769,"Russia","Women","1960-1969","Low",807,45,17,5.6,37.8
"1770",1770,"Russia","Women","1960-1969",NA,7,2,NA,28.6,NA
"1771",1771,"Russia","Women","1970-1979","High",24,3,2,12.5,66.7
"1772",1772,"Russia","Women","1970-1979","Low",32,3,1,9.4,33.3
"1773",1773,"Rwanda","Men","1960-1969","High",1,NA,NA,NA,NA
"1774",1774,"Rwanda","Men","1970-1979","High",1345,42,20,3.1,47.6
"1775",1775,"Rwanda","Men","1970-1979","Low",1176,33,21,2.8,63.6
"1776",1776,"Rwanda","Men","1980-1989","High",1015,47,33,4.6,70.2
"1777",1777,"Rwanda","Men","1980-1989","Low",1223,41,26,3.4,63.4
"1778",1778,"Rwanda","Women","1960-1969","High",292,7,3,2.4,42.9
"1779",1779,"Rwanda","Women","1960-1969","Low",352,11,8,3.1,72.7
"1780",1780,"Rwanda","Women","1970-1979","High",475,13,8,2.7,61.5
"1781",1781,"Rwanda","Women","1970-1979","Low",498,11,4,2.2,36.4
"1782",1782,"Rwanda","Women","1980-1989","High",317,20,12,6.3,60
"1783",1783,"Rwanda","Women","1980-1989","Low",540,35,20,6.5,57.1
"1784",1784,"Sao Tome and Principe","Men","1950-1959","High",21,1,1,4.8,100
"1785",1785,"Sao Tome and Principe","Men","1950-1959","Low",18,NA,NA,NA,NA
"1786",1786,"Sao Tome and Principe","Men","1960-1969","High",188,1,NA,0.5,NA
"1787",1787,"Sao Tome and Principe","Men","1960-1969","Low",341,3,NA,0.9,NA
"1788",1788,"Sao Tome and Principe","Men","1970-1979","High",89,1,NA,1.1,NA
"1789",1789,"Sao Tome and Principe","Men","1970-1979","Low",131,1,NA,0.8,NA
"1790",1790,"Sao Tome and Principe","Women","1940-1949","High",4,NA,NA,NA,NA
"1791",1791,"Sao Tome and Principe","Women","1940-1949","Low",13,NA,NA,NA,NA
"1792",1792,"Sao Tome and Principe","Women","1950-1959","High",81,1,1,1.2,100
"1793",1793,"Sao Tome and Principe","Women","1950-1959","Low",154,7,5,4.5,71.4
"1794",1794,"Sao Tome and Principe","Women","1960-1969","High",191,8,3,4.2,37.5
"1795",1795,"Sao Tome and Principe","Women","1960-1969","Low",201,17,10,8.5,58.8
"1796",1796,"Sao Tome and Principe","Women","1970-1979","High",80,4,2,5,50
"1797",1797,"Sao Tome and Principe","Women","1970-1979","Low",115,12,8,10.4,66.7
"1798",1798,"Senegal","Men","1960-1969","High",32,2,1,6.2,50
"1799",1799,"Senegal","Men","1960-1969","Low",93,1,NA,1.1,NA
"1800",1800,"Senegal","Men","1970-1979","High",460,38,15,8.3,39.5
"1801",1801,"Senegal","Men","1970-1979","Low",1112,39,11,3.5,28.2
"1802",1802,"Senegal","Men","1980-1989","High",261,21,7,8,33.3
"1803",1803,"Senegal","Men","1980-1989","Low",651,38,8,5.8,21.1
"1804",1804,"Senegal","Women","1950-1959","High",13,NA,NA,NA,NA
"1805",1805,"Senegal","Women","1950-1959","Low",13,NA,NA,NA,NA
"1806",1806,"Senegal","Women","1960-1969","High",132,11,4,8.3,36.4
"1807",1807,"Senegal","Women","1960-1969","Low",255,7,3,2.7,42.9
"1808",1808,"Senegal","Women","1960-1969",NA,1,NA,NA,NA,NA
"1809",1809,"Senegal","Women","1970-1979","High",212,27,18,12.7,66.7
"1810",1810,"Senegal","Women","1970-1979","Low",378,17,9,4.5,52.9
"1811",1811,"Senegal","Women","1980-1989","High",109,30,18,27.5,60
"1812",1812,"Senegal","Women","1980-1989","Low",201,36,14,17.9,38.9
"1813",1813,"Serbia","Men","1920-1929","High",2,NA,NA,NA,NA
"1814",1814,"Serbia","Men","1920-1929","Low",3,NA,NA,NA,NA
"1815",1815,"Serbia","Men","1930-1939","High",29,2,NA,6.9,NA
"1816",1816,"Serbia","Men","1930-1939","Low",31,NA,NA,NA,NA
"1817",1817,"Serbia","Men","1930-1939",NA,3,1,NA,33.3,NA
"1818",1818,"Serbia","Men","1940-1949","High",73,6,NA,8.2,NA
"1819",1819,"Serbia","Men","1940-1949","Low",52,7,4,13.5,57.1
"1820",1820,"Serbia","Men","1940-1949",NA,3,1,1,33.3,100
"1821",1821,"Serbia","Men","1950-1959","High",113,15,7,13.3,46.7
"1822",1822,"Serbia","Men","1950-1959","Low",104,14,6,13.5,42.9
"1823",1823,"Serbia","Men","1950-1959",NA,5,1,1,20,100
"1824",1824,"Serbia","Men","1960-1969","High",106,19,8,17.9,42.1
"1825",1825,"Serbia","Men","1960-1969","Low",74,20,11,27,55
"1826",1826,"Serbia","Men","1960-1969",NA,3,2,NA,66.7,NA
"1827",1827,"Serbia","Men","1970-1979","High",93,18,10,19.4,55.6
"1828",1828,"Serbia","Men","1970-1979","Low",48,15,7,31.2,46.7
"1829",1829,"Serbia","Men","1970-1979",NA,3,1,1,33.3,100
"1830",1830,"Serbia","Men","1980-1989","High",20,8,5,40,62.5
"1831",1831,"Serbia","Men","1980-1989","Low",34,16,10,47.1,62.5
"1832",1832,"Serbia","Men","1980-1989",NA,1,NA,NA,NA,NA
"1833",1833,"Serbia","Women","1920-1929","High",3,2,2,66.7,100
"1834",1834,"Serbia","Women","1920-1929","Low",5,1,NA,20,NA
"1835",1835,"Serbia","Women","1930-1939","High",34,3,NA,8.8,NA
"1836",1836,"Serbia","Women","1930-1939","Low",37,4,1,10.8,25
"1837",1837,"Serbia","Women","1930-1939",NA,4,1,NA,25,NA
"1838",1838,"Serbia","Women","1940-1949","High",78,7,2,9,28.6
"1839",1839,"Serbia","Women","1940-1949","Low",92,7,1,7.6,14.3
"1840",1840,"Serbia","Women","1940-1949",NA,5,2,1,40,50
"1841",1841,"Serbia","Women","1950-1959","High",131,12,4,9.2,33.3
"1842",1842,"Serbia","Women","1950-1959","Low",80,5,NA,6.2,NA
"1843",1843,"Serbia","Women","1950-1959",NA,3,1,NA,33.3,NA
"1844",1844,"Serbia","Women","1960-1969","High",103,13,3,12.6,23.1
"1845",1845,"Serbia","Women","1960-1969","Low",75,5,NA,6.7,NA
"1846",1846,"Serbia","Women","1960-1969",NA,6,2,1,33.3,50
"1847",1847,"Serbia","Women","1970-1979","High",59,12,6,20.3,50
"1848",1848,"Serbia","Women","1970-1979","Low",105,15,7,14.3,46.7
"1849",1849,"Serbia","Women","1970-1979",NA,1,1,NA,100,NA
"1850",1850,"Serbia","Women","1980-1989","High",22,7,4,31.8,57.1
"1851",1851,"Serbia","Women","1980-1989","Low",33,3,2,9.1,66.7
"1852",1852,"Sierra Leone","Men","1960-1969","High",10,NA,NA,NA,NA
"1853",1853,"Sierra Leone","Men","1960-1969","Low",31,NA,NA,NA,NA
"1854",1854,"Sierra Leone","Men","1970-1979","High",540,10,3,1.9,30
"1855",1855,"Sierra Leone","Men","1970-1979","Low",2193,33,4,1.5,12.1
"1856",1856,"Sierra Leone","Men","1980-1989","High",448,21,7,4.7,33.3
"1857",1857,"Sierra Leone","Men","1980-1989","Low",1708,30,6,1.8,20
"1858",1858,"Sierra Leone","Women","1950-1959","High",9,NA,NA,NA,NA
"1859",1859,"Sierra Leone","Women","1950-1959","Low",10,NA,NA,NA,NA
"1860",1860,"Sierra Leone","Women","1960-1969","High",291,3,2,1,66.7
"1861",1861,"Sierra Leone","Women","1960-1969","Low",551,4,1,0.7,25
"1862",1862,"Sierra Leone","Women","1970-1979","High",512,14,9,2.7,64.3
"1863",1863,"Sierra Leone","Women","1970-1979","Low",821,9,5,1.1,55.6
"1864",1864,"Sierra Leone","Women","1980-1989","High",275,16,9,5.8,56.2
"1865",1865,"Sierra Leone","Women","1980-1989","Low",493,31,13,6.3,41.9
"1866",1866,"Slovakia","Men","1910-1919","High",1,NA,NA,NA,NA
"1867",1867,"Slovakia","Men","1910-1919","Low",1,NA,NA,NA,NA
"1868",1868,"Slovakia","Men","1920-1929","High",8,2,NA,25,NA
"1869",1869,"Slovakia","Men","1920-1929","Low",16,1,1,6.2,100
"1870",1870,"Slovakia","Men","1920-1929",NA,2,NA,NA,NA,NA
"1871",1871,"Slovakia","Men","1930-1939","High",44,2,NA,4.5,NA
"1872",1872,"Slovakia","Men","1930-1939","Low",37,4,2,10.8,50
"1873",1873,"Slovakia","Men","1930-1939",NA,2,NA,NA,NA,NA
"1874",1874,"Slovakia","Men","1940-1949","High",68,7,4,10.3,57.1
"1875",1875,"Slovakia","Men","1940-1949","Low",112,11,10,9.8,90.9
"1876",1876,"Slovakia","Men","1940-1949",NA,5,NA,NA,NA,NA
"1877",1877,"Slovakia","Men","1950-1959","High",114,13,10,11.4,76.9
"1878",1878,"Slovakia","Men","1950-1959","Low",149,22,16,14.8,72.7
"1879",1879,"Slovakia","Men","1950-1959",NA,3,NA,NA,NA,NA
"1880",1880,"Slovakia","Men","1960-1969","High",65,12,7,18.5,58.3
"1881",1881,"Slovakia","Men","1960-1969","Low",178,39,25,21.9,64.1
"1882",1882,"Slovakia","Men","1960-1969",NA,1,NA,NA,NA,NA
"1883",1883,"Slovakia","Men","1970-1979","High",46,11,10,23.9,90.9
"1884",1884,"Slovakia","Men","1970-1979","Low",52,13,11,25,84.6
"1885",1885,"Slovakia","Men","1970-1979",NA,3,1,1,33.3,100
"1886",1886,"Slovakia","Men","1980-1989","High",21,6,4,28.6,66.7
"1887",1887,"Slovakia","Men","1980-1989","Low",13,2,1,15.4,50
"1888",1888,"Slovakia","Men","1980-1989",NA,1,NA,NA,NA,NA
"1889",1889,"Slovakia","Women","1910-1919","High",1,NA,NA,NA,NA
"1890",1890,"Slovakia","Women","1910-1919","Low",3,NA,NA,NA,NA
"1891",1891,"Slovakia","Women","1920-1929","High",14,NA,NA,NA,NA
"1892",1892,"Slovakia","Women","1920-1929","Low",28,5,2,17.9,40
"1893",1893,"Slovakia","Women","1920-1929",NA,2,NA,NA,NA,NA
"1894",1894,"Slovakia","Women","1930-1939","High",48,6,5,12.5,83.3
"1895",1895,"Slovakia","Women","1930-1939","Low",50,2,NA,4,NA
"1896",1896,"Slovakia","Women","1930-1939",NA,2,NA,NA,NA,NA
"1897",1897,"Slovakia","Women","1940-1949","High",104,8,5,7.7,62.5
"1898",1898,"Slovakia","Women","1940-1949","Low",81,7,1,8.6,14.3
"1899",1899,"Slovakia","Women","1940-1949",NA,6,1,1,16.7,100
"1900",1900,"Slovakia","Women","1950-1959","High",163,15,11,9.2,73.3
"1901",1901,"Slovakia","Women","1950-1959","Low",151,15,9,9.9,60
"1902",1902,"Slovakia","Women","1950-1959",NA,5,1,NA,20,NA
"1903",1903,"Slovakia","Women","1960-1969","High",72,12,8,16.7,66.7
"1904",1904,"Slovakia","Women","1960-1969","Low",168,18,11,10.7,61.1
"1905",1905,"Slovakia","Women","1960-1969",NA,3,1,1,33.3,100
"1906",1906,"Slovakia","Women","1970-1979","High",28,6,2,21.4,33.3
"1907",1907,"Slovakia","Women","1970-1979","Low",73,8,5,11,62.5
"1908",1908,"Slovakia","Women","1970-1979",NA,4,1,NA,25,NA
"1909",1909,"Slovakia","Women","1980-1989","High",13,4,3,30.8,75
"1910",1910,"Slovakia","Women","1980-1989","Low",26,4,2,15.4,50
"1911",1911,"Slovakia",NA,"1930-1939","High",1,NA,NA,NA,NA
"1912",1912,"Slovakia",NA,"1940-1949","High",1,NA,NA,NA,NA
"1913",1913,"Slovakia",NA,"1950-1959","High",1,NA,NA,NA,NA
"1914",1914,"Slovakia",NA,"1950-1959","Low",1,NA,NA,NA,NA
"1915",1915,"Slovakia",NA,"1960-1969","High",1,NA,NA,NA,NA
"1916",1916,"Slovakia",NA,"1960-1969","Low",1,NA,NA,NA,NA
"1917",1917,"Slovenia","Men","1910-1919","High",1,NA,NA,NA,NA
"1918",1918,"Slovenia","Men","1910-1919","Low",1,NA,NA,NA,NA
"1919",1919,"Slovenia","Men","1920-1929","High",14,3,2,21.4,66.7
"1920",1920,"Slovenia","Men","1920-1929","Low",14,1,1,7.1,100
"1921",1921,"Slovenia","Men","1920-1929",NA,1,NA,NA,NA,NA
"1922",1922,"Slovenia","Men","1930-1939","High",57,7,4,12.3,57.1
"1923",1923,"Slovenia","Men","1930-1939","Low",34,4,4,11.8,100
"1924",1924,"Slovenia","Men","1930-1939",NA,1,NA,NA,NA,NA
"1925",1925,"Slovenia","Men","1940-1949","High",64,4,1,6.2,25
"1926",1926,"Slovenia","Men","1940-1949","Low",109,10,6,9.2,60
"1927",1927,"Slovenia","Men","1940-1949",NA,1,NA,NA,NA,NA
"1928",1928,"Slovenia","Men","1950-1959","High",100,9,5,9,55.6
"1929",1929,"Slovenia","Men","1950-1959","Low",113,9,3,8,33.3
"1930",1930,"Slovenia","Men","1950-1959",NA,1,1,NA,100,NA
"1931",1931,"Slovenia","Men","1960-1969","High",69,8,3,11.6,37.5
"1932",1932,"Slovenia","Men","1960-1969","Low",144,21,13,14.6,61.9
"1933",1933,"Slovenia","Men","1960-1969",NA,2,NA,NA,NA,NA
"1934",1934,"Slovenia","Men","1970-1979","High",49,10,2,20.4,20
"1935",1935,"Slovenia","Men","1970-1979","Low",71,20,7,28.2,35
"1936",1936,"Slovenia","Men","1970-1979",NA,1,1,NA,100,NA
"1937",1937,"Slovenia","Men","1980-1989","High",24,10,1,41.7,10
"1938",1938,"Slovenia","Men","1980-1989","Low",17,5,2,29.4,40
"1939",1939,"Slovenia","Women","1910-1919","High",2,NA,NA,NA,NA
"1940",1940,"Slovenia","Women","1910-1919","Low",6,1,1,16.7,100
"1941",1941,"Slovenia","Women","1920-1929","High",19,2,2,10.5,100
"1942",1942,"Slovenia","Women","1920-1929","Low",30,4,1,13.3,25
"1943",1943,"Slovenia","Women","1920-1929",NA,2,NA,NA,NA,NA
"1944",1944,"Slovenia","Women","1930-1939","High",65,5,2,7.7,40
"1945",1945,"Slovenia","Women","1930-1939","Low",91,5,2,5.5,40
"1946",1946,"Slovenia","Women","1940-1949","High",109,4,1,3.7,25
"1947",1947,"Slovenia","Women","1940-1949","Low",82,5,NA,6.1,NA
"1948",1948,"Slovenia","Women","1940-1949",NA,1,NA,NA,NA,NA
"1949",1949,"Slovenia","Women","1950-1959","High",132,13,3,9.8,23.1
"1950",1950,"Slovenia","Women","1950-1959","Low",145,7,2,4.8,28.6
"1951",1951,"Slovenia","Women","1960-1969","High",92,11,6,12,54.5
"1952",1952,"Slovenia","Women","1960-1969","Low",147,3,2,2,66.7
"1953",1953,"Slovenia","Women","1970-1979","High",78,11,4,14.1,36.4
"1954",1954,"Slovenia","Women","1970-1979","Low",70,2,NA,2.9,NA
"1955",1955,"Slovenia","Women","1970-1979",NA,2,1,NA,50,NA
"1956",1956,"Slovenia","Women","1980-1989","High",24,4,2,16.7,50
"1957",1957,"Slovenia","Women","1980-1989","Low",15,NA,NA,NA,NA
"1958",1958,"South Africa","Men","1960-1969","High",361,23,7,6.4,30.4
"1959",1959,"South Africa","Men","1960-1969","Low",259,18,10,6.9,55.6
"1960",1960,"South Africa","Men","1970-1979","High",1238,73,41,5.9,56.2
"1961",1961,"South Africa","Men","1970-1979","Low",652,38,17,5.8,44.7
"1962",1962,"South Africa","Men","1980-1989","High",231,18,12,7.8,66.7
"1963",1963,"South Africa","Men","1980-1989","Low",168,13,8,7.7,61.5
"1964",1964,"South Africa","Women","1950-1959","High",67,6,4,9,66.7
"1965",1965,"South Africa","Women","1950-1959","Low",68,4,4,5.9,100
"1966",1966,"South Africa","Women","1960-1969","High",249,25,13,10,52
"1967",1967,"South Africa","Women","1960-1969","Low",239,32,24,13.4,75
"1968",1968,"South Africa","Women","1970-1979","High",377,37,22,9.8,59.5
"1969",1969,"South Africa","Women","1970-1979","Low",259,35,29,13.5,82.9
"1970",1970,"South Africa","Women","1980-1989","High",61,10,6,16.4,60
"1971",1971,"South Africa","Women","1980-1989","Low",63,18,14,28.6,77.8
"1972",1972,"Spain","Men","1910-1919","High",1,1,NA,100,NA
"1973",1973,"Spain","Men","1910-1919","Low",1,NA,NA,NA,NA
"1974",1974,"Spain","Men","1910-1919",NA,1,NA,NA,NA,NA
"1975",1975,"Spain","Men","1920-1929","High",27,3,1,11.1,33.3
"1976",1976,"Spain","Men","1920-1929","Low",29,5,1,17.2,20
"1977",1977,"Spain","Men","1920-1929",NA,4,1,NA,25,NA
"1978",1978,"Spain","Men","1930-1939","High",44,6,4,13.6,66.7
"1979",1979,"Spain","Men","1930-1939","Low",62,9,3,14.5,33.3
"1980",1980,"Spain","Men","1930-1939",NA,3,NA,NA,NA,NA
"1981",1981,"Spain","Men","1940-1949","High",53,5,3,9.4,60
"1982",1982,"Spain","Men","1940-1949","Low",113,16,10,14.2,62.5
"1983",1983,"Spain","Men","1940-1949",NA,13,1,1,7.7,100
"1984",1984,"Spain","Men","1950-1959","High",109,14,6,12.8,42.9
"1985",1985,"Spain","Men","1950-1959","Low",117,22,11,18.8,50
"1986",1986,"Spain","Men","1950-1959",NA,13,NA,NA,NA,NA
"1987",1987,"Spain","Men","1960-1969","High",138,36,13,26.1,36.1
"1988",1988,"Spain","Men","1960-1969","Low",200,36,13,18,36.1
"1989",1989,"Spain","Men","1960-1969",NA,12,3,2,25,66.7
"1990",1990,"Spain","Men","1970-1979","High",75,26,10,34.7,38.5
"1991",1991,"Spain","Men","1970-1979","Low",106,25,9,23.6,36
"1992",1992,"Spain","Men","1970-1979",NA,6,2,1,33.3,50
"1993",1993,"Spain","Men","1980-1989","High",30,15,4,50,26.7
"1994",1994,"Spain","Men","1980-1989","Low",46,15,7,32.6,46.7
"1995",1995,"Spain","Men","1980-1989",NA,2,2,1,100,50
"1996",1996,"Spain","Women","1908-1909","High",1,1,1,100,100
"1997",1997,"Spain","Women","1908-1909",NA,2,NA,NA,NA,NA
"1998",1998,"Spain","Women","1910-1919","High",6,1,NA,16.7,NA
"1999",1999,"Spain","Women","1910-1919","Low",3,1,NA,33.3,NA
"2000",2000,"Spain","Women","1910-1919",NA,75,7,2,9.3,28.6
"2001",2001,"Spain","Women","1920-1929","High",64,13,6,20.3,46.2
"2002",2002,"Spain","Women","1920-1929","Low",83,6,3,7.2,50
"2003",2003,"Spain","Women","1920-1929",NA,625,78,30,12.5,38.5
"2004",2004,"Spain","Women","1930-1939","High",129,15,4,11.6,26.7
"2005",2005,"Spain","Women","1930-1939","Low",174,16,5,9.2,31.2
"2006",2006,"Spain","Women","1930-1939",NA,1126,113,43,10,38.1
"2007",2007,"Spain","Women","1940-1949","High",164,24,13,14.6,54.2
"2008",2008,"Spain","Women","1940-1949","Low",248,14,6,5.6,42.9
"2009",2009,"Spain","Women","1940-1949",NA,1045,91,39,8.7,42.9
"2010",2010,"Spain","Women","1950-1959","High",263,46,16,17.5,34.8
"2011",2011,"Spain","Women","1950-1959","Low",386,30,15,7.8,50
"2012",2012,"Spain","Women","1950-1959",NA,969,114,49,11.8,43
"2013",2013,"Spain","Women","1960-1969","High",383,78,31,20.4,39.7
"2014",2014,"Spain","Women","1960-1969","Low",617,66,27,10.7,40.9
"2015",2015,"Spain","Women","1960-1969",NA,1098,152,59,13.8,38.8
"2016",2016,"Spain","Women","1970-1979","High",84,26,7,31,26.9
"2017",2017,"Spain","Women","1970-1979","Low",200,43,14,21.5,32.6
"2018",2018,"Spain","Women","1970-1979",NA,169,36,13,21.3,36.1
"2019",2019,"Spain","Women","1980-1989","High",43,20,3,46.5,15
"2020",2020,"Spain","Women","1980-1989","Low",30,8,2,26.7,25
"2021",2021,"Swaziland","Men","1950-1959","High",114,3,1,2.6,33.3
"2022",2022,"Swaziland","Men","1950-1959","Low",118,5,1,4.2,20
"2023",2023,"Swaziland","Men","1960-1969","High",443,24,8,5.4,33.3
"2024",2024,"Swaziland","Men","1960-1969","Low",473,20,5,4.2,25
"2025",2025,"Swaziland","Men","1970-1979","High",88,6,3,6.8,50
"2026",2026,"Swaziland","Men","1970-1979","Low",97,4,2,4.1,50
"2027",2027,"Swaziland","Women","1950-1959","High",80,3,NA,3.8,NA
"2028",2028,"Swaziland","Women","1950-1959","Low",72,2,2,2.8,100
"2029",2029,"Swaziland","Women","1950-1959",NA,1,NA,NA,NA,NA
"2030",2030,"Swaziland","Women","1960-1969","High",316,16,10,5.1,62.5
"2031",2031,"Swaziland","Women","1960-1969","Low",314,27,15,8.6,55.6
"2032",2032,"Swaziland","Women","1960-1969",NA,3,1,1,33.3,100
"2033",2033,"Swaziland","Women","1970-1979","High",86,8,6,9.3,75
"2034",2034,"Swaziland","Women","1970-1979","Low",61,8,6,13.1,75
"2035",2035,"Sweden","Men","1910-1919","High",1,NA,NA,NA,NA
"2036",2036,"Sweden","Men","1910-1919","Low",4,1,NA,25,NA
"2037",2037,"Sweden","Men","1910-1919",NA,1,NA,NA,NA,NA
"2038",2038,"Sweden","Men","1920-1929","High",24,5,2,20.8,40
"2039",2039,"Sweden","Men","1920-1929","Low",30,4,1,13.3,25
"2040",2040,"Sweden","Men","1930-1939","High",178,20,4,11.2,20
"2041",2041,"Sweden","Men","1930-1939","Low",275,38,10,13.8,26.3
"2042",2042,"Sweden","Men","1930-1939",NA,2,NA,NA,NA,NA
"2043",2043,"Sweden","Men","1940-1949","High",468,49,13,10.5,26.5
"2044",2044,"Sweden","Men","1940-1949","Low",641,85,27,13.3,31.8
"2045",2045,"Sweden","Men","1940-1949",NA,4,NA,NA,NA,NA
"2046",2046,"Sweden","Men","1950-1959","High",449,62,11,13.8,17.7
"2047",2047,"Sweden","Men","1950-1959","Low",668,98,30,14.7,30.6
"2048",2048,"Sweden","Men","1950-1959",NA,2,1,NA,50,NA
"2049",2049,"Sweden","Men","1960-1969","High",425,75,23,17.6,30.7
"2050",2050,"Sweden","Men","1960-1969","Low",678,126,46,18.6,36.5
"2051",2051,"Sweden","Men","1970-1979","High",336,83,15,24.7,18.1
"2052",2052,"Sweden","Men","1970-1979","Low",451,89,28,19.7,31.5
"2053",2053,"Sweden","Men","1970-1979",NA,3,NA,NA,NA,NA
"2054",2054,"Sweden","Men","1980-1989","High",24,9,1,37.5,11.1
"2055",2055,"Sweden","Men","1980-1989","Low",14,2,2,14.3,100
"2056",2056,"Sweden","Men","1980-1989",NA,2,NA,NA,NA,NA
"2057",2057,"Sweden","Women","1910-1919","High",5,NA,NA,NA,NA
"2058",2058,"Sweden","Women","1910-1919","Low",11,NA,NA,NA,NA
"2059",2059,"Sweden","Women","1920-1929","High",22,6,1,27.3,16.7
"2060",2060,"Sweden","Women","1920-1929","Low",39,4,2,10.3,50
"2061",2061,"Sweden","Women","1920-1929",NA,2,NA,NA,NA,NA
"2062",2062,"Sweden","Women","1930-1939","High",187,14,3,7.5,21.4
"2063",2063,"Sweden","Women","1930-1939","Low",320,20,8,6.2,40
"2064",2064,"Sweden","Women","1930-1939",NA,3,NA,NA,NA,NA
"2065",2065,"Sweden","Women","1940-1949","High",458,43,5,9.4,11.6
"2066",2066,"Sweden","Women","1940-1949","Low",684,60,13,8.8,21.7
"2067",2067,"Sweden","Women","1940-1949",NA,4,2,NA,50,NA
"2068",2068,"Sweden","Women","1950-1959","High",453,48,9,10.6,18.8
"2069",2069,"Sweden","Women","1950-1959","Low",637,70,8,11,11.4
"2070",2070,"Sweden","Women","1950-1959",NA,4,1,NA,25,NA
"2071",2071,"Sweden","Women","1960-1969","High",558,63,9,11.3,14.3
"2072",2072,"Sweden","Women","1960-1969","Low",703,64,6,9.1,9.4
"2073",2073,"Sweden","Women","1960-1969",NA,5,NA,NA,NA,NA
"2074",2074,"Sweden","Women","1970-1979","High",351,51,11,14.5,21.6
"2075",2075,"Sweden","Women","1970-1979","Low",443,53,10,12,18.9
"2076",2076,"Sweden","Women","1970-1979",NA,4,NA,NA,NA,NA
"2077",2077,"Sweden","Women","1980-1989","High",34,6,1,17.6,16.7
"2078",2078,"Sweden","Women","1980-1989","Low",9,3,1,33.3,33.3
"2079",2079,"Switzerland","Men","1910-1919","High",3,2,NA,66.7,NA
"2080",2080,"Switzerland","Men","1910-1919","Low",10,4,1,40,25
"2081",2081,"Switzerland","Men","1910-1919",NA,1,NA,NA,NA,NA
"2082",2082,"Switzerland","Men","1920-1929","High",28,3,1,10.7,33.3
"2083",2083,"Switzerland","Men","1920-1929","Low",24,4,1,16.7,25
"2084",2084,"Switzerland","Men","1930-1939","High",55,11,2,20,18.2
"2085",2085,"Switzerland","Men","1930-1939","Low",64,6,2,9.4,33.3
"2086",2086,"Switzerland","Men","1940-1949","High",107,23,1,21.5,4.3
"2087",2087,"Switzerland","Men","1940-1949","Low",110,25,8,22.7,32
"2088",2088,"Switzerland","Men","1950-1959","High",107,22,5,20.6,22.7
"2089",2089,"Switzerland","Men","1950-1959","Low",157,34,11,21.7,32.4
"2090",2090,"Switzerland","Men","1960-1969","High",120,37,8,30.8,21.6
"2091",2091,"Switzerland","Men","1960-1969","Low",170,48,7,28.2,14.6
"2092",2092,"Switzerland","Men","1970-1979","High",63,18,5,28.6,27.8
"2093",2093,"Switzerland","Men","1970-1979","Low",105,29,2,27.6,6.9
"2094",2094,"Switzerland","Men","1970-1979",NA,2,NA,NA,NA,NA
"2095",2095,"Switzerland","Men","1980-1989","High",21,12,1,57.1,8.3
"2096",2096,"Switzerland","Men","1980-1989","Low",39,13,2,33.3,15.4
"2097",2097,"Switzerland","Men","1980-1989",NA,2,1,1,50,100
"2098",2098,"Switzerland","Women","1910-1919","High",6,1,1,16.7,100
"2099",2099,"Switzerland","Women","1910-1919","Low",9,NA,NA,NA,NA
"2100",2100,"Switzerland","Women","1920-1929","High",40,6,3,15,50
"2101",2101,"Switzerland","Women","1920-1929","Low",38,5,3,13.2,60
"2102",2102,"Switzerland","Women","1920-1929",NA,2,2,2,100,100
"2103",2103,"Switzerland","Women","1930-1939","High",73,18,8,24.7,44.4
"2104",2104,"Switzerland","Women","1930-1939","Low",84,14,6,16.7,42.9
"2105",2105,"Switzerland","Women","1940-1949","High",126,27,7,21.4,25.9
"2106",2106,"Switzerland","Women","1940-1949","Low",118,21,6,17.8,28.6
"2107",2107,"Switzerland","Women","1940-1949",NA,1,NA,NA,NA,NA
"2108",2108,"Switzerland","Women","1950-1959","High",104,22,2,21.2,9.1
"2109",2109,"Switzerland","Women","1950-1959","Low",165,42,8,25.5,19
"2110",2110,"Switzerland","Women","1950-1959",NA,1,1,1,100,100
"2111",2111,"Switzerland","Women","1960-1969","High",158,43,9,27.2,20.9
"2112",2112,"Switzerland","Women","1960-1969","Low",177,39,10,22,25.6
"2113",2113,"Switzerland","Women","1960-1969",NA,1,NA,NA,NA,NA
"2114",2114,"Switzerland","Women","1970-1979","High",56,17,3,30.4,17.6
"2115",2115,"Switzerland","Women","1970-1979","Low",99,21,6,21.2,28.6
"2116",2116,"Switzerland","Women","1970-1979",NA,2,1,NA,50,NA
"2117",2117,"Switzerland","Women","1980-1989","High",17,4,1,23.5,25
"2118",2118,"Switzerland","Women","1980-1989","Low",27,7,1,25.9,14.3
"2119",2119,"Switzerland","Women","1980-1989",NA,2,1,NA,50,NA
"2120",2120,"Tanzania","Men","1960-1969","High",545,5,NA,0.9,NA
"2121",2121,"Tanzania","Men","1960-1969","Low",229,8,2,3.5,25
"2122",2122,"Tanzania","Men","1970-1979","High",1945,62,20,3.2,32.3
"2123",2123,"Tanzania","Men","1970-1979","Low",917,20,5,2.2,25
"2124",2124,"Tanzania","Men","1970-1979",NA,1,NA,NA,NA,NA
"2125",2125,"Tanzania","Men","1980-1989","High",234,5,2,2.1,40
"2126",2126,"Tanzania","Men","1980-1989","Low",140,7,2,5,28.6
"2127",2127,"Tanzania","Women","1960-1969","High",187,7,4,3.7,57.1
"2128",2128,"Tanzania","Women","1960-1969","Low",45,1,NA,2.2,NA
"2129",2129,"Tanzania","Women","1970-1979","High",557,19,15,3.4,78.9
"2130",2130,"Tanzania","Women","1970-1979","Low",189,7,3,3.7,42.9
"2131",2131,"Tanzania","Women","1980-1989","High",57,1,NA,1.8,NA
"2132",2132,"Tanzania","Women","1980-1989","Low",23,NA,NA,NA,NA
"2133",2133,"The UK","Men","1910-1919","High",6,1,1,16.7,100
"2134",2134,"The UK","Men","1910-1919","Low",10,1,NA,10,NA
"2135",2135,"The UK","Men","1920-1929","High",117,19,3,16.2,15.8
"2136",2136,"The UK","Men","1920-1929","Low",178,34,16,19.1,47.1
"2137",2137,"The UK","Men","1920-1929",NA,12,4,1,33.3,25
"2138",2138,"The UK","Men","1930-1939","High",397,56,19,14.1,33.9
"2139",2139,"The UK","Men","1930-1939","Low",447,91,34,20.4,37.4
"2140",2140,"The UK","Men","1930-1939",NA,47,9,NA,19.1,NA
"2141",2141,"The UK","Men","1940-1949","High",585,101,29,17.3,28.7
"2142",2142,"The UK","Men","1940-1949","Low",679,108,36,15.9,33.3
"2143",2143,"The UK","Men","1940-1949",NA,98,26,5,26.5,19.2
"2144",2144,"The UK","Men","1950-1959","High",696,152,44,21.8,28.9
"2145",2145,"The UK","Men","1950-1959","Low",628,136,38,21.7,27.9
"2146",2146,"The UK","Men","1950-1959",NA,105,25,9,23.8,36
"2147",2147,"The UK","Men","1960-1969","High",775,217,50,28,23
"2148",2148,"The UK","Men","1960-1969","Low",791,209,66,26.4,31.6
"2149",2149,"The UK","Men","1960-1969",NA,151,54,21,35.8,38.9
"2150",2150,"The UK","Men","1970-1979","High",95,26,5,27.4,19.2
"2151",2151,"The UK","Men","1970-1979","Low",200,75,13,37.5,17.3
"2152",2152,"The UK","Men","1970-1979",NA,12,3,1,25,33.3
"2153",2153,"The UK","Men","1980-1989","High",32,16,3,50,18.8
"2154",2154,"The UK","Men","1980-1989","Low",26,12,2,46.2,16.7
"2155",2155,"The UK","Women","1905-1909","High",1,1,1,100,100
"2156",2156,"The UK","Women","1910-1919","High",10,3,1,30,33.3
"2157",2157,"The UK","Women","1910-1919","Low",12,1,NA,8.3,NA
"2158",2158,"The UK","Women","1920-1929","High",120,35,10,29.2,28.6
"2159",2159,"The UK","Women","1920-1929","Low",283,45,15,15.9,33.3
"2160",2160,"The UK","Women","1920-1929",NA,15,5,1,33.3,20
"2161",2161,"The UK","Women","1930-1939","High",498,84,25,16.9,29.8
"2162",2162,"The UK","Women","1930-1939","Low",498,71,24,14.3,33.8
"2163",2163,"The UK","Women","1930-1939",NA,53,13,1,24.5,7.7
"2164",2164,"The UK","Women","1940-1949","High",688,83,25,12.1,30.1
"2165",2165,"The UK","Women","1940-1949","Low",812,98,25,12.1,25.5
"2166",2166,"The UK","Women","1940-1949",NA,91,14,1,15.4,7.1
"2167",2167,"The UK","Women","1950-1959","High",786,143,31,18.2,21.7
"2168",2168,"The UK","Women","1950-1959","Low",772,82,16,10.6,19.5
"2169",2169,"The UK","Women","1950-1959",NA,100,11,4,11,36.4
"2170",2170,"The UK","Women","1960-1969","High",964,188,40,19.5,21.3
"2171",2171,"The UK","Women","1960-1969","Low",952,123,33,12.9,26.8
"2172",2172,"The UK","Women","1960-1969",NA,112,16,5,14.3,31.2
"2173",2173,"The UK","Women","1970-1979","High",115,24,2,20.9,8.3
"2174",2174,"The UK","Women","1970-1979","Low",229,36,4,15.7,11.1
"2175",2175,"The UK","Women","1970-1979",NA,17,5,2,29.4,40
"2176",2176,"The UK","Women","1980-1989","High",68,13,1,19.1,7.7
"2177",2177,"The UK","Women","1980-1989","Low",37,5,2,13.5,40
"2178",2178,"The UK","Women","1980-1989",NA,1,NA,NA,NA,NA
"2179",2179,"The US","Men","1960-1969","High",337,108,44,32,40.7
"2180",2180,"The US","Men","1960-1969","Low",303,72,17,23.8,23.6
"2181",2181,"The US","Men","1960-1969",NA,603,231,87,38.3,37.7
"2182",2182,"The US","Men","1970-1979","High",23,6,3,26.1,50
"2183",2183,"The US","Men","1970-1979","Low",205,50,20,24.4,40
"2184",2184,"The US","Men","1970-1979",NA,279,101,40,36.2,39.6
"2185",2185,"The US","Women","1950-1959","High",1194,245,62,20.5,25.3
"2186",2186,"The US","Women","1950-1959","Low",1994,309,69,15.5,22.3
"2187",2187,"The US","Women","1950-1959",NA,687,78,19,11.4,24.4
"2188",2188,"The US","Women","1960-1969","High",286,49,12,17.1,24.5
"2189",2189,"The US","Women","1960-1969","Low",481,66,13,13.7,19.7
"2190",2190,"The US","Women","1960-1969",NA,843,211,69,25,32.7
"2191",2191,"The US","Women","1970-1979","High",50,14,5,28,35.7
"2192",2192,"The US","Women","1970-1979","Low",225,21,4,9.3,19
"2193",2193,"The US","Women","1970-1979",NA,328,87,26,26.5,29.9
"2194",2194,"Timor-Leste","Men","1960-1969","High",236,19,15,8.1,78.9
"2195",2195,"Timor-Leste","Men","1960-1969","Low",370,23,14,6.2,60.9
"2196",2196,"Timor-Leste","Men","1970-1979","High",1321,103,63,7.8,61.2
"2197",2197,"Timor-Leste","Men","1970-1979","Low",1236,79,53,6.4,67.1
"2198",2198,"Timor-Leste","Men","1980-1989","High",242,25,19,10.3,76
"2199",2199,"Timor-Leste","Men","1980-1989","Low",315,35,25,11.1,71.4
"2200",2200,"Timor-Leste","Women","1950-1959","High",42,2,1,4.8,50
"2201",2201,"Timor-Leste","Women","1950-1959","Low",70,7,2,10,28.6
"2202",2202,"Timor-Leste","Women","1960-1969","High",303,21,7,6.9,33.3
"2203",2203,"Timor-Leste","Women","1960-1969","Low",413,37,17,9,45.9
"2204",2204,"Timor-Leste","Women","1970-1979","High",400,41,20,10.2,48.8
"2205",2205,"Timor-Leste","Women","1970-1979","Low",458,52,29,11.4,55.8
"2206",2206,"Timor-Leste","Women","1980-1989","High",82,15,13,18.3,86.7
"2207",2207,"Timor-Leste","Women","1980-1989","Low",87,19,14,21.8,73.7
"2208",2208,"Togo","Men","1960-1969","High",361,10,5,2.8,50
"2209",2209,"Togo","Men","1960-1969","Low",577,6,NA,1,NA
"2210",2210,"Togo","Men","1970-1979","High",875,37,11,4.2,29.7
"2211",2211,"Togo","Men","1970-1979","Low",1250,22,6,1.8,27.3
"2212",2212,"Togo","Men","1970-1979",NA,2,NA,NA,NA,NA
"2213",2213,"Togo","Women","1950-1959","High",110,2,2,1.8,100
"2214",2214,"Togo","Women","1950-1959","Low",98,1,1,1,100
"2215",2215,"Togo","Women","1960-1969","High",366,7,5,1.9,71.4
"2216",2216,"Togo","Women","1960-1969","Low",305,8,3,2.6,37.5
"2217",2217,"Togo","Women","1970-1979","High",448,34,14,7.6,41.2
"2218",2218,"Togo","Women","1970-1979","Low",404,26,20,6.4,76.9
"2219",2219,"Turkey","Men","1940-1949","High",67,5,5,7.5,100
"2220",2220,"Turkey","Men","1940-1949","Low",58,2,NA,3.4,NA
"2221",2221,"Turkey","Men","1950-1959","High",946,52,25,5.5,48.1
"2222",2222,"Turkey","Men","1950-1959","Low",740,22,5,3,22.7
"2223",2223,"Turkey","Men","1960-1969","High",179,18,13,10.1,72.2
"2224",2224,"Turkey","Men","1960-1969","Low",716,36,10,5,27.8
"2225",2225,"Turkey","Women","1910-1919","High",1,NA,NA,NA,NA
"2226",2226,"Turkey","Women","1920-1929","High",3,1,NA,33.3,NA
"2227",2227,"Turkey","Women","1920-1929","Low",3,NA,NA,NA,NA
"2228",2228,"Turkey","Women","1930-1939","High",19,NA,NA,NA,NA
"2229",2229,"Turkey","Women","1930-1939","Low",19,NA,NA,NA,NA
"2230",2230,"Turkey","Women","1940-1949","High",75,3,NA,4,NA
"2231",2231,"Turkey","Women","1940-1949","Low",155,2,NA,1.3,NA
"2232",2232,"Turkey","Women","1950-1959","High",209,6,NA,2.9,NA
"2233",2233,"Turkey","Women","1950-1959","Low",401,8,NA,2,NA
"2234",2234,"Turkey","Women","1960-1969","High",117,3,NA,2.6,NA
"2235",2235,"Turkey","Women","1960-1969","Low",184,6,NA,3.3,NA
"2236",2236,"Turkey","Women","1960-1969",NA,1,NA,NA,NA,NA
"2237",2237,"Uganda","Men","1960-1969","High",314,4,NA,1.3,NA
"2238",2238,"Uganda","Men","1960-1969","Low",396,6,1,1.5,16.7
"2239",2239,"Uganda","Men","1970-1979","High",1577,33,16,2.1,48.5
"2240",2240,"Uganda","Men","1970-1979","Low",1791,32,6,1.8,18.8
"2241",2241,"Uganda","Men","1980-1989","High",197,2,2,1,100
"2242",2242,"Uganda","Men","1980-1989","Low",559,7,3,1.3,42.9
"2243",2243,"Uganda","Women","1960-1969","High",223,NA,NA,NA,NA
"2244",2244,"Uganda","Women","1960-1969","Low",270,9,4,3.3,44.4
"2245",2245,"Uganda","Women","1970-1979","High",308,5,5,1.6,100
"2246",2246,"Uganda","Women","1970-1979","Low",639,18,7,2.8,38.9
"2247",2247,"Uganda","Women","1980-1989","High",69,1,NA,1.4,NA
"2248",2248,"Uganda","Women","1980-1989","Low",136,7,6,5.1,85.7
"2249",2249,"Ukraine","Men","1910-1919","High",2,NA,NA,NA,NA
"2250",2250,"Ukraine","Men","1910-1919","Low",1,NA,NA,NA,NA
"2251",2251,"Ukraine","Men","1920-1929","High",16,1,NA,6.2,NA
"2252",2252,"Ukraine","Men","1920-1929","Low",17,1,NA,5.9,NA
"2253",2253,"Ukraine","Men","1920-1929",NA,2,1,1,50,100
"2254",2254,"Ukraine","Men","1930-1939","High",50,3,1,6,33.3
"2255",2255,"Ukraine","Men","1930-1939","Low",48,2,NA,4.2,NA
"2256",2256,"Ukraine","Men","1930-1939",NA,7,NA,NA,NA,NA
"2257",2257,"Ukraine","Men","1940-1949","High",49,1,NA,2,NA
"2258",2258,"Ukraine","Men","1940-1949","Low",60,4,3,6.7,75
"2259",2259,"Ukraine","Men","1940-1949",NA,2,NA,NA,NA,NA
"2260",2260,"Ukraine","Men","1950-1959","High",334,21,4,6.3,19
"2261",2261,"Ukraine","Men","1950-1959","Low",229,12,2,5.2,16.7
"2262",2262,"Ukraine","Men","1950-1959",NA,5,NA,NA,NA,NA
"2263",2263,"Ukraine","Men","1960-1969","High",1272,79,18,6.2,22.8
"2264",2264,"Ukraine","Men","1960-1969","Low",890,48,15,5.4,31.2
"2265",2265,"Ukraine","Men","1960-1969",NA,3,1,NA,33.3,NA
"2266",2266,"Ukraine","Men","1970-1979","High",352,33,11,9.4,33.3
"2267",2267,"Ukraine","Men","1970-1979","Low",276,15,4,5.4,26.7
"2268",2268,"Ukraine","Women","1910-1919","High",2,1,NA,50,NA
"2269",2269,"Ukraine","Women","1910-1919","Low",1,NA,NA,NA,NA
"2270",2270,"Ukraine","Women","1920-1929","High",33,6,3,18.2,50
"2271",2271,"Ukraine","Women","1920-1929","Low",49,14,5,28.6,35.7
"2272",2272,"Ukraine","Women","1920-1929",NA,9,NA,NA,NA,NA
"2273",2273,"Ukraine","Women","1930-1939","High",96,7,2,7.3,28.6
"2274",2274,"Ukraine","Women","1930-1939","Low",101,14,7,13.9,50
"2275",2275,"Ukraine","Women","1930-1939",NA,5,1,NA,20,NA
"2276",2276,"Ukraine","Women","1940-1949","High",98,6,2,6.1,33.3
"2277",2277,"Ukraine","Women","1940-1949","Low",89,5,NA,5.6,NA
"2278",2278,"Ukraine","Women","1940-1949",NA,4,1,1,25,100
"2279",2279,"Ukraine","Women","1950-1959","High",195,13,5,6.7,38.5
"2280",2280,"Ukraine","Women","1950-1959","Low",245,16,8,6.5,50
"2281",2281,"Ukraine","Women","1950-1959",NA,5,NA,NA,NA,NA
"2282",2282,"Ukraine","Women","1960-1969","High",492,36,11,7.3,30.6
"2283",2283,"Ukraine","Women","1960-1969","Low",521,68,28,13.1,41.2
"2284",2284,"Ukraine","Women","1960-1969",NA,2,NA,NA,NA,NA
"2285",2285,"Ukraine","Women","1970-1979","High",146,13,5,8.9,38.5
"2286",2286,"Ukraine","Women","1970-1979","Low",181,34,15,18.8,44.1
"2287",2287,"Ukraine","Women","1970-1979",NA,1,NA,NA,NA,NA
"2288",2288,"Uruguay","Men","1970-1979",NA,455,87,29,19.1,33.3
"2289",2289,"Uruguay","Men","1980-1989",NA,21,6,2,28.6,33.3
"2290",2290,"Uruguay","Women","1970-1979",NA,590,78,23,13.2,29.5
"2291",2291,"Uruguay","Women","1980-1989",NA,29,5,5,17.2,100
"2292",2292,"Zambia","Men","1960-1969","High",96,2,NA,2.1,NA
"2293",2293,"Zambia","Men","1960-1969","Low",83,2,NA,2.4,NA
"2294",2294,"Zambia","Men","1970-1979","High",1392,32,14,2.3,43.8
"2295",2295,"Zambia","Men","1970-1979","Low",994,13,2,1.3,15.4
"2296",2296,"Zambia","Men","1980-1989","High",615,15,7,2.4,46.7
"2297",2297,"Zambia","Men","1980-1989","Low",674,8,2,1.2,25
"2298",2298,"Zambia","Women","1950-1959","High",42,NA,NA,NA,NA
"2299",2299,"Zambia","Women","1950-1959","Low",25,1,NA,4,NA
"2300",2300,"Zambia","Women","1960-1969","High",424,5,4,1.2,80
"2301",2301,"Zambia","Women","1960-1969","Low",695,16,12,2.3,75
"2302",2302,"Zambia","Women","1970-1979","High",827,24,15,2.9,62.5
"2303",2303,"Zambia","Women","1970-1979","Low",1245,44,27,3.5,61.4
"2304",2304,"Zambia","Women","1980-1989","High",446,43,31,9.6,72.1
"2305",2305,"Zambia","Women","1980-1989","Low",595,29,16,4.9,55.2
"2306",2306,"Zimbabwe","Men","1960-1969","High",267,9,4,3.4,44.4
"2307",2307,"Zimbabwe","Men","1960-1969","Low",204,10,5,4.9,50
"2308",2308,"Zimbabwe","Men","1970-1979","High",1056,49,21,4.6,42.9
"2309",2309,"Zimbabwe","Men","1970-1979","Low",1024,25,8,2.4,32
"2310",2310,"Zimbabwe","Men","1980-1989","High",139,5,4,3.6,80
"2311",2311,"Zimbabwe","Men","1980-1989","Low",80,2,1,2.5,50
"2312",2312,"Zimbabwe","Women","1960-1969","High",438,17,7,3.9,41.2
"2313",2313,"Zimbabwe","Women","1960-1969","Low",376,8,1,2.1,12.5
"2314",2314,"Zimbabwe","Women","1970-1979","High",1036,50,19,4.8,38
"2315",2315,"Zimbabwe","Women","1970-1979","Low",654,44,16,6.7,36.4
"2316",2316,"Zimbabwe","Women","1980-1989","High",117,11,10,9.4,90.9
"2317",2317,"Zimbabwe","Women","1980-1989","Low",64,8,4,12.5,50
"2318",2318,"Albania","Men","1950-1959","All",861,0,0,0,NA
"2319",2319,"Albania","Men","1960-1969","All",4052,34,22,0.8,64.7
"2320",2320,"Albania","Men","1970-1979","All",3244,214,105,6.6,49.1
"2321",2321,"Albania","Men","1980-1989","All",801,73,53,9.1,72.6
"2322",2322,"Albania","Women","1950-1959","All",329,16,3,4.9,18.8
"2323",2323,"Albania","Women","1960-1969","All",1600,119,31,7.4,26.1
"2324",2324,"Albania","Women","1970-1979","All",1200,147,62,12.2,42.2
"2325",2325,"Albania","Women","1980-1989","All",316,89,59,28.2,66.3
"2326",2326,"Angola","Men","1960-1969","All",642,24,8,3.7,33.3
"2327",2327,"Angola","Men","1970-1979","All",2617,81,26,3.1,32.1
"2328",2328,"Angola","Men","1980-1989","All",362,8,6,2.2,75
"2329",2329,"Angola","Women","1960-1969","All",611,24,7,3.9,29.2
"2330",2330,"Angola","Women","1970-1979","All",959,33,14,3.4,42.4
"2331",2331,"Angola","Women","1980-1989","All",140,10,8,7.1,80
"2332",2332,"Armenia","Men","1960-1969","All",528,33,23,6.2,69.7
"2333",2333,"Armenia","Men","1970-1979","All",1623,130,84,8,64.6
"2334",2334,"Armenia","Men","1980-1989","All",219,23,20,10.5,87
"2335",2335,"Armenia","Women","1960-1969","All",239,12,9,5,75
"2336",2336,"Armenia","Women","1970-1979","All",727,80,56,11,70
"2337",2337,"Armenia","Women","1980-1989","All",82,15,12,18.3,80
"2338",2338,"Austria","Men","1910-1919","All",6,0,0,0,NA
"2339",2339,"Austria","Men","1920-1929","All",46,4,1,8.7,25
"2340",2340,"Austria","Men","1930-1939","All",135,17,5,12.6,29.4
"2341",2341,"Austria","Men","1940-1949","All",296,53,6,17.9,11.3
"2342",2342,"Austria","Men","1950-1959","All",393,69,13,17.6,18.8
"2343",2343,"Austria","Men","1960-1969","All",1059,272,80,25.7,29.4
"2344",2344,"Austria","Men","1970-1979","All",518,183,50,35.3,27.3
"2345",2345,"Austria","Men","1980-1989","All",83,39,12,47,30.8
"2346",2346,"Austria","Women","1910-1919","All",2,2,0,100,0
"2347",2347,"Austria","Women","1920-1929","All",54,14,3,25.9,21.4
"2348",2348,"Austria","Women","1930-1939","All",176,18,4,10.2,22.2
"2349",2349,"Austria","Women","1940-1949","All",364,43,9,11.8,20.9
"2350",2350,"Austria","Women","1950-1959","All",410,59,17,14.4,28.8
"2351",2351,"Austria","Women","1960-1969","All",1500,239,52,15.9,21.8
"2352",2352,"Austria","Women","1970-1979","All",748,158,36,21.1,22.8
"2353",2353,"Austria","Women","1980-1989","All",71,16,4,22.5,25
"2354",2354,"Azerbaijan","Men","1950-1959","All",593,61,35,10.3,57.4
"2355",2355,"Azerbaijan","Men","1960-1969","All",2466,281,186,11.4,66.2
"2356",2356,"Azerbaijan","Men","1970-1979","All",436,85,63,19.5,74.1
"2357",2357,"Azerbaijan","Women","1940-1949","All",53,1,1,1.9,100
"2358",2358,"Azerbaijan","Women","1950-1959","All",441,17,4,3.9,23.5
"2359",2359,"Azerbaijan","Women","1960-1969","All",623,22,8,3.5,36.4
"2360",2360,"Azerbaijan","Women","1970-1979","All",120,15,8,12.5,53.3
"2361",2361,"Belarus","Men","1930-1939","All",45,5,3,11.1,60
"2362",2362,"Belarus","Men","1940-1949","All",289,20,10,6.9,50
"2363",2363,"Belarus","Men","1950-1959","All",660,57,28,8.6,49.1
"2364",2364,"Belarus","Men","1960-1969","All",721,95,42,13.2,44.2
"2365",2365,"Belarus","Men","1970-1979","All",816,132,63,16.2,47.7
"2366",2366,"Belarus","Men","1980-1989","All",248,58,26,23.4,44.8
"2367",2367,"Belarus","Women","1920-1929","All",1,0,0,0,NA
"2368",2368,"Belarus","Women","1930-1939","All",125,18,10,14.4,55.6
"2369",2369,"Belarus","Women","1940-1949","All",548,66,42,12,63.6
"2370",2370,"Belarus","Women","1950-1959","All",1003,84,47,8.4,56
"2371",2371,"Belarus","Women","1960-1969","All",943,95,60,10.1,63.2
"2372",2372,"Belarus","Women","1970-1979","All",1040,95,44,9.1,46.3
"2373",2373,"Belarus","Women","1980-1989","All",271,29,11,10.7,37.9
"2374",2374,"Belgium","Men","1910-1919","All",5,1,0,20,0
"2375",2375,"Belgium","Men","1920-1929","All",79,15,4,19,26.7
"2376",2376,"Belgium","Men","1930-1939","All",464,104,16,22.4,15.4
"2377",2377,"Belgium","Men","1940-1949","All",705,185,43,26.2,23.2
"2378",2378,"Belgium","Men","1950-1959","All",940,185,57,19.7,30.8
"2379",2379,"Belgium","Men","1960-1969","All",1020,206,67,20.2,32.5
"2380",2380,"Belgium","Men","1970-1979","All",447,102,33,22.8,32.4
"2381",2381,"Belgium","Men","1980-1989","All",53,16,6,30.2,37.5
"2382",2382,"Belgium","Women","1910-1919","All",7,1,1,14.3,100
"2383",2383,"Belgium","Women","1920-1929","All",99,17,4,17.2,23.5
"2384",2384,"Belgium","Women","1930-1939","All",504,120,44,23.8,36.7
"2385",2385,"Belgium","Women","1940-1949","All",700,149,29,21.3,19.5
"2386",2386,"Belgium","Women","1950-1959","All",992,154,26,15.5,16.9
"2387",2387,"Belgium","Women","1960-1969","All",1133,149,37,13.2,24.8
"2388",2388,"Belgium","Women","1970-1979","All",467,70,19,15,27.1
"2389",2389,"Belgium","Women","1980-1989","All",64,8,3,12.5,37.5
"2390",2390,"Benin","Men","1960-1969","All",398,7,3,1.8,42.9
"2391",2391,"Benin","Men","1970-1979","All",2752,42,9,1.5,21.4
"2392",2392,"Benin","Men","1980-1989","All",1361,27,3,2,11.1
"2393",2393,"Benin","Women","1950-1959","All",283,3,2,1.1,66.7
"2394",2394,"Benin","Women","1960-1969","All",733,14,6,1.9,42.9
"2395",2395,"Benin","Women","1970-1979","All",1264,32,12,2.5,37.5
"2396",2396,"Benin","Women","1980-1989","All",596,34,17,5.7,50
"2397",2397,"Bolivia","Men","1950-1959","All",511,25,11,4.9,44
"2398",2398,"Bolivia","Men","1960-1969","All",3600,138,81,3.8,58.7
"2399",2399,"Bolivia","Men","1970-1979","All",1418,82,53,5.8,64.6
"2400",2400,"Bolivia","Women","1940-1949","All",362,17,7,4.7,41.2
"2401",2401,"Bolivia","Women","1950-1959","All",809,37,20,4.6,54.1
"2402",2402,"Bolivia","Women","1960-1969","All",1132,75,52,6.6,69.3
"2403",2403,"Bolivia","Women","1970-1979","All",434,33,21,7.6,63.6
"2404",2404,"Brazil","Men","1940-1949","All",817,68,37,8.3,54.4
"2405",2405,"Brazil","Men","1950-1959","All",2973,255,160,8.6,62.7
"2406",2406,"Brazil","Men","1960-1969","All",468,40,26,8.5,65
"2407",2407,"Brazil","Women","1930-1939","All",102,5,1,4.9,20
"2408",2408,"Brazil","Women","1940-1949","All",396,24,10,6.1,41.7
"2409",2409,"Brazil","Women","1950-1959","All",557,42,21,7.5,50
"2410",2410,"Brazil","Women","1960-1969","All",75,13,7,17.3,53.8
"2411",2411,"Bulgaria","Men","1910-1919","All",1,0,0,0,NA
"2412",2412,"Bulgaria","Men","1920-1929","All",260,25,8,9.6,32
"2413",2413,"Bulgaria","Men","1930-1939","All",768,41,19,5.3,46.3
"2414",2414,"Bulgaria","Men","1940-1949","All",1050,82,39,7.8,47.6
"2415",2415,"Bulgaria","Men","1950-1959","All",1104,117,71,10.6,60.7
"2416",2416,"Bulgaria","Men","1960-1969","All",1470,255,171,17.3,67.1
"2417",2417,"Bulgaria","Men","1970-1979","All",177,55,39,31.1,70.9
"2418",2418,"Bulgaria","Men","1980-1989","All",45,24,19,53.3,79.2
"2419",2419,"Bulgaria","Women","1910-1919","All",2,0,0,0,NA
"2420",2420,"Bulgaria","Women","1920-1929","All",182,16,5,8.8,31.2
"2421",2421,"Bulgaria","Women","1930-1939","All",863,59,15,6.8,25.4
"2422",2422,"Bulgaria","Women","1940-1949","All",1204,62,21,5.1,33.9
"2423",2423,"Bulgaria","Women","1950-1959","All",1250,76,41,6.1,53.9
"2424",2424,"Bulgaria","Women","1960-1969","All",2033,162,98,8,60.5
"2425",2425,"Bulgaria","Women","1970-1979","All",215,19,10,8.8,52.6
"2426",2426,"Bulgaria","Women","1980-1989","All",35,9,5,25.7,55.6
"2427",2427,"Burkina Faso","Men","1960-1969","All",2527,21,4,0.8,19
"2428",2428,"Burkina Faso","Men","1970-1979","All",2443,24,4,1,16.7
"2429",2429,"Burkina Faso","Women","1950-1959","All",691,5,0,0.7,0
"2430",2430,"Burkina Faso","Women","1960-1969","All",1262,16,4,1.3,25
"2431",2431,"Burkina Faso","Women","1970-1979","All",980,55,28,5.6,50.9
"2432",2432,"Burundi","Men","1960-1969","All",651,19,12,2.9,63.2
"2433",2433,"Burundi","Men","1970-1979","All",3106,124,71,4,57.3
"2434",2434,"Burundi","Men","1980-1989","All",928,51,38,5.5,74.5
"2435",2435,"Burundi","Women","1950-1959","All",211,5,4,2.4,80
"2436",2436,"Burundi","Women","1960-1969","All",924,20,14,2.2,70
"2437",2437,"Burundi","Women","1970-1979","All",1216,37,18,3,48.6
"2438",2438,"Burundi","Women","1980-1989","All",352,14,10,4,71.4
"2439",2439,"Cambodia","Men","1960-1969","All",1975,128,84,6.5,65.6
"2440",2440,"Cambodia","Men","1970-1979","All",3697,301,193,8.1,64.1
"2441",2441,"Cambodia","Women","1960-1969","All",570,16,1,2.8,6.2
"2442",2442,"Cambodia","Women","1970-1979","All",1109,57,20,5.1,35.1
"2443",2443,"Cameroon","Men","1950-1959","All",368,13,0,3.5,0
"2444",2444,"Cameroon","Men","1960-1969","All",961,29,6,3,20.7
"2445",2445,"Cameroon","Men","1970-1979","All",2093,75,11,3.6,14.7
"2446",2446,"Cameroon","Men","1980-1989","All",1214,62,34,5.1,54.8
"2447",2447,"Cameroon","Women","1950-1959","All",294,7,0,2.4,0
"2448",2448,"Cameroon","Women","1960-1969","All",710,18,6,2.5,33.3
"2449",2449,"Cameroon","Women","1970-1979","All",1019,53,34,5.2,64.2
"2450",2450,"Cameroon","Women","1980-1989","All",549,55,36,10,65.5
"2451",2451,"Canada","Men","1920-1929","All",78,16,4,20.5,25
"2452",2452,"Canada","Men","1930-1939","All",809,127,37,15.7,29.1
"2453",2453,"Canada","Men","1940-1949","All",1880,383,71,20.4,18.5
"2454",2454,"Canada","Men","1950-1959","All",2578,659,167,25.6,25.3
"2455",2455,"Canada","Men","1960-1969","All",2694,802,256,29.8,31.9
"2456",2456,"Canada","Men","1970-1979","All",1018,296,93,29.1,31.4
"2457",2457,"Canada","Women","1920-1929","All",97,16,9,16.5,56.2
"2458",2458,"Canada","Women","1930-1939","All",952,145,59,15.2,40.7
"2459",2459,"Canada","Women","1940-1949","All",2217,399,118,18,29.6
"2460",2460,"Canada","Women","1950-1959","All",3194,771,204,24.1,26.5
"2461",2461,"Canada","Women","1960-1969","All",3390,881,249,26,28.3
"2462",2462,"Canada","Women","1970-1979","All",1289,317,112,24.6,35.3
"2463",2463,"Central African Republic","Men","1940-1949","All",428,36,2,8.4,5.6
"2464",2464,"Central African Republic","Men","1950-1959","All",1153,92,13,8,14.1
"2465",2465,"Central African Republic","Men","1960-1969","All",7,0,0,0,NA
"2466",2466,"Central African Republic","Women","1930-1939","All",93,9,0,9.7,0
"2467",2467,"Central African Republic","Women","1940-1949","All",197,13,1,6.6,7.7
"2468",2468,"Central African Republic","Women","1950-1959","All",311,36,15,11.6,41.7
"2469",2469,"Central African Republic","Women","1960-1969","All",4,1,0,25,0
"2470",2470,"Chad","Men","1960-1969","All",1261,13,2,1,15.4
"2471",2471,"Chad","Men","1970-1979","All",3581,39,11,1.1,28.2
"2472",2472,"Chad","Men","1980-1989","All",164,1,0,0.6,0
"2473",2473,"Chad","Women","1950-1959","All",219,2,0,0.9,0
"2474",2474,"Chad","Women","1960-1969","All",685,10,3,1.5,30
"2475",2475,"Chad","Women","1970-1979","All",1053,26,13,2.5,50
"2476",2476,"Chad","Women","1980-1989","All",77,2,1,2.6,50
"2477",2477,"Colombia","Men","1960-1969","All",3763,196,95,5.2,48.5
"2478",2478,"Colombia","Men","1970-1979","All",8804,505,266,5.7,52.7
"2479",2479,"Colombia","Men","1980-1989","All",676,50,31,7.4,62
"2480",2480,"Colombia","Women","1950-1959","All",2124,203,104,9.6,51.2
"2481",2481,"Colombia","Women","1960-1969","All",6144,705,348,11.5,49.4
"2482",2482,"Colombia","Women","1970-1979","All",6259,968,515,15.5,53.2
"2483",2483,"Colombia","Women","1980-1989","All",468,82,47,17.5,57.3
"2484",2484,"Comoros","Men","1960-1969","All",433,26,0,6,0
"2485",2485,"Comoros","Men","1970-1979","All",954,108,33,11.3,30.6
"2486",2486,"Comoros","Women","1950-1959","All",100,6,0,6,0
"2487",2487,"Comoros","Women","1960-1969","All",280,15,4,5.4,26.7
"2488",2488,"Comoros","Women","1970-1979","All",401,56,26,14,46.4
"2489",2489,"Congo","Men","1960-1969","All",1468,30,4,2,13.3
"2490",2490,"Congo","Men","1970-1979","All",1900,46,10,2.4,21.7
"2491",2491,"Congo","Women","1950-1959","All",366,6,3,1.6,50
"2492",2492,"Congo","Women","1960-1969","All",903,32,18,3.5,56.2
"2493",2493,"Congo","Women","1970-1979","All",915,44,24,4.8,54.5
"2494",2494,"Croatia","Men","1930-1939","All",32,3,1,9.4,33.3
"2495",2495,"Croatia","Men","1940-1949","All",75,5,3,6.7,60
"2496",2496,"Croatia","Men","1950-1959","All",163,23,10,14.1,43.5
"2497",2497,"Croatia","Men","1960-1969","All",130,36,17,27.7,47.2
"2498",2498,"Croatia","Men","1970-1979","All",108,31,14,28.7,45.2
"2499",2499,"Croatia","Men","1980-1989","All",56,24,11,42.9,45.8
"2500",2500,"Croatia","Women","1920-1929","All",7,2,1,28.6,50
"2501",2501,"Croatia","Women","1930-1939","All",45,8,4,17.8,50
"2502",2502,"Croatia","Women","1940-1949","All",135,10,4,7.4,40
"2503",2503,"Croatia","Women","1950-1959","All",198,21,6,10.6,28.6
"2504",2504,"Croatia","Women","1960-1969","All",197,27,11,13.7,40.7
"2505",2505,"Croatia","Women","1970-1979","All",170,22,10,12.9,45.5
"2506",2506,"Croatia","Women","1980-1989","All",80,11,6,13.8,54.5
"2507",2507,"Cyprus","Men","1920-1929","All",31,2,1,6.5,50
"2508",2508,"Cyprus","Men","1930-1939","All",95,4,1,4.2,25
"2509",2509,"Cyprus","Men","1940-1949","All",132,5,2,3.8,40
"2510",2510,"Cyprus","Men","1950-1959","All",129,10,4,7.8,40
"2511",2511,"Cyprus","Men","1960-1969","All",128,14,3,10.9,21.4
"2512",2512,"Cyprus","Men","1970-1979","All",71,14,4,19.7,28.6
"2513",2513,"Cyprus","Men","1980-1989","All",26,10,5,38.5,50
"2514",2514,"Cyprus","Women","1920-1929","All",26,1,1,3.8,100
"2515",2515,"Cyprus","Women","1930-1939","All",77,3,1,3.9,33.3
"2516",2516,"Cyprus","Women","1940-1949","All",149,21,7,14.1,33.3
"2517",2517,"Cyprus","Women","1950-1959","All",189,16,10,8.5,62.5
"2518",2518,"Cyprus","Women","1960-1969","All",184,18,9,9.8,50
"2519",2519,"Cyprus","Women","1970-1979","All",76,12,4,15.8,33.3
"2520",2520,"Cyprus","Women","1980-1989","All",24,6,4,25,66.7
"2521",2521,"Czechia","Men","1920-1929","All",166,36,12,21.7,33.3
"2522",2522,"Czechia","Men","1930-1939","All",549,102,46,18.6,45.1
"2523",2523,"Czechia","Men","1940-1949","All",832,155,76,18.6,49
"2524",2524,"Czechia","Men","1950-1959","All",967,220,125,22.8,56.8
"2525",2525,"Czechia","Men","1960-1969","All",1012,247,142,24.4,57.5
"2526",2526,"Czechia","Men","1970-1979","All",234,53,23,22.6,43.4
"2527",2527,"Czechia","Men","1980-1989","All",86,41,16,47.7,39
"2528",2528,"Czechia","Women","1920-1929","All",259,56,24,21.6,42.9
"2529",2529,"Czechia","Women","1930-1939","All",654,98,42,15,42.9
"2530",2530,"Czechia","Women","1940-1949","All",1005,116,43,11.5,37.1
"2531",2531,"Czechia","Women","1950-1959","All",1114,113,38,10.1,33.6
"2532",2532,"Czechia","Women","1960-1969","All",1110,126,51,11.4,40.5
"2533",2533,"Czechia","Women","1970-1979","All",260,31,11,11.9,35.5
"2534",2534,"Czechia","Women","1980-1989","All",98,20,7,20.4,35
"2535",2535,"Democratic Republic of the Congo","Men","1960-1969","All",1593,43,8,2.7,18.6
"2536",2536,"Democratic Republic of the Congo","Men","1970-1979","All",3516,112,32,3.2,28.6
"2537",2537,"Democratic Republic of the Congo","Women","1950-1959","All",517,9,3,1.7,33.3
"2538",2538,"Democratic Republic of the Congo","Women","1960-1969","All",1278,32,10,2.5,31.2
"2539",2539,"Democratic Republic of the Congo","Women","1970-1979","All",1477,48,20,3.2,41.7
"2540",2540,"Denmark","Men","1910-1919","All",4,0,0,0,NA
"2541",2541,"Denmark","Men","1920-1929","All",38,6,0,15.8,0
"2542",2542,"Denmark","Men","1930-1939","All",121,8,1,6.6,12.5
"2543",2543,"Denmark","Men","1940-1949","All",252,31,7,12.3,22.6
"2544",2544,"Denmark","Men","1950-1959","All",282,48,8,17,16.7
"2545",2545,"Denmark","Men","1960-1969","All",284,56,11,19.7,19.6
"2546",2546,"Denmark","Men","1970-1979","All",145,29,6,20,20.7
"2547",2547,"Denmark","Men","1980-1989","All",37,8,1,21.6,12.5
"2548",2548,"Denmark","Women","1910-1919","All",7,0,0,0,NA
"2549",2549,"Denmark","Women","1920-1929","All",59,9,0,15.3,0
"2550",2550,"Denmark","Women","1930-1939","All",103,11,0,10.7,0
"2551",2551,"Denmark","Women","1940-1949","All",268,26,1,9.7,3.8
"2552",2552,"Denmark","Women","1950-1959","All",250,40,2,16,5
"2553",2553,"Denmark","Women","1960-1969","All",239,36,4,15.1,11.1
"2554",2554,"Denmark","Women","1970-1979","All",157,22,4,14,18.2
"2555",2555,"Denmark","Women","1980-1989","All",38,6,1,15.8,16.7
"2556",2556,"Dominican Republic","Men","1950-1959","All",3245,139,32,4.3,23
"2557",2557,"Dominican Republic","Men","1960-1969","All",4476,185,71,4.1,38.4
"2558",2558,"Dominican Republic","Women","1940-1949","All",250,18,9,7.2,50
"2559",2559,"Dominican Republic","Women","1950-1959","All",431,30,8,7,26.7
"2560",2560,"Dominican Republic","Women","1960-1969","All",456,62,23,13.6,37.1
"2561",2561,"Estonia","Men","1920-1929","All",149,18,2,12.1,11.1
"2562",2562,"Estonia","Men","1930-1939","All",510,50,10,9.8,20
"2563",2563,"Estonia","Men","1940-1949","All",636,60,17,9.4,28.3
"2564",2564,"Estonia","Men","1950-1959","All",761,80,26,10.5,32.5
"2565",2565,"Estonia","Men","1960-1969","All",743,112,43,15.1,38.4
"2566",2566,"Estonia","Men","1970-1979","All",194,41,16,21.1,39
"2567",2567,"Estonia","Men","1980-1989","All",57,17,4,29.8,23.5
"2568",2568,"Estonia","Women","1905-1909","All",1,0,0,0,NA
"2569",2569,"Estonia","Women","1910-1919","All",7,1,1,14.3,100
"2570",2570,"Estonia","Women","1920-1929","All",423,62,17,14.7,27.4
"2571",2571,"Estonia","Women","1930-1939","All",1034,105,31,10.2,29.5
"2572",2572,"Estonia","Women","1940-1949","All",1071,83,28,7.7,33.7
"2573",2573,"Estonia","Women","1950-1959","All",1276,78,23,6.1,29.5
"2574",2574,"Estonia","Women","1960-1969","All",1167,88,36,7.5,40.9
"2575",2575,"Estonia","Women","1970-1979","All",219,22,6,10,27.3
"2576",2576,"Estonia","Women","1980-1989","All",64,10,3,15.6,30
"2577",2577,"Ethiopia","Men","1960-1969","All",494,17,6,3.4,35.3
"2578",2578,"Ethiopia","Men","1970-1979","All",2775,137,69,4.9,50.4
"2579",2579,"Ethiopia","Men","1980-1989","All",927,57,30,6.1,52.6
"2580",2580,"Ethiopia","Women","1950-1959","All",217,6,2,2.8,33.3
"2581",2581,"Ethiopia","Women","1960-1969","All",1316,42,17,3.2,40.5
"2582",2582,"Ethiopia","Women","1970-1979","All",2412,167,93,6.9,55.7
"2583",2583,"Ethiopia","Women","1980-1989","All",626,73,40,11.7,54.8
"2584",2584,"Finland","Men","1910-1919","All",8,1,0,12.5,0
"2585",2585,"Finland","Men","1920-1929","All",47,2,2,4.3,100
"2586",2586,"Finland","Men","1930-1939","All",144,14,4,9.7,28.6
"2587",2587,"Finland","Men","1940-1949","All",276,30,9,10.9,30
"2588",2588,"Finland","Men","1950-1959","All",323,55,20,17,36.4
"2589",2589,"Finland","Men","1960-1969","All",289,63,19,21.8,30.2
"2590",2590,"Finland","Men","1970-1979","All",151,39,11,25.8,28.2
"2591",2591,"Finland","Men","1980-1989","All",53,16,1,30.2,6.2
"2592",2592,"Finland","Women","1905-1909","All",1,0,0,0,NA
"2593",2593,"Finland","Women","1910-1919","All",17,2,0,11.8,0
"2594",2594,"Finland","Women","1920-1929","All",77,14,8,18.2,57.1
"2595",2595,"Finland","Women","1930-1939","All",197,22,10,11.2,45.5
"2596",2596,"Finland","Women","1940-1949","All",299,36,11,12,30.6
"2597",2597,"Finland","Women","1950-1959","All",316,49,9,15.5,18.4
"2598",2598,"Finland","Women","1960-1969","All",292,46,10,15.8,21.7
"2599",2599,"Finland","Women","1970-1979","All",148,25,6,16.9,24
"2600",2600,"Finland","Women","1980-1989","All",64,12,3,18.8,25
"2601",2601,"France","Men","1910-1919","All",7,1,1,14.3,100
"2602",2602,"France","Men","1920-1929","All",229,43,15,18.8,34.9
"2603",2603,"France","Men","1930-1939","All",686,90,43,13.1,47.8
"2604",2604,"France","Men","1940-1949","All",1019,149,59,14.6,39.6
"2605",2605,"France","Men","1950-1959","All",1132,192,60,17,31.2
"2606",2606,"France","Men","1960-1969","All",1205,255,91,21.2,35.7
"2607",2607,"France","Men","1970-1979","All",283,68,20,24,29.4
"2608",2608,"France","Men","1980-1989","All",68,21,3,30.9,14.3
"2609",2609,"France","Women","1910-1919","All",8,0,0,0,NA
"2610",2610,"France","Women","1920-1929","All",320,58,20,18.1,34.5
"2611",2611,"France","Women","1930-1939","All",902,116,47,12.9,40.5
"2612",2612,"France","Women","1940-1949","All",1186,159,54,13.4,34
"2613",2613,"France","Women","1950-1959","All",1456,191,67,13.1,35.1
"2614",2614,"France","Women","1960-1969","All",1462,225,74,15.4,32.9
"2615",2615,"France","Women","1970-1979","All",312,50,12,16,24
"2616",2616,"France","Women","1980-1989","All",76,13,0,17.1,0
"2617",2617,"Gabon","Men","1960-1969","All",1232,55,7,4.5,12.7
"2618",2618,"Gabon","Men","1970-1979","All",1386,62,16,4.5,25.8
"2619",2619,"Gabon","Women","1950-1959","All",445,12,5,2.7,41.7
"2620",2620,"Gabon","Women","1960-1969","All",1017,45,11,4.4,24.4
"2621",2621,"Gabon","Women","1970-1979","All",922,90,42,9.8,46.7
"2622",2622,"Gambia","Men","1970-1979","All",1733,43,3,2.5,7
"2623",2623,"Gambia","Men","1980-1989","All",1543,59,15,3.8,25.4
"2624",2624,"Gambia","Women","1960-1969","All",417,12,5,2.9,41.7
"2625",2625,"Gambia","Women","1970-1979","All",725,39,25,5.4,64.1
"2626",2626,"Gambia","Women","1980-1989","All",524,71,47,13.5,66.2
"2627",2627,"Georgia","Men","1920-1929","All",73,2,0,2.7,0
"2628",2628,"Georgia","Men","1930-1939","All",320,17,7,5.3,41.2
"2629",2629,"Georgia","Men","1940-1949","All",407,20,7,4.9,35
"2630",2630,"Georgia","Men","1950-1959","All",754,56,39,7.4,69.6
"2631",2631,"Georgia","Men","1960-1969","All",883,122,89,13.8,73
"2632",2632,"Georgia","Men","1970-1979","All",107,37,26,34.6,70.3
"2633",2633,"Georgia","Women","1920-1929","All",115,24,15,20.9,62.5
"2634",2634,"Georgia","Women","1930-1939","All",449,61,35,13.6,57.4
"2635",2635,"Georgia","Women","1940-1949","All",590,74,50,12.5,67.6
"2636",2636,"Georgia","Women","1950-1959","All",936,93,66,9.9,71
"2637",2637,"Georgia","Women","1960-1969","All",1092,150,116,13.7,77.3
"2638",2638,"Georgia","Women","1970-1979","All",158,23,15,14.6,65.2
"2639",2639,"Germany","Men","1910-1919","All",7,1,0,14.3,0
"2640",2640,"Germany","Men","1920-1929","All",250,44,13,17.6,29.5
"2641",2641,"Germany","Men","1930-1939","All",899,179,45,19.9,25.1
"2642",2642,"Germany","Men","1940-1949","All",1148,256,58,22.3,22.7
"2643",2643,"Germany","Men","1950-1959","All",1288,301,96,23.4,31.9
"2644",2644,"Germany","Men","1960-1969","All",1459,449,186,30.8,41.4
"2645",2645,"Germany","Men","1970-1979","All",249,86,28,34.5,32.6
"2646",2646,"Germany","Men","1980-1989","All",63,30,3,47.6,10
"2647",2647,"Germany","Women","1910-1919","All",21,3,1,14.3,33.3
"2648",2648,"Germany","Women","1920-1929","All",352,93,55,26.4,59.1
"2649",2649,"Germany","Women","1930-1939","All",858,166,69,19.3,41.6
"2650",2650,"Germany","Women","1940-1949","All",1093,189,33,17.3,17.5
"2651",2651,"Germany","Women","1950-1959","All",1498,226,57,15.1,25.2
"2652",2652,"Germany","Women","1960-1969","All",1783,273,84,15.3,30.8
"2653",2653,"Germany","Women","1970-1979","All",267,51,10,19.1,19.6
"2654",2654,"Germany","Women","1980-1989","All",65,14,2,21.5,14.3
"2655",2655,"Ghana","Men","1960-1969","All",882,16,2,1.8,12.5
"2656",2656,"Ghana","Men","1970-1979","All",2280,80,22,3.5,27.5
"2657",2657,"Ghana","Women","1950-1959","All",235,4,1,1.7,25
"2658",2658,"Ghana","Women","1960-1969","All",668,21,16,3.1,76.2
"2659",2659,"Ghana","Women","1970-1979","All",902,63,34,7,54
"2660",2660,"Guatemala","Men","1960-1969","All",2064,102,71,4.9,69.6
"2661",2661,"Guatemala","Men","1970-1979","All",5560,369,280,6.6,75.9
"2662",2662,"Guatemala","Men","1980-1989","All",115,16,11,13.9,68.8
"2663",2663,"Guatemala","Women","1950-1959","All",589,24,13,4.1,54.2
"2664",2664,"Guatemala","Women","1960-1969","All",1487,78,47,5.2,60.3
"2665",2665,"Guatemala","Women","1970-1979","All",1973,193,128,9.8,66.3
"2666",2666,"Guatemala","Women","1980-1989","All",46,5,4,10.9,80
"2667",2667,"Guinea","Men","1960-1969","All",177,9,2,5.1,22.2
"2668",2668,"Guinea","Men","1970-1979","All",1996,84,9,4.2,10.7
"2669",2669,"Guinea","Men","1980-1989","All",1080,54,9,5,16.7
"2670",2670,"Guinea","Women","1950-1959","All",39,0,0,0,NA
"2671",2671,"Guinea","Women","1960-1969","All",553,11,5,2,45.5
"2672",2672,"Guinea","Women","1970-1979","All",782,32,14,4.1,43.8
"2673",2673,"Guinea","Women","1980-1989","All",365,45,24,12.3,53.3
"2674",2674,"Guyana","Men","1950-1959","All",53,3,3,5.7,100
"2675",2675,"Guyana","Men","1960-1969","All",1212,81,39,6.7,48.1
"2676",2676,"Guyana","Men","1970-1979","All",619,43,24,6.9,55.8
"2677",2677,"Guyana","Women","1950-1959","All",48,3,1,6.2,33.3
"2678",2678,"Guyana","Women","1960-1969","All",883,102,48,11.6,47.1
"2679",2679,"Guyana","Women","1970-1979","All",422,62,33,14.7,53.2
"2680",2680,"Haiti","Men","1950-1959","All",516,0,0,0,NA
"2681",2681,"Haiti","Men","1960-1969","All",1288,26,7,2,26.9
"2682",2682,"Haiti","Men","1970-1979","All",2750,157,70,5.7,44.6
"2683",2683,"Haiti","Men","1980-1989","All",758,61,34,8,55.7
"2684",2684,"Haiti","Women","1950-1959","All",1230,28,14,2.3,50
"2685",2685,"Haiti","Women","1960-1969","All",1950,64,34,3.3,53.1
"2686",2686,"Haiti","Women","1970-1979","All",2287,148,96,6.5,64.9
"2687",2687,"Haiti","Women","1980-1989","All",572,73,47,12.8,64.4
"2688",2688,"Honduras","Men","1960-1969","All",3029,128,78,4.2,60.9
"2689",2689,"Honduras","Men","1970-1979","All",3644,164,102,4.5,62.2
"2690",2690,"Honduras","Women","1950-1959","All",712,35,16,4.9,45.7
"2691",2691,"Honduras","Women","1960-1969","All",1175,77,40,6.6,51.9
"2692",2692,"Honduras","Women","1970-1979","All",1182,119,62,10.1,52.1
"2693",2693,"Hungary","Men","1910-1919","All",6,1,0,16.7,0
"2694",2694,"Hungary","Men","1920-1929","All",231,25,3,10.8,12
"2695",2695,"Hungary","Men","1930-1939","All",798,85,16,10.7,18.8
"2696",2696,"Hungary","Men","1940-1949","All",1198,129,26,10.8,20.2
"2697",2697,"Hungary","Men","1950-1959","All",1451,185,84,12.7,45.4
"2698",2698,"Hungary","Men","1960-1969","All",1174,246,118,21,48
"2699",2699,"Hungary","Men","1970-1979","All",166,54,24,32.5,44.4
"2700",2700,"Hungary","Men","1980-1989","All",61,20,12,32.8,60
"2701",2701,"Hungary","Women","1910-1919","All",7,2,0,28.6,0
"2702",2702,"Hungary","Women","1920-1929","All",444,72,17,16.2,23.6
"2703",2703,"Hungary","Women","1930-1939","All",1317,141,33,10.7,23.4
"2704",2704,"Hungary","Women","1940-1949","All",1628,143,34,8.8,23.8
"2705",2705,"Hungary","Women","1950-1959","All",1796,146,40,8.1,27.4
"2706",2706,"Hungary","Women","1960-1969","All",1426,128,47,9,36.7
"2707",2707,"Hungary","Women","1970-1979","All",197,46,19,23.4,41.3
"2708",2708,"Hungary","Women","1980-1989","All",57,17,3,29.8,17.6
"2709",2709,"Iceland","Men","1920-1929","All",2,1,1,50,100
"2710",2710,"Iceland","Men","1930-1939","All",13,2,1,15.4,50
"2711",2711,"Iceland","Men","1940-1949","All",45,3,2,6.7,66.7
"2712",2712,"Iceland","Men","1950-1959","All",78,4,3,5.1,75
"2713",2713,"Iceland","Men","1960-1969","All",86,8,5,9.3,62.5
"2714",2714,"Iceland","Men","1970-1979","All",59,5,1,8.5,20
"2715",2715,"Iceland","Men","1980-1989","All",35,2,0,5.7,0
"2716",2716,"Iceland","Women","1920-1929","All",4,0,0,0,NA
"2717",2717,"Iceland","Women","1930-1939","All",16,0,0,0,NA
"2718",2718,"Iceland","Women","1940-1949","All",52,1,0,1.9,0
"2719",2719,"Iceland","Women","1950-1959","All",73,2,0,2.7,0
"2720",2720,"Iceland","Women","1960-1969","All",76,7,1,9.2,14.3
"2721",2721,"Iceland","Women","1970-1979","All",71,7,2,9.9,28.6
"2722",2722,"Iceland","Women","1980-1989","All",34,1,0,2.9,0
"2723",2723,"India","Men","1960-1969","All",51496,1868,540,3.6,28.9
"2724",2724,"India","Men","1970-1979","All",162994,6790,2370,4.2,34.9
"2725",2725,"India","Men","1980-1989","All",25239,1537,608,6.1,39.6
"2726",2726,"India","Women","1960-1969","All",16157,1050,233,6.5,22.2
"2727",2727,"India","Women","1970-1979","All",25149,2265,816,9,36
"2728",2728,"India","Women","1980-1989","All",4313,515,215,11.9,41.7
"2729",2729,"Indonesia","Men","1960-1969","All",2770,168,66,6.1,39.3
"2730",2730,"Indonesia","Men","1970-1979","All",13879,866,379,6.2,43.8
"2731",2731,"Indonesia","Men","1980-1989","All",4210,278,121,6.6,43.5
"2732",2732,"Indonesia","Women","1960-1969","All",2322,50,0,2.2,0
"2733",2733,"Indonesia","Women","1970-1979","All",3575,137,0,3.8,0
"2734",2734,"Indonesia","Women","1980-1989","All",1043,56,0,5.4,0
"2735",2735,"Ireland","Men","1910-1919","All",4,0,0,0,NA
"2736",2736,"Ireland","Men","1920-1929","All",46,13,9,28.3,69.2
"2737",2737,"Ireland","Men","1930-1939","All",153,36,23,23.5,63.9
"2738",2738,"Ireland","Men","1940-1949","All",258,58,35,22.5,60.3
"2739",2739,"Ireland","Men","1950-1959","All",303,79,57,26.1,72.2
"2740",2740,"Ireland","Men","1960-1969","All",317,109,63,34.4,57.8
"2741",2741,"Ireland","Men","1970-1979","All",186,55,20,29.6,36.4
"2742",2742,"Ireland","Men","1980-1989","All",82,36,14,43.9,38.9
"2743",2743,"Ireland","Women","1905-1909","All",1,1,0,100,0
"2744",2744,"Ireland","Women","1910-1919","All",2,1,0,50,0
"2745",2745,"Ireland","Women","1920-1929","All",46,10,6,21.7,60
"2746",2746,"Ireland","Women","1930-1939","All",124,19,9,15.3,47.4
"2747",2747,"Ireland","Women","1940-1949","All",260,41,28,15.8,68.3
"2748",2748,"Ireland","Women","1950-1959","All",328,64,36,19.5,56.2
"2749",2749,"Ireland","Women","1960-1969","All",382,62,36,16.2,58.1
"2750",2750,"Ireland","Women","1970-1979","All",268,48,9,17.9,18.8
"2751",2751,"Ireland","Women","1980-1989","All",119,25,12,21,48
"2752",2752,"Ireland",NA,"1920-1929","All",1,1,0,100,0
"2753",2753,"Ireland",NA,"1930-1939","All",5,1,1,20,100
"2754",2754,"Ireland",NA,"1940-1949","All",5,0,0,0,NA
"2755",2755,"Ireland",NA,"1950-1959","All",4,1,0,25,0
"2756",2756,"Ireland",NA,"1960-1969","All",2,1,0,50,0
"2757",2757,"Italy","Men","1920-1929","All",4,0,0,0,NA
"2758",2758,"Italy","Men","1930-1939","All",73,4,1,5.5,25
"2759",2759,"Italy","Men","1940-1949","All",148,17,7,11.5,41.2
"2760",2760,"Italy","Men","1950-1959","All",193,30,10,15.5,33.3
"2761",2761,"Italy","Men","1960-1969","All",225,65,24,28.9,36.9
"2762",2762,"Italy","Men","1970-1979","All",215,80,41,37.2,51.2
"2763",2763,"Italy","Men","1980-1989","All",79,44,22,55.7,50
"2764",2764,"Italy","Women","1920-1929","All",18,1,0,5.6,0
"2765",2765,"Italy","Women","1930-1939","All",115,6,2,5.2,33.3
"2766",2766,"Italy","Women","1940-1949","All",180,22,11,12.2,50
"2767",2767,"Italy","Women","1950-1959","All",217,37,11,17.1,29.7
"2768",2768,"Italy","Women","1960-1969","All",266,69,22,25.9,31.9
"2769",2769,"Italy","Women","1970-1979","All",215,58,28,27,48.3
"2770",2770,"Italy","Women","1980-1989","All",81,34,11,42,32.4
"2771",2771,"Ivory Coast","Men","1960-1969","All",1108,32,9,2.9,28.1
"2772",2772,"Ivory Coast","Men","1970-1979","All",1627,60,23,3.7,38.3
"2773",2773,"Ivory Coast","Women","1950-1959","All",334,3,1,0.9,33.3
"2774",2774,"Ivory Coast","Women","1960-1969","All",753,22,9,2.9,40.9
"2775",2775,"Ivory Coast","Women","1970-1979","All",792,51,32,6.4,62.7
"2776",2776,"Kazakhstan","Men","1930-1939","All",35,4,3,11.4,75
"2777",2777,"Kazakhstan","Men","1940-1949","All",291,55,30,18.9,54.5
"2778",2778,"Kazakhstan","Men","1950-1959","All",2017,193,122,9.6,63.2
"2779",2779,"Kazakhstan","Men","1960-1969","All",1731,197,117,11.4,59.4
"2780",2780,"Kazakhstan","Men","1970-1979","All",1213,239,147,19.7,61.5
"2781",2781,"Kazakhstan","Men","1980-1989","All",435,83,54,19.1,65.1
"2782",2782,"Kazakhstan","Women","1920-1929","All",1,1,0,100,0
"2783",2783,"Kazakhstan","Women","1930-1939","All",106,26,19,24.5,73.1
"2784",2784,"Kazakhstan","Women","1940-1949","All",881,157,107,17.8,68.2
"2785",2785,"Kazakhstan","Women","1950-1959","All",1681,247,177,14.7,71.7
"2786",2786,"Kazakhstan","Women","1960-1969","All",1866,288,211,15.4,73.3
"2787",2787,"Kazakhstan","Women","1970-1979","All",1793,281,201,15.7,71.5
"2788",2788,"Kazakhstan","Women","1980-1989","All",671,89,65,13.3,73
"2789",2789,"Kenya","Men","1960-1969","All",2520,45,13,1.8,28.9
"2790",2790,"Kenya","Men","1970-1979","All",6685,147,70,2.2,47.6
"2791",2791,"Kenya","Women","1950-1959","All",43,0,0,0,NA
"2792",2792,"Kenya","Women","1960-1969","All",1725,51,30,3,58.8
"2793",2793,"Kenya","Women","1970-1979","All",2616,145,93,5.5,64.1
"2794",2794,"Kyrgyzstan","Men","1960-1969","All",1309,35,12,2.7,34.3
"2795",2795,"Kyrgyzstan","Men","1970-1979","All",1466,48,16,3.3,33.3
"2796",2796,"Kyrgyzstan","Women","1960-1969","All",387,9,4,2.3,44.4
"2797",2797,"Kyrgyzstan","Women","1970-1979","All",494,24,9,4.9,37.5
"2798",2798,"Latvia","Men","1920-1929","All",1,0,0,0,NA
"2799",2799,"Latvia","Men","1930-1939","All",18,1,0,5.6,0
"2800",2800,"Latvia","Men","1940-1949","All",38,5,1,13.2,20
"2801",2801,"Latvia","Men","1950-1959","All",49,4,2,8.2,50
"2802",2802,"Latvia","Men","1960-1969","All",60,8,1,13.3,12.5
"2803",2803,"Latvia","Men","1970-1979","All",53,14,4,26.4,28.6
"2804",2804,"Latvia","Men","1980-1989","All",17,5,2,29.4,40
"2805",2805,"Latvia","Women","1920-1929","All",7,1,0,14.3,0
"2806",2806,"Latvia","Women","1930-1939","All",58,9,3,15.5,33.3
"2807",2807,"Latvia","Women","1940-1949","All",109,4,1,3.7,25
"2808",2808,"Latvia","Women","1950-1959","All",133,13,2,9.8,15.4
"2809",2809,"Latvia","Women","1960-1969","All",118,9,4,7.6,44.4
"2810",2810,"Latvia","Women","1970-1979","All",86,11,5,12.8,45.5
"2811",2811,"Latvia","Women","1980-1989","All",31,5,1,16.1,20
"2812",2812,"Lesotho","Men","1960-1969","All",504,22,6,4.4,27.3
"2813",2813,"Lesotho","Men","1970-1979","All",1296,55,16,4.2,29.1
"2814",2814,"Lesotho","Women","1950-1959","All",141,9,4,6.4,44.4
"2815",2815,"Lesotho","Women","1960-1969","All",334,32,18,9.6,56.2
"2816",2816,"Lesotho","Women","1970-1979","All",493,86,64,17.4,74.4
"2817",2817,"Liberia","Men","1960-1969","All",10,0,0,0,NA
"2818",2818,"Liberia","Men","1970-1979","All",1569,14,4,0.9,28.6
"2819",2819,"Liberia","Men","1980-1989","All",1108,14,4,1.3,28.6
"2820",2820,"Liberia","Women","1950-1959","All",3,0,0,0,NA
"2821",2821,"Liberia","Women","1960-1969","All",487,5,3,1,60
"2822",2822,"Liberia","Women","1970-1979","All",841,11,6,1.3,54.5
"2823",2823,"Liberia","Women","1980-1989","All",496,5,3,1,60
"2824",2824,"Lithuania","Men","1920-1929","All",84,15,7,17.9,46.7
"2825",2825,"Lithuania","Men","1930-1939","All",556,88,27,15.8,30.7
"2826",2826,"Lithuania","Men","1940-1949","All",675,100,41,14.8,41
"2827",2827,"Lithuania","Men","1950-1959","All",991,150,73,15.1,48.7
"2828",2828,"Lithuania","Men","1960-1969","All",1006,144,79,14.3,54.9
"2829",2829,"Lithuania","Men","1970-1979","All",219,47,28,21.5,59.6
"2830",2830,"Lithuania","Men","1980-1989","All",20,9,2,45,22.2
"2831",2831,"Lithuania","Women","1920-1929","All",81,28,18,34.6,64.3
"2832",2832,"Lithuania","Women","1930-1939","All",649,107,55,16.5,51.4
"2833",2833,"Lithuania","Women","1940-1949","All",962,124,63,12.9,50.8
"2834",2834,"Lithuania","Women","1950-1959","All",1085,142,72,13.1,50.7
"2835",2835,"Lithuania","Women","1960-1969","All",1167,116,61,9.9,52.6
"2836",2836,"Lithuania","Women","1970-1979","All",281,35,23,12.5,65.7
"2837",2837,"Lithuania","Women","1980-1989","All",61,9,2,14.8,22.2
"2838",2838,"Madagascar","Men","1950-1959","All",186,10,1,5.4,10
"2839",2839,"Madagascar","Men","1960-1969","All",3282,168,33,5.1,19.6
"2840",2840,"Madagascar","Men","1970-1979","All",1746,69,18,4,26.1
"2841",2841,"Madagascar","Women","1940-1949","All",42,1,0,2.4,0
"2842",2842,"Madagascar","Women","1950-1959","All",976,32,8,3.3,25
"2843",2843,"Madagascar","Women","1960-1969","All",1468,65,19,4.4,29.2
"2844",2844,"Madagascar","Women","1970-1979","All",787,55,22,7,40
"2845",2845,"Malawi","Men","1960-1969","All",1127,15,0,1.3,0
"2846",2846,"Malawi","Men","1970-1979","All",4604,61,10,1.3,16.4
"2847",2847,"Malawi","Men","1980-1989","All",840,16,7,1.9,43.8
"2848",2848,"Malawi","Women","1960-1969","All",676,12,6,1.8,50
"2849",2849,"Malawi","Women","1970-1979","All",1366,36,19,2.6,52.8
"2850",2850,"Malawi","Women","1980-1989","All",235,3,2,1.3,66.7
"2851",2851,"Maldives","Men","1960-1969","All",361,16,3,4.4,18.8
"2852",2852,"Maldives","Men","1970-1979","All",1766,77,21,4.4,27.3
"2853",2853,"Maldives","Men","1980-1989","All",559,35,7,6.3,20
"2854",2854,"Maldives","Women","1960-1969","All",204,15,5,7.4,33.3
"2855",2855,"Maldives","Women","1970-1979","All",919,89,33,9.7,37.1
"2856",2856,"Maldives","Women","1980-1989","All",240,35,11,14.6,31.4
"2857",2857,"Mali","Men","1960-1969","All",123,3,0,2.4,0
"2858",2858,"Mali","Men","1970-1979","All",1723,50,8,2.9,16
"2859",2859,"Mali","Men","1980-1989","All",995,39,5,3.9,12.8
"2860",2860,"Mali","Women","1950-1959","All",38,1,0,2.6,0
"2861",2861,"Mali","Women","1960-1969","All",629,10,2,1.6,20
"2862",2862,"Mali","Women","1970-1979","All",910,24,7,2.6,29.2
"2863",2863,"Mali","Women","1980-1989","All",427,30,9,7,30
"2864",2864,"Mauritania","Men","1950-1959","All",874,61,17,7,27.9
"2865",2865,"Mauritania","Men","1960-1969","All",1178,102,49,8.7,48
"2866",2866,"Mauritania","Women","1940-1949","All",140,5,1,3.6,20
"2867",2867,"Mauritania","Women","1950-1959","All",334,14,6,4.2,42.9
"2868",2868,"Mauritania","Women","1960-1969","All",329,57,39,17.3,68.4
"2869",2869,"Moldova","Men","1940-1949","All",395,28,12,7.1,42.9
"2870",2870,"Moldova","Men","1950-1959","All",941,80,40,8.5,50
"2871",2871,"Moldova","Men","1960-1969","All",735,83,40,11.3,48.2
"2872",2872,"Moldova","Men","1970-1979","All",568,101,54,17.8,53.5
"2873",2873,"Moldova","Men","1980-1989","All",325,83,41,25.5,49.4
"2874",2874,"Moldova","Women","1940-1949","All",781,88,60,11.3,68.2
"2875",2875,"Moldova","Women","1950-1959","All",1590,132,69,8.3,52.3
"2876",2876,"Moldova","Women","1960-1969","All",1078,75,30,7,40
"2877",2877,"Moldova","Women","1970-1979","All",821,62,21,7.6,33.9
"2878",2878,"Moldova","Women","1980-1989","All",547,44,16,8,36.4
"2879",2879,"Montenegro","Men","1920-1929","All",1,0,0,0,NA
"2880",2880,"Montenegro","Men","1930-1939","All",17,3,2,17.6,66.7
"2881",2881,"Montenegro","Men","1940-1949","All",40,6,2,15,33.3
"2882",2882,"Montenegro","Men","1950-1959","All",117,15,10,12.8,66.7
"2883",2883,"Montenegro","Men","1960-1969","All",115,33,27,28.7,81.8
"2884",2884,"Montenegro","Men","1970-1979","All",111,36,21,32.4,58.3
"2885",2885,"Montenegro","Men","1980-1989","All",49,25,20,51,80
"2886",2886,"Montenegro","Women","1930-1939","All",23,2,2,8.7,100
"2887",2887,"Montenegro","Women","1940-1949","All",57,7,4,12.3,57.1
"2888",2888,"Montenegro","Women","1950-1959","All",95,12,8,12.6,66.7
"2889",2889,"Montenegro","Women","1960-1969","All",113,18,13,15.9,72.2
"2890",2890,"Montenegro","Women","1970-1979","All",96,18,15,18.8,83.3
"2891",2891,"Montenegro","Women","1980-1989","All",47,10,7,21.3,70
"2892",2892,"Mozambique","Men","1960-1969","All",1740,72,9,4.1,12.5
"2893",2893,"Mozambique","Men","1970-1979","All",2157,93,16,4.3,17.2
"2894",2894,"Mozambique","Women","1940-1949","All",80,1,0,1.2,0
"2895",2895,"Mozambique","Women","1950-1959","All",359,9,0,2.5,0
"2896",2896,"Mozambique","Women","1960-1969","All",481,18,5,3.7,27.8
"2897",2897,"Mozambique","Women","1970-1979","All",561,19,8,3.4,42.1
"2898",2898,"Myanmar","Men","1960-1969","All",1185,188,151,15.9,80.3
"2899",2899,"Myanmar","Men","1970-1979","All",3647,636,507,17.4,79.7
"2900",2900,"Myanmar","Men","1980-1989","All",473,113,80,23.9,70.8
"2901",2901,"Myanmar","Women","1960-1969","All",419,31,15,7.4,48.4
"2902",2902,"Myanmar","Women","1970-1979","All",1324,184,107,13.9,58.2
"2903",2903,"Myanmar","Women","1980-1989","All",175,44,24,25.1,54.5
"2904",2904,"Namibia","Men","1940-1949","All",42,0,0,0,NA
"2905",2905,"Namibia","Men","1950-1959","All",512,0,0,0,NA
"2906",2906,"Namibia","Men","1960-1969","All",1281,51,29,4,56.9
"2907",2907,"Namibia","Men","1970-1979","All",1846,98,57,5.3,58.2
"2908",2908,"Namibia","Women","1940-1949","All",29,0,0,0,NA
"2909",2909,"Namibia","Women","1950-1959","All",334,0,0,0,NA
"2910",2910,"Namibia","Women","1960-1969","All",581,43,28,7.4,65.1
"2911",2911,"Namibia","Women","1970-1979","All",754,98,79,13,80.6
"2912",2912,"Nepal","Men","1960-1969","All",712,21,7,2.9,33.3
"2913",2913,"Nepal","Men","1970-1979","All",2839,67,24,2.4,35.8
"2914",2914,"Nepal","Men","1980-1989","All",500,15,5,3,33.3
"2915",2915,"Nepal","Women","1960-1969","All",291,2,0,0.7,0
"2916",2916,"Nepal","Women","1970-1979","All",934,17,4,1.8,23.5
"2917",2917,"Nepal","Women","1980-1989","All",187,12,7,6.4,58.3
"2918",2918,"Netherlands","Men","1910-1919","All",6,0,0,0,NA
"2919",2919,"Netherlands","Men","1920-1929","All",47,9,2,19.1,22.2
"2920",2920,"Netherlands","Men","1930-1939","All",389,39,10,10,25.6
"2921",2921,"Netherlands","Men","1940-1949","All",1915,258,66,13.5,25.6
"2922",2922,"Netherlands","Men","1950-1959","All",2135,410,100,19.2,24.4
"2923",2923,"Netherlands","Men","1960-1969","All",2094,530,164,25.3,30.9
"2924",2924,"Netherlands","Men","1970-1979","All",874,235,66,26.9,28.1
"2925",2925,"Netherlands","Men","1980-1989","All",37,16,3,43.2,18.8
"2926",2926,"Netherlands","Women","1910-1919","All",12,1,1,8.3,100
"2927",2927,"Netherlands","Women","1920-1929","All",78,12,6,15.4,50
"2928",2928,"Netherlands","Women","1930-1939","All",415,59,25,14.2,42.4
"2929",2929,"Netherlands","Women","1940-1949","All",1792,209,56,11.7,26.8
"2930",2930,"Netherlands","Women","1950-1959","All",2310,339,54,14.7,15.9
"2931",2931,"Netherlands","Women","1960-1969","All",2276,375,76,16.5,20.3
"2932",2932,"Netherlands","Women","1970-1979","All",880,168,38,19.1,22.6
"2933",2933,"Netherlands","Women","1980-1989","All",46,6,2,13,33.3
"2934",2934,"Nicaragua","Men","1940-1949","All",294,8,5,2.7,62.5
"2935",2935,"Nicaragua","Men","1950-1959","All",2441,87,52,3.6,59.8
"2936",2936,"Nicaragua","Men","1960-1969","All",1072,47,27,4.4,57.4
"2937",2937,"Nicaragua","Women","1930-1939","All",26,0,0,0,NA
"2938",2938,"Nicaragua","Women","1940-1949","All",284,19,9,6.7,47.4
"2939",2939,"Nicaragua","Women","1950-1959","All",491,19,11,3.9,57.9
"2940",2940,"Nicaragua","Women","1960-1969","All",187,12,6,6.4,50
"2941",2941,"Niger","Men","1960-1969","All",1103,17,3,1.5,17.6
"2942",2942,"Niger","Men","1970-1979","All",2057,54,19,2.6,35.2
"2943",2943,"Niger","Women","1950-1959","All",305,3,1,1,33.3
"2944",2944,"Niger","Women","1960-1969","All",717,10,5,1.4,50
"2945",2945,"Niger","Women","1970-1979","All",782,42,18,5.4,42.9
"2946",2946,"Nigeria","Men","1960-1969","All",803,27,3,3.4,11.1
"2947",2947,"Nigeria","Men","1970-1979","All",7914,286,97,3.6,33.9
"2948",2948,"Nigeria","Men","1980-1989","All",4637,209,101,4.5,48.3
"2949",2949,"Nigeria","Women","1950-1959","All",82,2,1,2.4,50
"2950",2950,"Nigeria","Women","1960-1969","All",1512,29,12,1.9,41.4
"2951",2951,"Nigeria","Women","1970-1979","All",2784,119,61,4.3,51.3
"2952",2952,"Nigeria","Women","1980-1989","All",1545,143,89,9.3,62.2
"2953",2953,"Norway","Men","1910-1919","All",10,2,1,20,50
"2954",2954,"Norway","Men","1920-1929","All",37,4,2,10.8,50
"2955",2955,"Norway","Men","1930-1939","All",183,18,5,9.8,27.8
"2956",2956,"Norway","Men","1940-1949","All",682,69,23,10.1,33.3
"2957",2957,"Norway","Men","1950-1959","All",1402,188,46,13.4,24.5
"2958",2958,"Norway","Men","1960-1969","All",1776,323,102,18.2,31.6
"2959",2959,"Norway","Men","1970-1979","All",597,144,46,24.1,31.9
"2960",2960,"Norway","Men","1980-1989","All",60,19,4,31.7,21.1
"2961",2961,"Norway","Women","1905-1909","All",2,1,1,50,100
"2962",2962,"Norway","Women","1910-1919","All",15,4,3,26.7,75
"2963",2963,"Norway","Women","1920-1929","All",57,3,1,5.3,33.3
"2964",2964,"Norway","Women","1930-1939","All",212,27,7,12.7,25.9
"2965",2965,"Norway","Women","1940-1949","All",568,82,22,14.4,26.8
"2966",2966,"Norway","Women","1950-1959","All",1428,178,30,12.5,16.9
"2967",2967,"Norway","Women","1960-1969","All",1837,223,55,12.1,24.7
"2968",2968,"Norway","Women","1970-1979","All",614,92,25,15,27.2
"2969",2969,"Norway","Women","1980-1989","All",37,8,1,21.6,12.5
"2970",2970,"Peru","Men","1940-1949","All",1287,55,35,4.3,63.6
"2971",2971,"Peru","Men","1950-1959","All",6110,271,178,4.4,65.7
"2972",2972,"Peru","Men","1960-1969","All",1337,76,58,5.7,76.3
"2973",2973,"Peru","Women","1930-1939","All",61,2,1,3.3,50
"2974",2974,"Peru","Women","1940-1949","All",303,16,5,5.3,31.2
"2975",2975,"Peru","Women","1950-1959","All",478,43,24,9,55.8
"2976",2976,"Peru","Women","1960-1969","All",99,11,8,11.1,72.7
"2977",2977,"Philippines","Men","1950-1959","All",1768,111,64,6.3,57.7
"2978",2978,"Philippines","Men","1960-1969","All",3008,266,169,8.8,63.5
"2979",2979,"Philippines","Women","1940-1949","All",84,2,2,2.4,100
"2980",2980,"Philippines","Women","1950-1959","All",796,66,36,8.3,54.5
"2981",2981,"Philippines","Women","1960-1969","All",937,122,75,13,61.5
"2982",2982,"Poland","Men","1920-1929","All",25,2,0,8,0
"2983",2983,"Poland","Men","1930-1939","All",911,92,34,10.1,37
"2984",2984,"Poland","Men","1940-1949","All",1547,181,83,11.7,45.9
"2985",2985,"Poland","Men","1950-1959","All",2099,352,211,16.8,59.9
"2986",2986,"Poland","Men","1960-1969","All",1458,256,173,17.6,67.6
"2987",2987,"Poland","Men","1970-1979","All",970,204,118,21,57.8
"2988",2988,"Poland","Men","1980-1989","All",50,18,11,36,61.1
"2989",2989,"Poland","Women","1920-1929","All",54,5,1,9.3,20
"2990",2990,"Poland","Women","1930-1939","All",1649,172,55,10.4,32
"2991",2991,"Poland","Women","1940-1949","All",2239,232,103,10.4,44.4
"2992",2992,"Poland","Women","1950-1959","All",2823,289,134,10.2,46.4
"2993",2993,"Poland","Women","1960-1969","All",1796,181,106,10.1,58.6
"2994",2994,"Poland","Women","1970-1979","All",1255,144,72,11.5,50
"2995",2995,"Poland","Women","1980-1989","All",60,9,3,15,33.3
"2996",2996,"Portugal","Men","1910-1919","All",11,0,0,0,NA
"2997",2997,"Portugal","Men","1920-1929","All",64,5,1,7.8,20
"2998",2998,"Portugal","Men","1930-1939","All",148,5,0,3.4,0
"2999",2999,"Portugal","Men","1940-1949","All",205,16,5,7.8,31.2
"3000",3000,"Portugal","Men","1950-1959","All",186,26,13,14,50
"3001",3001,"Portugal","Men","1960-1969","All",209,41,21,19.6,51.2
"3002",3002,"Portugal","Men","1970-1979","All",109,27,5,24.8,18.5
"3003",3003,"Portugal","Men","1980-1989","All",32,12,5,37.5,41.7
"3004",3004,"Portugal","Women","1910-1919","All",8,1,0,12.5,0
"3005",3005,"Portugal","Women","1920-1929","All",130,19,7,14.6,36.8
"3006",3006,"Portugal","Women","1930-1939","All",246,30,13,12.2,43.3
"3007",3007,"Portugal","Women","1940-1949","All",330,32,9,9.7,28.1
"3008",3008,"Portugal","Women","1950-1959","All",294,40,14,13.6,35
"3009",3009,"Portugal","Women","1960-1969","All",318,44,15,13.8,34.1
"3010",3010,"Portugal","Women","1970-1979","All",158,27,12,17.1,44.4
"3011",3011,"Portugal","Women","1980-1989","All",47,6,1,12.8,16.7
"3012",3012,"Republic of Moldova","Men","1950-1959","All",1008,42,8,4.2,19
"3013",3013,"Republic of Moldova","Men","1960-1969","All",1886,93,26,4.9,28
"3014",3014,"Republic of Moldova","Men","1970-1979","All",116,5,1,4.3,20
"3015",3015,"Republic of Moldova","Women","1940-1949","All",177,11,3,6.2,27.3
"3016",3016,"Republic of Moldova","Women","1950-1959","All",631,31,12,4.9,38.7
"3017",3017,"Republic of Moldova","Women","1960-1969","All",499,50,13,10,26
"3018",3018,"Republic of Moldova","Women","1970-1979","All",34,3,1,8.8,33.3
"3019",3019,"Romania","Men","1920-1929","All",239,35,6,14.6,17.1
"3020",3020,"Romania","Men","1930-1939","All",815,120,21,14.7,17.5
"3021",3021,"Romania","Men","1940-1949","All",977,170,44,17.4,25.9
"3022",3022,"Romania","Men","1950-1959","All",1216,199,70,16.4,35.2
"3023",3023,"Romania","Men","1960-1969","All",1160,209,89,18,42.6
"3024",3024,"Romania","Men","1970-1979","All",136,45,27,33.1,60
"3025",3025,"Romania","Women","1920-1929","All",250,43,12,17.2,27.9
"3026",3026,"Romania","Women","1930-1939","All",995,148,31,14.9,20.9
"3027",3027,"Romania","Women","1940-1949","All",1004,129,22,12.8,17.1
"3028",3028,"Romania","Women","1950-1959","All",1199,113,17,9.4,15
"3029",3029,"Romania","Women","1960-1969","All",1043,104,38,10,36.5
"3030",3030,"Romania","Women","1970-1979","All",117,11,7,9.4,63.6
"3031",3031,"Russia","Men","1910-1919","All",2,0,0,0,NA
"3032",3032,"Russia","Men","1920-1929","All",222,19,1,8.6,5.3
"3033",3033,"Russia","Men","1930-1939","All",577,53,7,9.2,13.2
"3034",3034,"Russia","Men","1940-1949","All",630,53,6,8.4,11.3
"3035",3035,"Russia","Men","1950-1959","All",956,79,25,8.3,31.6
"3036",3036,"Russia","Men","1960-1969","All",1025,148,62,14.4,41.9
"3037",3037,"Russia","Men","1970-1979","All",27,5,2,18.5,40
"3038",3038,"Russia","Women","1910-1919","All",10,3,1,30,33.3
"3039",3039,"Russia","Women","1920-1929","All",529,81,26,15.3,32.1
"3040",3040,"Russia","Women","1930-1939","All",1329,107,26,8.1,24.3
"3041",3041,"Russia","Women","1940-1949","All",1146,112,36,9.8,32.1
"3042",3042,"Russia","Women","1950-1959","All",1713,121,42,7.1,34.7
"3043",3043,"Russia","Women","1960-1969","All",1422,101,41,7.1,40.6
"3044",3044,"Russia","Women","1970-1979","All",56,6,3,10.7,50
"3045",3045,"Rwanda","Men","1960-1969","All",1,0,0,0,NA
"3046",3046,"Rwanda","Men","1970-1979","All",2521,75,41,3,54.7
"3047",3047,"Rwanda","Men","1980-1989","All",2238,88,59,3.9,67
"3048",3048,"Rwanda","Women","1960-1969","All",644,18,11,2.8,61.1
"3049",3049,"Rwanda","Women","1970-1979","All",973,24,12,2.5,50
"3050",3050,"Rwanda","Women","1980-1989","All",857,55,32,6.4,58.2
"3051",3051,"Sao Tome and Principe","Men","1950-1959","All",39,1,1,2.6,100
"3052",3052,"Sao Tome and Principe","Men","1960-1969","All",529,4,0,0.8,0
"3053",3053,"Sao Tome and Principe","Men","1970-1979","All",220,2,0,0.9,0
"3054",3054,"Sao Tome and Principe","Women","1940-1949","All",17,0,0,0,NA
"3055",3055,"Sao Tome and Principe","Women","1950-1959","All",235,8,6,3.4,75
"3056",3056,"Sao Tome and Principe","Women","1960-1969","All",392,25,13,6.4,52
"3057",3057,"Sao Tome and Principe","Women","1970-1979","All",195,16,10,8.2,62.5
"3058",3058,"Senegal","Men","1960-1969","All",125,3,1,2.4,33.3
"3059",3059,"Senegal","Men","1970-1979","All",1572,77,26,4.9,33.8
"3060",3060,"Senegal","Men","1980-1989","All",912,59,15,6.5,25.4
"3061",3061,"Senegal","Women","1950-1959","All",26,0,0,0,NA
"3062",3062,"Senegal","Women","1960-1969","All",387,18,7,4.7,38.9
"3063",3063,"Senegal","Women","1970-1979","All",590,44,27,7.5,61.4
"3064",3064,"Senegal","Women","1980-1989","All",310,66,32,21.3,48.5
"3065",3065,"Serbia","Men","1920-1929","All",5,0,0,0,NA
"3066",3066,"Serbia","Men","1930-1939","All",60,2,0,3.3,0
"3067",3067,"Serbia","Men","1940-1949","All",125,13,4,10.4,30.8
"3068",3068,"Serbia","Men","1950-1959","All",217,29,13,13.4,44.8
"3069",3069,"Serbia","Men","1960-1969","All",180,39,19,21.7,48.7
"3070",3070,"Serbia","Men","1970-1979","All",141,33,17,23.4,51.5
"3071",3071,"Serbia","Men","1980-1989","All",54,24,15,44.4,62.5
"3072",3072,"Serbia","Women","1920-1929","All",8,3,2,37.5,66.7
"3073",3073,"Serbia","Women","1930-1939","All",71,7,1,9.9,14.3
"3074",3074,"Serbia","Women","1940-1949","All",170,14,3,8.2,21.4
"3075",3075,"Serbia","Women","1950-1959","All",211,17,4,8.1,23.5
"3076",3076,"Serbia","Women","1960-1969","All",178,18,3,10.1,16.7
"3077",3077,"Serbia","Women","1970-1979","All",164,27,13,16.5,48.1
"3078",3078,"Serbia","Women","1980-1989","All",55,10,6,18.2,60
"3079",3079,"Sierra Leone","Men","1960-1969","All",41,0,0,0,NA
"3080",3080,"Sierra Leone","Men","1970-1979","All",2733,43,7,1.6,16.3
"3081",3081,"Sierra Leone","Men","1980-1989","All",2156,51,13,2.4,25.5
"3082",3082,"Sierra Leone","Women","1950-1959","All",19,0,0,0,NA
"3083",3083,"Sierra Leone","Women","1960-1969","All",842,7,3,0.8,42.9
"3084",3084,"Sierra Leone","Women","1970-1979","All",1333,23,14,1.7,60.9
"3085",3085,"Sierra Leone","Women","1980-1989","All",768,47,22,6.1,46.8
"3086",3086,"Slovakia","Men","1910-1919","All",2,0,0,0,NA
"3087",3087,"Slovakia","Men","1920-1929","All",24,3,1,12.5,33.3
"3088",3088,"Slovakia","Men","1930-1939","All",81,6,2,7.4,33.3
"3089",3089,"Slovakia","Men","1940-1949","All",180,18,14,10,77.8
"3090",3090,"Slovakia","Men","1950-1959","All",263,35,26,13.3,74.3
"3091",3091,"Slovakia","Men","1960-1969","All",243,51,32,21,62.7
"3092",3092,"Slovakia","Men","1970-1979","All",98,24,21,24.5,87.5
"3093",3093,"Slovakia","Men","1980-1989","All",34,8,5,23.5,62.5
"3094",3094,"Slovakia","Women","1910-1919","All",4,0,0,0,NA
"3095",3095,"Slovakia","Women","1920-1929","All",42,5,2,11.9,40
"3096",3096,"Slovakia","Women","1930-1939","All",98,8,5,8.2,62.5
"3097",3097,"Slovakia","Women","1940-1949","All",185,15,6,8.1,40
"3098",3098,"Slovakia","Women","1950-1959","All",314,30,20,9.6,66.7
"3099",3099,"Slovakia","Women","1960-1969","All",240,30,19,12.5,63.3
"3100",3100,"Slovakia","Women","1970-1979","All",101,14,7,13.9,50
"3101",3101,"Slovakia","Women","1980-1989","All",39,8,5,20.5,62.5
"3102",3102,"Slovakia",NA,"1930-1939","All",1,0,0,0,NA
"3103",3103,"Slovakia",NA,"1940-1949","All",1,0,0,0,NA
"3104",3104,"Slovakia",NA,"1950-1959","All",2,0,0,0,NA
"3105",3105,"Slovakia",NA,"1960-1969","All",2,0,0,0,NA
"3106",3106,"Slovenia","Men","1910-1919","All",2,0,0,0,NA
"3107",3107,"Slovenia","Men","1920-1929","All",28,4,3,14.3,75
"3108",3108,"Slovenia","Men","1930-1939","All",91,11,8,12.1,72.7
"3109",3109,"Slovenia","Men","1940-1949","All",173,14,7,8.1,50
"3110",3110,"Slovenia","Men","1950-1959","All",213,18,8,8.5,44.4
"3111",3111,"Slovenia","Men","1960-1969","All",213,29,16,13.6,55.2
"3112",3112,"Slovenia","Men","1970-1979","All",120,30,9,25,30
"3113",3113,"Slovenia","Men","1980-1989","All",41,15,3,36.6,20
"3114",3114,"Slovenia","Women","1910-1919","All",8,1,1,12.5,100
"3115",3115,"Slovenia","Women","1920-1929","All",49,6,3,12.2,50
"3116",3116,"Slovenia","Women","1930-1939","All",156,10,4,6.4,40
"3117",3117,"Slovenia","Women","1940-1949","All",191,9,1,4.7,11.1
"3118",3118,"Slovenia","Women","1950-1959","All",277,20,5,7.2,25
"3119",3119,"Slovenia","Women","1960-1969","All",239,14,8,5.9,57.1
"3120",3120,"Slovenia","Women","1970-1979","All",148,13,4,8.8,30.8
"3121",3121,"Slovenia","Women","1980-1989","All",39,4,2,10.3,50
"3122",3122,"South Africa","Men","1960-1969","All",620,41,17,6.6,41.5
"3123",3123,"South Africa","Men","1970-1979","All",1890,111,58,5.9,52.3
"3124",3124,"South Africa","Men","1980-1989","All",399,31,20,7.8,64.5
"3125",3125,"South Africa","Women","1950-1959","All",135,10,8,7.4,80
"3126",3126,"South Africa","Women","1960-1969","All",488,57,37,11.7,64.9
"3127",3127,"South Africa","Women","1970-1979","All",636,72,51,11.3,70.8
"3128",3128,"South Africa","Women","1980-1989","All",124,28,20,22.6,71.4
"3129",3129,"Spain","Men","1910-1919","All",2,1,0,50,0
"3130",3130,"Spain","Men","1920-1929","All",56,8,2,14.3,25
"3131",3131,"Spain","Men","1930-1939","All",106,15,7,14.2,46.7
"3132",3132,"Spain","Men","1940-1949","All",166,21,13,12.7,61.9
"3133",3133,"Spain","Men","1950-1959","All",226,36,17,15.9,47.2
"3134",3134,"Spain","Men","1960-1969","All",338,72,26,21.3,36.1
"3135",3135,"Spain","Men","1970-1979","All",181,51,19,28.2,37.3
"3136",3136,"Spain","Men","1980-1989","All",76,30,11,39.5,36.7
"3137",3137,"Spain","Women","1908-1909","All",1,1,1,100,100
"3138",3138,"Spain","Women","1910-1919","All",9,2,0,22.2,0
"3139",3139,"Spain","Women","1920-1929","All",147,19,9,12.9,47.4
"3140",3140,"Spain","Women","1930-1939","All",303,31,9,10.2,29
"3141",3141,"Spain","Women","1940-1949","All",412,38,19,9.2,50
"3142",3142,"Spain","Women","1950-1959","All",649,76,31,11.7,40.8
"3143",3143,"Spain","Women","1960-1969","All",1000,144,58,14.4,40.3
"3144",3144,"Spain","Women","1970-1979","All",284,69,21,24.3,30.4
"3145",3145,"Spain","Women","1980-1989","All",73,28,5,38.4,17.9
"3146",3146,"Swaziland","Men","1950-1959","All",232,8,2,3.4,25
"3147",3147,"Swaziland","Men","1960-1969","All",916,44,13,4.8,29.5
"3148",3148,"Swaziland","Men","1970-1979","All",185,10,5,5.4,50
"3149",3149,"Swaziland","Women","1950-1959","All",152,5,2,3.3,40
"3150",3150,"Swaziland","Women","1960-1969","All",630,43,25,6.8,58.1
"3151",3151,"Swaziland","Women","1970-1979","All",147,16,12,10.9,75
"3152",3152,"Sweden","Men","1910-1919","All",5,1,0,20,0
"3153",3153,"Sweden","Men","1920-1929","All",54,9,3,16.7,33.3
"3154",3154,"Sweden","Men","1930-1939","All",453,58,14,12.8,24.1
"3155",3155,"Sweden","Men","1940-1949","All",1109,134,40,12.1,29.9
"3156",3156,"Sweden","Men","1950-1959","All",1117,160,41,14.3,25.6
"3157",3157,"Sweden","Men","1960-1969","All",1103,201,69,18.2,34.3
"3158",3158,"Sweden","Men","1970-1979","All",787,172,43,21.9,25
"3159",3159,"Sweden","Men","1980-1989","All",38,11,3,28.9,27.3
"3160",3160,"Sweden","Women","1910-1919","All",16,0,0,0,NA
"3161",3161,"Sweden","Women","1920-1929","All",61,10,3,16.4,30
"3162",3162,"Sweden","Women","1930-1939","All",507,34,11,6.7,32.4
"3163",3163,"Sweden","Women","1940-1949","All",1142,103,18,9,17.5
"3164",3164,"Sweden","Women","1950-1959","All",1090,118,17,10.8,14.4
"3165",3165,"Sweden","Women","1960-1969","All",1261,127,15,10.1,11.8
"3166",3166,"Sweden","Women","1970-1979","All",794,104,21,13.1,20.2
"3167",3167,"Sweden","Women","1980-1989","All",43,9,2,20.9,22.2
"3168",3168,"Switzerland","Men","1910-1919","All",13,6,1,46.2,16.7
"3169",3169,"Switzerland","Men","1920-1929","All",52,7,2,13.5,28.6
"3170",3170,"Switzerland","Men","1930-1939","All",119,17,4,14.3,23.5
"3171",3171,"Switzerland","Men","1940-1949","All",217,48,9,22.1,18.8
"3172",3172,"Switzerland","Men","1950-1959","All",264,56,16,21.2,28.6
"3173",3173,"Switzerland","Men","1960-1969","All",290,85,15,29.3,17.6
"3174",3174,"Switzerland","Men","1970-1979","All",168,47,7,28,14.9
"3175",3175,"Switzerland","Men","1980-1989","All",60,25,3,41.7,12
"3176",3176,"Switzerland","Women","1910-1919","All",15,1,1,6.7,100
"3177",3177,"Switzerland","Women","1920-1929","All",78,11,6,14.1,54.5
"3178",3178,"Switzerland","Women","1930-1939","All",157,32,14,20.4,43.8
"3179",3179,"Switzerland","Women","1940-1949","All",244,48,13,19.7,27.1
"3180",3180,"Switzerland","Women","1950-1959","All",269,64,10,23.8,15.6
"3181",3181,"Switzerland","Women","1960-1969","All",335,82,19,24.5,23.2
"3182",3182,"Switzerland","Women","1970-1979","All",155,38,9,24.5,23.7
"3183",3183,"Switzerland","Women","1980-1989","All",44,11,2,25,18.2
"3184",3184,"Tanzania","Men","1960-1969","All",774,13,2,1.7,15.4
"3185",3185,"Tanzania","Men","1970-1979","All",2862,82,25,2.9,30.5
"3186",3186,"Tanzania","Men","1980-1989","All",374,12,4,3.2,33.3
"3187",3187,"Tanzania","Women","1960-1969","All",232,8,4,3.4,50
"3188",3188,"Tanzania","Women","1970-1979","All",746,26,18,3.5,69.2
"3189",3189,"Tanzania","Women","1980-1989","All",80,1,0,1.2,0
"3190",3190,"The UK","Men","1910-1919","All",16,2,1,12.5,50
"3191",3191,"The UK","Men","1920-1929","All",295,53,19,18,35.8
"3192",3192,"The UK","Men","1930-1939","All",844,147,53,17.4,36.1
"3193",3193,"The UK","Men","1940-1949","All",1264,209,65,16.5,31.1
"3194",3194,"The UK","Men","1950-1959","All",1324,288,82,21.8,28.5
"3195",3195,"The UK","Men","1960-1969","All",1566,426,116,27.2,27.2
"3196",3196,"The UK","Men","1970-1979","All",295,101,18,34.2,17.8
"3197",3197,"The UK","Men","1980-1989","All",58,28,5,48.3,17.9
"3198",3198,"The UK","Women","1905-1909","All",1,1,1,100,100
"3199",3199,"The UK","Women","1910-1919","All",22,4,1,18.2,25
"3200",3200,"The UK","Women","1920-1929","All",403,80,25,19.9,31.2
"3201",3201,"The UK","Women","1930-1939","All",996,155,49,15.6,31.6
"3202",3202,"The UK","Women","1940-1949","All",1500,181,50,12.1,27.6
"3203",3203,"The UK","Women","1950-1959","All",1558,225,47,14.4,20.9
"3204",3204,"The UK","Women","1960-1969","All",1916,311,73,16.2,23.5
"3205",3205,"The UK","Women","1970-1979","All",344,60,6,17.4,10
"3206",3206,"The UK","Women","1980-1989","All",105,18,3,17.1,16.7
"3207",3207,"The US","Men","1960-1969","All",640,180,61,28.1,33.9
"3208",3208,"The US","Men","1970-1979","All",228,56,23,24.6,41.1
"3209",3209,"The US","Women","1950-1959","All",3188,554,131,17.4,23.6
"3210",3210,"The US","Women","1960-1969","All",767,115,25,15,21.7
"3211",3211,"The US","Women","1970-1979","All",275,35,9,12.7,25.7
"3212",3212,"Timor-Leste","Men","1960-1969","All",606,42,29,6.9,69
"3213",3213,"Timor-Leste","Men","1970-1979","All",2557,182,116,7.1,63.7
"3214",3214,"Timor-Leste","Men","1980-1989","All",557,60,44,10.8,73.3
"3215",3215,"Timor-Leste","Women","1950-1959","All",112,9,3,8,33.3
"3216",3216,"Timor-Leste","Women","1960-1969","All",716,58,24,8.1,41.4
"3217",3217,"Timor-Leste","Women","1970-1979","All",858,93,49,10.8,52.7
"3218",3218,"Timor-Leste","Women","1980-1989","All",169,34,27,20.1,79.4
"3219",3219,"Togo","Men","1960-1969","All",938,16,5,1.7,31.2
"3220",3220,"Togo","Men","1970-1979","All",2125,59,17,2.8,28.8
"3221",3221,"Togo","Women","1950-1959","All",208,3,3,1.4,100
"3222",3222,"Togo","Women","1960-1969","All",671,15,8,2.2,53.3
"3223",3223,"Togo","Women","1970-1979","All",852,60,34,7,56.7
"3224",3224,"Turkey","Men","1940-1949","All",125,7,5,5.6,71.4
"3225",3225,"Turkey","Men","1950-1959","All",1686,74,30,4.4,40.5
"3226",3226,"Turkey","Men","1960-1969","All",895,54,23,6,42.6
"3227",3227,"Turkey","Women","1910-1919","All",1,0,0,0,NA
"3228",3228,"Turkey","Women","1920-1929","All",6,1,0,16.7,0
"3229",3229,"Turkey","Women","1930-1939","All",38,0,0,0,NA
"3230",3230,"Turkey","Women","1940-1949","All",230,5,0,2.2,0
"3231",3231,"Turkey","Women","1950-1959","All",610,14,0,2.3,0
"3232",3232,"Turkey","Women","1960-1969","All",301,9,0,3,0
"3233",3233,"Uganda","Men","1960-1969","All",710,10,1,1.4,10
"3234",3234,"Uganda","Men","1970-1979","All",3368,65,22,1.9,33.8
"3235",3235,"Uganda","Men","1980-1989","All",756,9,5,1.2,55.6
"3236",3236,"Uganda","Women","1960-1969","All",493,9,4,1.8,44.4
"3237",3237,"Uganda","Women","1970-1979","All",947,23,12,2.4,52.2
"3238",3238,"Uganda","Women","1980-1989","All",205,8,6,3.9,75
"3239",3239,"Ukraine","Men","1910-1919","All",3,0,0,0,NA
"3240",3240,"Ukraine","Men","1920-1929","All",33,2,0,6.1,0
"3241",3241,"Ukraine","Men","1930-1939","All",98,5,1,5.1,20
"3242",3242,"Ukraine","Men","1940-1949","All",109,5,3,4.6,60
"3243",3243,"Ukraine","Men","1950-1959","All",563,33,6,5.9,18.2
"3244",3244,"Ukraine","Men","1960-1969","All",2162,127,33,5.9,26
"3245",3245,"Ukraine","Men","1970-1979","All",628,48,15,7.6,31.2
"3246",3246,"Ukraine","Women","1910-1919","All",3,1,0,33.3,0
"3247",3247,"Ukraine","Women","1920-1929","All",82,20,8,24.4,40
"3248",3248,"Ukraine","Women","1930-1939","All",197,21,9,10.7,42.9
"3249",3249,"Ukraine","Women","1940-1949","All",187,11,2,5.9,18.2
"3250",3250,"Ukraine","Women","1950-1959","All",440,29,13,6.6,44.8
"3251",3251,"Ukraine","Women","1960-1969","All",1013,104,39,10.3,37.5
"3252",3252,"Ukraine","Women","1970-1979","All",327,47,20,14.4,42.6
"3253",3253,"Zambia","Men","1960-1969","All",179,4,0,2.2,0
"3254",3254,"Zambia","Men","1970-1979","All",2386,45,16,1.9,35.6
"3255",3255,"Zambia","Men","1980-1989","All",1289,23,9,1.8,39.1
"3256",3256,"Zambia","Women","1950-1959","All",67,1,0,1.5,0
"3257",3257,"Zambia","Women","1960-1969","All",1119,21,16,1.9,76.2
"3258",3258,"Zambia","Women","1970-1979","All",2072,68,42,3.3,61.8
"3259",3259,"Zambia","Women","1980-1989","All",1041,72,47,6.9,65.3
"3260",3260,"Zimbabwe","Men","1960-1969","All",471,19,9,4,47.4
"3261",3261,"Zimbabwe","Men","1970-1979","All",2080,74,29,3.6,39.2
"3262",3262,"Zimbabwe","Men","1980-1989","All",219,7,5,3.2,71.4
"3263",3263,"Zimbabwe","Women","1960-1969","All",814,25,8,3.1,32
"3264",3264,"Zimbabwe","Women","1970-1979","All",1690,94,35,5.6,37.2
"3265",3265,"Zimbabwe","Women","1980-1989","All",181,19,14,10.5,73.7
