"","X","country","sex","bc_cate","education","TotalN","ChildlessN","NeverInUnionN","prop_childless","prop_neverinunion","continent"
"1",1,"Albania","Men","1950-1959","High",339,NA,NA,NA,NA,"Europe & North America"
"2",2,"Albania","Men","1950-1959","Low",522,NA,NA,NA,NA,"Europe & North America"
"3",3,"Albania","Men","1960-1969","High",1766,21,17,1.2,81,"Europe & North America"
"4",4,"Albania","Men","1960-1969","Low",2286,13,5,0.6,38.5,"Europe & North America"
"5",5,"Albania","Men","1970-1979","High",1457,107,60,7.3,56.1,"Europe & North America"
"6",6,"Albania","Men","1970-1979","Low",1787,107,45,6,42.1,"Europe & North America"
"7",7,"Albania","Men","1980-1989","High",298,35,24,11.7,68.6,"Europe & North America"
"8",8,"Albania","Men","1980-1989","Low",503,38,29,7.6,76.3,"Europe & North America"
"9",9,"Albania","Women","1950-1959","High",161,8,2,5,25,"Europe & North America"
"10",10,"Albania","Women","1950-1959","Low",168,8,1,4.8,12.5,"Europe & North America"
"11",11,"Albania","Women","1960-1969","High",789,59,19,7.5,32.2,"Europe & North America"
"12",12,"Albania","Women","1960-1969","Low",811,60,12,7.4,20,"Europe & North America"
"13",13,"Albania","Women","1970-1979","High",585,73,32,12.5,43.8,"Europe & North America"
"14",14,"Albania","Women","1970-1979","Low",615,74,30,12,40.5,"Europe & North America"
"15",15,"Albania","Women","1980-1989","High",121,46,32,38,69.6,"Europe & North America"
"16",16,"Albania","Women","1980-1989","Low",195,43,27,22.1,62.8,"Europe & North America"
"17",17,"Angola","Men","1960-1969","High",274,7,3,2.6,42.9,"Africa"
"18",18,"Angola","Men","1960-1969","Low",368,17,5,4.6,29.4,"Africa"
"19",19,"Angola","Men","1970-1979","High",1093,29,13,2.7,44.8,"Africa"
"20",20,"Angola","Men","1970-1979","Low",1524,52,13,3.4,25,"Africa"
"21",21,"Angola","Men","1980-1989","High",99,2,1,2,50,"Africa"
"22",22,"Angola","Men","1980-1989","Low",263,6,5,2.3,83.3,"Africa"
"23",23,"Angola","Women","1960-1969","High",284,9,1,3.2,11.1,"Africa"
"24",24,"Angola","Women","1960-1969","Low",327,15,6,4.6,40,"Africa"
"25",25,"Angola","Women","1970-1979","High",426,12,6,2.8,50,"Africa"
"26",26,"Angola","Women","1970-1979","Low",533,21,8,3.9,38.1,"Africa"
"27",28,"Angola","Women","1980-1989","Low",91,7,5,7.7,71.4,"Africa"
"28",29,"Armenia","Men","1960-1969","High",214,18,14,8.4,77.8,"FSU"
"29",30,"Armenia","Men","1960-1969","Low",314,15,9,4.8,60,"FSU"
"30",31,"Armenia","Men","1970-1979","High",799,83,59,10.4,71.1,"FSU"
"31",32,"Armenia","Men","1970-1979","Low",824,47,25,5.7,53.2,"FSU"
"32",33,"Armenia","Men","1980-1989","High",96,12,11,12.5,91.7,"FSU"
"33",34,"Armenia","Men","1980-1989","Low",123,11,9,8.9,81.8,"FSU"
"34",35,"Armenia","Women","1960-1969","High",109,5,5,4.6,100,"FSU"
"35",36,"Armenia","Women","1960-1969","Low",130,7,4,5.4,57.1,"FSU"
"36",37,"Armenia","Women","1970-1979","High",293,37,25,12.6,67.6,"FSU"
"37",38,"Armenia","Women","1970-1979","Low",434,43,31,9.9,72.1,"FSU"
"38",40,"Armenia","Women","1980-1989","Low",57,11,9,19.3,81.8,"FSU"
"39",49,"Austria","Men","1930-1939","Medium",73,6,2,8.2,33.3,"Europe & North America"
"40",53,"Austria","Men","1940-1949","Medium",212,35,3,16.5,8.6,"Europe & North America"
"41",57,"Austria","Men","1950-1959","Medium",303,46,5,15.2,10.9,"Europe & North America"
"42",59,"Austria","Men","1960-1969","High",190,53,11,27.9,20.8,"Europe & North America"
"43",60,"Austria","Men","1960-1969","Low",110,39,15,35.5,38.5,"Europe & North America"
"44",61,"Austria","Men","1960-1969","Medium",769,183,56,23.8,30.6,"Europe & North America"
"45",63,"Austria","Men","1970-1979","High",105,42,13,40,31,"Europe & North America"
"46",65,"Austria","Men","1970-1979","Medium",378,122,32,32.3,26.2,"Europe & North America"
"47",69,"Austria","Men","1980-1989","Medium",64,32,10,50,31.2,"Europe & North America"
"48",75,"Austria","Women","1930-1939","Low",88,6,1,6.8,16.7,"Europe & North America"
"49",76,"Austria","Women","1930-1939","Medium",85,9,2,10.6,22.2,"Europe & North America"
"50",78,"Austria","Women","1940-1949","Low",128,12,3,9.4,25,"Europe & North America"
"51",79,"Austria","Women","1940-1949","Medium",212,27,6,12.7,22.2,"Europe & North America"
"52",81,"Austria","Women","1950-1959","Low",79,8,3,10.1,37.5,"Europe & North America"
"53",82,"Austria","Women","1950-1959","Medium",293,37,9,12.6,24.3,"Europe & North America"
"54",84,"Austria","Women","1960-1969","High",245,60,13,24.5,21.7,"Europe & North America"
"55",85,"Austria","Women","1960-1969","Low",232,35,9,15.1,25.7,"Europe & North America"
"56",86,"Austria","Women","1960-1969","Medium",1028,145,30,14.1,20.7,"Europe & North America"
"57",87,"Austria","Women","1970-1979","High",128,46,10,35.9,21.7,"Europe & North America"
"58",88,"Austria","Women","1970-1979","Low",93,13,4,14,30.8,"Europe & North America"
"59",89,"Austria","Women","1970-1979","Medium",531,100,23,18.8,23,"Europe & North America"
"60",93,"Azerbaijan","Men","1950-1959","High",213,20,12,9.4,60,"Asia"
"61",94,"Azerbaijan","Men","1950-1959","Low",380,41,23,10.8,56.1,"Asia"
"62",95,"Azerbaijan","Men","1960-1969","High",816,90,62,11,68.9,"Asia"
"63",96,"Azerbaijan","Men","1960-1969","Low",1650,191,124,11.6,64.9,"Asia"
"64",97,"Azerbaijan","Men","1970-1979","High",150,29,25,19.3,86.2,"Asia"
"65",98,"Azerbaijan","Men","1970-1979","Low",286,56,38,19.6,67.9,"Asia"
"66",101,"Azerbaijan","Women","1950-1959","High",204,7,2,3.4,28.6,"Asia"
"67",102,"Azerbaijan","Women","1950-1959","Low",237,10,2,4.2,20,"Asia"
"68",103,"Azerbaijan","Women","1960-1969","High",300,10,2,3.3,20,"Asia"
"69",104,"Azerbaijan","Women","1960-1969","Low",323,12,6,3.7,50,"Asia"
"70",107,"Azerbaijan","Women","1970-1979","Low",79,13,7,16.5,53.8,"Asia"
"71",112,"Belarus","Men","1940-1949","High",95,4,1,4.2,25,"FSU"
"72",114,"Belarus","Men","1940-1949","Medium",168,14,7,8.3,50,"FSU"
"73",115,"Belarus","Men","1950-1959","High",165,15,6,9.1,40,"FSU"
"74",117,"Belarus","Men","1950-1959","Medium",463,36,17,7.8,47.2,"FSU"
"75",118,"Belarus","Men","1960-1969","High",163,18,9,11,50,"FSU"
"76",120,"Belarus","Men","1960-1969","Medium",540,70,30,13,42.9,"FSU"
"77",121,"Belarus","Men","1970-1979","High",264,43,17,16.3,39.5,"FSU"
"78",123,"Belarus","Men","1970-1979","Medium",531,78,40,14.7,51.3,"FSU"
"79",124,"Belarus","Men","1980-1989","High",95,20,9,21.1,45,"FSU"
"80",126,"Belarus","Men","1980-1989","Medium",149,37,16,24.8,43.2,"FSU"
"81",129,"Belarus","Women","1930-1939","Low",54,4,3,7.4,75,"FSU"
"82",130,"Belarus","Women","1930-1939","Medium",65,10,7,15.4,70,"FSU"
"83",131,"Belarus","Women","1940-1949","High",154,25,17,16.2,68,"FSU"
"84",132,"Belarus","Women","1940-1949","Low",110,11,8,10,72.7,"FSU"
"85",133,"Belarus","Women","1940-1949","Medium",336,36,21,10.7,58.3,"FSU"
"86",134,"Belarus","Women","1950-1959","High",276,25,13,9.1,52,"FSU"
"87",136,"Belarus","Women","1950-1959","Medium",693,56,31,8.1,55.4,"FSU"
"88",137,"Belarus","Women","1960-1969","High",260,45,28,17.3,62.2,"FSU"
"89",139,"Belarus","Women","1960-1969","Medium",666,48,31,7.2,64.6,"FSU"
"90",140,"Belarus","Women","1970-1979","High",377,39,19,10.3,48.7,"FSU"
"91",142,"Belarus","Women","1970-1979","Medium",643,54,25,8.4,46.3,"FSU"
"92",143,"Belarus","Women","1980-1989","High",126,14,6,11.1,42.9,"FSU"
"93",145,"Belarus","Women","1980-1989","Medium",140,15,5,10.7,33.3,"FSU"
"94",149,"Belgium","Men","1920-1929","Low",54,7,2,13,28.6,"Europe & North America"
"95",151,"Belgium","Men","1930-1939","High",107,23,5,21.5,21.7,"Europe & North America"
"96",152,"Belgium","Men","1930-1939","Low",248,61,7,24.6,11.5,"Europe & North America"
"97",153,"Belgium","Men","1930-1939","Medium",127,28,1,22,3.6,"Europe & North America"
"98",155,"Belgium","Men","1940-1949","High",213,52,3,24.4,5.8,"Europe & North America"
"99",156,"Belgium","Men","1940-1949","Low",304,91,21,29.9,23.1,"Europe & North America"
"100",157,"Belgium","Men","1940-1949","Medium",199,44,9,22.1,20.5,"Europe & North America"
"101",159,"Belgium","Men","1950-1959","High",301,43,14,14.3,32.6,"Europe & North America"
"102",160,"Belgium","Men","1950-1959","Low",316,74,22,23.4,29.7,"Europe & North America"
"103",161,"Belgium","Men","1950-1959","Medium",335,70,12,20.9,17.1,"Europe & North America"
"104",163,"Belgium","Men","1960-1969","High",377,65,15,17.2,23.1,"Europe & North America"
"105",164,"Belgium","Men","1960-1969","Low",264,60,21,22.7,35,"Europe & North America"
"106",165,"Belgium","Men","1960-1969","Medium",382,81,23,21.2,28.4,"Europe & North America"
"107",167,"Belgium","Men","1970-1979","High",206,40,10,19.4,25,"Europe & North America"
"108",168,"Belgium","Men","1970-1979","Low",88,33,10,37.5,30.3,"Europe & North America"
"109",169,"Belgium","Men","1970-1979","Medium",158,31,7,19.6,22.6,"Europe & North America"
"110",178,"Belgium","Women","1920-1929","Low",79,15,5,19,33.3,"Europe & North America"
"111",180,"Belgium","Women","1930-1939","High",75,27,11,36,40.7,"Europe & North America"
"112",181,"Belgium","Women","1930-1939","Low",329,72,25,21.9,34.7,"Europe & North America"
"113",182,"Belgium","Women","1930-1939","Medium",117,27,9,23.1,33.3,"Europe & North America"
"114",184,"Belgium","Women","1940-1949","High",191,47,9,24.6,19.1,"Europe & North America"
"115",185,"Belgium","Women","1940-1949","Low",357,69,13,19.3,18.8,"Europe & North America"
"116",186,"Belgium","Women","1940-1949","Medium",172,39,7,22.7,17.9,"Europe & North America"
"117",188,"Belgium","Women","1950-1959","High",315,52,5,16.5,9.6,"Europe & North America"
"118",189,"Belgium","Women","1950-1959","Low",367,54,11,14.7,20.4,"Europe & North America"
"119",190,"Belgium","Women","1950-1959","Medium",329,52,9,15.8,17.3,"Europe & North America"
"120",192,"Belgium","Women","1960-1969","High",477,74,14,15.5,18.9,"Europe & North America"
"121",193,"Belgium","Women","1960-1969","Low",258,29,4,11.2,13.8,"Europe & North America"
"122",194,"Belgium","Women","1960-1969","Medium",412,47,8,11.4,17,"Europe & North America"
"123",196,"Belgium","Women","1970-1979","High",237,40,6,16.9,15,"Europe & North America"
"124",197,"Belgium","Women","1970-1979","Low",68,8,4,11.8,50,"Europe & North America"
"125",198,"Belgium","Women","1970-1979","Medium",163,22,5,13.5,22.7,"Europe & North America"
"126",203,"Benin","Men","1960-1969","High",95,3,2,3.2,66.7,"Africa"
"127",204,"Benin","Men","1960-1969","Low",303,4,1,1.3,25,"Africa"
"128",205,"Benin","Men","1970-1979","High",665,20,6,3,30,"Africa"
"129",206,"Benin","Men","1970-1979","Low",2087,22,3,1.1,13.6,"Africa"
"130",207,"Benin","Men","1980-1989","High",346,13,1,3.8,7.7,"Africa"
"131",208,"Benin","Men","1980-1989","Low",1015,14,2,1.4,14.3,"Africa"
"132",209,"Benin","Women","1950-1959","High",108,1,NA,0.9,NA,"Africa"
"133",210,"Benin","Women","1950-1959","Low",175,2,2,1.1,100,"Africa"
"134",211,"Benin","Women","1960-1969","High",352,5,1,1.4,20,"Africa"
"135",212,"Benin","Women","1960-1969","Low",381,9,5,2.4,55.6,"Africa"
"136",213,"Benin","Women","1970-1979","High",629,18,8,2.9,44.4,"Africa"
"137",214,"Benin","Women","1970-1979","Low",635,14,4,2.2,28.6,"Africa"
"138",215,"Benin","Women","1980-1989","High",218,15,8,6.9,53.3,"Africa"
"139",216,"Benin","Women","1980-1989","Low",378,19,9,5,47.4,"Africa"
"140",217,"Bolivia","Men","1950-1959","High",239,13,8,5.4,61.5,"Latin America"
"141",218,"Bolivia","Men","1950-1959","Low",272,12,3,4.4,25,"Latin America"
"142",219,"Bolivia","Men","1960-1969","High",1744,98,63,5.6,64.3,"Latin America"
"143",220,"Bolivia","Men","1960-1969","Low",1856,40,18,2.2,45,"Latin America"
"144",221,"Bolivia","Men","1970-1979","High",628,63,42,10,66.7,"Latin America"
"145",222,"Bolivia","Men","1970-1979","Low",790,19,11,2.4,57.9,"Latin America"
"146",223,"Bolivia","Women","1940-1949","High",152,11,6,7.2,54.5,"Latin America"
"147",224,"Bolivia","Women","1940-1949","Low",210,6,1,2.9,16.7,"Latin America"
"148",225,"Bolivia","Women","1950-1959","High",386,19,11,4.9,57.9,"Latin America"
"149",226,"Bolivia","Women","1950-1959","Low",423,18,9,4.3,50,"Latin America"
"150",227,"Bolivia","Women","1960-1969","High",535,40,31,7.5,77.5,"Latin America"
"151",228,"Bolivia","Women","1960-1969","Low",597,35,21,5.9,60,"Latin America"
"152",229,"Bolivia","Women","1970-1979","High",196,18,12,9.2,66.7,"Latin America"
"153",230,"Bolivia","Women","1970-1979","Low",238,15,9,6.3,60,"Latin America"
"154",231,"Brazil","Men","1940-1949","High",316,38,21,12,55.3,"Latin America"
"155",232,"Brazil","Men","1940-1949","Low",501,30,16,6,53.3,"Latin America"
"156",233,"Brazil","Men","1950-1959","High",1419,166,110,11.7,66.3,"Latin America"
"157",234,"Brazil","Men","1950-1959","Low",1554,89,50,5.7,56.2,"Latin America"
"158",236,"Brazil","Men","1960-1969","High",195,28,18,14.4,64.3,"Latin America"
"159",237,"Brazil","Men","1960-1969","Low",273,12,8,4.4,66.7,"Latin America"
"160",239,"Brazil","Women","1930-1939","Low",60,5,1,8.3,20,"Latin America"
"161",240,"Brazil","Women","1940-1949","High",187,9,3,4.8,33.3,"Latin America"
"162",241,"Brazil","Women","1940-1949","Low",209,15,7,7.2,46.7,"Latin America"
"163",242,"Brazil","Women","1950-1959","High",263,24,9,9.1,37.5,"Latin America"
"164",243,"Brazil","Women","1950-1959","Low",294,18,12,6.1,66.7,"Latin America"
"165",247,"Bulgaria","Men","1920-1929","High",50,4,2,8,50,"Europe & North America"
"166",248,"Bulgaria","Men","1920-1929","Low",158,16,4,10.1,25,"Europe & North America"
"167",249,"Bulgaria","Men","1920-1929","Medium",61,6,3,9.8,50,"Europe & North America"
"168",251,"Bulgaria","Men","1930-1939","High",165,6,3,3.6,50,"Europe & North America"
"169",252,"Bulgaria","Men","1930-1939","Low",385,23,10,6,43.5,"Europe & North America"
"170",253,"Bulgaria","Men","1930-1939","Medium",237,13,6,5.5,46.2,"Europe & North America"
"171",255,"Bulgaria","Men","1940-1949","High",171,12,5,7,41.7,"Europe & North America"
"172",256,"Bulgaria","Men","1940-1949","Low",372,39,21,10.5,53.8,"Europe & North America"
"173",257,"Bulgaria","Men","1940-1949","Medium",517,31,13,6,41.9,"Europe & North America"
"174",259,"Bulgaria","Men","1950-1959","High",225,24,15,10.7,62.5,"Europe & North America"
"175",260,"Bulgaria","Men","1950-1959","Low",252,29,21,11.5,72.4,"Europe & North America"
"176",261,"Bulgaria","Men","1950-1959","Medium",636,65,36,10.2,55.4,"Europe & North America"
"177",263,"Bulgaria","Men","1960-1969","High",228,51,34,22.4,66.7,"Europe & North America"
"178",264,"Bulgaria","Men","1960-1969","Low",299,41,27,13.7,65.9,"Europe & North America"
"179",265,"Bulgaria","Men","1960-1969","Medium",956,164,110,17.2,67.1,"Europe & North America"
"180",269,"Bulgaria","Men","1970-1979","Medium",103,33,23,32,69.7,"Europe & North America"
"181",275,"Bulgaria","Women","1920-1929","Low",147,15,4,10.2,26.7,"Europe & North America"
"182",278,"Bulgaria","Women","1930-1939","High",123,15,3,12.2,20,"Europe & North America"
"183",279,"Bulgaria","Women","1930-1939","Low",516,37,8,7.2,21.6,"Europe & North America"
"184",280,"Bulgaria","Women","1930-1939","Medium",269,13,6,4.8,46.2,"Europe & North America"
"185",282,"Bulgaria","Women","1940-1949","High",257,28,13,10.9,46.4,"Europe & North America"
"186",283,"Bulgaria","Women","1940-1949","Low",460,11,2,2.4,18.2,"Europe & North America"
"187",284,"Bulgaria","Women","1940-1949","Medium",512,23,6,4.5,26.1,"Europe & North America"
"188",286,"Bulgaria","Women","1950-1959","High",323,27,20,8.4,74.1,"Europe & North America"
"189",287,"Bulgaria","Women","1950-1959","Low",303,14,5,4.6,35.7,"Europe & North America"
"190",288,"Bulgaria","Women","1950-1959","Medium",640,36,16,5.6,44.4,"Europe & North America"
"191",290,"Bulgaria","Women","1960-1969","High",586,74,48,12.6,64.9,"Europe & North America"
"192",291,"Bulgaria","Women","1960-1969","Low",351,16,9,4.6,56.2,"Europe & North America"
"193",292,"Bulgaria","Women","1960-1969","Medium",1115,73,42,6.5,57.5,"Europe & North America"
"194",294,"Bulgaria","Women","1970-1979","High",64,9,4,14.1,44.4,"Europe & North America"
"195",295,"Bulgaria","Women","1970-1979","Low",56,1,NA,1.8,NA,"Europe & North America"
"196",296,"Bulgaria","Women","1970-1979","Medium",95,9,6,9.5,66.7,"Europe & North America"
"197",300,"Burkina Faso","Men","1960-1969","High",305,7,4,2.3,57.1,"Africa"
"198",301,"Burkina Faso","Men","1960-1969","Low",2222,14,NA,0.6,NA,"Africa"
"199",302,"Burkina Faso","Men","1970-1979","High",340,9,4,2.6,44.4,"Africa"
"200",303,"Burkina Faso","Men","1970-1979","Low",2103,15,NA,0.7,NA,"Africa"
"201",304,"Burkina Faso","Women","1950-1959","High",128,1,NA,0.8,NA,"Africa"
"202",305,"Burkina Faso","Women","1950-1959","Low",563,4,NA,0.7,NA,"Africa"
"203",306,"Burkina Faso","Women","1960-1969","High",258,5,4,1.9,80,"Africa"
"204",307,"Burkina Faso","Women","1960-1969","Low",1004,11,NA,1.1,NA,"Africa"
"205",308,"Burkina Faso","Women","1970-1979","High",328,26,17,7.9,65.4,"Africa"
"206",309,"Burkina Faso","Women","1970-1979","Low",652,29,11,4.4,37.9,"Africa"
"207",310,"Burundi","Men","1960-1969","High",181,1,NA,0.6,NA,"Africa"
"208",311,"Burundi","Men","1960-1969","Low",470,18,12,3.8,66.7,"Africa"
"209",312,"Burundi","Men","1970-1979","High",1303,52,30,4,57.7,"Africa"
"210",313,"Burundi","Men","1970-1979","Low",1803,72,41,4,56.9,"Africa"
"211",314,"Burundi","Men","1980-1989","High",423,23,17,5.4,73.9,"Africa"
"212",315,"Burundi","Men","1980-1989","Low",505,28,21,5.5,75,"Africa"
"213",316,"Burundi","Women","1950-1959","High",97,1,1,1,100,"Africa"
"214",317,"Burundi","Women","1950-1959","Low",114,4,3,3.5,75,"Africa"
"215",318,"Burundi","Women","1960-1969","High",366,10,8,2.7,80,"Africa"
"216",319,"Burundi","Women","1960-1969","Low",558,10,6,1.8,60,"Africa"
"217",320,"Burundi","Women","1970-1979","High",528,16,8,3,50,"Africa"
"218",321,"Burundi","Women","1970-1979","Low",688,21,10,3.1,47.6,"Africa"
"219",322,"Burundi","Women","1980-1989","High",147,11,8,7.5,72.7,"Africa"
"220",323,"Burundi","Women","1980-1989","Low",205,3,2,1.5,66.7,"Africa"
"221",324,"Cambodia","Men","1960-1969","High",846,61,43,7.2,70.5,"Asia"
"222",325,"Cambodia","Men","1960-1969","Low",1129,67,41,5.9,61.2,"Asia"
"223",326,"Cambodia","Men","1970-1979","High",1602,141,89,8.8,63.1,"Asia"
"224",327,"Cambodia","Men","1970-1979","Low",2095,160,104,7.6,65,"Asia"
"225",328,"Cambodia","Women","1960-1969","High",260,5,NA,1.9,NA,"Asia"
"226",329,"Cambodia","Women","1960-1969","Low",310,11,1,3.5,9.1,"Asia"
"227",330,"Cambodia","Women","1970-1979","High",504,32,10,6.3,31.2,"Asia"
"228",331,"Cambodia","Women","1970-1979","Low",605,25,10,4.1,40,"Asia"
"229",332,"Cameroon","Men","1950-1959","High",148,6,NA,4.1,NA,"Africa"
"230",333,"Cameroon","Men","1950-1959","Low",220,7,NA,3.2,NA,"Africa"
"231",334,"Cameroon","Men","1960-1969","High",478,12,3,2.5,25,"Africa"
"232",335,"Cameroon","Men","1960-1969","Low",483,17,3,3.5,17.6,"Africa"
"233",336,"Cameroon","Men","1970-1979","High",826,29,8,3.5,27.6,"Africa"
"234",337,"Cameroon","Men","1970-1979","Low",1267,46,3,3.6,6.5,"Africa"
"235",338,"Cameroon","Men","1980-1989","High",473,34,22,7.2,64.7,"Africa"
"236",339,"Cameroon","Men","1980-1989","Low",741,28,12,3.8,42.9,"Africa"
"237",340,"Cameroon","Women","1950-1959","High",107,1,NA,0.9,NA,"Africa"
"238",341,"Cameroon","Women","1950-1959","Low",187,6,NA,3.2,NA,"Africa"
"239",342,"Cameroon","Women","1960-1969","High",342,7,NA,2,NA,"Africa"
"240",343,"Cameroon","Women","1960-1969","Low",368,11,6,3,54.5,"Africa"
"241",344,"Cameroon","Women","1970-1979","High",492,22,15,4.5,68.2,"Africa"
"242",345,"Cameroon","Women","1970-1979","Low",527,31,19,5.9,61.3,"Africa"
"243",347,"Cameroon","Women","1980-1989","High",206,22,11,10.7,50,"Africa"
"244",348,"Cameroon","Women","1980-1989","Low",343,33,25,9.6,75.8,"Africa"
"245",350,"Canada","Men","1920-1929","Low",77,19,5,24.7,26.3,"Europe & North America"
"246",351,"Canada","Men","1920-1929","Medium",66,12,1,18.2,8.3,"Europe & North America"
"247",353,"Canada","Men","1930-1939","High",236,38,10,16.1,26.3,"Europe & North America"
"248",354,"Canada","Men","1930-1939","Low",405,73,22,18,30.1,"Europe & North America"
"249",355,"Canada","Men","1930-1939","Medium",355,80,27,22.5,33.8,"Europe & North America"
"250",357,"Canada","Men","1940-1949","High",533,107,32,20.1,29.9,"Europe & North America"
"251",358,"Canada","Men","1940-1949","Low",420,97,31,23.1,32,"Europe & North America"
"252",359,"Canada","Men","1940-1949","Medium",629,121,21,19.2,17.4,"Europe & North America"
"253",361,"Canada","Men","1950-1959","High",695,178,56,25.6,31.5,"Europe & North America"
"254",362,"Canada","Men","1950-1959","Low",312,80,34,25.6,42.5,"Europe & North America"
"255",363,"Canada","Men","1950-1959","Medium",886,194,58,21.9,29.9,"Europe & North America"
"256",365,"Canada","Men","1960-1969","High",915,278,104,30.4,37.4,"Europe & North America"
"257",366,"Canada","Men","1960-1969","Low",246,76,28,30.9,36.8,"Europe & North America"
"258",367,"Canada","Men","1960-1969","Medium",915,259,81,28.3,31.3,"Europe & North America"
"259",369,"Canada","Men","1970-1979","High",148,68,25,45.9,36.8,"Europe & North America"
"260",371,"Canada","Men","1970-1979","Medium",121,39,16,32.2,41,"Europe & North America"
"261",373,"Canada","Women","1920-1929","High",54,12,7,22.2,58.3,"Europe & North America"
"262",374,"Canada","Women","1920-1929","Low",140,24,9,17.1,37.5,"Europe & North America"
"263",375,"Canada","Women","1920-1929","Medium",105,17,8,16.2,47.1,"Europe & North America"
"264",377,"Canada","Women","1930-1939","High",299,49,26,16.4,53.1,"Europe & North America"
"265",378,"Canada","Women","1930-1939","Low",561,53,10,9.4,18.9,"Europe & North America"
"266",379,"Canada","Women","1930-1939","Medium",489,58,17,11.9,29.3,"Europe & North America"
"267",381,"Canada","Women","1940-1949","High",692,143,42,20.7,29.4,"Europe & North America"
"268",382,"Canada","Women","1940-1949","Low",532,58,12,10.9,20.7,"Europe & North America"
"269",383,"Canada","Women","1940-1949","Medium",795,102,32,12.8,31.4,"Europe & North America"
"270",385,"Canada","Women","1950-1959","High",1074,277,75,25.8,27.1,"Europe & North America"
"271",386,"Canada","Women","1950-1959","Low",305,39,13,12.8,33.3,"Europe & North America"
"272",387,"Canada","Women","1950-1959","Medium",1006,180,39,17.9,21.7,"Europe & North America"
"273",389,"Canada","Women","1960-1969","High",1327,342,104,25.8,30.4,"Europe & North America"
"274",390,"Canada","Women","1960-1969","Low",169,24,9,14.2,37.5,"Europe & North America"
"275",391,"Canada","Women","1960-1969","Medium",961,216,58,22.5,26.9,"Europe & North America"
"276",393,"Canada","Women","1970-1979","High",231,68,31,29.4,45.6,"Europe & North America"
"277",395,"Canada","Women","1970-1979","Medium",125,31,14,24.8,45.2,"Europe & North America"
"278",398,"Central African Republic","Men","1940-1949","Low",382,32,2,8.4,6.2,"Africa"
"279",399,"Central African Republic","Men","1950-1959","High",339,13,3,3.8,23.1,"Africa"
"280",400,"Central African Republic","Men","1950-1959","Low",814,79,10,9.7,12.7,"Africa"
"281",404,"Central African Republic","Women","1930-1939","Low",59,8,NA,13.6,NA,"Africa"
"282",405,"Central African Republic","Women","1940-1949","High",82,2,NA,2.4,NA,"Africa"
"283",406,"Central African Republic","Women","1940-1949","Low",115,11,1,9.6,9.1,"Africa"
"284",407,"Central African Republic","Women","1950-1959","High",146,11,5,7.5,45.5,"Africa"
"285",408,"Central African Republic","Women","1950-1959","Low",165,25,10,15.2,40,"Africa"
"286",411,"Chad","Men","1960-1969","High",201,2,NA,1,NA,"Africa"
"287",412,"Chad","Men","1960-1969","Low",1060,11,2,1,18.2,"Africa"
"288",413,"Chad","Men","1970-1979","High",626,13,4,2.1,30.8,"Africa"
"289",414,"Chad","Men","1970-1979","Low",2955,26,7,0.9,26.9,"Africa"
"290",417,"Chad","Men","1980-1989","Low",127,NA,NA,NA,NA,"Africa"
"291",418,"Chad","Women","1950-1959","High",71,NA,NA,NA,NA,"Africa"
"292",419,"Chad","Women","1950-1959","Low",148,2,NA,1.4,NA,"Africa"
"293",420,"Chad","Women","1960-1969","High",265,4,1,1.5,25,"Africa"
"294",421,"Chad","Women","1960-1969","Low",420,6,2,1.4,33.3,"Africa"
"295",423,"Chad","Women","1970-1979","High",449,21,12,4.7,57.1,"Africa"
"296",424,"Chad","Women","1970-1979","Low",604,5,1,0.8,20,"Africa"
"297",427,"Chad","Women","1980-1989","Low",52,1,NA,1.9,NA,"Africa"
"298",428,"Colombia","Men","1960-1969","High",1866,139,69,7.4,49.6,"Latin America"
"299",429,"Colombia","Men","1960-1969","Low",1897,57,26,3,45.6,"Latin America"
"300",430,"Colombia","Men","1970-1979","High",4330,386,210,8.9,54.4,"Latin America"
"301",431,"Colombia","Men","1970-1979","Low",4474,119,56,2.7,47.1,"Latin America"
"302",432,"Colombia","Men","1980-1989","High",222,28,18,12.6,64.3,"Latin America"
"303",433,"Colombia","Men","1980-1989","Low",454,22,13,4.8,59.1,"Latin America"
"304",434,"Colombia","Women","1950-1959","High",942,76,39,8.1,51.3,"Latin America"
"305",435,"Colombia","Women","1950-1959","Low",1182,127,65,10.7,51.2,"Latin America"
"306",436,"Colombia","Women","1960-1969","High",2917,330,148,11.3,44.8,"Latin America"
"307",437,"Colombia","Women","1960-1969","Low",3227,375,200,11.6,53.3,"Latin America"
"308",438,"Colombia","Women","1970-1979","High",3114,520,259,16.7,49.8,"Latin America"
"309",439,"Colombia","Women","1970-1979","Low",3145,448,256,14.2,57.1,"Latin America"
"310",440,"Colombia","Women","1980-1989","High",125,32,20,25.6,62.5,"Latin America"
"311",441,"Colombia","Women","1980-1989","Low",343,50,27,14.6,54,"Latin America"
"312",442,"Comoros","Men","1960-1969","High",179,15,NA,8.4,NA,"Africa"
"313",443,"Comoros","Men","1960-1969","Low",254,11,NA,4.3,NA,"Africa"
"314",445,"Comoros","Men","1970-1979","High",444,79,25,17.8,31.6,"Africa"
"315",446,"Comoros","Men","1970-1979","Low",510,29,8,5.7,27.6,"Africa"
"316",448,"Comoros","Women","1950-1959","High",50,3,NA,6,NA,"Africa"
"317",449,"Comoros","Women","1950-1959","Low",50,3,NA,6,NA,"Africa"
"318",450,"Comoros","Women","1960-1969","High",129,8,1,6.2,12.5,"Africa"
"319",451,"Comoros","Women","1960-1969","Low",151,7,3,4.6,42.9,"Africa"
"320",453,"Comoros","Women","1970-1979","High",179,30,15,16.8,50,"Africa"
"321",454,"Comoros","Women","1970-1979","Low",222,26,11,11.7,42.3,"Africa"
"322",456,"Congo","Men","1960-1969","High",631,18,2,2.9,11.1,"Africa"
"323",457,"Congo","Men","1960-1969","Low",837,12,2,1.4,16.7,"Africa"
"324",458,"Congo","Men","1970-1979","High",787,28,5,3.6,17.9,"Africa"
"325",459,"Congo","Men","1970-1979","Low",1113,18,5,1.6,27.8,"Africa"
"326",460,"Congo","Women","1950-1959","High",172,2,NA,1.2,NA,"Africa"
"327",461,"Congo","Women","1950-1959","Low",194,4,3,2.1,75,"Africa"
"328",462,"Congo","Women","1960-1969","High",410,9,3,2.2,33.3,"Africa"
"329",463,"Congo","Women","1960-1969","Low",493,23,15,4.7,65.2,"Africa"
"330",464,"Congo","Women","1970-1979","High",372,16,10,4.3,62.5,"Africa"
"331",465,"Congo","Women","1970-1979","Low",543,28,14,5.2,50,"Africa"
"332",474,"Croatia","Men","1950-1959","Medium",99,13,4,13.1,30.8,"Europe & North America"
"333",477,"Croatia","Men","1960-1969","Medium",98,24,10,24.5,41.7,"Europe & North America"
"334",480,"Croatia","Men","1970-1979","Medium",79,22,10,27.8,45.5,"Europe & North America"
"335",491,"Croatia","Women","1940-1949","Medium",52,3,2,5.8,66.7,"Europe & North America"
"336",493,"Croatia","Women","1950-1959","Low",57,9,1,15.8,11.1,"Europe & North America"
"337",494,"Croatia","Women","1950-1959","Medium",100,4,2,4,50,"Europe & North America"
"338",497,"Croatia","Women","1960-1969","Medium",126,14,7,11.1,50,"Europe & North America"
"339",500,"Croatia","Women","1970-1979","Medium",110,13,8,11.8,61.5,"Europe & North America"
"340",508,"Cyprus","Men","1930-1939","Low",59,1,1,1.7,100,"Europe & North America"
"341",511,"Cyprus","Men","1940-1949","Low",58,1,1,1.7,100,"Europe & North America"
"342",515,"Cyprus","Men","1950-1959","Medium",64,5,1,7.8,20,"Europe & North America"
"343",518,"Cyprus","Men","1960-1969","Medium",78,10,3,12.8,30,"Europe & North America"
"344",529,"Cyprus","Women","1930-1939","Low",68,2,1,2.9,50,"Europe & North America"
"345",532,"Cyprus","Women","1940-1949","Low",106,16,6,15.1,37.5,"Europe & North America"
"346",535,"Cyprus","Women","1950-1959","Low",69,5,4,7.2,80,"Europe & North America"
"347",536,"Cyprus","Women","1950-1959","Medium",79,5,3,6.3,60,"Europe & North America"
"348",537,"Cyprus","Women","1960-1969","High",57,10,5,17.5,50,"Europe & North America"
"349",539,"Cyprus","Women","1960-1969","Medium",98,6,3,6.1,50,"Europe & North America"
"350",548,"Czechia","Men","1920-1929","Medium",101,21,7,20.8,33.3,"Europe & North America"
"351",549,"Czechia","Men","1930-1939","High",76,8,2,10.5,25,"Europe & North America"
"352",550,"Czechia","Men","1930-1939","Low",146,42,18,28.8,42.9,"Europe & North America"
"353",551,"Czechia","Men","1930-1939","Medium",323,52,26,16.1,50,"Europe & North America"
"354",553,"Czechia","Men","1940-1949","High",136,24,11,17.6,45.8,"Europe & North America"
"355",554,"Czechia","Men","1940-1949","Low",133,41,24,30.8,58.5,"Europe & North America"
"356",555,"Czechia","Men","1940-1949","Medium",550,85,38,15.5,44.7,"Europe & North America"
"357",557,"Czechia","Men","1950-1959","High",166,24,8,14.5,33.3,"Europe & North America"
"358",558,"Czechia","Men","1950-1959","Low",127,49,33,38.6,67.3,"Europe & North America"
"359",559,"Czechia","Men","1950-1959","Medium",665,146,82,22,56.2,"Europe & North America"
"360",561,"Czechia","Men","1960-1969","High",216,53,29,24.5,54.7,"Europe & North America"
"361",562,"Czechia","Men","1960-1969","Low",126,49,33,38.9,67.3,"Europe & North America"
"362",563,"Czechia","Men","1960-1969","Medium",659,142,77,21.5,54.2,"Europe & North America"
"363",567,"Czechia","Men","1970-1979","Medium",183,40,18,21.9,45,"Europe & North America"
"364",571,"Czechia","Men","1980-1989","Medium",65,29,13,44.6,44.8,"Europe & North America"
"365",573,"Czechia","Women","1920-1929","Low",145,27,13,18.6,48.1,"Europe & North America"
"366",574,"Czechia","Women","1920-1929","Medium",108,27,11,25,40.7,"Europe & North America"
"367",577,"Czechia","Women","1930-1939","Low",265,41,20,15.5,48.8,"Europe & North America"
"368",578,"Czechia","Women","1930-1939","Medium",352,50,18,14.2,36,"Europe & North America"
"369",580,"Czechia","Women","1940-1949","High",98,19,8,19.4,42.1,"Europe & North America"
"370",581,"Czechia","Women","1940-1949","Low",232,34,15,14.7,44.1,"Europe & North America"
"371",582,"Czechia","Women","1940-1949","Medium",657,58,18,8.8,31,"Europe & North America"
"372",584,"Czechia","Women","1950-1959","High",143,13,3,9.1,23.1,"Europe & North America"
"373",585,"Czechia","Women","1950-1959","Low",201,27,14,13.4,51.9,"Europe & North America"
"374",586,"Czechia","Women","1950-1959","Medium",759,72,19,9.5,26.4,"Europe & North America"
"375",588,"Czechia","Women","1960-1969","High",162,18,10,11.1,55.6,"Europe & North America"
"376",589,"Czechia","Women","1960-1969","Low",129,21,11,16.3,52.4,"Europe & North America"
"377",590,"Czechia","Women","1960-1969","Medium",809,86,30,10.6,34.9,"Europe & North America"
"378",592,"Czechia","Women","1970-1979","High",51,11,4,21.6,36.4,"Europe & North America"
"379",594,"Czechia","Women","1970-1979","Medium",203,20,6,9.9,30,"Europe & North America"
"380",598,"Czechia","Women","1980-1989","Medium",64,16,5,25,31.2,"Europe & North America"
"381",599,"D.R.Congo","Men","1960-1969","High",735,23,8,3.1,34.8,"Africa"
"382",600,"D.R.Congo","Men","1960-1969","Low",858,20,NA,2.3,NA,"Africa"
"383",601,"D.R.Congo","Men","1970-1979","High",1626,59,26,3.6,44.1,"Africa"
"384",602,"D.R.Congo","Men","1970-1979","Low",1890,53,6,2.8,11.3,"Africa"
"385",603,"D.R.Congo","Women","1950-1959","High",253,2,NA,0.8,NA,"Africa"
"386",604,"D.R.Congo","Women","1950-1959","Low",264,7,3,2.7,42.9,"Africa"
"387",605,"D.R.Congo","Women","1960-1969","High",558,8,2,1.4,25,"Africa"
"388",606,"D.R.Congo","Women","1960-1969","Low",720,24,8,3.3,33.3,"Africa"
"389",607,"D.R.Congo","Women","1970-1979","High",623,20,9,3.2,45,"Africa"
"390",608,"D.R.Congo","Women","1970-1979","Low",854,28,11,3.3,39.3,"Africa"
"391",620,"Denmark","Men","1940-1949","High",106,9,NA,8.5,NA,"Europe & North America"
"392",622,"Denmark","Men","1940-1949","Medium",103,10,3,9.7,30,"Europe & North America"
"393",624,"Denmark","Men","1950-1959","High",131,24,5,18.3,20.8,"Europe & North America"
"394",626,"Denmark","Men","1950-1959","Medium",105,13,1,12.4,7.7,"Europe & North America"
"395",628,"Denmark","Men","1960-1969","High",139,21,4,15.1,19,"Europe & North America"
"396",630,"Denmark","Men","1960-1969","Medium",103,23,5,22.3,21.7,"Europe & North America"
"397",632,"Denmark","Men","1970-1979","High",72,13,5,18.1,38.5,"Europe & North America"
"398",634,"Denmark","Men","1970-1979","Medium",54,11,1,20.4,9.1,"Europe & North America"
"399",648,"Denmark","Women","1940-1949","High",119,17,NA,14.3,NA,"Europe & North America"
"400",649,"Denmark","Women","1940-1949","Low",72,6,1,8.3,16.7,"Europe & North America"
"401",650,"Denmark","Women","1940-1949","Medium",81,3,NA,3.7,NA,"Europe & North America"
"402",652,"Denmark","Women","1950-1959","High",140,25,2,17.9,8,"Europe & North America"
"403",654,"Denmark","Women","1950-1959","Medium",68,8,NA,11.8,NA,"Europe & North America"
"404",656,"Denmark","Women","1960-1969","High",133,19,2,14.3,10.5,"Europe & North America"
"405",658,"Denmark","Women","1960-1969","Medium",79,12,2,15.2,16.7,"Europe & North America"
"406",660,"Denmark","Women","1970-1979","High",108,16,3,14.8,18.8,"Europe & North America"
"407",668,"Dominican Republic","Men","1950-1959","High",1544,92,27,6,29.3,"Latin America"
"408",669,"Dominican Republic","Men","1950-1959","Low",1701,47,5,2.8,10.6,"Latin America"
"409",671,"Dominican Republic","Men","1960-1969","High",1739,98,50,5.6,51,"Latin America"
"410",672,"Dominican Republic","Men","1960-1969","Low",2737,87,21,3.2,24.1,"Latin America"
"411",674,"Dominican Republic","Women","1940-1949","High",104,5,3,4.8,60,"Latin America"
"412",675,"Dominican Republic","Women","1940-1949","Low",146,13,6,8.9,46.2,"Latin America"
"413",677,"Dominican Republic","Women","1950-1959","High",194,8,2,4.1,25,"Latin America"
"414",678,"Dominican Republic","Women","1950-1959","Low",237,22,6,9.3,27.3,"Latin America"
"415",679,"Dominican Republic","Women","1960-1969","High",218,25,9,11.5,36,"Latin America"
"416",680,"Dominican Republic","Women","1960-1969","Low",238,37,14,15.5,37.8,"Latin America"
"417",683,"Estonia","Men","1920-1929","Low",86,11,2,12.8,18.2,"Europe & North America"
"418",685,"Estonia","Men","1930-1939","High",115,11,2,9.6,18.2,"Europe & North America"
"419",686,"Estonia","Men","1930-1939","Low",254,34,6,13.4,17.6,"Europe & North America"
"420",687,"Estonia","Men","1930-1939","Medium",140,5,2,3.6,40,"Europe & North America"
"421",689,"Estonia","Men","1940-1949","High",192,9,2,4.7,22.2,"Europe & North America"
"422",690,"Estonia","Men","1940-1949","Low",196,28,9,14.3,32.1,"Europe & North America"
"423",691,"Estonia","Men","1940-1949","Medium",248,23,6,9.3,26.1,"Europe & North America"
"424",692,"Estonia","Men","1950-1959","High",195,13,3,6.7,23.1,"Europe & North America"
"425",693,"Estonia","Men","1950-1959","Low",132,27,10,20.5,37,"Europe & North America"
"426",694,"Estonia","Men","1950-1959","Medium",434,40,13,9.2,32.5,"Europe & North America"
"427",695,"Estonia","Men","1960-1969","High",179,23,5,12.8,21.7,"Europe & North America"
"428",696,"Estonia","Men","1960-1969","Low",69,16,9,23.2,56.2,"Europe & North America"
"429",697,"Estonia","Men","1960-1969","Medium",495,73,29,14.7,39.7,"Europe & North America"
"430",698,"Estonia","Men","1970-1979","High",75,12,4,16,33.3,"Europe & North America"
"431",700,"Estonia","Men","1970-1979","Medium",101,22,9,21.8,40.9,"Europe & North America"
"432",708,"Estonia","Women","1920-1929","High",69,8,3,11.6,37.5,"Europe & North America"
"433",709,"Estonia","Women","1920-1929","Low",251,39,10,15.5,25.6,"Europe & North America"
"434",710,"Estonia","Women","1920-1929","Medium",103,15,4,14.6,26.7,"Europe & North America"
"435",711,"Estonia","Women","1930-1939","High",223,33,11,14.8,33.3,"Europe & North America"
"436",712,"Estonia","Women","1930-1939","Low",472,41,14,8.7,34.1,"Europe & North America"
"437",713,"Estonia","Women","1930-1939","Medium",340,31,6,9.1,19.4,"Europe & North America"
"438",714,"Estonia","Women","1940-1949","High",351,39,15,11.1,38.5,"Europe & North America"
"439",715,"Estonia","Women","1940-1949","Low",246,22,7,8.9,31.8,"Europe & North America"
"440",716,"Estonia","Women","1940-1949","Medium",474,22,6,4.6,27.3,"Europe & North America"
"441",717,"Estonia","Women","1950-1959","High",527,36,11,6.8,30.6,"Europe & North America"
"442",718,"Estonia","Women","1950-1959","Low",112,8,3,7.1,37.5,"Europe & North America"
"443",719,"Estonia","Women","1950-1959","Medium",637,34,9,5.3,26.5,"Europe & North America"
"444",720,"Estonia","Women","1960-1969","High",502,40,19,8,47.5,"Europe & North America"
"445",721,"Estonia","Women","1960-1969","Low",59,5,3,8.5,60,"Europe & North America"
"446",722,"Estonia","Women","1960-1969","Medium",607,43,14,7.1,32.6,"Europe & North America"
"447",723,"Estonia","Women","1970-1979","High",89,14,3,15.7,21.4,"Europe & North America"
"448",725,"Estonia","Women","1970-1979","Medium",114,5,1,4.4,20,"Europe & North America"
"449",729,"Ethiopia","Men","1960-1969","High",128,11,6,8.6,54.5,"Africa"
"450",730,"Ethiopia","Men","1960-1969","Low",366,6,NA,1.6,NA,"Africa"
"451",731,"Ethiopia","Men","1970-1979","High",881,101,59,11.5,58.4,"Africa"
"452",732,"Ethiopia","Men","1970-1979","Low",1894,36,10,1.9,27.8,"Africa"
"453",733,"Ethiopia","Men","1980-1989","High",296,36,22,12.2,61.1,"Africa"
"454",734,"Ethiopia","Men","1980-1989","Low",631,21,8,3.3,38.1,"Africa"
"455",735,"Ethiopia","Women","1950-1959","High",96,5,2,5.2,40,"Africa"
"456",736,"Ethiopia","Women","1950-1959","Low",121,1,NA,0.8,NA,"Africa"
"457",737,"Ethiopia","Women","1960-1969","High",619,32,17,5.2,53.1,"Africa"
"458",738,"Ethiopia","Women","1960-1969","Low",697,10,NA,1.4,NA,"Africa"
"459",739,"Ethiopia","Women","1970-1979","High",1091,134,81,12.3,60.4,"Africa"
"460",740,"Ethiopia","Women","1970-1979","Low",1321,33,12,2.5,36.4,"Africa"
"461",741,"Ethiopia","Women","1980-1989","High",230,50,30,21.7,60,"Africa"
"462",742,"Ethiopia","Women","1980-1989","Low",396,23,10,5.8,43.5,"Africa"
"463",750,"Finland","Men","1930-1939","Low",90,8,3,8.9,37.5,"Europe & North America"
"464",753,"Finland","Men","1940-1949","High",89,6,1,6.7,16.7,"Europe & North America"
"465",754,"Finland","Men","1940-1949","Low",102,13,5,12.7,38.5,"Europe & North America"
"466",755,"Finland","Men","1940-1949","Medium",86,11,3,12.8,27.3,"Europe & North America"
"467",756,"Finland","Men","1950-1959","High",113,16,5,14.2,31.2,"Europe & North America"
"468",757,"Finland","Men","1950-1959","Low",86,17,7,19.8,41.2,"Europe & North America"
"469",758,"Finland","Men","1950-1959","Medium",124,22,8,17.7,36.4,"Europe & North America"
"470",759,"Finland","Men","1960-1969","High",108,19,3,17.6,15.8,"Europe & North America"
"471",761,"Finland","Men","1960-1969","Medium",143,31,12,21.7,38.7,"Europe & North America"
"472",763,"Finland","Men","1970-1979","High",87,18,4,20.7,22.2,"Europe & North America"
"473",765,"Finland","Men","1970-1979","Medium",53,17,5,32.1,29.4,"Europe & North America"
"474",775,"Finland","Women","1920-1929","Low",58,10,4,17.2,40,"Europe & North America"
"475",778,"Finland","Women","1930-1939","Low",123,12,4,9.8,33.3,"Europe & North America"
"476",781,"Finland","Women","1940-1949","High",82,13,4,15.9,30.8,"Europe & North America"
"477",782,"Finland","Women","1940-1949","Low",122,11,4,9,36.4,"Europe & North America"
"478",783,"Finland","Women","1940-1949","Medium",95,12,3,12.6,25,"Europe & North America"
"479",784,"Finland","Women","1950-1959","High",140,25,6,17.9,24,"Europe & North America"
"480",785,"Finland","Women","1950-1959","Low",60,9,NA,15,NA,"Europe & North America"
"481",786,"Finland","Women","1950-1959","Medium",116,15,3,12.9,20,"Europe & North America"
"482",787,"Finland","Women","1960-1969","High",177,24,7,13.6,29.2,"Europe & North America"
"483",789,"Finland","Women","1960-1969","Medium",104,21,2,20.2,9.5,"Europe & North America"
"484",790,"Finland","Women","1970-1979","High",102,17,5,16.7,29.4,"Europe & North America"
"485",800,"France","Men","1920-1929","Low",157,30,11,19.1,36.7,"Europe & North America"
"486",802,"France","Men","1930-1939","High",98,6,1,6.1,16.7,"Europe & North America"
"487",803,"France","Men","1930-1939","Low",354,51,28,14.4,54.9,"Europe & North America"
"488",804,"France","Men","1930-1939","Medium",250,34,15,13.6,44.1,"Europe & North America"
"489",806,"France","Men","1940-1949","High",228,26,8,11.4,30.8,"Europe & North America"
"490",807,"France","Men","1940-1949","Low",398,60,30,15.1,50,"Europe & North America"
"491",808,"France","Men","1940-1949","Medium",413,64,21,15.5,32.8,"Europe & North America"
"492",809,"France","Men","1950-1959","High",286,51,11,17.8,21.6,"Europe & North America"
"493",810,"France","Men","1950-1959","Low",324,59,21,18.2,35.6,"Europe & North America"
"494",811,"France","Men","1950-1959","Medium",530,84,28,15.8,33.3,"Europe & North America"
"495",813,"France","Men","1960-1969","High",344,77,19,22.4,24.7,"Europe & North America"
"496",814,"France","Men","1960-1969","Low",227,63,33,27.8,52.4,"Europe & North America"
"497",815,"France","Men","1960-1969","Medium",644,118,41,18.3,34.7,"Europe & North America"
"498",816,"France","Men","1970-1979","High",118,31,5,26.3,16.1,"Europe & North America"
"499",818,"France","Men","1970-1979","Medium",146,32,11,21.9,34.4,"Europe & North America"
"500",825,"France","Women","1920-1929","Low",252,38,13,15.1,34.2,"Europe & North America"
"501",826,"France","Women","1920-1929","Medium",58,14,5,24.1,35.7,"Europe & North America"
"502",828,"France","Women","1930-1939","High",86,19,12,22.1,63.2,"Europe & North America"
"503",829,"France","Women","1930-1939","Low",650,70,25,10.8,35.7,"Europe & North America"
"504",830,"France","Women","1930-1939","Medium",188,28,10,14.9,35.7,"Europe & North America"
"505",831,"France","Women","1940-1949","High",209,50,15,23.9,30,"Europe & North America"
"506",832,"France","Women","1940-1949","Low",559,49,18,8.8,36.7,"Europe & North America"
"507",833,"France","Women","1940-1949","Medium",433,61,21,14.1,34.4,"Europe & North America"
"508",834,"France","Women","1950-1959","High",369,66,19,17.9,28.8,"Europe & North America"
"509",835,"France","Women","1950-1959","Low",523,56,17,10.7,30.4,"Europe & North America"
"510",836,"France","Women","1950-1959","Medium",573,69,31,12,44.9,"Europe & North America"
"511",837,"France","Women","1960-1969","High",500,105,35,21,33.3,"Europe & North America"
"512",838,"France","Women","1960-1969","Low",297,27,9,9.1,33.3,"Europe & North America"
"513",839,"France","Women","1960-1969","Medium",675,94,30,13.9,31.9,"Europe & North America"
"514",840,"France","Women","1970-1979","High",156,23,5,14.7,21.7,"Europe & North America"
"515",842,"France","Women","1970-1979","Medium",116,16,4,13.8,25,"Europe & North America"
"516",846,"Gabon","Men","1960-1969","High",465,21,4,4.5,19,"Africa"
"517",847,"Gabon","Men","1960-1969","Low",767,34,3,4.4,8.8,"Africa"
"518",848,"Gabon","Men","1970-1979","High",637,33,10,5.2,30.3,"Africa"
"519",849,"Gabon","Men","1970-1979","Low",749,29,6,3.9,20.7,"Africa"
"520",851,"Gabon","Women","1950-1959","High",216,4,2,1.9,50,"Africa"
"521",852,"Gabon","Women","1950-1959","Low",229,8,3,3.5,37.5,"Africa"
"522",854,"Gabon","Women","1960-1969","High",501,11,1,2.2,9.1,"Africa"
"523",855,"Gabon","Women","1960-1969","Low",516,34,10,6.6,29.4,"Africa"
"524",857,"Gabon","Women","1970-1979","High",331,23,9,6.9,39.1,"Africa"
"525",858,"Gabon","Women","1970-1979","Low",591,67,33,11.3,49.3,"Africa"
"526",860,"Gambia","Men","1970-1979","High",540,19,2,3.5,10.5,"Africa"
"527",861,"Gambia","Men","1970-1979","Low",1193,24,1,2,4.2,"Africa"
"528",862,"Gambia","Men","1980-1989","High",596,41,11,6.9,26.8,"Africa"
"529",863,"Gambia","Men","1980-1989","Low",947,18,4,1.9,22.2,"Africa"
"530",864,"Gambia","Women","1960-1969","High",189,10,5,5.3,50,"Africa"
"531",865,"Gambia","Women","1960-1969","Low",228,2,NA,0.9,NA,"Africa"
"532",866,"Gambia","Women","1970-1979","High",350,28,21,8,75,"Africa"
"533",867,"Gambia","Women","1970-1979","Low",375,11,4,2.9,36.4,"Africa"
"534",868,"Gambia","Women","1980-1989","High",230,45,34,19.6,75.6,"Africa"
"535",869,"Gambia","Women","1980-1989","Low",294,26,13,8.8,50,"Africa"
"536",872,"Georgia","Men","1920-1929","Medium",50,NA,NA,NA,NA,"FSU"
"537",873,"Georgia","Men","1930-1939","High",113,10,5,8.8,50,"FSU"
"538",874,"Georgia","Men","1930-1939","Low",189,12,7,6.3,58.3,"FSU"
"539",875,"Georgia","Men","1930-1939","Medium",207,7,2,3.4,28.6,"FSU"
"540",876,"Georgia","Men","1940-1949","High",144,4,2,2.8,50,"FSU"
"541",877,"Georgia","Men","1940-1949","Low",69,8,1,11.6,12.5,"FSU"
"542",878,"Georgia","Men","1940-1949","Medium",263,16,5,6.1,31.2,"FSU"
"543",879,"Georgia","Men","1950-1959","High",264,23,18,8.7,78.3,"FSU"
"544",881,"Georgia","Men","1950-1959","Medium",490,33,21,6.7,63.6,"FSU"
"545",882,"Georgia","Men","1960-1969","High",258,43,34,16.7,79.1,"FSU"
"546",884,"Georgia","Men","1960-1969","Medium",625,79,55,12.6,69.6,"FSU"
"547",887,"Georgia","Men","1970-1979","Medium",65,21,14,32.3,66.7,"FSU"
"548",889,"Georgia","Women","1920-1929","Low",103,13,8,12.6,61.5,"FSU"
"549",890,"Georgia","Women","1920-1929","Medium",84,14,10,16.7,71.4,"FSU"
"550",891,"Georgia","Women","1930-1939","High",126,22,15,17.5,68.2,"FSU"
"551",892,"Georgia","Women","1930-1939","Low",280,28,16,10,57.1,"FSU"
"552",893,"Georgia","Women","1930-1939","Medium",323,39,20,12.1,51.3,"FSU"
"553",894,"Georgia","Women","1940-1949","High",194,36,27,18.6,75,"FSU"
"554",895,"Georgia","Women","1940-1949","Low",128,14,8,10.9,57.1,"FSU"
"555",896,"Georgia","Women","1940-1949","Medium",396,38,23,9.6,60.5,"FSU"
"556",897,"Georgia","Women","1950-1959","High",274,36,30,13.1,83.3,"FSU"
"557",898,"Georgia","Women","1950-1959","Low",83,8,4,9.6,50,"FSU"
"558",899,"Georgia","Women","1950-1959","Medium",662,57,36,8.6,63.2,"FSU"
"559",900,"Georgia","Women","1960-1969","High",332,69,56,20.8,81.2,"FSU"
"560",901,"Georgia","Women","1960-1969","Low",54,5,5,9.3,100,"FSU"
"561",902,"Georgia","Women","1960-1969","Medium",760,81,60,10.7,74.1,"FSU"
"562",903,"Georgia","Women","1970-1979","High",57,11,7,19.3,63.6,"FSU"
"563",905,"Georgia","Women","1970-1979","Medium",101,12,8,11.9,66.7,"FSU"
"564",908,"Germany","Men","1920-1929","High",95,11,1,11.6,9.1,"Europe & North America"
"565",910,"Germany","Men","1920-1929","Medium",124,23,8,18.5,34.8,"Europe & North America"
"566",912,"Germany","Men","1930-1939","High",337,47,6,13.9,12.8,"Europe & North America"
"567",913,"Germany","Men","1930-1939","Low",70,23,10,32.9,43.5,"Europe & North America"
"568",914,"Germany","Men","1930-1939","Medium",491,111,27,22.6,24.3,"Europe & North America"
"569",916,"Germany","Men","1940-1949","High",465,98,12,21.1,12.2,"Europe & North America"
"570",917,"Germany","Men","1940-1949","Low",67,24,8,35.8,33.3,"Europe & North America"
"571",918,"Germany","Men","1940-1949","Medium",610,134,38,22,28.4,"Europe & North America"
"572",920,"Germany","Men","1950-1959","High",497,91,25,18.3,27.5,"Europe & North America"
"573",921,"Germany","Men","1950-1959","Low",57,18,7,31.6,38.9,"Europe & North America"
"574",922,"Germany","Men","1950-1959","Medium",729,191,64,26.2,33.5,"Europe & North America"
"575",924,"Germany","Men","1960-1969","High",519,147,41,28.3,27.9,"Europe & North America"
"576",925,"Germany","Men","1960-1969","Low",84,28,19,33.3,67.9,"Europe & North America"
"577",926,"Germany","Men","1960-1969","Medium",861,276,126,32.1,45.7,"Europe & North America"
"578",928,"Germany","Men","1970-1979","High",872,246,87,28.2,35.4,"Europe & North America"
"579",929,"Germany","Men","1970-1979","Low",185,55,25,29.7,45.5,"Europe & North America"
"580",930,"Germany","Men","1970-1979","Medium",1374,426,171,31,40.1,"Europe & North America"
"581",939,"Germany","Women","1920-1929","Low",143,35,22,24.5,62.9,"Europe & North America"
"582",940,"Germany","Women","1920-1929","Medium",176,42,22,23.9,52.4,"Europe & North America"
"583",942,"Germany","Women","1930-1939","High",115,23,12,20,52.2,"Europe & North America"
"584",943,"Germany","Women","1930-1939","Low",261,51,21,19.5,41.2,"Europe & North America"
"585",944,"Germany","Women","1930-1939","Medium",495,99,41,20,41.4,"Europe & North America"
"586",946,"Germany","Women","1940-1949","High",219,41,6,18.7,14.6,"Europe & North America"
"587",947,"Germany","Women","1940-1949","Low",162,39,8,24.1,20.5,"Europe & North America"
"588",948,"Germany","Women","1940-1949","Medium",701,107,19,15.3,17.8,"Europe & North America"
"589",950,"Germany","Women","1950-1959","High",390,62,19,15.9,30.6,"Europe & North America"
"590",951,"Germany","Women","1950-1959","Low",153,23,7,15,30.4,"Europe & North America"
"591",952,"Germany","Women","1950-1959","Medium",953,141,29,14.8,20.6,"Europe & North America"
"592",954,"Germany","Women","1960-1969","High",486,84,24,17.3,28.6,"Europe & North America"
"593",955,"Germany","Women","1960-1969","Low",171,25,8,14.6,32,"Europe & North America"
"594",956,"Germany","Women","1960-1969","Medium",1122,163,53,14.5,32.5,"Europe & North America"
"595",958,"Germany","Women","1970-1979","High",893,176,49,19.7,27.8,"Europe & North America"
"596",959,"Germany","Women","1970-1979","Low",264,28,13,10.6,46.4,"Europe & North America"
"597",960,"Germany","Women","1970-1979","Medium",1693,266,62,15.7,23.3,"Europe & North America"
"598",965,"Ghana","Men","1960-1969","High",427,10,1,2.3,10,"Africa"
"599",966,"Ghana","Men","1960-1969","Low",455,6,1,1.3,16.7,"Africa"
"600",967,"Ghana","Men","1970-1979","High",1112,56,18,5,32.1,"Africa"
"601",968,"Ghana","Men","1970-1979","Low",1168,24,4,2.1,16.7,"Africa"
"602",970,"Ghana","Women","1950-1959","Low",197,4,1,2,25,"Africa"
"603",971,"Ghana","Women","1960-1969","High",330,10,7,3,70,"Africa"
"604",972,"Ghana","Women","1960-1969","Low",338,11,9,3.3,81.8,"Africa"
"605",973,"Ghana","Women","1970-1979","High",322,33,17,10.2,51.5,"Africa"
"606",974,"Ghana","Women","1970-1979","Low",580,30,17,5.2,56.7,"Africa"
"607",975,"Guatemala","Men","1960-1969","High",981,65,45,6.6,69.2,"Latin America"
"608",976,"Guatemala","Men","1960-1969","Low",1083,37,26,3.4,70.3,"Latin America"
"609",977,"Guatemala","Men","1970-1979","High",2650,216,160,8.2,74.1,"Latin America"
"610",978,"Guatemala","Men","1970-1979","Low",2910,153,120,5.3,78.4,"Latin America"
"611",980,"Guatemala","Men","1980-1989","Low",73,9,6,12.3,66.7,"Latin America"
"612",981,"Guatemala","Women","1950-1959","High",242,11,6,4.5,54.5,"Latin America"
"613",982,"Guatemala","Women","1950-1959","Low",347,13,7,3.7,53.8,"Latin America"
"614",983,"Guatemala","Women","1960-1969","High",678,39,26,5.8,66.7,"Latin America"
"615",984,"Guatemala","Women","1960-1969","Low",809,39,21,4.8,53.8,"Latin America"
"616",985,"Guatemala","Women","1970-1979","High",609,64,49,10.5,76.6,"Latin America"
"617",986,"Guatemala","Women","1970-1979","Low",1364,129,79,9.5,61.2,"Latin America"
"618",990,"Guinea","Men","1960-1969","Low",157,9,2,5.7,22.2,"Africa"
"619",991,"Guinea","Men","1970-1979","High",199,14,3,7,21.4,"Africa"
"620",992,"Guinea","Men","1970-1979","Low",1797,70,6,3.9,8.6,"Africa"
"621",993,"Guinea","Men","1980-1989","High",159,13,6,8.2,46.2,"Africa"
"622",994,"Guinea","Men","1980-1989","Low",921,41,3,4.5,7.3,"Africa"
"623",997,"Guinea","Women","1960-1969","High",143,2,1,1.4,50,"Africa"
"624",998,"Guinea","Women","1960-1969","Low",410,9,4,2.2,44.4,"Africa"
"625",999,"Guinea","Women","1970-1979","High",263,16,8,6.1,50,"Africa"
"626",1000,"Guinea","Women","1970-1979","Low",519,16,6,3.1,37.5,"Africa"
"627",1001,"Guinea","Women","1980-1989","High",152,25,14,16.4,56,"Africa"
"628",1002,"Guinea","Women","1980-1989","Low",213,20,10,9.4,50,"Africa"
"629",1005,"Guyana","Men","1960-1969","High",605,46,26,7.6,56.5,"Latin America"
"630",1006,"Guyana","Men","1960-1969","Low",607,35,13,5.8,37.1,"Latin America"
"631",1008,"Guyana","Men","1970-1979","High",275,27,17,9.8,63,"Latin America"
"632",1009,"Guyana","Men","1970-1979","Low",344,16,7,4.7,43.8,"Latin America"
"633",1013,"Guyana","Women","1960-1969","High",441,52,22,11.8,42.3,"Latin America"
"634",1014,"Guyana","Women","1960-1969","Low",442,50,26,11.3,52,"Latin America"
"635",1016,"Guyana","Women","1970-1979","High",176,30,17,17,56.7,"Latin America"
"636",1017,"Guyana","Women","1970-1979","Low",246,32,16,13,50,"Latin America"
"637",1019,"Haiti","Men","1950-1959","High",135,NA,NA,NA,NA,"Latin America"
"638",1020,"Haiti","Men","1950-1959","Low",381,NA,NA,NA,NA,"Latin America"
"639",1021,"Haiti","Men","1960-1969","High",588,20,6,3.4,30,"Latin America"
"640",1022,"Haiti","Men","1960-1969","Low",700,6,1,0.9,16.7,"Latin America"
"641",1023,"Haiti","Men","1970-1979","High",1308,124,56,9.5,45.2,"Latin America"
"642",1024,"Haiti","Men","1970-1979","Low",1442,33,14,2.3,42.4,"Latin America"
"643",1025,"Haiti","Men","1980-1989","High",249,44,23,17.7,52.3,"Latin America"
"644",1026,"Haiti","Men","1980-1989","Low",509,17,11,3.3,64.7,"Latin America"
"645",1027,"Haiti","Women","1950-1959","High",538,10,4,1.9,40,"Latin America"
"646",1028,"Haiti","Women","1950-1959","Low",692,18,10,2.6,55.6,"Latin America"
"647",1029,"Haiti","Women","1960-1969","High",922,30,15,3.3,50,"Latin America"
"648",1030,"Haiti","Women","1960-1969","Low",1028,34,19,3.3,55.9,"Latin America"
"649",1031,"Haiti","Women","1970-1979","High",912,69,35,7.6,50.7,"Latin America"
"650",1032,"Haiti","Women","1970-1979","Low",1375,79,61,5.7,77.2,"Latin America"
"651",1033,"Haiti","Women","1980-1989","High",195,33,20,16.9,60.6,"Latin America"
"652",1034,"Haiti","Women","1980-1989","Low",377,40,27,10.6,67.5,"Latin America"
"653",1035,"Honduras","Men","1960-1969","High",1465,78,47,5.3,60.3,"Latin America"
"654",1036,"Honduras","Men","1960-1969","Low",1564,50,31,3.2,62,"Latin America"
"655",1038,"Honduras","Men","1970-1979","High",934,64,41,6.9,64.1,"Latin America"
"656",1039,"Honduras","Men","1970-1979","Low",2710,100,61,3.7,61,"Latin America"
"657",1040,"Honduras","Women","1950-1959","High",329,15,6,4.6,40,"Latin America"
"658",1041,"Honduras","Women","1950-1959","Low",383,20,10,5.2,50,"Latin America"
"659",1043,"Honduras","Women","1960-1969","High",533,32,12,6,37.5,"Latin America"
"660",1044,"Honduras","Women","1960-1969","Low",642,45,28,7,62.2,"Latin America"
"661",1045,"Honduras","Women","1970-1979","High",247,28,15,11.3,53.6,"Latin America"
"662",1046,"Honduras","Women","1970-1979","Low",935,91,47,9.7,51.6,"Latin America"
"663",1050,"Hungary","Men","1920-1929","Low",103,8,1,7.8,12.5,"Europe & North America"
"664",1051,"Hungary","Men","1920-1929","Medium",83,14,1,16.9,7.1,"Europe & North America"
"665",1052,"Hungary","Men","1930-1939","High",128,15,3,11.7,20,"Europe & North America"
"666",1053,"Hungary","Men","1930-1939","Low",315,30,7,9.5,23.3,"Europe & North America"
"667",1054,"Hungary","Men","1930-1939","Medium",363,40,6,11,15,"Europe & North America"
"668",1055,"Hungary","Men","1940-1949","High",222,22,4,9.9,18.2,"Europe & North America"
"669",1056,"Hungary","Men","1940-1949","Low",253,31,13,12.3,41.9,"Europe & North America"
"670",1057,"Hungary","Men","1940-1949","Medium",726,76,9,10.5,11.8,"Europe & North America"
"671",1058,"Hungary","Men","1950-1959","High",208,15,5,7.2,33.3,"Europe & North America"
"672",1059,"Hungary","Men","1950-1959","Low",238,55,32,23.1,58.2,"Europe & North America"
"673",1060,"Hungary","Men","1950-1959","Medium",1005,115,47,11.4,40.9,"Europe & North America"
"674",1061,"Hungary","Men","1960-1969","High",181,40,16,22.1,40,"Europe & North America"
"675",1062,"Hungary","Men","1960-1969","Low",152,38,22,25,57.9,"Europe & North America"
"676",1063,"Hungary","Men","1960-1969","Medium",841,168,80,20,47.6,"Europe & North America"
"677",1066,"Hungary","Men","1970-1979","Medium",127,39,16,30.7,41,"Europe & North America"
"678",1074,"Hungary","Women","1920-1929","Low",318,46,10,14.5,21.7,"Europe & North America"
"679",1075,"Hungary","Women","1920-1929","Medium",107,23,7,21.5,30.4,"Europe & North America"
"680",1077,"Hungary","Women","1930-1939","High",106,19,6,17.9,31.6,"Europe & North America"
"681",1078,"Hungary","Women","1930-1939","Low",813,69,11,8.5,15.9,"Europe & North America"
"682",1079,"Hungary","Women","1930-1939","Medium",406,53,16,13.1,30.2,"Europe & North America"
"683",1080,"Hungary","Women","1940-1949","High",218,25,9,11.5,36,"Europe & North America"
"684",1081,"Hungary","Women","1940-1949","Low",638,45,10,7.1,22.2,"Europe & North America"
"685",1082,"Hungary","Women","1940-1949","Medium",780,74,16,9.5,21.6,"Europe & North America"
"686",1084,"Hungary","Women","1950-1959","High",312,33,12,10.6,36.4,"Europe & North America"
"687",1085,"Hungary","Women","1950-1959","Low",475,27,7,5.7,25.9,"Europe & North America"
"688",1086,"Hungary","Women","1950-1959","Medium",1021,87,21,8.5,24.1,"Europe & North America"
"689",1087,"Hungary","Women","1960-1969","High",304,34,15,11.2,44.1,"Europe & North America"
"690",1088,"Hungary","Women","1960-1969","Low",245,23,9,9.4,39.1,"Europe & North America"
"691",1089,"Hungary","Women","1960-1969","Medium",878,70,22,8,31.4,"Europe & North America"
"692",1093,"Hungary","Women","1970-1979","Medium",129,26,8,20.2,30.8,"Europe & North America"
"693",1138,"India","Men","1960-1969","High",23325,1003,372,4.3,37.1,"Asia"
"694",1139,"India","Men","1960-1969","Low",28171,865,168,3.1,19.4,"Asia"
"695",1140,"India","Men","1970-1979","High",76976,3789,1592,4.9,42,"Asia"
"696",1141,"India","Men","1970-1979","Low",86018,3001,778,3.5,25.9,"Asia"
"697",1142,"India","Men","1980-1989","High",9223,744,370,8.1,49.7,"Asia"
"698",1143,"India","Men","1980-1989","Low",16016,793,238,5,30,"Asia"
"699",1144,"India","Women","1960-1969","High",7723,508,106,6.6,20.9,"Asia"
"700",1145,"India","Women","1960-1969","Low",8434,542,127,6.4,23.4,"Asia"
"701",1146,"India","Women","1970-1979","High",12153,1178,436,9.7,37,"Asia"
"702",1147,"India","Women","1970-1979","Low",12996,1087,380,8.4,35,"Asia"
"703",1148,"India","Women","1980-1989","High",1456,213,92,14.6,43.2,"Asia"
"704",1149,"India","Women","1980-1989","Low",2857,302,123,10.6,40.7,"Asia"
"705",1150,"Indonesia","Men","1960-1969","High",1368,94,40,6.9,42.6,"Asia"
"706",1151,"Indonesia","Men","1960-1969","Low",1402,74,26,5.3,35.1,"Asia"
"707",1153,"Indonesia","Men","1970-1979","High",5274,440,199,8.3,45.2,"Asia"
"708",1154,"Indonesia","Men","1970-1979","Low",8605,426,180,5,42.3,"Asia"
"709",1156,"Indonesia","Men","1980-1989","High",1808,156,65,8.6,41.7,"Asia"
"710",1157,"Indonesia","Men","1980-1989","Low",2402,122,56,5.1,45.9,"Asia"
"711",1159,"Indonesia","Women","1960-1969","High",988,17,NA,1.7,NA,"Asia"
"712",1160,"Indonesia","Women","1960-1969","Low",1334,33,NA,2.5,NA,"Asia"
"713",1162,"Indonesia","Women","1970-1979","High",1656,64,NA,3.9,NA,"Asia"
"714",1163,"Indonesia","Women","1970-1979","Low",1919,73,NA,3.8,NA,"Asia"
"715",1165,"Indonesia","Women","1980-1989","High",457,26,NA,5.7,NA,"Asia"
"716",1166,"Indonesia","Women","1980-1989","Low",586,30,NA,5.1,NA,"Asia"
"717",1173,"Ireland","Men","1930-1939","Low",99,31,21,31.3,67.7,"Europe & North America"
"718",1176,"Ireland","Men","1940-1949","High",82,12,5,14.6,41.7,"Europe & North America"
"719",1177,"Ireland","Men","1940-1949","Low",139,41,30,29.5,73.2,"Europe & North America"
"720",1180,"Ireland","Men","1950-1959","High",98,21,11,21.4,52.4,"Europe & North America"
"721",1181,"Ireland","Men","1950-1959","Low",138,40,32,29,80,"Europe & North America"
"722",1182,"Ireland","Men","1950-1959","Medium",70,20,15,28.6,75,"Europe & North America"
"723",1184,"Ireland","Men","1960-1969","High",118,30,11,25.4,36.7,"Europe & North America"
"724",1185,"Ireland","Men","1960-1969","Low",121,48,38,39.7,79.2,"Europe & North America"
"725",1186,"Ireland","Men","1960-1969","Medium",84,32,15,38.1,46.9,"Europe & North America"
"726",1188,"Ireland","Men","1970-1979","High",109,30,10,27.5,33.3,"Europe & North America"
"727",1190,"Ireland","Men","1970-1979","Medium",56,16,5,28.6,31.2,"Europe & North America"
"728",1203,"Ireland","Women","1930-1939","Low",85,13,8,15.3,61.5,"Europe & North America"
"729",1206,"Ireland","Women","1940-1949","High",59,14,12,23.7,85.7,"Europe & North America"
"730",1207,"Ireland","Women","1940-1949","Low",142,18,11,12.7,61.1,"Europe & North America"
"731",1208,"Ireland","Women","1940-1949","Medium",59,8,5,13.6,62.5,"Europe & North America"
"732",1210,"Ireland","Women","1950-1959","High",117,34,18,29.1,52.9,"Europe & North America"
"733",1211,"Ireland","Women","1950-1959","Low",123,15,7,12.2,46.7,"Europe & North America"
"734",1212,"Ireland","Women","1950-1959","Medium",91,16,11,17.6,68.8,"Europe & North America"
"735",1213,"Ireland","Women","1960-1969","High",175,32,20,18.3,62.5,"Europe & North America"
"736",1214,"Ireland","Women","1960-1969","Low",91,10,4,11,40,"Europe & North America"
"737",1215,"Ireland","Women","1960-1969","Medium",114,20,12,17.5,60,"Europe & North America"
"738",1217,"Ireland","Women","1970-1979","High",173,36,6,20.8,16.7,"Europe & North America"
"739",1219,"Ireland","Women","1970-1979","Medium",66,8,1,12.1,12.5,"Europe & North America"
"740",1221,"Ireland","Women","1980-1989","High",72,17,7,23.6,41.2,"Europe & North America"
"741",1238,"Italy","Men","1930-1939","Low",56,3,1,5.4,33.3,"Europe & North America"
"742",1242,"Italy","Men","1940-1949","Low",109,11,4,10.1,36.4,"Europe & North America"
"743",1245,"Italy","Men","1950-1959","Low",95,17,8,17.9,47.1,"Europe & North America"
"744",1246,"Italy","Men","1950-1959","Medium",67,10,2,14.9,20,"Europe & North America"
"745",1249,"Italy","Men","1960-1969","Low",94,26,16,27.7,61.5,"Europe & North America"
"746",1250,"Italy","Men","1960-1969","Medium",92,30,6,32.6,20,"Europe & North America"
"747",1252,"Italy","Men","1970-1979","High",57,26,10,45.6,38.5,"Europe & North America"
"748",1253,"Italy","Men","1970-1979","Low",66,22,12,33.3,54.5,"Europe & North America"
"749",1254,"Italy","Men","1970-1979","Medium",99,36,21,36.4,58.3,"Europe & North America"
"750",1263,"Italy","Women","1930-1939","Low",101,5,2,5,40,"Europe & North America"
"751",1267,"Italy","Women","1940-1949","Low",131,14,5,10.7,35.7,"Europe & North America"
"752",1270,"Italy","Women","1950-1959","Low",122,15,7,12.3,46.7,"Europe & North America"
"753",1271,"Italy","Women","1950-1959","Medium",66,14,3,21.2,21.4,"Europe & North America"
"754",1274,"Italy","Women","1960-1969","Low",120,31,12,25.8,38.7,"Europe & North America"
"755",1275,"Italy","Women","1960-1969","Medium",115,33,10,28.7,30.3,"Europe & North America"
"756",1278,"Italy","Women","1970-1979","Low",62,18,10,29,55.6,"Europe & North America"
"757",1279,"Italy","Women","1970-1979","Medium",115,28,14,24.3,50,"Europe & North America"
"758",1285,"Ivory Coast","Men","1960-1969","High",333,14,6,4.2,42.9,"Africa"
"759",1286,"Ivory Coast","Men","1960-1969","Low",775,18,3,2.3,16.7,"Africa"
"760",1287,"Ivory Coast","Men","1970-1979","High",556,36,18,6.5,50,"Africa"
"761",1288,"Ivory Coast","Men","1970-1979","Low",1071,24,5,2.2,20.8,"Africa"
"762",1290,"Ivory Coast","Women","1950-1959","High",160,1,1,0.6,100,"Africa"
"763",1291,"Ivory Coast","Women","1950-1959","Low",174,2,NA,1.1,NA,"Africa"
"764",1292,"Ivory Coast","Women","1960-1969","High",348,12,4,3.4,33.3,"Africa"
"765",1293,"Ivory Coast","Women","1960-1969","Low",405,10,5,2.5,50,"Africa"
"766",1294,"Ivory Coast","Women","1970-1979","High",393,31,20,7.9,64.5,"Africa"
"767",1295,"Ivory Coast","Women","1970-1979","Low",399,20,12,5,60,"Africa"
"768",1298,"Kazakhstan","Men","1950-1959","High",617,47,34,7.6,72.3,"FSU"
"769",1299,"Kazakhstan","Men","1950-1959","Low",635,28,16,4.4,57.1,"FSU"
"770",1300,"Kazakhstan","Men","1960-1969","High",201,15,10,7.5,66.7,"FSU"
"771",1301,"Kazakhstan","Men","1960-1969","Low",509,24,14,4.7,58.3,"FSU"
"772",1304,"Kazakhstan","Women","1940-1949","High",82,2,1,2.4,50,"FSU"
"773",1305,"Kazakhstan","Women","1940-1949","Low",88,3,NA,3.4,NA,"FSU"
"774",1306,"Kazakhstan","Women","1950-1959","High",154,12,6,7.8,50,"FSU"
"775",1307,"Kazakhstan","Women","1950-1959","Low",154,4,4,2.6,100,"FSU"
"776",1309,"Kazakhstan","Women","1960-1969","High",86,9,6,10.5,66.7,"FSU"
"777",1310,"Kazakhstan","Women","1960-1969","Low",113,6,3,5.3,50,"FSU"
"778",1311,"Kenya","Men","1960-1969","High",1034,20,9,1.9,45,"Africa"
"779",1312,"Kenya","Men","1960-1969","Low",1486,25,4,1.7,16,"Africa"
"780",1313,"Kenya","Men","1970-1979","High",1919,75,45,3.9,60,"Africa"
"781",1314,"Kenya","Men","1970-1979","Low",4766,72,25,1.5,34.7,"Africa"
"782",1317,"Kenya","Women","1960-1969","High",859,19,13,2.2,68.4,"Africa"
"783",1318,"Kenya","Women","1960-1969","Low",866,32,17,3.7,53.1,"Africa"
"784",1319,"Kenya","Women","1970-1979","High",990,46,27,4.6,58.7,"Africa"
"785",1320,"Kenya","Women","1970-1979","Low",1626,99,66,6.1,66.7,"Africa"
"786",1321,"Kyrgyzstan","Men","1960-1969","High",584,14,7,2.4,50,"FSU"
"787",1322,"Kyrgyzstan","Men","1960-1969","Low",725,21,5,2.9,23.8,"FSU"
"788",1323,"Kyrgyzstan","Men","1970-1979","High",585,26,7,4.4,26.9,"FSU"
"789",1324,"Kyrgyzstan","Men","1970-1979","Low",881,22,9,2.5,40.9,"FSU"
"790",1325,"Kyrgyzstan","Women","1960-1969","High",188,3,NA,1.6,NA,"FSU"
"791",1326,"Kyrgyzstan","Women","1960-1969","Low",199,6,4,3,66.7,"FSU"
"792",1327,"Kyrgyzstan","Women","1970-1979","High",146,5,2,3.4,40,"FSU"
"793",1328,"Kyrgyzstan","Women","1970-1979","Low",348,19,7,5.5,36.8,"FSU"
"794",1355,"Latvia","Women","1940-1949","Medium",54,1,NA,1.9,NA,"FSU"
"795",1358,"Latvia","Women","1950-1959","Medium",84,8,NA,9.5,NA,"FSU"
"796",1361,"Latvia","Women","1960-1969","Medium",70,6,3,8.6,50,"FSU"
"797",1368,"Lesotho","Men","1960-1969","High",158,9,5,5.7,55.6,"Africa"
"798",1369,"Lesotho","Men","1960-1969","Low",346,13,1,3.8,7.7,"Africa"
"799",1370,"Lesotho","Men","1970-1979","High",493,30,8,6.1,26.7,"Africa"
"800",1371,"Lesotho","Men","1970-1979","Low",803,25,8,3.1,32,"Africa"
"801",1372,"Lesotho","Women","1950-1959","High",65,4,1,6.2,25,"Africa"
"802",1373,"Lesotho","Women","1950-1959","Low",76,5,3,6.6,60,"Africa"
"803",1374,"Lesotho","Women","1960-1969","High",151,12,9,7.9,75,"Africa"
"804",1375,"Lesotho","Women","1960-1969","Low",183,20,9,10.9,45,"Africa"
"805",1376,"Lesotho","Women","1970-1979","High",214,34,20,15.9,58.8,"Africa"
"806",1377,"Lesotho","Women","1970-1979","Low",279,52,44,18.6,84.6,"Africa"
"807",1380,"Liberia","Men","1970-1979","High",520,6,3,1.2,50,"Africa"
"808",1381,"Liberia","Men","1970-1979","Low",1049,8,1,0.8,12.5,"Africa"
"809",1382,"Liberia","Men","1980-1989","High",431,6,2,1.4,33.3,"Africa"
"810",1383,"Liberia","Men","1980-1989","Low",677,8,2,1.2,25,"Africa"
"811",1385,"Liberia","Women","1960-1969","High",231,NA,NA,NA,NA,"Africa"
"812",1386,"Liberia","Women","1960-1969","Low",256,5,3,2,60,"Africa"
"813",1387,"Liberia","Women","1970-1979","High",389,5,3,1.3,60,"Africa"
"814",1388,"Liberia","Women","1970-1979","Low",452,6,3,1.3,50,"Africa"
"815",1389,"Liberia","Women","1980-1989","High",187,1,NA,0.5,NA,"Africa"
"816",1390,"Liberia","Women","1980-1989","Low",309,4,3,1.3,75,"Africa"
"817",1392,"Lithuania","Men","1920-1929","Low",117,30,14,25.6,46.7,"FSU"
"818",1394,"Lithuania","Men","1930-1939","High",116,15,2,12.9,13.3,"FSU"
"819",1395,"Lithuania","Men","1930-1939","Low",449,99,43,22,43.4,"FSU"
"820",1396,"Lithuania","Men","1930-1939","Medium",194,23,8,11.9,34.8,"FSU"
"821",1397,"Lithuania","Men","1940-1949","High",117,9,5,7.7,55.6,"FSU"
"822",1398,"Lithuania","Men","1940-1949","Low",283,59,20,20.8,33.9,"FSU"
"823",1399,"Lithuania","Men","1940-1949","Medium",320,42,17,13.1,40.5,"FSU"
"824",1401,"Lithuania","Men","1950-1959","High",209,19,9,9.1,47.4,"FSU"
"825",1402,"Lithuania","Men","1950-1959","Low",171,54,31,31.6,57.4,"FSU"
"826",1403,"Lithuania","Men","1950-1959","Medium",620,79,35,12.7,44.3,"FSU"
"827",1404,"Lithuania","Men","1960-1969","High",221,18,5,8.1,27.8,"FSU"
"828",1405,"Lithuania","Men","1960-1969","Low",119,34,17,28.6,50,"FSU"
"829",1406,"Lithuania","Men","1960-1969","Medium",666,92,57,13.8,62,"FSU"
"830",1410,"Lithuania","Men","1970-1979","Medium",133,28,16,21.1,57.1,"FSU"
"831",1415,"Lithuania","Women","1920-1929","Low",119,34,20,28.6,58.8,"FSU"
"832",1417,"Lithuania","Women","1930-1939","High",103,23,11,22.3,47.8,"FSU"
"833",1418,"Lithuania","Women","1930-1939","Low",550,107,60,19.5,56.1,"FSU"
"834",1419,"Lithuania","Women","1930-1939","Medium",251,40,18,15.9,45,"FSU"
"835",1420,"Lithuania","Women","1940-1949","High",214,29,18,13.6,62.1,"FSU"
"836",1421,"Lithuania","Women","1940-1949","Low",292,44,19,15.1,43.2,"FSU"
"837",1422,"Lithuania","Women","1940-1949","Medium",511,58,29,11.4,50,"FSU"
"838",1424,"Lithuania","Women","1950-1959","High",353,57,31,16.1,54.4,"FSU"
"839",1425,"Lithuania","Women","1950-1959","Low",94,21,9,22.3,42.9,"FSU"
"840",1426,"Lithuania","Women","1950-1959","Medium",650,65,33,10,50.8,"FSU"
"841",1428,"Lithuania","Women","1960-1969","High",373,43,23,11.5,53.5,"FSU"
"842",1429,"Lithuania","Women","1960-1969","Low",60,6,3,10,50,"FSU"
"843",1430,"Lithuania","Women","1960-1969","Medium",737,67,35,9.1,52.2,"FSU"
"844",1431,"Lithuania","Women","1970-1979","High",107,17,11,15.9,64.7,"FSU"
"845",1433,"Lithuania","Women","1970-1979","Medium",147,16,11,10.9,68.8,"FSU"
"846",1437,"Madagascar","Men","1950-1959","High",91,5,1,5.5,20,"Africa"
"847",1438,"Madagascar","Men","1950-1959","Low",95,5,NA,5.3,NA,"Africa"
"848",1439,"Madagascar","Men","1960-1969","High",1301,76,24,5.8,31.6,"Africa"
"849",1440,"Madagascar","Men","1960-1969","Low",1981,92,9,4.6,9.8,"Africa"
"850",1442,"Madagascar","Men","1970-1979","High",680,35,12,5.1,34.3,"Africa"
"851",1443,"Madagascar","Men","1970-1979","Low",1066,34,6,3.2,17.6,"Africa"
"852",1447,"Madagascar","Women","1950-1959","High",482,13,6,2.7,46.2,"Africa"
"853",1448,"Madagascar","Women","1950-1959","Low",494,19,2,3.8,10.5,"Africa"
"854",1450,"Madagascar","Women","1960-1969","High",649,28,10,4.3,35.7,"Africa"
"855",1451,"Madagascar","Women","1960-1969","Low",819,37,9,4.5,24.3,"Africa"
"856",1453,"Madagascar","Women","1970-1979","High",319,27,13,8.5,48.1,"Africa"
"857",1454,"Madagascar","Women","1970-1979","Low",468,28,9,6,32.1,"Africa"
"858",1455,"Malawi","Men","1960-1969","High",517,7,NA,1.4,NA,"Africa"
"859",1456,"Malawi","Men","1960-1969","Low",610,8,NA,1.3,NA,"Africa"
"860",1457,"Malawi","Men","1970-1979","High",2114,23,5,1.1,21.7,"Africa"
"861",1458,"Malawi","Men","1970-1979","Low",2490,38,5,1.5,13.2,"Africa"
"862",1459,"Malawi","Men","1980-1989","High",331,7,5,2.1,71.4,"Africa"
"863",1460,"Malawi","Men","1980-1989","Low",509,9,2,1.8,22.2,"Africa"
"864",1461,"Malawi","Women","1960-1969","High",326,8,4,2.5,50,"Africa"
"865",1462,"Malawi","Women","1960-1969","Low",350,4,2,1.1,50,"Africa"
"866",1463,"Malawi","Women","1970-1979","High",647,16,8,2.5,50,"Africa"
"867",1464,"Malawi","Women","1970-1979","Low",719,20,11,2.8,55,"Africa"
"868",1465,"Malawi","Women","1980-1989","High",117,2,2,1.7,100,"Africa"
"869",1466,"Malawi","Women","1980-1989","Low",118,1,NA,0.8,NA,"Africa"
"870",1467,"Maldives","Men","1960-1969","High",148,11,2,7.4,18.2,"Asia"
"871",1468,"Maldives","Men","1960-1969","Low",213,5,1,2.3,20,"Asia"
"872",1469,"Maldives","Men","1970-1979","High",403,16,3,4,18.8,"Asia"
"873",1470,"Maldives","Men","1970-1979","Low",1363,61,18,4.5,29.5,"Asia"
"874",1471,"Maldives","Men","1980-1989","High",70,6,1,8.6,16.7,"Asia"
"875",1472,"Maldives","Men","1980-1989","Low",489,29,6,5.9,20.7,"Asia"
"876",1473,"Maldives","Women","1960-1969","High",101,9,2,8.9,22.2,"Asia"
"877",1474,"Maldives","Women","1960-1969","Low",103,6,3,5.8,50,"Asia"
"878",1475,"Maldives","Women","1970-1979","High",369,37,15,10,40.5,"Asia"
"879",1476,"Maldives","Women","1970-1979","Low",550,52,18,9.5,34.6,"Asia"
"880",1478,"Maldives","Women","1980-1989","Low",200,28,10,14,35.7,"Asia"
"881",1480,"Mali","Men","1960-1969","Low",109,2,NA,1.8,NA,"Africa"
"882",1481,"Mali","Men","1970-1979","High",288,10,3,3.5,30,"Africa"
"883",1482,"Mali","Men","1970-1979","Low",1435,40,5,2.8,12.5,"Africa"
"884",1483,"Mali","Men","1980-1989","High",172,9,1,5.2,11.1,"Africa"
"885",1484,"Mali","Men","1980-1989","Low",823,30,4,3.6,13.3,"Africa"
"886",1487,"Mali","Women","1960-1969","High",173,2,NA,1.2,NA,"Africa"
"887",1488,"Mali","Women","1960-1969","Low",456,8,2,1.8,25,"Africa"
"888",1489,"Mali","Women","1970-1979","High",248,6,2,2.4,33.3,"Africa"
"889",1490,"Mali","Women","1970-1979","Low",662,18,5,2.7,27.8,"Africa"
"890",1491,"Mali","Women","1980-1989","High",127,10,5,7.9,50,"Africa"
"891",1492,"Mali","Women","1980-1989","Low",300,20,4,6.7,20,"Africa"
"892",1493,"Mauritania","Men","1950-1959","High",121,9,2,7.4,22.2,"Africa"
"893",1494,"Mauritania","Men","1950-1959","Low",753,52,15,6.9,28.8,"Africa"
"894",1495,"Mauritania","Men","1960-1969","High",229,23,10,10,43.5,"Africa"
"895",1496,"Mauritania","Men","1960-1969","Low",949,79,39,8.3,49.4,"Africa"
"896",1499,"Mauritania","Women","1940-1949","Low",106,4,1,3.8,25,"Africa"
"897",1500,"Mauritania","Women","1950-1959","High",103,2,NA,1.9,NA,"Africa"
"898",1501,"Mauritania","Women","1950-1959","Low",231,12,6,5.2,50,"Africa"
"899",1502,"Mauritania","Women","1960-1969","High",143,31,18,21.7,58.1,"Africa"
"900",1503,"Mauritania","Women","1960-1969","Low",186,26,21,14,80.8,"Africa"
"901",1515,"Montenegro","Men","1950-1959","Medium",85,11,8,12.9,72.7,"Europe & North America"
"902",1518,"Montenegro","Men","1960-1969","Medium",88,30,25,34.1,83.3,"Europe & North America"
"903",1522,"Montenegro","Men","1970-1979","Medium",86,29,17,33.7,58.6,"Europe & North America"
"904",1535,"Montenegro","Women","1950-1959","Medium",64,7,3,10.9,42.9,"Europe & North America"
"905",1538,"Montenegro","Women","1960-1969","Medium",84,14,10,16.7,71.4,"Europe & North America"
"906",1542,"Montenegro","Women","1970-1979","Medium",74,10,9,13.5,90,"Europe & North America"
"907",1547,"Mozambique","Men","1960-1969","High",737,35,6,4.7,17.1,"Africa"
"908",1548,"Mozambique","Men","1960-1969","Low",1003,37,3,3.7,8.1,"Africa"
"909",1549,"Mozambique","Men","1970-1979","High",1000,40,13,4,32.5,"Africa"
"910",1550,"Mozambique","Men","1970-1979","Low",1157,53,3,4.6,5.7,"Africa"
"911",1553,"Mozambique","Women","1950-1959","High",144,4,NA,2.8,NA,"Africa"
"912",1554,"Mozambique","Women","1950-1959","Low",215,5,NA,2.3,NA,"Africa"
"913",1555,"Mozambique","Women","1960-1969","High",209,4,NA,1.9,NA,"Africa"
"914",1556,"Mozambique","Women","1960-1969","Low",272,14,5,5.1,35.7,"Africa"
"915",1557,"Mozambique","Women","1970-1979","High",221,5,4,2.3,80,"Africa"
"916",1558,"Mozambique","Women","1970-1979","Low",340,14,4,4.1,28.6,"Africa"
"917",1559,"Myanmar","Men","1960-1969","High",559,116,97,20.8,83.6,"Asia"
"918",1560,"Myanmar","Men","1960-1969","Low",626,72,54,11.5,75,"Asia"
"919",1561,"Myanmar","Men","1970-1979","High",1259,313,253,24.9,80.8,"Asia"
"920",1562,"Myanmar","Men","1970-1979","Low",2388,323,254,13.5,78.6,"Asia"
"921",1564,"Myanmar","Men","1980-1989","High",170,52,39,30.6,75,"Asia"
"922",1565,"Myanmar","Men","1980-1989","Low",303,61,41,20.1,67.2,"Asia"
"923",1566,"Myanmar","Women","1960-1969","High",183,18,11,9.8,61.1,"Asia"
"924",1567,"Myanmar","Women","1960-1969","Low",236,13,4,5.5,30.8,"Asia"
"925",1568,"Myanmar","Women","1970-1979","High",522,89,53,17,59.6,"Asia"
"926",1569,"Myanmar","Women","1970-1979","Low",802,95,54,11.8,56.8,"Asia"
"927",1570,"Myanmar","Women","1980-1989","High",55,17,11,30.9,64.7,"Asia"
"928",1571,"Myanmar","Women","1980-1989","Low",120,27,13,22.5,48.1,"Asia"
"929",1574,"Namibia","Men","1950-1959","High",243,NA,NA,NA,NA,"Africa"
"930",1575,"Namibia","Men","1950-1959","Low",269,NA,NA,NA,NA,"Africa"
"931",1577,"Namibia","Men","1960-1969","High",561,39,20,7,51.3,"Africa"
"932",1578,"Namibia","Men","1960-1969","Low",720,12,9,1.7,75,"Africa"
"933",1579,"Namibia","Men","1970-1979","High",902,67,42,7.4,62.7,"Africa"
"934",1580,"Namibia","Men","1970-1979","Low",944,31,15,3.3,48.4,"Africa"
"935",1584,"Namibia","Women","1950-1959","High",167,NA,NA,NA,NA,"Africa"
"936",1585,"Namibia","Women","1950-1959","Low",167,NA,NA,NA,NA,"Africa"
"937",1586,"Namibia","Women","1960-1969","High",248,18,11,7.3,61.1,"Africa"
"938",1587,"Namibia","Women","1960-1969","Low",333,25,17,7.5,68,"Africa"
"939",1588,"Namibia","Women","1970-1979","High",349,43,31,12.3,72.1,"Africa"
"940",1589,"Namibia","Women","1970-1979","Low",405,55,48,13.6,87.3,"Africa"
"941",1590,"Nepal","Men","1960-1969","High",156,7,2,4.5,28.6,"Asia"
"942",1591,"Nepal","Men","1960-1969","Low",556,14,5,2.5,35.7,"Asia"
"943",1592,"Nepal","Men","1970-1979","High",994,37,16,3.7,43.2,"Asia"
"944",1593,"Nepal","Men","1970-1979","Low",1845,30,8,1.6,26.7,"Asia"
"945",1594,"Nepal","Men","1980-1989","High",159,7,4,4.4,57.1,"Asia"
"946",1595,"Nepal","Men","1980-1989","Low",341,8,1,2.3,12.5,"Asia"
"947",1596,"Nepal","Women","1960-1969","High",140,1,NA,0.7,NA,"Asia"
"948",1597,"Nepal","Women","1960-1969","Low",151,1,NA,0.7,NA,"Asia"
"949",1598,"Nepal","Women","1970-1979","High",459,12,4,2.6,33.3,"Asia"
"950",1599,"Nepal","Women","1970-1979","Low",475,5,NA,1.1,NA,"Asia"
"951",1600,"Nepal","Women","1980-1989","High",65,6,4,9.2,66.7,"Asia"
"952",1601,"Nepal","Women","1980-1989","Low",122,6,3,4.9,50,"Asia"
"953",1607,"Netherlands","Men","1930-1939","High",100,11,3,11,27.3,"Europe & North America"
"954",1608,"Netherlands","Men","1930-1939","Low",205,25,8,12.2,32,"Europe & North America"
"955",1609,"Netherlands","Men","1930-1939","Medium",114,7,2,6.1,28.6,"Europe & North America"
"956",1611,"Netherlands","Men","1940-1949","High",626,74,11,11.8,14.9,"Europe & North America"
"957",1612,"Netherlands","Men","1940-1949","Low",734,105,38,14.3,36.2,"Europe & North America"
"958",1613,"Netherlands","Men","1940-1949","Medium",604,80,19,13.2,23.8,"Europe & North America"
"959",1615,"Netherlands","Men","1950-1959","High",790,149,30,18.9,20.1,"Europe & North America"
"960",1616,"Netherlands","Men","1950-1959","Low",662,137,47,20.7,34.3,"Europe & North America"
"961",1617,"Netherlands","Men","1950-1959","Medium",690,122,22,17.7,18,"Europe & North America"
"962",1619,"Netherlands","Men","1960-1969","High",714,161,40,22.5,24.8,"Europe & North America"
"963",1620,"Netherlands","Men","1960-1969","Low",619,171,67,27.6,39.2,"Europe & North America"
"964",1621,"Netherlands","Men","1960-1969","Medium",769,203,62,26.4,30.5,"Europe & North America"
"965",1623,"Netherlands","Men","1970-1979","High",396,103,29,26,28.2,"Europe & North America"
"966",1624,"Netherlands","Men","1970-1979","Low",196,64,24,32.7,37.5,"Europe & North America"
"967",1625,"Netherlands","Men","1970-1979","Medium",300,79,18,26.3,22.8,"Europe & North America"
"968",1634,"Netherlands","Women","1920-1929","Low",67,6,3,9,50,"Europe & North America"
"969",1637,"Netherlands","Women","1930-1939","High",68,20,7,29.4,35,"Europe & North America"
"970",1638,"Netherlands","Women","1930-1939","Low",327,34,15,10.4,44.1,"Europe & North America"
"971",1639,"Netherlands","Women","1930-1939","Medium",68,6,3,8.8,50,"Europe & North America"
"972",1641,"Netherlands","Women","1940-1949","High",315,77,24,24.4,31.2,"Europe & North America"
"973",1642,"Netherlands","Women","1940-1949","Low",1112,87,27,7.8,31,"Europe & North America"
"974",1643,"Netherlands","Women","1940-1949","Medium",429,49,6,11.4,12.2,"Europe & North America"
"975",1645,"Netherlands","Women","1950-1959","High",590,138,22,23.4,15.9,"Europe & North America"
"976",1646,"Netherlands","Women","1950-1959","Low",1012,112,15,11.1,13.4,"Europe & North America"
"977",1647,"Netherlands","Women","1950-1959","Medium",761,98,19,12.9,19.4,"Europe & North America"
"978",1649,"Netherlands","Women","1960-1969","High",679,159,27,23.4,17,"Europe & North America"
"979",1650,"Netherlands","Women","1960-1969","Low",695,85,26,12.2,30.6,"Europe & North America"
"980",1651,"Netherlands","Women","1960-1969","Medium",925,132,23,14.3,17.4,"Europe & North America"
"981",1653,"Netherlands","Women","1970-1979","High",417,89,18,21.3,20.2,"Europe & North America"
"982",1654,"Netherlands","Women","1970-1979","Low",181,31,8,17.1,25.8,"Europe & North America"
"983",1655,"Netherlands","Women","1970-1979","Medium",301,53,12,17.6,22.6,"Europe & North America"
"984",1660,"Nicaragua","Men","1940-1949","High",114,3,2,2.6,66.7,"Latin America"
"985",1661,"Nicaragua","Men","1940-1949","Low",180,5,3,2.8,60,"Latin America"
"986",1662,"Nicaragua","Men","1950-1959","High",1141,53,34,4.6,64.2,"Latin America"
"987",1663,"Nicaragua","Men","1950-1959","Low",1300,34,18,2.6,52.9,"Latin America"
"988",1665,"Nicaragua","Men","1960-1969","High",361,29,20,8,69,"Latin America"
"989",1666,"Nicaragua","Men","1960-1969","Low",711,18,7,2.5,38.9,"Latin America"
"990",1669,"Nicaragua","Women","1940-1949","High",135,6,1,4.4,16.7,"Latin America"
"991",1670,"Nicaragua","Women","1940-1949","Low",149,13,8,8.7,61.5,"Latin America"
"992",1672,"Nicaragua","Women","1950-1959","High",235,9,6,3.8,66.7,"Latin America"
"993",1673,"Nicaragua","Women","1950-1959","Low",256,10,5,3.9,50,"Latin America"
"994",1674,"Nicaragua","Women","1960-1969","High",89,5,4,5.6,80,"Latin America"
"995",1675,"Nicaragua","Women","1960-1969","Low",98,7,2,7.1,28.6,"Latin America"
"996",1676,"Niger","Men","1960-1969","High",177,6,1,3.4,16.7,"Africa"
"997",1677,"Niger","Men","1960-1969","Low",926,11,2,1.2,18.2,"Africa"
"998",1678,"Niger","Men","1970-1979","High",360,27,15,7.5,55.6,"Africa"
"999",1679,"Niger","Men","1970-1979","Low",1697,27,4,1.6,14.8,"Africa"
"1000",1681,"Niger","Women","1950-1959","High",65,NA,NA,NA,NA,"Africa"
"1001",1682,"Niger","Women","1950-1959","Low",240,3,1,1.2,33.3,"Africa"
"1002",1684,"Niger","Women","1960-1969","High",173,7,3,4,42.9,"Africa"
"1003",1685,"Niger","Women","1960-1969","Low",544,3,2,0.6,66.7,"Africa"
"1004",1687,"Niger","Women","1970-1979","High",248,25,11,10.1,44,"Africa"
"1005",1688,"Niger","Women","1970-1979","Low",534,17,7,3.2,41.2,"Africa"
"1006",1690,"Nigeria","Men","1960-1969","High",295,11,2,3.7,18.2,"Africa"
"1007",1691,"Nigeria","Men","1960-1969","Low",508,16,1,3.1,6.2,"Africa"
"1008",1692,"Nigeria","Men","1970-1979","High",2708,173,75,6.4,43.4,"Africa"
"1009",1693,"Nigeria","Men","1970-1979","Low",5206,113,22,2.2,19.5,"Africa"
"1010",1694,"Nigeria","Men","1980-1989","High",1964,153,87,7.8,56.9,"Africa"
"1011",1695,"Nigeria","Men","1980-1989","Low",2673,56,14,2.1,25,"Africa"
"1012",1697,"Nigeria","Women","1950-1959","Low",50,2,1,4,50,"Africa"
"1013",1698,"Nigeria","Women","1960-1969","High",728,17,5,2.3,29.4,"Africa"
"1014",1699,"Nigeria","Women","1960-1969","Low",784,12,7,1.5,58.3,"Africa"
"1015",1700,"Nigeria","Women","1970-1979","High",1383,65,30,4.7,46.2,"Africa"
"1016",1701,"Nigeria","Women","1970-1979","Low",1401,54,31,3.9,57.4,"Africa"
"1017",1702,"Nigeria","Women","1980-1989","High",316,41,29,13,70.7,"Africa"
"1018",1703,"Nigeria","Women","1980-1989","Low",1229,102,60,8.3,58.8,"Africa"
"1019",1708,"Norway","Men","1920-1929","Medium",83,13,6,15.7,46.2,"Europe & North America"
"1020",1710,"Norway","Men","1930-1939","High",196,17,2,8.7,11.8,"Europe & North America"
"1021",1711,"Norway","Men","1930-1939","Low",213,32,21,15,65.6,"Europe & North America"
"1022",1712,"Norway","Men","1930-1939","Medium",406,56,14,13.8,25,"Europe & North America"
"1023",1714,"Norway","Men","1940-1949","High",459,39,10,8.5,25.6,"Europe & North America"
"1024",1715,"Norway","Men","1940-1949","Low",288,41,18,14.2,43.9,"Europe & North America"
"1025",1716,"Norway","Men","1940-1949","Medium",721,87,22,12.1,25.3,"Europe & North America"
"1026",1718,"Norway","Men","1950-1959","High",518,75,16,14.5,21.3,"Europe & North America"
"1027",1719,"Norway","Men","1950-1959","Low",237,44,13,18.6,29.5,"Europe & North America"
"1028",1720,"Norway","Men","1950-1959","Medium",849,113,34,13.3,30.1,"Europe & North America"
"1029",1722,"Norway","Men","1960-1969","High",632,124,41,19.6,33.1,"Europe & North America"
"1030",1723,"Norway","Men","1960-1969","Low",272,58,20,21.3,34.5,"Europe & North America"
"1031",1724,"Norway","Men","1960-1969","Medium",868,141,41,16.2,29.1,"Europe & North America"
"1032",1726,"Norway","Men","1970-1979","High",268,64,20,23.9,31.2,"Europe & North America"
"1033",1727,"Norway","Men","1970-1979","Low",62,18,3,29,16.7,"Europe & North America"
"1034",1728,"Norway","Men","1970-1979","Medium",262,61,23,23.3,37.7,"Europe & North America"
"1035",1739,"Norway","Women","1920-1929","Low",90,18,6,20,33.3,"Europe & North America"
"1036",1740,"Norway","Women","1920-1929","Medium",102,13,7,12.7,53.8,"Europe & North America"
"1037",1741,"Norway","Women","1930-1939","High",138,21,9,15.2,42.9,"Europe & North America"
"1038",1742,"Norway","Women","1930-1939","Low",296,24,5,8.1,20.8,"Europe & North America"
"1039",1743,"Norway","Women","1930-1939","Medium",400,53,14,13.2,26.4,"Europe & North America"
"1040",1744,"Norway","Women","1940-1949","High",390,64,19,16.4,29.7,"Europe & North America"
"1041",1745,"Norway","Women","1940-1949","Low",301,25,2,8.3,8,"Europe & North America"
"1042",1746,"Norway","Women","1940-1949","Medium",656,65,18,9.9,27.7,"Europe & North America"
"1043",1748,"Norway","Women","1950-1959","High",660,94,15,14.2,16,"Europe & North America"
"1044",1749,"Norway","Women","1950-1959","Low",292,31,2,10.6,6.5,"Europe & North America"
"1045",1750,"Norway","Women","1950-1959","Medium",708,70,16,9.9,22.9,"Europe & North America"
"1046",1752,"Norway","Women","1960-1969","High",844,118,36,14,30.5,"Europe & North America"
"1047",1753,"Norway","Women","1960-1969","Low",284,29,5,10.2,17.2,"Europe & North America"
"1048",1754,"Norway","Women","1960-1969","Medium",703,75,14,10.7,18.7,"Europe & North America"
"1049",1756,"Norway","Women","1970-1979","High",345,60,17,17.4,28.3,"Europe & North America"
"1050",1757,"Norway","Women","1970-1979","Low",58,5,1,8.6,20,"Europe & North America"
"1051",1758,"Norway","Women","1970-1979","Medium",210,27,7,12.9,25.9,"Europe & North America"
"1052",1763,"Peru","Men","1940-1949","High",606,40,24,6.6,60,"Latin America"
"1053",1764,"Peru","Men","1940-1949","Low",681,15,11,2.2,73.3,"Latin America"
"1054",1765,"Peru","Men","1950-1959","High",2567,202,136,7.9,67.3,"Latin America"
"1055",1766,"Peru","Men","1950-1959","Low",3543,69,42,1.9,60.9,"Latin America"
"1056",1767,"Peru","Men","1960-1969","High",560,55,45,9.8,81.8,"Latin America"
"1057",1768,"Peru","Men","1960-1969","Low",777,21,13,2.7,61.9,"Latin America"
"1058",1771,"Peru","Women","1940-1949","High",126,8,3,6.3,37.5,"Latin America"
"1059",1772,"Peru","Women","1940-1949","Low",177,8,2,4.5,25,"Latin America"
"1060",1773,"Peru","Women","1950-1959","High",213,28,18,13.1,64.3,"Latin America"
"1061",1774,"Peru","Women","1950-1959","Low",265,15,6,5.7,40,"Latin America"
"1062",1776,"Peru","Women","1960-1969","Low",79,7,6,8.9,85.7,"Latin America"
"1063",1777,"Philippines","Men","1950-1959","High",806,71,39,8.8,54.9,"Asia"
"1064",1778,"Philippines","Men","1950-1959","Low",962,40,25,4.2,62.5,"Asia"
"1065",1779,"Philippines","Men","1960-1969","High",918,125,84,13.6,67.2,"Asia"
"1066",1780,"Philippines","Men","1960-1969","Low",2090,141,85,6.7,60.3,"Asia"
"1067",1783,"Philippines","Women","1950-1959","High",385,34,17,8.8,50,"Asia"
"1068",1784,"Philippines","Women","1950-1959","Low",411,32,19,7.8,59.4,"Asia"
"1069",1785,"Philippines","Women","1960-1969","High",439,60,35,13.7,58.3,"Asia"
"1070",1786,"Philippines","Women","1960-1969","Low",498,62,40,12.4,64.5,"Asia"
"1071",1790,"Poland","Men","1930-1939","High",135,8,2,5.9,25,"Europe & North America"
"1072",1791,"Poland","Men","1930-1939","Low",342,40,18,11.7,45,"Europe & North America"
"1073",1792,"Poland","Men","1930-1939","Medium",434,44,15,10.1,34.1,"Europe & North America"
"1074",1794,"Poland","Men","1940-1949","High",249,25,8,10,32,"Europe & North America"
"1075",1795,"Poland","Men","1940-1949","Low",348,54,31,15.5,57.4,"Europe & North America"
"1076",1796,"Poland","Men","1940-1949","Medium",946,101,44,10.7,43.6,"Europe & North America"
"1077",1798,"Poland","Men","1950-1959","High",246,28,11,11.4,39.3,"Europe & North America"
"1078",1799,"Poland","Men","1950-1959","Low",388,103,77,26.5,74.8,"Europe & North America"
"1079",1800,"Poland","Men","1950-1959","Medium",1463,219,121,15,55.3,"Europe & North America"
"1080",1802,"Poland","Men","1960-1969","High",210,31,14,14.8,45.2,"Europe & North America"
"1081",1803,"Poland","Men","1960-1969","Low",174,65,51,37.4,78.5,"Europe & North America"
"1082",1804,"Poland","Men","1960-1969","Medium",1071,159,107,14.8,67.3,"Europe & North America"
"1083",1806,"Poland","Men","1970-1979","High",224,53,21,23.7,39.6,"Europe & North America"
"1084",1807,"Poland","Men","1970-1979","Low",130,45,36,34.6,80,"Europe & North America"
"1085",1808,"Poland","Men","1970-1979","Medium",620,108,62,17.4,57.4,"Europe & North America"
"1086",1815,"Poland","Women","1930-1939","High",161,20,5,12.4,25,"Europe & North America"
"1087",1816,"Poland","Women","1930-1939","Low",814,67,20,8.2,29.9,"Europe & North America"
"1088",1817,"Poland","Women","1930-1939","Medium",679,84,30,12.4,35.7,"Europe & North America"
"1089",1819,"Poland","Women","1940-1949","High",252,50,32,19.8,64,"Europe & North America"
"1090",1820,"Poland","Women","1940-1949","Low",738,50,11,6.8,22,"Europe & North America"
"1091",1821,"Poland","Women","1940-1949","Medium",1248,132,60,10.6,45.5,"Europe & North America"
"1092",1823,"Poland","Women","1950-1959","High",405,68,35,16.8,51.5,"Europe & North America"
"1093",1824,"Poland","Women","1950-1959","Low",573,38,16,6.6,42.1,"Europe & North America"
"1094",1825,"Poland","Women","1950-1959","Medium",1847,185,84,10,45.4,"Europe & North America"
"1095",1827,"Poland","Women","1960-1969","High",354,60,39,16.9,65,"Europe & North America"
"1096",1828,"Poland","Women","1960-1969","Low",200,17,10,8.5,58.8,"Europe & North America"
"1097",1829,"Poland","Women","1960-1969","Medium",1244,103,56,8.3,54.4,"Europe & North America"
"1098",1831,"Poland","Women","1970-1979","High",384,62,37,16.1,59.7,"Europe & North America"
"1099",1832,"Poland","Women","1970-1979","Low",99,11,5,11.1,45.5,"Europe & North America"
"1100",1833,"Poland","Women","1970-1979","Medium",773,72,30,9.3,41.7,"Europe & North America"
"1101",1841,"Portugal","Men","1920-1929","Low",58,3,NA,5.2,NA,"Europe & North America"
"1102",1845,"Portugal","Men","1930-1939","Low",134,4,NA,3,NA,"Europe & North America"
"1103",1849,"Portugal","Men","1940-1949","Low",162,13,4,8,30.8,"Europe & North America"
"1104",1852,"Portugal","Men","1950-1959","Low",139,20,11,14.4,55,"Europe & North America"
"1105",1855,"Portugal","Men","1960-1969","Low",129,30,16,23.3,53.3,"Europe & North America"
"1106",1867,"Portugal","Women","1920-1929","Low",128,18,6,14.1,33.3,"Europe & North America"
"1107",1870,"Portugal","Women","1930-1939","Low",231,27,13,11.7,48.1,"Europe & North America"
"1108",1873,"Portugal","Women","1940-1949","Low",292,26,8,8.9,30.8,"Europe & North America"
"1109",1876,"Portugal","Women","1950-1959","Low",232,24,9,10.3,37.5,"Europe & North America"
"1110",1879,"Portugal","Women","1960-1969","High",63,16,6,25.4,37.5,"Europe & North America"
"1111",1880,"Portugal","Women","1960-1969","Low",202,19,8,9.4,42.1,"Europe & North America"
"1112",1881,"Portugal","Women","1960-1969","Medium",58,11,3,19,27.3,"Europe & North America"
"1113",1883,"Portugal","Women","1970-1979","High",57,17,7,29.8,41.2,"Europe & North America"
"1114",1884,"Portugal","Women","1970-1979","Low",64,3,1,4.7,33.3,"Europe & North America"
"1115",1891,"Republic of Moldova","Men","1950-1959","High",471,24,5,5.1,20.8,"FSU"
"1116",1892,"Republic of Moldova","Men","1950-1959","Low",537,18,3,3.4,16.7,"FSU"
"1117",1893,"Republic of Moldova","Men","1960-1969","High",797,49,13,6.1,26.5,"FSU"
"1118",1894,"Republic of Moldova","Men","1960-1969","Low",1089,44,13,4,29.5,"FSU"
"1119",1895,"Republic of Moldova","Men","1970-1979","High",55,3,NA,5.5,NA,"FSU"
"1120",1896,"Republic of Moldova","Men","1970-1979","Low",61,2,1,3.3,50,"FSU"
"1121",1897,"Republic of Moldova","Women","1940-1949","High",68,3,1,4.4,33.3,"FSU"
"1122",1898,"Republic of Moldova","Women","1940-1949","Low",109,8,2,7.3,25,"FSU"
"1123",1899,"Republic of Moldova","Women","1950-1959","High",219,8,4,3.7,50,"FSU"
"1124",1900,"Republic of Moldova","Women","1950-1959","Low",412,23,8,5.6,34.8,"FSU"
"1125",1901,"Republic of Moldova","Women","1960-1969","High",244,23,6,9.4,26.1,"FSU"
"1126",1902,"Republic of Moldova","Women","1960-1969","Low",255,27,7,10.6,25.9,"FSU"
"1127",1906,"Romania","Men","1920-1929","Low",179,22,6,12.3,27.3,"Europe & North America"
"1128",1907,"Romania","Men","1920-1929","Medium",52,11,NA,21.2,NA,"Europe & North America"
"1129",1908,"Romania","Men","1930-1939","High",59,10,2,16.9,20,"Europe & North America"
"1130",1909,"Romania","Men","1930-1939","Low",498,78,18,15.7,23.1,"Europe & North America"
"1131",1910,"Romania","Men","1930-1939","Medium",275,40,4,14.5,10,"Europe & North America"
"1132",1911,"Romania","Men","1940-1949","High",92,20,5,21.7,25,"Europe & North America"
"1133",1912,"Romania","Men","1940-1949","Low",397,65,22,16.4,33.8,"Europe & North America"
"1134",1913,"Romania","Men","1940-1949","Medium",495,89,19,18,21.3,"Europe & North America"
"1135",1914,"Romania","Men","1950-1959","High",156,21,5,13.5,23.8,"Europe & North America"
"1136",1915,"Romania","Men","1950-1959","Low",258,62,30,24,48.4,"Europe & North America"
"1137",1916,"Romania","Men","1950-1959","Medium",811,121,39,14.9,32.2,"Europe & North America"
"1138",1917,"Romania","Men","1960-1969","High",128,22,5,17.2,22.7,"Europe & North America"
"1139",1918,"Romania","Men","1960-1969","Low",221,50,30,22.6,60,"Europe & North America"
"1140",1919,"Romania","Men","1960-1969","Medium",814,138,55,17,39.9,"Europe & North America"
"1141",1922,"Romania","Men","1970-1979","Medium",91,29,16,31.9,55.2,"Europe & North America"
"1142",1924,"Romania","Women","1920-1929","Low",241,38,9,15.8,23.7,"Europe & North America"
"1143",1927,"Romania","Women","1930-1939","Low",864,113,25,13.1,22.1,"Europe & North America"
"1144",1928,"Romania","Women","1930-1939","Medium",169,34,6,20.1,17.6,"Europe & North America"
"1145",1929,"Romania","Women","1940-1949","High",73,14,5,19.2,35.7,"Europe & North America"
"1146",1930,"Romania","Women","1940-1949","Low",661,68,7,10.3,10.3,"Europe & North America"
"1147",1931,"Romania","Women","1940-1949","Medium",292,48,10,16.4,20.8,"Europe & North America"
"1148",1932,"Romania","Women","1950-1959","High",104,16,4,15.4,25,"Europe & North America"
"1149",1933,"Romania","Women","1950-1959","Low",543,45,8,8.3,17.8,"Europe & North America"
"1150",1934,"Romania","Women","1950-1959","Medium",566,53,6,9.4,11.3,"Europe & North America"
"1151",1935,"Romania","Women","1960-1969","High",130,24,13,18.5,54.2,"Europe & North America"
"1152",1936,"Romania","Women","1960-1969","Low",290,28,7,9.7,25,"Europe & North America"
"1153",1937,"Romania","Women","1960-1969","Medium",630,53,19,8.4,35.8,"Europe & North America"
"1154",1940,"Romania","Women","1970-1979","Medium",78,6,3,7.7,50,"Europe & North America"
"1155",1943,"Russia","Men","1920-1929","Low",128,13,1,10.2,7.7,"FSU"
"1156",1946,"Russia","Men","1930-1939","High",156,9,1,5.8,11.1,"FSU"
"1157",1947,"Russia","Men","1930-1939","Low",252,24,3,9.5,12.5,"FSU"
"1158",1948,"Russia","Men","1930-1939","Medium",149,19,3,12.8,15.8,"FSU"
"1159",1950,"Russia","Men","1940-1949","High",247,18,4,7.3,22.2,"FSU"
"1160",1951,"Russia","Men","1940-1949","Low",120,10,1,8.3,10,"FSU"
"1161",1952,"Russia","Men","1940-1949","Medium",231,20,1,8.7,5,"FSU"
"1162",1954,"Russia","Men","1950-1959","High",348,21,9,6,42.9,"FSU"
"1163",1955,"Russia","Men","1950-1959","Low",83,10,5,12,50,"FSU"
"1164",1956,"Russia","Men","1950-1959","Medium",469,42,9,9,21.4,"FSU"
"1165",1957,"Russia","Men","1950-1959",NA,56,6,2,10.7,33.3,"FSU"
"1166",1958,"Russia","Men","1960-1969","High",389,45,20,11.6,44.4,"FSU"
"1167",1960,"Russia","Men","1960-1969","Medium",537,86,36,16,41.9,"FSU"
"1168",1961,"Russia","Men","1960-1969",NA,60,6,1,10,16.7,"FSU"
"1169",1966,"Russia","Women","1920-1929","High",87,18,5,20.7,27.8,"FSU"
"1170",1967,"Russia","Women","1920-1929","Low",336,43,16,12.8,37.2,"FSU"
"1171",1968,"Russia","Women","1920-1929","Medium",104,19,6,18.3,31.6,"FSU"
"1172",1970,"Russia","Women","1930-1939","High",402,37,8,9.2,21.6,"FSU"
"1173",1971,"Russia","Women","1930-1939","Low",629,45,11,7.2,24.4,"FSU"
"1174",1972,"Russia","Women","1930-1939","Medium",275,23,5,8.4,21.7,"FSU"
"1175",1974,"Russia","Women","1940-1949","High",518,47,19,9.1,40.4,"FSU"
"1176",1975,"Russia","Women","1940-1949","Low",251,23,5,9.2,21.7,"FSU"
"1177",1976,"Russia","Women","1940-1949","Medium",348,38,10,10.9,26.3,"FSU"
"1178",1978,"Russia","Women","1950-1959","High",832,63,26,7.6,41.3,"FSU"
"1179",1979,"Russia","Women","1950-1959","Low",107,9,1,8.4,11.1,"FSU"
"1180",1980,"Russia","Women","1950-1959","Medium",676,40,11,5.9,27.5,"FSU"
"1181",1981,"Russia","Women","1950-1959",NA,100,9,4,9,44.4,"FSU"
"1182",1982,"Russia","Women","1960-1969","High",718,56,24,7.8,42.9,"FSU"
"1183",1984,"Russia","Women","1960-1969","Medium",603,38,12,6.3,31.6,"FSU"
"1184",1985,"Russia","Women","1960-1969",NA,74,6,3,8.1,50,"FSU"
"1185",1990,"Rwanda","Men","1970-1979","High",1120,33,14,2.9,42.4,"Africa"
"1186",1991,"Rwanda","Men","1970-1979","Low",1401,42,27,3,64.3,"Africa"
"1187",1992,"Rwanda","Men","1980-1989","High",1015,47,33,4.6,70.2,"Africa"
"1188",1993,"Rwanda","Men","1980-1989","Low",1223,41,26,3.4,63.4,"Africa"
"1189",1994,"Rwanda","Women","1960-1969","High",292,7,3,2.4,42.9,"Africa"
"1190",1995,"Rwanda","Women","1960-1969","Low",352,11,8,3.1,72.7,"Africa"
"1191",1996,"Rwanda","Women","1970-1979","High",475,13,8,2.7,61.5,"Africa"
"1192",1997,"Rwanda","Women","1970-1979","Low",498,11,4,2.2,36.4,"Africa"
"1193",1998,"Rwanda","Women","1980-1989","High",317,20,12,6.3,60,"Africa"
"1194",1999,"Rwanda","Women","1980-1989","Low",540,35,20,6.5,57.1,"Africa"
"1195",2002,"Sao Tome and Principe","Men","1960-1969","High",188,1,NA,0.5,NA,"Africa"
"1196",2003,"Sao Tome and Principe","Men","1960-1969","Low",341,3,NA,0.9,NA,"Africa"
"1197",2004,"Sao Tome and Principe","Men","1970-1979","High",89,1,NA,1.1,NA,"Africa"
"1198",2005,"Sao Tome and Principe","Men","1970-1979","Low",131,1,NA,0.8,NA,"Africa"
"1199",2008,"Sao Tome and Principe","Women","1950-1959","High",81,1,1,1.2,100,"Africa"
"1200",2009,"Sao Tome and Principe","Women","1950-1959","Low",154,7,5,4.5,71.4,"Africa"
"1201",2010,"Sao Tome and Principe","Women","1960-1969","High",191,8,3,4.2,37.5,"Africa"
"1202",2011,"Sao Tome and Principe","Women","1960-1969","Low",201,17,10,8.5,58.8,"Africa"
"1203",2012,"Sao Tome and Principe","Women","1970-1979","High",80,4,2,5,50,"Africa"
"1204",2013,"Sao Tome and Principe","Women","1970-1979","Low",115,12,8,10.4,66.7,"Africa"
"1205",2015,"Senegal","Men","1960-1969","Low",92,1,NA,1.1,NA,"Africa"
"1206",2016,"Senegal","Men","1970-1979","High",470,39,15,8.3,38.5,"Africa"
"1207",2017,"Senegal","Men","1970-1979","Low",1102,38,11,3.4,28.9,"Africa"
"1208",2018,"Senegal","Men","1980-1989","High",277,23,9,8.3,39.1,"Africa"
"1209",2019,"Senegal","Men","1980-1989","Low",635,36,6,5.7,16.7,"Africa"
"1210",2022,"Senegal","Women","1960-1969","High",141,11,4,7.8,36.4,"Africa"
"1211",2023,"Senegal","Women","1960-1969","Low",246,7,3,2.8,42.9,"Africa"
"1212",2025,"Senegal","Women","1970-1979","High",243,30,20,12.3,66.7,"Africa"
"1213",2026,"Senegal","Women","1970-1979","Low",347,14,7,4,50,"Africa"
"1214",2027,"Senegal","Women","1980-1989","High",126,32,18,25.4,56.2,"Africa"
"1215",2028,"Senegal","Women","1980-1989","Low",184,34,14,18.5,41.2,"Africa"
"1216",2037,"Serbia","Men","1940-1949","Medium",57,4,1,7,25,"Europe & North America"
"1217",2040,"Serbia","Men","1950-1959","Medium",129,19,10,14.7,52.6,"Europe & North America"
"1218",2044,"Serbia","Men","1960-1969","Medium",114,28,12,24.6,42.9,"Europe & North America"
"1219",2047,"Serbia","Men","1970-1979","Medium",94,19,10,20.2,52.6,"Europe & North America"
"1220",2054,"Serbia","Women","1930-1939","Low",53,6,1,11.3,16.7,"Europe & North America"
"1221",2057,"Serbia","Women","1940-1949","Low",97,9,2,9.3,22.2,"Europe & North America"
"1222",2058,"Serbia","Women","1940-1949","Medium",60,6,1,10,16.7,"Europe & North America"
"1223",2060,"Serbia","Women","1950-1959","Low",77,5,NA,6.5,NA,"Europe & North America"
"1224",2061,"Serbia","Women","1950-1959","Medium",104,7,2,6.7,28.6,"Europe & North America"
"1225",2064,"Serbia","Women","1960-1969","Medium",110,14,4,12.7,28.6,"Europe & North America"
"1226",2067,"Serbia","Women","1970-1979","Medium",99,19,9,19.2,47.4,"Europe & North America"
"1227",2073,"Sierra Leone","Men","1970-1979","High",553,10,3,1.8,30,"Africa"
"1228",2074,"Sierra Leone","Men","1970-1979","Low",2180,33,4,1.5,12.1,"Africa"
"1229",2075,"Sierra Leone","Men","1980-1989","High",471,21,7,4.5,33.3,"Africa"
"1230",2076,"Sierra Leone","Men","1980-1989","Low",1685,30,6,1.8,20,"Africa"
"1231",2079,"Sierra Leone","Women","1960-1969","High",310,3,2,1,66.7,"Africa"
"1232",2080,"Sierra Leone","Women","1960-1969","Low",532,4,1,0.8,25,"Africa"
"1233",2081,"Sierra Leone","Women","1970-1979","High",567,14,9,2.5,64.3,"Africa"
"1234",2082,"Sierra Leone","Women","1970-1979","Low",766,9,5,1.2,55.6,"Africa"
"1235",2083,"Sierra Leone","Women","1980-1989","High",275,16,9,5.8,56.2,"Africa"
"1236",2084,"Sierra Leone","Women","1980-1989","Low",493,31,13,6.3,41.9,"Africa"
"1237",2094,"Slovakia","Men","1940-1949","Medium",138,12,10,8.7,83.3,"FSU"
"1238",2097,"Slovakia","Men","1950-1959","Medium",206,28,20,13.6,71.4,"FSU"
"1239",2101,"Slovakia","Men","1960-1969","Medium",182,39,24,21.4,61.5,"FSU"
"1240",2104,"Slovakia","Men","1970-1979","Medium",81,20,17,24.7,85,"FSU"
"1241",2114,"Slovakia","Women","1930-1939","Low",53,2,NA,3.8,NA,"FSU"
"1242",2118,"Slovakia","Women","1940-1949","Low",57,8,2,14,25,"FSU"
"1243",2119,"Slovakia","Women","1940-1949","Medium",115,5,3,4.3,60,"FSU"
"1244",2122,"Slovakia","Women","1950-1959","Low",57,6,3,10.5,50,"FSU"
"1245",2123,"Slovakia","Women","1950-1959","Medium",212,18,11,8.5,61.1,"FSU"
"1246",2127,"Slovakia","Women","1960-1969","Medium",186,22,15,11.8,68.2,"FSU"
"1247",2130,"Slovakia","Women","1970-1979","Medium",76,10,4,13.2,40,"FSU"
"1248",2151,"Slovenia","Men","1940-1949","Medium",108,8,4,7.4,50,"Europe & North America"
"1249",2154,"Slovenia","Men","1950-1959","Medium",132,11,5,8.3,45.5,"Europe & North America"
"1250",2157,"Slovenia","Men","1960-1969","Medium",142,14,9,9.9,64.3,"Europe & North America"
"1251",2160,"Slovenia","Men","1970-1979","Medium",76,22,9,28.9,40.9,"Europe & North America"
"1252",2171,"Slovenia","Women","1930-1939","Low",86,4,2,4.7,50,"Europe & North America"
"1253",2172,"Slovenia","Women","1930-1939","Medium",51,3,1,5.9,33.3,"Europe & North America"
"1254",2174,"Slovenia","Women","1940-1949","Low",73,5,NA,6.8,NA,"Europe & North America"
"1255",2175,"Slovenia","Women","1940-1949","Medium",92,2,1,2.2,50,"Europe & North America"
"1256",2176,"Slovenia","Women","1950-1959","High",58,3,NA,5.2,NA,"Europe & North America"
"1257",2177,"Slovenia","Women","1950-1959","Low",86,6,2,7,33.3,"Europe & North America"
"1258",2178,"Slovenia","Women","1950-1959","Medium",133,11,3,8.3,27.3,"Europe & North America"
"1259",2179,"Slovenia","Women","1960-1969","High",79,11,6,13.9,54.5,"Europe & North America"
"1260",2181,"Slovenia","Women","1960-1969","Medium",120,2,1,1.7,50,"Europe & North America"
"1261",2182,"Slovenia","Women","1970-1979","High",71,9,4,12.7,44.4,"Europe & North America"
"1262",2184,"Slovenia","Women","1970-1979","Medium",69,4,NA,5.8,NA,"Europe & North America"
"1263",2189,"South Africa","Men","1960-1969","High",310,21,7,6.8,33.3,"Africa"
"1264",2190,"South Africa","Men","1960-1969","Low",310,20,10,6.5,50,"Africa"
"1265",2191,"South Africa","Men","1970-1979","High",716,58,31,8.1,53.4,"Africa"
"1266",2192,"South Africa","Men","1970-1979","Low",1174,53,27,4.5,50.9,"Africa"
"1267",2193,"South Africa","Men","1980-1989","High",156,16,10,10.3,62.5,"Africa"
"1268",2194,"South Africa","Men","1980-1989","Low",243,15,10,6.2,66.7,"Africa"
"1269",2195,"South Africa","Women","1950-1959","High",67,6,4,9,66.7,"Africa"
"1270",2196,"South Africa","Women","1950-1959","Low",68,4,4,5.9,100,"Africa"
"1271",2197,"South Africa","Women","1960-1969","High",207,19,10,9.2,52.6,"Africa"
"1272",2198,"South Africa","Women","1960-1969","Low",281,38,27,13.5,71.1,"Africa"
"1273",2199,"South Africa","Women","1970-1979","High",315,28,17,8.9,60.7,"Africa"
"1274",2200,"South Africa","Women","1970-1979","Low",321,44,34,13.7,77.3,"Africa"
"1275",2202,"South Africa","Women","1980-1989","Low",81,21,15,25.9,71.4,"Africa"
"1276",2208,"Spain","Men","1930-1939","Low",93,13,7,14,53.8,"Europe & North America"
"1277",2212,"Spain","Men","1940-1949","Low",128,17,11,13.3,64.7,"Europe & North America"
"1278",2216,"Spain","Men","1950-1959","Low",121,22,13,18.2,59.1,"Europe & North America"
"1279",2217,"Spain","Men","1950-1959","Medium",69,9,2,13,22.2,"Europe & North America"
"1280",2219,"Spain","Men","1960-1969","High",85,21,7,24.7,33.3,"Europe & North America"
"1281",2220,"Spain","Men","1960-1969","Low",166,31,13,18.7,41.9,"Europe & North America"
"1282",2221,"Spain","Men","1960-1969","Medium",98,23,8,23.5,34.8,"Europe & North America"
"1283",2223,"Spain","Men","1970-1979","High",57,23,8,40.4,34.8,"Europe & North America"
"1284",2224,"Spain","Men","1970-1979","Low",75,15,6,20,40,"Europe & North America"
"1285",2225,"Spain","Men","1970-1979","Medium",54,15,6,27.8,40,"Europe & North America"
"1286",2238,"Spain","Women","1920-1929","Low",541,63,23,11.6,36.5,"Europe & North America"
"1287",2240,"Spain","Women","1920-1929",NA,188,18,6,9.6,33.3,"Europe & North America"
"1288",2242,"Spain","Women","1930-1939","Low",997,95,28,9.5,29.5,"Europe & North America"
"1289",2243,"Spain","Women","1930-1939","Medium",70,10,7,14.3,70,"Europe & North America"
"1290",2244,"Spain","Women","1930-1939",NA,316,31,13,9.8,41.9,"Europe & North America"
"1291",2245,"Spain","Women","1940-1949","High",105,20,10,19,50,"Europe & North America"
"1292",2246,"Spain","Women","1940-1949","Low",1041,79,31,7.6,39.2,"Europe & North America"
"1293",2247,"Spain","Women","1940-1949","Medium",134,16,12,11.9,75,"Europe & North America"
"1294",2248,"Spain","Women","1940-1949",NA,177,14,5,7.9,35.7,"Europe & North America"
"1295",2249,"Spain","Women","1950-1959","High",252,54,22,21.4,40.7,"Europe & North America"
"1296",2250,"Spain","Women","1950-1959","Low",955,80,34,8.4,42.5,"Europe & North America"
"1297",2251,"Spain","Women","1950-1959","Medium",342,49,22,14.3,44.9,"Europe & North America"
"1298",2252,"Spain","Women","1950-1959",NA,69,7,2,10.1,28.6,"Europe & North America"
"1299",2253,"Spain","Women","1960-1969","High",457,116,53,25.4,45.7,"Europe & North America"
"1300",2254,"Spain","Women","1960-1969","Low",910,90,32,9.9,35.6,"Europe & North America"
"1301",2255,"Spain","Women","1960-1969","Medium",684,87,30,12.7,34.5,"Europe & North America"
"1302",2257,"Spain","Women","1970-1979","High",131,33,11,25.2,33.3,"Europe & North America"
"1303",2258,"Spain","Women","1970-1979","Low",169,26,7,15.4,26.9,"Europe & North America"
"1304",2259,"Spain","Women","1970-1979","Medium",148,44,15,29.7,34.1,"Europe & North America"
"1305",2264,"Swaziland","Men","1950-1959","High",114,3,1,2.6,33.3,"Africa"
"1306",2265,"Swaziland","Men","1950-1959","Low",118,5,1,4.2,20,"Africa"
"1307",2266,"Swaziland","Men","1960-1969","High",443,24,8,5.4,33.3,"Africa"
"1308",2267,"Swaziland","Men","1960-1969","Low",473,20,5,4.2,25,"Africa"
"1309",2268,"Swaziland","Men","1970-1979","High",72,6,3,8.3,50,"Africa"
"1310",2269,"Swaziland","Men","1970-1979","Low",113,4,2,3.5,50,"Africa"
"1311",2270,"Swaziland","Women","1950-1959","High",67,2,NA,3,NA,"Africa"
"1312",2271,"Swaziland","Women","1950-1959","Low",85,3,2,3.5,66.7,"Africa"
"1313",2273,"Swaziland","Women","1960-1969","High",278,15,10,5.4,66.7,"Africa"
"1314",2274,"Swaziland","Women","1960-1969","Low",352,28,15,8,53.6,"Africa"
"1315",2276,"Swaziland","Women","1970-1979","High",58,4,3,6.9,75,"Africa"
"1316",2277,"Swaziland","Women","1970-1979","Low",89,12,9,13.5,75,"Africa"
"1317",2284,"Sweden","Men","1930-1939","High",97,11,2,11.3,18.2,"Europe & North America"
"1318",2285,"Sweden","Men","1930-1939","Low",190,30,8,15.8,26.7,"Europe & North America"
"1319",2286,"Sweden","Men","1930-1939","Medium",165,17,4,10.3,23.5,"Europe & North America"
"1320",2288,"Sweden","Men","1940-1949","High",295,34,9,11.5,26.5,"Europe & North America"
"1321",2289,"Sweden","Men","1940-1949","Low",298,40,17,13.4,42.5,"Europe & North America"
"1322",2290,"Sweden","Men","1940-1949","Medium",516,60,14,11.6,23.3,"Europe & North America"
"1323",2292,"Sweden","Men","1950-1959","High",316,42,12,13.3,28.6,"Europe & North America"
"1324",2293,"Sweden","Men","1950-1959","Low",201,35,13,17.4,37.1,"Europe & North America"
"1325",2294,"Sweden","Men","1950-1959","Medium",599,84,16,14,19,"Europe & North America"
"1326",2296,"Sweden","Men","1960-1969","High",316,50,17,15.8,34,"Europe & North America"
"1327",2297,"Sweden","Men","1960-1969","Low",114,22,3,19.3,13.6,"Europe & North America"
"1328",2298,"Sweden","Men","1960-1969","Medium",672,129,49,19.2,38,"Europe & North America"
"1329",2300,"Sweden","Men","1970-1979","High",344,83,14,24.1,16.9,"Europe & North America"
"1330",2301,"Sweden","Men","1970-1979","Low",51,10,5,19.6,50,"Europe & North America"
"1331",2302,"Sweden","Men","1970-1979","Medium",393,79,24,20.1,30.4,"Europe & North America"
"1332",2314,"Sweden","Women","1930-1939","High",122,12,4,9.8,33.3,"Europe & North America"
"1333",2315,"Sweden","Women","1930-1939","Low",221,11,4,5,36.4,"Europe & North America"
"1334",2316,"Sweden","Women","1930-1939","Medium",162,11,3,6.8,27.3,"Europe & North America"
"1335",2318,"Sweden","Women","1940-1949","High",359,40,6,11.1,15,"Europe & North America"
"1336",2319,"Sweden","Women","1940-1949","Low",292,24,2,8.2,8.3,"Europe & North America"
"1337",2320,"Sweden","Women","1940-1949","Medium",489,41,10,8.4,24.4,"Europe & North America"
"1338",2322,"Sweden","Women","1950-1959","High",449,51,9,11.4,17.6,"Europe & North America"
"1339",2323,"Sweden","Women","1950-1959","Low",128,13,1,10.2,7.7,"Europe & North America"
"1340",2324,"Sweden","Women","1950-1959","Medium",512,54,6,10.5,11.1,"Europe & North America"
"1341",2326,"Sweden","Women","1960-1969","High",523,49,7,9.4,14.3,"Europe & North America"
"1342",2327,"Sweden","Women","1960-1969","Low",83,11,1,13.3,9.1,"Europe & North America"
"1343",2328,"Sweden","Women","1960-1969","Medium",657,67,7,10.2,10.4,"Europe & North America"
"1344",2330,"Sweden","Women","1970-1979","High",440,63,12,14.3,19,"Europe & North America"
"1345",2332,"Sweden","Women","1970-1979","Medium",329,39,9,11.9,23.1,"Europe & North America"
"1346",2347,"Switzerland","Men","1930-1939","Medium",62,9,2,14.5,22.2,"Europe & North America"
"1347",2348,"Switzerland","Men","1940-1949","High",72,16,NA,22.2,NA,"Europe & North America"
"1348",2350,"Switzerland","Men","1940-1949","Medium",109,22,5,20.2,22.7,"Europe & North America"
"1349",2351,"Switzerland","Men","1950-1959","High",105,18,2,17.1,11.1,"Europe & North America"
"1350",2353,"Switzerland","Men","1950-1959","Medium",137,33,11,24.1,33.3,"Europe & North America"
"1351",2354,"Switzerland","Men","1960-1969","High",125,37,6,29.6,16.2,"Europe & North America"
"1352",2356,"Switzerland","Men","1960-1969","Medium",121,40,8,33.1,20,"Europe & North America"
"1353",2357,"Switzerland","Men","1970-1979","High",78,20,6,25.6,30,"Europe & North America"
"1354",2359,"Switzerland","Men","1970-1979","Medium",69,25,1,36.2,4,"Europe & North America"
"1355",2369,"Switzerland","Women","1930-1939","Low",75,13,5,17.3,38.5,"Europe & North America"
"1356",2370,"Switzerland","Women","1930-1939","Medium",67,13,6,19.4,46.2,"Europe & North America"
"1357",2372,"Switzerland","Women","1940-1949","Low",86,17,7,19.8,41.2,"Europe & North America"
"1358",2373,"Switzerland","Women","1940-1949","Medium",119,18,4,15.1,22.2,"Europe & North America"
"1359",2375,"Switzerland","Women","1950-1959","High",59,13,1,22,7.7,"Europe & North America"
"1360",2376,"Switzerland","Women","1950-1959","Low",61,13,3,21.3,23.1,"Europe & North America"
"1361",2377,"Switzerland","Women","1950-1959","Medium",150,39,7,26,17.9,"Europe & North America"
"1362",2378,"Switzerland","Women","1960-1969","High",96,33,7,34.4,21.2,"Europe & North America"
"1363",2379,"Switzerland","Women","1960-1969","Low",72,10,2,13.9,20,"Europe & North America"
"1364",2380,"Switzerland","Women","1960-1969","Medium",167,39,10,23.4,25.6,"Europe & North America"
"1365",2382,"Switzerland","Women","1970-1979","High",61,20,3,32.8,15,"Europe & North America"
"1366",2384,"Switzerland","Women","1970-1979","Medium",74,14,4,18.9,28.6,"Europe & North America"
"1367",2388,"Tanzania","Men","1960-1969","High",132,1,NA,0.8,NA,"Africa"
"1368",2389,"Tanzania","Men","1960-1969","Low",642,12,2,1.9,16.7,"Africa"
"1369",2390,"Tanzania","Men","1970-1979","High",436,27,14,6.2,51.9,"Africa"
"1370",2391,"Tanzania","Men","1970-1979","Low",2426,55,11,2.3,20,"Africa"
"1371",2394,"Tanzania","Men","1980-1989","Low",326,9,3,2.8,33.3,"Africa"
"1372",2396,"Tanzania","Women","1960-1969","Low",203,4,1,2,25,"Africa"
"1373",2397,"Tanzania","Women","1970-1979","High",142,8,7,5.6,87.5,"Africa"
"1374",2398,"Tanzania","Women","1970-1979","Low",604,18,11,3,61.1,"Africa"
"1375",2400,"Tanzania","Women","1980-1989","Low",60,NA,NA,NA,NA,"Africa"
"1376",2403,"The UK","Men","1920-1929","High",70,13,NA,18.6,NA,"Europe & North America"
"1377",2404,"The UK","Men","1920-1929","Low",162,30,16,18.5,53.3,"Europe & North America"
"1378",2405,"The UK","Men","1920-1929","Medium",63,10,3,15.9,30,"Europe & North America"
"1379",2407,"The UK","Men","1930-1939","High",265,39,8,14.7,20.5,"Europe & North America"
"1380",2408,"The UK","Men","1930-1939","Low",356,69,32,19.4,46.4,"Europe & North America"
"1381",2409,"The UK","Men","1930-1939","Medium",221,38,12,17.2,31.6,"Europe & North America"
"1382",2411,"The UK","Men","1940-1949","High",546,87,25,15.9,28.7,"Europe & North America"
"1383",2412,"The UK","Men","1940-1949","Low",395,75,32,19,42.7,"Europe & North America"
"1384",2413,"The UK","Men","1940-1949","Medium",315,47,8,14.9,17,"Europe & North America"
"1385",2414,"The UK","Men","1940-1949",NA,106,26,5,24.5,19.2,"Europe & North America"
"1386",2415,"The UK","Men","1950-1959","High",708,158,41,22.3,25.9,"Europe & North America"
"1387",2416,"The UK","Men","1950-1959","Low",262,67,24,25.6,35.8,"Europe & North America"
"1388",2417,"The UK","Men","1950-1959","Medium",353,61,18,17.3,29.5,"Europe & North America"
"1389",2418,"The UK","Men","1950-1959",NA,106,27,8,25.5,29.6,"Europe & North America"
"1390",2419,"The UK","Men","1960-1969","High",830,222,54,26.7,24.3,"Europe & North America"
"1391",2420,"The UK","Men","1960-1969","Low",246,66,32,26.8,48.5,"Europe & North America"
"1392",2421,"The UK","Men","1960-1969","Medium",498,142,33,28.5,23.2,"Europe & North America"
"1393",2422,"The UK","Men","1960-1969",NA,143,50,18,35,36,"Europe & North America"
"1394",2423,"The UK","Men","1970-1979","High",156,58,6,37.2,10.3,"Europe & North America"
"1395",2424,"The UK","Men","1970-1979","Low",57,16,5,28.1,31.2,"Europe & North America"
"1396",2425,"The UK","Men","1970-1979","Medium",83,28,8,33.7,28.6,"Europe & North America"
"1397",2435,"The UK","Women","1920-1929","High",65,22,8,33.8,36.4,"Europe & North America"
"1398",2436,"The UK","Women","1920-1929","Low",264,43,14,16.3,32.6,"Europe & North America"
"1399",2437,"The UK","Women","1920-1929","Medium",74,17,4,23,23.5,"Europe & North America"
"1400",2439,"The UK","Women","1930-1939","High",241,51,17,21.2,33.3,"Europe & North America"
"1401",2440,"The UK","Women","1930-1939","Low",537,67,20,12.5,29.9,"Europe & North America"
"1402",2441,"The UK","Women","1930-1939","Medium",219,37,12,16.9,32.4,"Europe & North America"
"1403",2442,"The UK","Women","1930-1939",NA,52,13,1,25,7.7,"Europe & North America"
"1404",2443,"The UK","Women","1940-1949","High",473,62,18,13.1,29,"Europe & North America"
"1405",2444,"The UK","Women","1940-1949","Low",624,75,18,12,24,"Europe & North America"
"1406",2445,"The UK","Women","1940-1949","Medium",397,44,14,11.1,31.8,"Europe & North America"
"1407",2446,"The UK","Women","1940-1949",NA,97,14,1,14.4,7.1,"Europe & North America"
"1408",2447,"The UK","Women","1950-1959","High",719,123,25,17.1,20.3,"Europe & North America"
"1409",2448,"The UK","Women","1950-1959","Low",375,38,8,10.1,21.1,"Europe & North America"
"1410",2449,"The UK","Women","1950-1959","Medium",461,63,14,13.7,22.2,"Europe & North America"
"1411",2450,"The UK","Women","1950-1959",NA,103,12,4,11.7,33.3,"Europe & North America"
"1412",2451,"The UK","Women","1960-1969","High",979,189,42,19.3,22.2,"Europe & North America"
"1413",2452,"The UK","Women","1960-1969","Low",299,25,9,8.4,36,"Europe & North America"
"1414",2453,"The UK","Women","1960-1969","Medium",647,97,23,15,23.7,"Europe & North America"
"1415",2454,"The UK","Women","1960-1969",NA,103,16,4,15.5,25,"Europe & North America"
"1416",2455,"The UK","Women","1970-1979","High",200,40,3,20,7.5,"Europe & North America"
"1417",2456,"The UK","Women","1970-1979","Low",54,4,1,7.4,25,"Europe & North America"
"1418",2457,"The UK","Women","1970-1979","Medium",93,17,2,18.3,11.8,"Europe & North America"
"1419",2459,"The UK","Women","1980-1989","High",63,14,1,22.2,7.1,"Europe & North America"
"1420",2462,"The US","Men","1960-1969","High",636,247,96,38.8,38.9,"Europe & North America"
"1421",2463,"The US","Men","1960-1969","Low",234,47,17,20.1,36.2,"Europe & North America"
"1422",2464,"The US","Men","1960-1969","Medium",373,117,35,31.4,29.9,"Europe & North America"
"1423",2465,"The US","Men","1970-1979","High",291,105,42,36.1,40,"Europe & North America"
"1424",2466,"The US","Men","1970-1979","Low",80,14,5,17.5,35.7,"Europe & North America"
"1425",2467,"The US","Men","1970-1979","Medium",136,38,16,27.9,42.1,"Europe & North America"
"1426",2468,"The US","Women","1950-1959","High",1871,407,107,21.8,26.3,"Europe & North America"
"1427",2469,"The US","Women","1950-1959","Low",494,33,8,6.7,24.2,"Europe & North America"
"1428",2470,"The US","Women","1950-1959","Medium",1510,192,35,12.7,18.2,"Europe & North America"
"1429",2471,"The US","Women","1960-1969","High",902,227,75,25.2,33,"Europe & North America"
"1430",2472,"The US","Women","1960-1969","Low",241,22,3,9.1,13.6,"Europe & North America"
"1431",2473,"The US","Women","1960-1969","Medium",467,77,16,16.5,20.8,"Europe & North America"
"1432",2474,"The US","Women","1970-1979","High",357,99,31,27.7,31.3,"Europe & North America"
"1433",2475,"The US","Women","1970-1979","Low",100,7,3,7,42.9,"Europe & North America"
"1434",2476,"The US","Women","1970-1979","Medium",146,16,1,11,6.2,"Europe & North America"
"1435",2477,"Timor-Leste","Men","1960-1969","High",281,21,15,7.5,71.4,"Asia"
"1436",2478,"Timor-Leste","Men","1960-1969","Low",325,21,14,6.5,66.7,"Asia"
"1437",2479,"Timor-Leste","Men","1970-1979","High",997,79,49,7.9,62,"Asia"
"1438",2480,"Timor-Leste","Men","1970-1979","Low",1560,103,67,6.6,65,"Asia"
"1439",2481,"Timor-Leste","Men","1980-1989","High",182,21,15,11.5,71.4,"Asia"
"1440",2482,"Timor-Leste","Men","1980-1989","Low",375,39,29,10.4,74.4,"Asia"
"1441",2483,"Timor-Leste","Women","1950-1959","High",51,2,1,3.9,50,"Asia"
"1442",2484,"Timor-Leste","Women","1950-1959","Low",61,7,2,11.5,28.6,"Asia"
"1443",2485,"Timor-Leste","Women","1960-1969","High",328,22,7,6.7,31.8,"Asia"
"1444",2486,"Timor-Leste","Women","1960-1969","Low",388,36,17,9.3,47.2,"Asia"
"1445",2487,"Timor-Leste","Women","1970-1979","High",400,41,20,10.2,48.8,"Asia"
"1446",2488,"Timor-Leste","Women","1970-1979","Low",458,52,29,11.4,55.8,"Asia"
"1447",2489,"Timor-Leste","Women","1980-1989","High",73,15,13,20.5,86.7,"Asia"
"1448",2490,"Timor-Leste","Women","1980-1989","Low",96,19,14,19.8,73.7,"Asia"
"1449",2491,"Togo","Men","1960-1969","High",406,10,5,2.5,50,"Africa"
"1450",2492,"Togo","Men","1960-1969","Low",532,6,NA,1.1,NA,"Africa"
"1451",2493,"Togo","Men","1970-1979","High",1007,41,11,4.1,26.8,"Africa"
"1452",2494,"Togo","Men","1970-1979","Low",1118,18,6,1.6,33.3,"Africa"
"1453",2496,"Togo","Women","1950-1959","High",90,2,2,2.2,100,"Africa"
"1454",2497,"Togo","Women","1950-1959","Low",118,1,1,0.8,100,"Africa"
"1455",2498,"Togo","Women","1960-1969","High",275,6,4,2.2,66.7,"Africa"
"1456",2499,"Togo","Women","1960-1969","Low",396,9,4,2.3,44.4,"Africa"
"1457",2500,"Togo","Women","1970-1979","High",354,27,11,7.6,40.7,"Africa"
"1458",2501,"Togo","Women","1970-1979","Low",498,33,23,6.6,69.7,"Africa"
"1459",2503,"Turkey","Men","1940-1949","Low",107,3,1,2.8,33.3,"Europe & North America"
"1460",2504,"Turkey","Men","1950-1959","High",268,31,17,11.6,54.8,"Europe & North America"
"1461",2505,"Turkey","Men","1950-1959","Low",1418,43,13,3,30.2,"Europe & North America"
"1462",2506,"Turkey","Men","1960-1969","High",179,18,13,10.1,72.2,"Europe & North America"
"1463",2507,"Turkey","Men","1960-1969","Low",716,36,10,5,27.8,"Europe & North America"
"1464",2513,"Turkey","Women","1940-1949","High",75,3,NA,4,NA,"Europe & North America"
"1465",2514,"Turkey","Women","1940-1949","Low",155,2,NA,1.3,NA,"Europe & North America"
"1466",2515,"Turkey","Women","1950-1959","High",247,6,NA,2.4,NA,"Europe & North America"
"1467",2516,"Turkey","Women","1950-1959","Low",363,8,NA,2.2,NA,"Europe & North America"
"1468",2517,"Turkey","Women","1960-1969","High",140,3,NA,2.1,NA,"Europe & North America"
"1469",2518,"Turkey","Women","1960-1969","Low",161,6,NA,3.7,NA,"Europe & North America"
"1470",2520,"Uganda","Men","1960-1969","High",314,4,NA,1.3,NA,"Africa"
"1471",2521,"Uganda","Men","1960-1969","Low",396,6,1,1.5,16.7,"Africa"
"1472",2522,"Uganda","Men","1970-1979","High",1577,33,16,2.1,48.5,"Africa"
"1473",2523,"Uganda","Men","1970-1979","Low",1791,32,6,1.8,18.8,"Africa"
"1474",2524,"Uganda","Men","1980-1989","High",197,2,2,1,100,"Africa"
"1475",2525,"Uganda","Men","1980-1989","Low",559,7,3,1.3,42.9,"Africa"
"1476",2526,"Uganda","Women","1960-1969","High",223,NA,NA,NA,NA,"Africa"
"1477",2527,"Uganda","Women","1960-1969","Low",270,9,4,3.3,44.4,"Africa"
"1478",2528,"Uganda","Women","1970-1979","High",446,6,6,1.3,100,"Africa"
"1479",2529,"Uganda","Women","1970-1979","Low",501,17,6,3.4,35.3,"Africa"
"1480",2530,"Uganda","Women","1980-1989","High",69,1,NA,1.4,NA,"Africa"
"1481",2531,"Uganda","Women","1980-1989","Low",136,7,6,5.1,85.7,"Africa"
"1482",2540,"Ukraine","Men","1940-1949","High",51,1,NA,2,NA,"FSU"
"1483",2543,"Ukraine","Men","1950-1959","High",281,14,2,5,14.3,"FSU"
"1484",2544,"Ukraine","Men","1950-1959","Low",239,15,3,6.3,20,"FSU"
"1485",2546,"Ukraine","Men","1960-1969","High",953,69,14,7.2,20.3,"FSU"
"1486",2547,"Ukraine","Men","1960-1969","Low",1177,51,15,4.3,29.4,"FSU"
"1487",2550,"Ukraine","Men","1970-1979","High",281,29,9,10.3,31,"FSU"
"1488",2551,"Ukraine","Men","1970-1979","Low",338,18,5,5.3,27.8,"FSU"
"1489",2556,"Ukraine","Women","1920-1929","Low",59,15,6,25.4,40,"FSU"
"1490",2558,"Ukraine","Women","1930-1939","High",65,7,1,10.8,14.3,"FSU"
"1491",2559,"Ukraine","Women","1930-1939","Low",101,13,8,12.9,61.5,"FSU"
"1492",2562,"Ukraine","Women","1940-1949","High",103,5,2,4.9,40,"FSU"
"1493",2564,"Ukraine","Women","1940-1949","Medium",52,3,NA,5.8,NA,"FSU"
"1494",2565,"Ukraine","Women","1950-1959","High",241,16,8,6.6,50,"FSU"
"1495",2566,"Ukraine","Women","1950-1959","Low",137,11,4,8,36.4,"FSU"
"1496",2567,"Ukraine","Women","1950-1959","Medium",67,2,1,3,50,"FSU"
"1497",2568,"Ukraine","Women","1960-1969","High",542,39,12,7.2,30.8,"FSU"
"1498",2569,"Ukraine","Women","1960-1969","Low",451,65,27,14.4,41.5,"FSU"
"1499",2571,"Ukraine","Women","1970-1979","High",160,14,6,8.8,42.9,"FSU"
"1500",2572,"Ukraine","Women","1970-1979","Low",158,30,13,19,43.3,"FSU"
"1501",2574,"Uruguay","Men","1970-1979","High",63,21,6,33.3,28.6,"Latin America"
"1502",2575,"Uruguay","Men","1970-1979","Low",223,40,18,17.9,45,"Latin America"
"1503",2576,"Uruguay","Men","1970-1979","Medium",169,26,5,15.4,19.2,"Latin America"
"1504",2580,"Uruguay","Women","1970-1979","High",136,38,11,27.9,28.9,"Latin America"
"1505",2581,"Uruguay","Women","1970-1979","Low",220,14,6,6.4,42.9,"Latin America"
"1506",2582,"Uruguay","Women","1970-1979","Medium",234,26,6,11.1,23.1,"Latin America"
"1507",2586,"Zambia","Men","1960-1969","High",75,2,NA,2.7,NA,"Africa"
"1508",2587,"Zambia","Men","1960-1969","Low",104,2,NA,1.9,NA,"Africa"
"1509",2588,"Zambia","Men","1970-1979","High",1127,30,14,2.7,46.7,"Africa"
"1510",2589,"Zambia","Men","1970-1979","Low",1259,15,2,1.2,13.3,"Africa"
"1511",2590,"Zambia","Men","1980-1989","High",399,15,7,3.8,46.7,"Africa"
"1512",2591,"Zambia","Men","1980-1989","Low",890,8,2,0.9,25,"Africa"
"1513",2594,"Zambia","Women","1960-1969","High",424,5,4,1.2,80,"Africa"
"1514",2595,"Zambia","Women","1960-1969","Low",695,16,12,2.3,75,"Africa"
"1515",2596,"Zambia","Women","1970-1979","High",827,24,15,2.9,62.5,"Africa"
"1516",2597,"Zambia","Women","1970-1979","Low",1245,44,27,3.5,61.4,"Africa"
"1517",2598,"Zambia","Women","1980-1989","High",446,43,31,9.6,72.1,"Africa"
"1518",2599,"Zambia","Women","1980-1989","Low",595,29,16,4.9,55.2,"Africa"
"1519",2600,"Zimbabwe","Men","1960-1969","High",229,9,4,3.9,44.4,"Africa"
"1520",2601,"Zimbabwe","Men","1960-1969","Low",242,10,5,4.1,50,"Africa"
"1521",2602,"Zimbabwe","Men","1970-1979","High",911,43,18,4.7,41.9,"Africa"
"1522",2603,"Zimbabwe","Men","1970-1979","Low",1169,31,11,2.7,35.5,"Africa"
"1523",2605,"Zimbabwe","Men","1980-1989","Low",189,7,5,3.7,71.4,"Africa"
"1524",2606,"Zimbabwe","Women","1960-1969","High",174,5,3,2.9,60,"Africa"
"1525",2607,"Zimbabwe","Women","1960-1969","Low",640,20,5,3.1,25,"Africa"
"1526",2608,"Zimbabwe","Women","1970-1979","High",349,18,8,5.2,44.4,"Africa"
"1527",2609,"Zimbabwe","Women","1970-1979","Low",1341,76,27,5.7,35.5,"Africa"
"1528",2611,"Zimbabwe","Women","1980-1989","Low",145,14,9,9.7,64.3,"Africa"
"1529",2612,"Albania","Men","1950-1959","All",861,0,0,0,NA,"Europe & North America"
"1530",2613,"Albania","Men","1960-1969","All",4052,34,22,0.8,64.7,"Europe & North America"
"1531",2614,"Albania","Men","1970-1979","All",3244,214,105,6.6,49.1,"Europe & North America"
"1532",2615,"Albania","Men","1980-1989","All",801,73,53,9.1,72.6,"Europe & North America"
"1533",2616,"Albania","Women","1950-1959","All",329,16,3,4.9,18.8,"Europe & North America"
"1534",2617,"Albania","Women","1960-1969","All",1600,119,31,7.4,26.1,"Europe & North America"
"1535",2618,"Albania","Women","1970-1979","All",1200,147,62,12.2,42.2,"Europe & North America"
"1536",2619,"Albania","Women","1980-1989","All",316,89,59,28.2,66.3,"Europe & North America"
"1537",2620,"Angola","Men","1960-1969","All",642,24,8,3.7,33.3,"Africa"
"1538",2621,"Angola","Men","1970-1979","All",2617,81,26,3.1,32.1,"Africa"
"1539",2622,"Angola","Men","1980-1989","All",362,8,6,2.2,75,"Africa"
"1540",2623,"Angola","Women","1960-1969","All",611,24,7,3.9,29.2,"Africa"
"1541",2624,"Angola","Women","1970-1979","All",959,33,14,3.4,42.4,"Africa"
"1542",2625,"Angola","Women","1980-1989","All",140,10,8,7.1,80,"Africa"
"1543",2626,"Armenia","Men","1960-1969","All",528,33,23,6.2,69.7,"FSU"
"1544",2627,"Armenia","Men","1970-1979","All",1623,130,84,8,64.6,"FSU"
"1545",2628,"Armenia","Men","1980-1989","All",219,23,20,10.5,87,"FSU"
"1546",2629,"Armenia","Women","1960-1969","All",239,12,9,5,75,"FSU"
"1547",2630,"Armenia","Women","1970-1979","All",727,80,56,11,70,"FSU"
"1548",2631,"Armenia","Women","1980-1989","All",82,15,12,18.3,80,"FSU"
"1549",2634,"Austria","Men","1930-1939","All",135,17,5,12.6,29.4,"Europe & North America"
"1550",2635,"Austria","Men","1940-1949","All",296,53,6,17.9,11.3,"Europe & North America"
"1551",2636,"Austria","Men","1950-1959","All",396,69,13,17.4,18.8,"Europe & North America"
"1552",2637,"Austria","Men","1960-1969","All",1069,275,82,25.7,29.8,"Europe & North America"
"1553",2638,"Austria","Men","1970-1979","All",519,184,50,35.5,27.2,"Europe & North America"
"1554",2639,"Austria","Men","1980-1989","All",85,41,12,48.2,29.3,"Europe & North America"
"1555",2641,"Austria","Women","1920-1929","All",55,14,3,25.5,21.4,"Europe & North America"
"1556",2642,"Austria","Women","1930-1939","All",179,18,4,10.1,22.2,"Europe & North America"
"1557",2643,"Austria","Women","1940-1949","All",372,45,9,12.1,20,"Europe & North America"
"1558",2644,"Austria","Women","1950-1959","All",413,59,17,14.3,28.8,"Europe & North America"
"1559",2645,"Austria","Women","1960-1969","All",1505,240,52,15.9,21.7,"Europe & North America"
"1560",2646,"Austria","Women","1970-1979","All",752,159,37,21.1,23.3,"Europe & North America"
"1561",2647,"Austria","Women","1980-1989","All",71,16,4,22.5,25,"Europe & North America"
"1562",2648,"Azerbaijan","Men","1950-1959","All",593,61,35,10.3,57.4,"Asia"
"1563",2649,"Azerbaijan","Men","1960-1969","All",2466,281,186,11.4,66.2,"Asia"
"1564",2650,"Azerbaijan","Men","1970-1979","All",436,85,63,19.5,74.1,"Asia"
"1565",2651,"Azerbaijan","Women","1940-1949","All",53,1,1,1.9,100,"Asia"
"1566",2652,"Azerbaijan","Women","1950-1959","All",441,17,4,3.9,23.5,"Asia"
"1567",2653,"Azerbaijan","Women","1960-1969","All",623,22,8,3.5,36.4,"Asia"
"1568",2654,"Azerbaijan","Women","1970-1979","All",120,15,8,12.5,53.3,"Asia"
"1569",2655,"Belarus","Men","1930-1939","All",53,5,3,9.4,60,"FSU"
"1570",2656,"Belarus","Men","1940-1949","All",299,20,10,6.7,50,"FSU"
"1571",2657,"Belarus","Men","1950-1959","All",666,60,30,9,50,"FSU"
"1572",2658,"Belarus","Men","1960-1969","All",724,96,42,13.3,43.8,"FSU"
"1573",2659,"Belarus","Men","1970-1979","All",819,134,64,16.4,47.8,"FSU"
"1574",2660,"Belarus","Men","1980-1989","All",248,58,26,23.4,44.8,"FSU"
"1575",2662,"Belarus","Women","1930-1939","All",156,20,12,12.8,60,"FSU"
"1576",2663,"Belarus","Women","1940-1949","All",600,72,46,12,63.9,"FSU"
"1577",2664,"Belarus","Women","1950-1959","All",1015,85,47,8.4,55.3,"FSU"
"1578",2665,"Belarus","Women","1960-1969","All",944,95,60,10.1,63.2,"FSU"
"1579",2666,"Belarus","Women","1970-1979","All",1041,95,44,9.1,46.3,"FSU"
"1580",2667,"Belarus","Women","1980-1989","All",272,29,11,10.7,37.9,"FSU"
"1581",2669,"Belgium","Men","1920-1929","All",82,15,3,18.3,20,"Europe & North America"
"1582",2670,"Belgium","Men","1930-1939","All",482,112,13,23.2,11.6,"Europe & North America"
"1583",2671,"Belgium","Men","1940-1949","All",716,187,33,26.1,17.6,"Europe & North America"
"1584",2672,"Belgium","Men","1950-1959","All",952,187,48,19.6,25.7,"Europe & North America"
"1585",2673,"Belgium","Men","1960-1969","All",1023,206,59,20.1,28.6,"Europe & North America"
"1586",2674,"Belgium","Men","1970-1979","All",452,104,27,23,26,"Europe & North America"
"1587",2675,"Belgium","Men","1980-1989","All",53,16,6,30.2,37.5,"Europe & North America"
"1588",2677,"Belgium","Women","1920-1929","All",101,18,5,17.8,27.8,"Europe & North America"
"1589",2678,"Belgium","Women","1930-1939","All",521,126,45,24.2,35.7,"Europe & North America"
"1590",2679,"Belgium","Women","1940-1949","All",720,155,29,21.5,18.7,"Europe & North America"
"1591",2680,"Belgium","Women","1950-1959","All",1011,158,25,15.6,15.8,"Europe & North America"
"1592",2681,"Belgium","Women","1960-1969","All",1147,150,26,13.1,17.3,"Europe & North America"
"1593",2682,"Belgium","Women","1970-1979","All",468,70,15,15,21.4,"Europe & North America"
"1594",2683,"Belgium","Women","1980-1989","All",64,8,3,12.5,37.5,"Europe & North America"
"1595",2684,"Benin","Men","1960-1969","All",398,7,3,1.8,42.9,"Africa"
"1596",2685,"Benin","Men","1970-1979","All",2752,42,9,1.5,21.4,"Africa"
"1597",2686,"Benin","Men","1980-1989","All",1361,27,3,2,11.1,"Africa"
"1598",2687,"Benin","Women","1950-1959","All",283,3,2,1.1,66.7,"Africa"
"1599",2688,"Benin","Women","1960-1969","All",733,14,6,1.9,42.9,"Africa"
"1600",2689,"Benin","Women","1970-1979","All",1264,32,12,2.5,37.5,"Africa"
"1601",2690,"Benin","Women","1980-1989","All",596,34,17,5.7,50,"Africa"
"1602",2691,"Bolivia","Men","1950-1959","All",511,25,11,4.9,44,"Latin America"
"1603",2692,"Bolivia","Men","1960-1969","All",3600,138,81,3.8,58.7,"Latin America"
"1604",2693,"Bolivia","Men","1970-1979","All",1418,82,53,5.8,64.6,"Latin America"
"1605",2694,"Bolivia","Women","1940-1949","All",362,17,7,4.7,41.2,"Latin America"
"1606",2695,"Bolivia","Women","1950-1959","All",809,37,20,4.6,54.1,"Latin America"
"1607",2696,"Bolivia","Women","1960-1969","All",1132,75,52,6.6,69.3,"Latin America"
"1608",2697,"Bolivia","Women","1970-1979","All",434,33,21,7.6,63.6,"Latin America"
"1609",2698,"Brazil","Men","1940-1949","All",817,68,37,8.3,54.4,"Latin America"
"1610",2699,"Brazil","Men","1950-1959","All",2973,255,160,8.6,62.7,"Latin America"
"1611",2700,"Brazil","Men","1960-1969","All",468,40,26,8.5,65,"Latin America"
"1612",2701,"Brazil","Women","1930-1939","All",102,5,1,4.9,20,"Latin America"
"1613",2702,"Brazil","Women","1940-1949","All",396,24,10,6.1,41.7,"Latin America"
"1614",2703,"Brazil","Women","1950-1959","All",557,42,21,7.5,50,"Latin America"
"1615",2704,"Brazil","Women","1960-1969","All",75,13,7,17.3,53.8,"Latin America"
"1616",2706,"Bulgaria","Men","1920-1929","All",269,26,9,9.7,34.6,"Europe & North America"
"1617",2707,"Bulgaria","Men","1930-1939","All",787,42,19,5.3,45.2,"Europe & North America"
"1618",2708,"Bulgaria","Men","1940-1949","All",1060,82,39,7.7,47.6,"Europe & North America"
"1619",2709,"Bulgaria","Men","1950-1959","All",1113,118,72,10.6,61,"Europe & North America"
"1620",2710,"Bulgaria","Men","1960-1969","All",1483,256,171,17.3,66.8,"Europe & North America"
"1621",2711,"Bulgaria","Men","1970-1979","All",179,56,39,31.3,69.6,"Europe & North America"
"1622",2714,"Bulgaria","Women","1920-1929","All",195,18,5,9.2,27.8,"Europe & North America"
"1623",2715,"Bulgaria","Women","1930-1939","All",908,65,17,7.2,26.2,"Europe & North America"
"1624",2716,"Bulgaria","Women","1940-1949","All",1229,62,21,5,33.9,"Europe & North America"
"1625",2717,"Bulgaria","Women","1950-1959","All",1266,77,41,6.1,53.2,"Europe & North America"
"1626",2718,"Bulgaria","Women","1960-1969","All",2052,163,99,7.9,60.7,"Europe & North America"
"1627",2719,"Bulgaria","Women","1970-1979","All",215,19,10,8.8,52.6,"Europe & North America"
"1628",2721,"Burkina Faso","Men","1960-1969","All",2527,21,4,0.8,19,"Africa"
"1629",2722,"Burkina Faso","Men","1970-1979","All",2443,24,4,1,16.7,"Africa"
"1630",2723,"Burkina Faso","Women","1950-1959","All",691,5,0,0.7,0,"Africa"
"1631",2724,"Burkina Faso","Women","1960-1969","All",1262,16,4,1.3,25,"Africa"
"1632",2725,"Burkina Faso","Women","1970-1979","All",980,55,28,5.6,50.9,"Africa"
"1633",2726,"Burundi","Men","1960-1969","All",651,19,12,2.9,63.2,"Africa"
"1634",2727,"Burundi","Men","1970-1979","All",3106,124,71,4,57.3,"Africa"
"1635",2728,"Burundi","Men","1980-1989","All",928,51,38,5.5,74.5,"Africa"
"1636",2729,"Burundi","Women","1950-1959","All",211,5,4,2.4,80,"Africa"
"1637",2730,"Burundi","Women","1960-1969","All",924,20,14,2.2,70,"Africa"
"1638",2731,"Burundi","Women","1970-1979","All",1216,37,18,3,48.6,"Africa"
"1639",2732,"Burundi","Women","1980-1989","All",352,14,10,4,71.4,"Africa"
"1640",2733,"Cambodia","Men","1960-1969","All",1975,128,84,6.5,65.6,"Asia"
"1641",2734,"Cambodia","Men","1970-1979","All",3697,301,193,8.1,64.1,"Asia"
"1642",2735,"Cambodia","Women","1960-1969","All",570,16,1,2.8,6.2,"Asia"
"1643",2736,"Cambodia","Women","1970-1979","All",1109,57,20,5.1,35.1,"Asia"
"1644",2737,"Cameroon","Men","1950-1959","All",368,13,0,3.5,0,"Africa"
"1645",2738,"Cameroon","Men","1960-1969","All",961,29,6,3,20.7,"Africa"
"1646",2739,"Cameroon","Men","1970-1979","All",2093,75,11,3.6,14.7,"Africa"
"1647",2740,"Cameroon","Men","1980-1989","All",1214,62,34,5.1,54.8,"Africa"
"1648",2741,"Cameroon","Women","1950-1959","All",294,7,0,2.4,0,"Africa"
"1649",2742,"Cameroon","Women","1960-1969","All",710,18,6,2.5,33.3,"Africa"
"1650",2743,"Cameroon","Women","1970-1979","All",1019,53,34,5.2,64.2,"Africa"
"1651",2744,"Cameroon","Women","1980-1989","All",549,55,36,10,65.5,"Africa"
"1652",2745,"Canada","Men","1920-1929","All",177,37,8,20.9,21.6,"Europe & North America"
"1653",2746,"Canada","Men","1930-1939","All",996,191,59,19.2,30.9,"Europe & North America"
"1654",2747,"Canada","Men","1940-1949","All",1582,325,84,20.5,25.8,"Europe & North America"
"1655",2748,"Canada","Men","1950-1959","All",1893,452,148,23.9,32.7,"Europe & North America"
"1656",2749,"Canada","Men","1960-1969","All",2076,613,213,29.5,34.7,"Europe & North America"
"1657",2750,"Canada","Men","1970-1979","All",301,116,46,38.5,39.7,"Europe & North America"
"1658",2751,"Canada","Women","1920-1929","All",299,53,24,17.7,45.3,"Europe & North America"
"1659",2752,"Canada","Women","1930-1939","All",1349,160,53,11.9,33.1,"Europe & North America"
"1660",2753,"Canada","Women","1940-1949","All",2019,303,86,15,28.4,"Europe & North America"
"1661",2754,"Canada","Women","1950-1959","All",2385,496,127,20.8,25.6,"Europe & North America"
"1662",2755,"Canada","Women","1960-1969","All",2457,582,171,23.7,29.4,"Europe & North America"
"1663",2756,"Canada","Women","1970-1979","All",375,101,47,26.9,46.5,"Europe & North America"
"1664",2757,"Central African Republic","Men","1940-1949","All",428,36,2,8.4,5.6,"Africa"
"1665",2758,"Central African Republic","Men","1950-1959","All",1153,92,13,8,14.1,"Africa"
"1666",2760,"Central African Republic","Women","1930-1939","All",93,9,0,9.7,0,"Africa"
"1667",2761,"Central African Republic","Women","1940-1949","All",197,13,1,6.6,7.7,"Africa"
"1668",2762,"Central African Republic","Women","1950-1959","All",311,36,15,11.6,41.7,"Africa"
"1669",2764,"Chad","Men","1960-1969","All",1261,13,2,1,15.4,"Africa"
"1670",2765,"Chad","Men","1970-1979","All",3581,39,11,1.1,28.2,"Africa"
"1671",2766,"Chad","Men","1980-1989","All",164,1,0,0.6,0,"Africa"
"1672",2767,"Chad","Women","1950-1959","All",219,2,0,0.9,0,"Africa"
"1673",2768,"Chad","Women","1960-1969","All",685,10,3,1.5,30,"Africa"
"1674",2769,"Chad","Women","1970-1979","All",1053,26,13,2.5,50,"Africa"
"1675",2770,"Chad","Women","1980-1989","All",77,2,1,2.6,50,"Africa"
"1676",2771,"Colombia","Men","1960-1969","All",3763,196,95,5.2,48.5,"Latin America"
"1677",2772,"Colombia","Men","1970-1979","All",8804,505,266,5.7,52.7,"Latin America"
"1678",2773,"Colombia","Men","1980-1989","All",676,50,31,7.4,62,"Latin America"
"1679",2774,"Colombia","Women","1950-1959","All",2124,203,104,9.6,51.2,"Latin America"
"1680",2775,"Colombia","Women","1960-1969","All",6144,705,348,11.5,49.4,"Latin America"
"1681",2776,"Colombia","Women","1970-1979","All",6259,968,515,15.5,53.2,"Latin America"
"1682",2777,"Colombia","Women","1980-1989","All",468,82,47,17.5,57.3,"Latin America"
"1683",2778,"Comoros","Men","1960-1969","All",433,26,0,6,0,"Africa"
"1684",2779,"Comoros","Men","1970-1979","All",954,108,33,11.3,30.6,"Africa"
"1685",2780,"Comoros","Women","1950-1959","All",100,6,0,6,0,"Africa"
"1686",2781,"Comoros","Women","1960-1969","All",280,15,4,5.4,26.7,"Africa"
"1687",2782,"Comoros","Women","1970-1979","All",401,56,26,14,46.4,"Africa"
"1688",2783,"Congo","Men","1960-1969","All",1468,30,4,2,13.3,"Africa"
"1689",2784,"Congo","Men","1970-1979","All",1900,46,10,2.4,21.7,"Africa"
"1690",2785,"Congo","Women","1950-1959","All",366,6,3,1.6,50,"Africa"
"1691",2786,"Congo","Women","1960-1969","All",903,32,18,3.5,56.2,"Africa"
"1692",2787,"Congo","Women","1970-1979","All",915,44,24,4.8,54.5,"Africa"
"1693",2789,"Croatia","Men","1940-1949","All",75,5,3,6.7,60,"Europe & North America"
"1694",2790,"Croatia","Men","1950-1959","All",163,23,10,14.1,43.5,"Europe & North America"
"1695",2791,"Croatia","Men","1960-1969","All",130,36,17,27.7,47.2,"Europe & North America"
"1696",2792,"Croatia","Men","1970-1979","All",109,31,14,28.4,45.2,"Europe & North America"
"1697",2793,"Croatia","Men","1980-1989","All",56,24,11,42.9,45.8,"Europe & North America"
"1698",2796,"Croatia","Women","1940-1949","All",135,10,4,7.4,40,"Europe & North America"
"1699",2797,"Croatia","Women","1950-1959","All",198,21,6,10.6,28.6,"Europe & North America"
"1700",2798,"Croatia","Women","1960-1969","All",197,27,11,13.7,40.7,"Europe & North America"
"1701",2799,"Croatia","Women","1970-1979","All",171,22,10,12.9,45.5,"Europe & North America"
"1702",2800,"Croatia","Women","1980-1989","All",80,11,6,13.8,54.5,"Europe & North America"
"1703",2802,"Cyprus","Men","1930-1939","All",95,4,1,4.2,25,"Europe & North America"
"1704",2803,"Cyprus","Men","1940-1949","All",132,5,2,3.8,40,"Europe & North America"
"1705",2804,"Cyprus","Men","1950-1959","All",129,10,4,7.8,40,"Europe & North America"
"1706",2805,"Cyprus","Men","1960-1969","All",128,14,3,10.9,21.4,"Europe & North America"
"1707",2806,"Cyprus","Men","1970-1979","All",71,14,4,19.7,28.6,"Europe & North America"
"1708",2809,"Cyprus","Women","1930-1939","All",77,3,1,3.9,33.3,"Europe & North America"
"1709",2810,"Cyprus","Women","1940-1949","All",149,21,7,14.1,33.3,"Europe & North America"
"1710",2811,"Cyprus","Women","1950-1959","All",189,16,10,8.5,62.5,"Europe & North America"
"1711",2812,"Cyprus","Women","1960-1969","All",184,18,9,9.8,50,"Europe & North America"
"1712",2813,"Cyprus","Women","1970-1979","All",76,12,4,15.8,33.3,"Europe & North America"
"1713",2815,"Czechia","Men","1920-1929","All",166,36,12,21.7,33.3,"Europe & North America"
"1714",2816,"Czechia","Men","1930-1939","All",545,102,46,18.7,45.1,"Europe & North America"
"1715",2817,"Czechia","Men","1940-1949","All",819,150,73,18.3,48.7,"Europe & North America"
"1716",2818,"Czechia","Men","1950-1959","All",958,219,123,22.9,56.2,"Europe & North America"
"1717",2819,"Czechia","Men","1960-1969","All",1001,244,139,24.4,57,"Europe & North America"
"1718",2820,"Czechia","Men","1970-1979","All",236,53,23,22.5,43.4,"Europe & North America"
"1719",2821,"Czechia","Men","1980-1989","All",88,42,17,47.7,40.5,"Europe & North America"
"1720",2822,"Czechia","Women","1920-1929","All",260,56,24,21.5,42.9,"Europe & North America"
"1721",2823,"Czechia","Women","1930-1939","All",651,97,42,14.9,43.3,"Europe & North America"
"1722",2824,"Czechia","Women","1940-1949","All",987,111,41,11.2,36.9,"Europe & North America"
"1723",2825,"Czechia","Women","1950-1959","All",1103,112,36,10.2,32.1,"Europe & North America"
"1724",2826,"Czechia","Women","1960-1969","All",1100,125,51,11.4,40.8,"Europe & North America"
"1725",2827,"Czechia","Women","1970-1979","All",264,32,11,12.1,34.4,"Europe & North America"
"1726",2828,"Czechia","Women","1980-1989","All",101,22,7,21.8,31.8,"Europe & North America"
"1727",2829,"D.R.Congo","Men","1960-1969","All",1593,43,8,2.7,18.6,"Africa"
"1728",2830,"D.R.Congo","Men","1970-1979","All",3516,112,32,3.2,28.6,"Africa"
"1729",2831,"D.R.Congo","Women","1950-1959","All",517,9,3,1.7,33.3,"Africa"
"1730",2832,"D.R.Congo","Women","1960-1969","All",1278,32,10,2.5,31.2,"Africa"
"1731",2833,"D.R.Congo","Women","1970-1979","All",1477,48,20,3.2,41.7,"Africa"
"1732",2836,"Denmark","Men","1930-1939","All",123,8,1,6.5,12.5,"Europe & North America"
"1733",2837,"Denmark","Men","1940-1949","All",254,31,7,12.2,22.6,"Europe & North America"
"1734",2838,"Denmark","Men","1950-1959","All",281,47,8,16.7,17,"Europe & North America"
"1735",2839,"Denmark","Men","1960-1969","All",286,56,11,19.6,19.6,"Europe & North America"
"1736",2840,"Denmark","Men","1970-1979","All",145,30,6,20.7,20,"Europe & North America"
"1737",2843,"Denmark","Women","1920-1929","All",59,9,0,15.3,0,"Europe & North America"
"1738",2844,"Denmark","Women","1930-1939","All",107,12,0,11.2,0,"Europe & North America"
"1739",2845,"Denmark","Women","1940-1949","All",272,26,1,9.6,3.8,"Europe & North America"
"1740",2846,"Denmark","Women","1950-1959","All",252,40,2,15.9,5,"Europe & North America"
"1741",2847,"Denmark","Women","1960-1969","All",239,35,4,14.6,11.4,"Europe & North America"
"1742",2848,"Denmark","Women","1970-1979","All",156,22,4,14.1,18.2,"Europe & North America"
"1743",2850,"Dominican Republic","Men","1950-1959","All",3245,139,32,4.3,23,"Latin America"
"1744",2851,"Dominican Republic","Men","1960-1969","All",4476,185,71,4.1,38.4,"Latin America"
"1745",2852,"Dominican Republic","Women","1940-1949","All",250,18,9,7.2,50,"Latin America"
"1746",2853,"Dominican Republic","Women","1950-1959","All",431,30,8,7,26.7,"Latin America"
"1747",2854,"Dominican Republic","Women","1960-1969","All",456,62,23,13.6,37.1,"Latin America"
"1748",2855,"Estonia","Men","1920-1929","All",149,18,2,12.1,11.1,"Europe & North America"
"1749",2856,"Estonia","Men","1930-1939","All",509,50,10,9.8,20,"Europe & North America"
"1750",2857,"Estonia","Men","1940-1949","All",636,60,17,9.4,28.3,"Europe & North America"
"1751",2858,"Estonia","Men","1950-1959","All",761,80,26,10.5,32.5,"Europe & North America"
"1752",2859,"Estonia","Men","1960-1969","All",743,112,43,15.1,38.4,"Europe & North America"
"1753",2860,"Estonia","Men","1970-1979","All",194,41,16,21.1,39,"Europe & North America"
"1754",2861,"Estonia","Men","1980-1989","All",57,17,4,29.8,23.5,"Europe & North America"
"1755",2864,"Estonia","Women","1920-1929","All",423,62,17,14.7,27.4,"Europe & North America"
"1756",2865,"Estonia","Women","1930-1939","All",1035,105,31,10.1,29.5,"Europe & North America"
"1757",2866,"Estonia","Women","1940-1949","All",1071,83,28,7.7,33.7,"Europe & North America"
"1758",2867,"Estonia","Women","1950-1959","All",1276,78,23,6.1,29.5,"Europe & North America"
"1759",2868,"Estonia","Women","1960-1969","All",1168,88,36,7.5,40.9,"Europe & North America"
"1760",2869,"Estonia","Women","1970-1979","All",219,22,6,10,27.3,"Europe & North America"
"1761",2870,"Estonia","Women","1980-1989","All",64,10,3,15.6,30,"Europe & North America"
"1762",2871,"Ethiopia","Men","1960-1969","All",494,17,6,3.4,35.3,"Africa"
"1763",2872,"Ethiopia","Men","1970-1979","All",2775,137,69,4.9,50.4,"Africa"
"1764",2873,"Ethiopia","Men","1980-1989","All",927,57,30,6.1,52.6,"Africa"
"1765",2874,"Ethiopia","Women","1950-1959","All",217,6,2,2.8,33.3,"Africa"
"1766",2875,"Ethiopia","Women","1960-1969","All",1316,42,17,3.2,40.5,"Africa"
"1767",2876,"Ethiopia","Women","1970-1979","All",2412,167,93,6.9,55.7,"Africa"
"1768",2877,"Ethiopia","Women","1980-1989","All",626,73,40,11.7,54.8,"Africa"
"1769",2880,"Finland","Men","1930-1939","All",144,14,4,9.7,28.6,"Europe & North America"
"1770",2881,"Finland","Men","1940-1949","All",277,30,9,10.8,30,"Europe & North America"
"1771",2882,"Finland","Men","1950-1959","All",323,55,20,17,36.4,"Europe & North America"
"1772",2883,"Finland","Men","1960-1969","All",290,63,19,21.7,30.2,"Europe & North America"
"1773",2884,"Finland","Men","1970-1979","All",150,38,10,25.3,26.3,"Europe & North America"
"1774",2885,"Finland","Men","1980-1989","All",53,16,1,30.2,6.2,"Europe & North America"
"1775",2888,"Finland","Women","1920-1929","All",78,14,8,17.9,57.1,"Europe & North America"
"1776",2889,"Finland","Women","1930-1939","All",197,22,10,11.2,45.5,"Europe & North America"
"1777",2890,"Finland","Women","1940-1949","All",299,36,11,12,30.6,"Europe & North America"
"1778",2891,"Finland","Women","1950-1959","All",316,49,9,15.5,18.4,"Europe & North America"
"1779",2892,"Finland","Women","1960-1969","All",293,46,10,15.7,21.7,"Europe & North America"
"1780",2893,"Finland","Women","1970-1979","All",148,25,6,16.9,24,"Europe & North America"
"1781",2894,"Finland","Women","1980-1989","All",64,12,3,18.8,25,"Europe & North America"
"1782",2896,"France","Men","1920-1929","All",233,43,15,18.5,34.9,"Europe & North America"
"1783",2897,"France","Men","1930-1939","All",702,91,44,13,48.4,"Europe & North America"
"1784",2898,"France","Men","1940-1949","All",1039,150,59,14.4,39.3,"Europe & North America"
"1785",2899,"France","Men","1950-1959","All",1140,194,60,17,30.9,"Europe & North America"
"1786",2900,"France","Men","1960-1969","All",1215,258,93,21.2,36,"Europe & North America"
"1787",2901,"France","Men","1970-1979","All",286,69,20,24.1,29,"Europe & North America"
"1788",2902,"France","Men","1980-1989","All",70,21,3,30,14.3,"Europe & North America"
"1789",2904,"France","Women","1920-1929","All",325,60,22,18.5,36.7,"Europe & North America"
"1790",2905,"France","Women","1930-1939","All",924,117,47,12.7,40.2,"Europe & North America"
"1791",2906,"France","Women","1940-1949","All",1201,160,54,13.3,33.8,"Europe & North America"
"1792",2907,"France","Women","1950-1959","All",1465,191,67,13,35.1,"Europe & North America"
"1793",2908,"France","Women","1960-1969","All",1472,226,74,15.4,32.7,"Europe & North America"
"1794",2909,"France","Women","1970-1979","All",313,50,12,16,24,"Europe & North America"
"1795",2910,"France","Women","1980-1989","All",77,13,0,16.9,0,"Europe & North America"
"1796",2911,"Gabon","Men","1960-1969","All",1232,55,7,4.5,12.7,"Africa"
"1797",2912,"Gabon","Men","1970-1979","All",1386,62,16,4.5,25.8,"Africa"
"1798",2913,"Gabon","Women","1950-1959","All",445,12,5,2.7,41.7,"Africa"
"1799",2914,"Gabon","Women","1960-1969","All",1017,45,11,4.4,24.4,"Africa"
"1800",2915,"Gabon","Women","1970-1979","All",922,90,42,9.8,46.7,"Africa"
"1801",2916,"Gambia","Men","1970-1979","All",1733,43,3,2.5,7,"Africa"
"1802",2917,"Gambia","Men","1980-1989","All",1543,59,15,3.8,25.4,"Africa"
"1803",2918,"Gambia","Women","1960-1969","All",417,12,5,2.9,41.7,"Africa"
"1804",2919,"Gambia","Women","1970-1979","All",725,39,25,5.4,64.1,"Africa"
"1805",2920,"Gambia","Women","1980-1989","All",524,71,47,13.5,66.2,"Africa"
"1806",2921,"Georgia","Men","1920-1929","All",121,5,2,4.1,40,"FSU"
"1807",2922,"Georgia","Men","1930-1939","All",509,29,14,5.7,48.3,"FSU"
"1808",2923,"Georgia","Men","1940-1949","All",476,28,8,5.9,28.6,"FSU"
"1809",2924,"Georgia","Men","1950-1959","All",794,58,40,7.3,69,"FSU"
"1810",2925,"Georgia","Men","1960-1969","All",919,132,97,14.4,73.5,"FSU"
"1811",2926,"Georgia","Men","1970-1979","All",110,37,26,33.6,70.3,"FSU"
"1812",2927,"Georgia","Women","1920-1929","All",218,37,23,17,62.2,"FSU"
"1813",2928,"Georgia","Women","1930-1939","All",729,89,51,12.2,57.3,"FSU"
"1814",2929,"Georgia","Women","1940-1949","All",718,88,58,12.3,65.9,"FSU"
"1815",2930,"Georgia","Women","1950-1959","All",1019,101,70,9.9,69.3,"FSU"
"1816",2931,"Georgia","Women","1960-1969","All",1146,155,121,13.5,78.1,"FSU"
"1817",2932,"Georgia","Women","1970-1979","All",174,23,15,13.2,65.2,"FSU"
"1818",2934,"Germany","Men","1920-1929","All",248,45,13,18.1,28.9,"Europe & North America"
"1819",2935,"Germany","Men","1930-1939","All",898,181,43,20.2,23.8,"Europe & North America"
"1820",2936,"Germany","Men","1940-1949","All",1142,256,58,22.4,22.7,"Europe & North America"
"1821",2937,"Germany","Men","1950-1959","All",1283,300,96,23.4,32,"Europe & North America"
"1822",2938,"Germany","Men","1960-1969","All",1464,451,186,30.8,41.2,"Europe & North America"
"1823",2939,"Germany","Men","1970-1979","All",2431,727,283,29.9,38.9,"Europe & North America"
"1824",2940,"Germany","Men","1980-1989","All",63,30,3,47.6,10,"Europe & North America"
"1825",2942,"Germany","Women","1920-1929","All",357,94,55,26.3,58.5,"Europe & North America"
"1826",2943,"Germany","Women","1930-1939","All",871,173,74,19.9,42.8,"Europe & North America"
"1827",2944,"Germany","Women","1940-1949","All",1082,187,33,17.3,17.6,"Europe & North America"
"1828",2945,"Germany","Women","1950-1959","All",1496,226,55,15.1,24.3,"Europe & North America"
"1829",2946,"Germany","Women","1960-1969","All",1779,272,85,15.3,31.2,"Europe & North America"
"1830",2947,"Germany","Women","1970-1979","All",2850,470,124,16.5,26.4,"Europe & North America"
"1831",2948,"Germany","Women","1980-1989","All",65,14,2,21.5,14.3,"Europe & North America"
"1832",2949,"Ghana","Men","1960-1969","All",882,16,2,1.8,12.5,"Africa"
"1833",2950,"Ghana","Men","1970-1979","All",2280,80,22,3.5,27.5,"Africa"
"1834",2951,"Ghana","Women","1950-1959","All",235,4,1,1.7,25,"Africa"
"1835",2952,"Ghana","Women","1960-1969","All",668,21,16,3.1,76.2,"Africa"
"1836",2953,"Ghana","Women","1970-1979","All",902,63,34,7,54,"Africa"
"1837",2954,"Guatemala","Men","1960-1969","All",2064,102,71,4.9,69.6,"Latin America"
"1838",2955,"Guatemala","Men","1970-1979","All",5560,369,280,6.6,75.9,"Latin America"
"1839",2956,"Guatemala","Men","1980-1989","All",115,16,11,13.9,68.8,"Latin America"
"1840",2957,"Guatemala","Women","1950-1959","All",589,24,13,4.1,54.2,"Latin America"
"1841",2958,"Guatemala","Women","1960-1969","All",1487,78,47,5.2,60.3,"Latin America"
"1842",2959,"Guatemala","Women","1970-1979","All",1973,193,128,9.8,66.3,"Latin America"
"1843",2961,"Guinea","Men","1960-1969","All",177,9,2,5.1,22.2,"Africa"
"1844",2962,"Guinea","Men","1970-1979","All",1996,84,9,4.2,10.7,"Africa"
"1845",2963,"Guinea","Men","1980-1989","All",1080,54,9,5,16.7,"Africa"
"1846",2965,"Guinea","Women","1960-1969","All",553,11,5,2,45.5,"Africa"
"1847",2966,"Guinea","Women","1970-1979","All",782,32,14,4.1,43.8,"Africa"
"1848",2967,"Guinea","Women","1980-1989","All",365,45,24,12.3,53.3,"Africa"
"1849",2968,"Guyana","Men","1950-1959","All",53,3,3,5.7,100,"Latin America"
"1850",2969,"Guyana","Men","1960-1969","All",1212,81,39,6.7,48.1,"Latin America"
"1851",2970,"Guyana","Men","1970-1979","All",619,43,24,6.9,55.8,"Latin America"
"1852",2972,"Guyana","Women","1960-1969","All",883,102,48,11.6,47.1,"Latin America"
"1853",2973,"Guyana","Women","1970-1979","All",422,62,33,14.7,53.2,"Latin America"
"1854",2974,"Haiti","Men","1950-1959","All",516,0,0,0,NA,"Latin America"
"1855",2975,"Haiti","Men","1960-1969","All",1288,26,7,2,26.9,"Latin America"
"1856",2976,"Haiti","Men","1970-1979","All",2750,157,70,5.7,44.6,"Latin America"
"1857",2977,"Haiti","Men","1980-1989","All",758,61,34,8,55.7,"Latin America"
"1858",2978,"Haiti","Women","1950-1959","All",1230,28,14,2.3,50,"Latin America"
"1859",2979,"Haiti","Women","1960-1969","All",1950,64,34,3.3,53.1,"Latin America"
"1860",2980,"Haiti","Women","1970-1979","All",2287,148,96,6.5,64.9,"Latin America"
"1861",2981,"Haiti","Women","1980-1989","All",572,73,47,12.8,64.4,"Latin America"
"1862",2982,"Honduras","Men","1960-1969","All",3029,128,78,4.2,60.9,"Latin America"
"1863",2983,"Honduras","Men","1970-1979","All",3644,164,102,4.5,62.2,"Latin America"
"1864",2984,"Honduras","Women","1950-1959","All",712,35,16,4.9,45.7,"Latin America"
"1865",2985,"Honduras","Women","1960-1969","All",1175,77,40,6.6,51.9,"Latin America"
"1866",2986,"Honduras","Women","1970-1979","All",1182,119,62,10.1,52.1,"Latin America"
"1867",2988,"Hungary","Men","1920-1929","All",232,25,3,10.8,12,"Europe & North America"
"1868",2989,"Hungary","Men","1930-1939","All",806,85,16,10.5,18.8,"Europe & North America"
"1869",2990,"Hungary","Men","1940-1949","All",1201,129,26,10.7,20.2,"Europe & North America"
"1870",2991,"Hungary","Men","1950-1959","All",1451,185,84,12.7,45.4,"Europe & North America"
"1871",2992,"Hungary","Men","1960-1969","All",1174,246,118,21,48,"Europe & North America"
"1872",2993,"Hungary","Men","1970-1979","All",167,54,24,32.3,44.4,"Europe & North America"
"1873",2994,"Hungary","Men","1980-1989","All",60,20,12,33.3,60,"Europe & North America"
"1874",2996,"Hungary","Women","1920-1929","All",446,72,17,16.1,23.6,"Europe & North America"
"1875",2997,"Hungary","Women","1930-1939","All",1325,141,33,10.6,23.4,"Europe & North America"
"1876",2998,"Hungary","Women","1940-1949","All",1636,144,35,8.8,24.3,"Europe & North America"
"1877",2999,"Hungary","Women","1950-1959","All",1808,147,40,8.1,27.2,"Europe & North America"
"1878",3000,"Hungary","Women","1960-1969","All",1427,127,46,8.9,36.2,"Europe & North America"
"1879",3001,"Hungary","Women","1970-1979","All",198,45,18,22.7,40,"Europe & North America"
"1880",3002,"Hungary","Women","1980-1989","All",57,17,3,29.8,17.6,"Europe & North America"
"1881",3006,"Iceland","Men","1950-1959","All",79,4,3,5.1,75,"Europe & North America"
"1882",3007,"Iceland","Men","1960-1969","All",87,8,5,9.2,62.5,"Europe & North America"
"1883",3008,"Iceland","Men","1970-1979","All",60,5,1,8.3,20,"Europe & North America"
"1884",3012,"Iceland","Women","1940-1949","All",53,1,0,1.9,0,"Europe & North America"
"1885",3013,"Iceland","Women","1950-1959","All",75,2,0,2.7,0,"Europe & North America"
"1886",3014,"Iceland","Women","1960-1969","All",76,7,1,9.2,14.3,"Europe & North America"
"1887",3015,"Iceland","Women","1970-1979","All",73,7,2,9.6,28.6,"Europe & North America"
"1888",3017,"India","Men","1960-1969","All",51496,1868,540,3.6,28.9,"Asia"
"1889",3018,"India","Men","1970-1979","All",162994,6790,2370,4.2,34.9,"Asia"
"1890",3019,"India","Men","1980-1989","All",25239,1537,608,6.1,39.6,"Asia"
"1891",3020,"India","Women","1960-1969","All",16157,1050,233,6.5,22.2,"Asia"
"1892",3021,"India","Women","1970-1979","All",25149,2265,816,9,36,"Asia"
"1893",3022,"India","Women","1980-1989","All",4313,515,215,11.9,41.7,"Asia"
"1894",3023,"Indonesia","Men","1960-1969","All",2770,168,66,6.1,39.3,"Asia"
"1895",3024,"Indonesia","Men","1970-1979","All",13879,866,379,6.2,43.8,"Asia"
"1896",3025,"Indonesia","Men","1980-1989","All",4210,278,121,6.6,43.5,"Asia"
"1897",3026,"Indonesia","Women","1960-1969","All",2322,50,0,2.2,0,"Asia"
"1898",3027,"Indonesia","Women","1970-1979","All",3575,137,0,3.8,0,"Asia"
"1899",3028,"Indonesia","Women","1980-1989","All",1043,56,0,5.4,0,"Asia"
"1900",3031,"Ireland","Men","1930-1939","All",154,37,24,24,64.9,"Europe & North America"
"1901",3032,"Ireland","Men","1940-1949","All",263,59,35,22.4,59.3,"Europe & North America"
"1902",3033,"Ireland","Men","1950-1959","All",306,81,58,26.5,71.6,"Europe & North America"
"1903",3034,"Ireland","Men","1960-1969","All",323,110,64,34.1,58.2,"Europe & North America"
"1904",3035,"Ireland","Men","1970-1979","All",187,55,20,29.4,36.4,"Europe & North America"
"1905",3036,"Ireland","Men","1980-1989","All",83,36,13,43.4,36.1,"Europe & North America"
"1906",3040,"Ireland","Women","1930-1939","All",125,20,10,16,50,"Europe & North America"
"1907",3041,"Ireland","Women","1940-1949","All",260,40,28,15.4,70,"Europe & North America"
"1908",3042,"Ireland","Women","1950-1959","All",331,65,36,19.6,55.4,"Europe & North America"
"1909",3043,"Ireland","Women","1960-1969","All",380,62,36,16.3,58.1,"Europe & North America"
"1910",3044,"Ireland","Women","1970-1979","All",269,48,9,17.8,18.8,"Europe & North America"
"1911",3045,"Ireland","Women","1980-1989","All",119,25,12,21,48,"Europe & North America"
"1912",3052,"Italy","Men","1930-1939","All",74,4,1,5.4,25,"Europe & North America"
"1913",3053,"Italy","Men","1940-1949","All",154,18,7,11.7,38.9,"Europe & North America"
"1914",3054,"Italy","Men","1950-1959","All",197,32,12,16.2,37.5,"Europe & North America"
"1915",3055,"Italy","Men","1960-1969","All",227,66,25,29.1,37.9,"Europe & North America"
"1916",3056,"Italy","Men","1970-1979","All",222,84,43,37.8,51.2,"Europe & North America"
"1917",3057,"Italy","Men","1980-1989","All",83,46,24,55.4,52.2,"Europe & North America"
"1918",3059,"Italy","Women","1930-1939","All",117,6,2,5.1,33.3,"Europe & North America"
"1919",3060,"Italy","Women","1940-1949","All",186,24,12,12.9,50,"Europe & North America"
"1920",3061,"Italy","Women","1950-1959","All",220,36,11,16.4,30.6,"Europe & North America"
"1921",3062,"Italy","Women","1960-1969","All",270,72,24,26.7,33.3,"Europe & North America"
"1922",3063,"Italy","Women","1970-1979","All",219,59,28,26.9,47.5,"Europe & North America"
"1923",3064,"Italy","Women","1980-1989","All",82,36,12,43.9,33.3,"Europe & North America"
"1924",3065,"Ivory Coast","Men","1960-1969","All",1108,32,9,2.9,28.1,"Africa"
"1925",3066,"Ivory Coast","Men","1970-1979","All",1627,60,23,3.7,38.3,"Africa"
"1926",3067,"Ivory Coast","Women","1950-1959","All",334,3,1,0.9,33.3,"Africa"
"1927",3068,"Ivory Coast","Women","1960-1969","All",753,22,9,2.9,40.9,"Africa"
"1928",3069,"Ivory Coast","Women","1970-1979","All",792,51,32,6.4,62.7,"Africa"
"1929",3071,"Kazakhstan","Men","1950-1959","All",1252,75,50,6,66.7,"FSU"
"1930",3072,"Kazakhstan","Men","1960-1969","All",710,39,24,5.5,61.5,"FSU"
"1931",3074,"Kazakhstan","Women","1940-1949","All",170,5,1,2.9,20,"FSU"
"1932",3075,"Kazakhstan","Women","1950-1959","All",308,16,10,5.2,62.5,"FSU"
"1933",3076,"Kazakhstan","Women","1960-1969","All",199,15,9,7.5,60,"FSU"
"1934",3077,"Kenya","Men","1960-1969","All",2520,45,13,1.8,28.9,"Africa"
"1935",3078,"Kenya","Men","1970-1979","All",6685,147,70,2.2,47.6,"Africa"
"1936",3080,"Kenya","Women","1960-1969","All",1725,51,30,3,58.8,"Africa"
"1937",3081,"Kenya","Women","1970-1979","All",2616,145,93,5.5,64.1,"Africa"
"1938",3082,"Kyrgyzstan","Men","1960-1969","All",1309,35,12,2.7,34.3,"FSU"
"1939",3083,"Kyrgyzstan","Men","1970-1979","All",1466,48,16,3.3,33.3,"FSU"
"1940",3084,"Kyrgyzstan","Women","1960-1969","All",387,9,4,2.3,44.4,"FSU"
"1941",3085,"Kyrgyzstan","Women","1970-1979","All",494,24,9,4.9,37.5,"FSU"
"1942",3090,"Latvia","Men","1960-1969","All",60,8,1,13.3,12.5,"FSU"
"1943",3091,"Latvia","Men","1970-1979","All",53,14,4,26.4,28.6,"FSU"
"1944",3094,"Latvia","Women","1930-1939","All",58,9,3,15.5,33.3,"FSU"
"1945",3095,"Latvia","Women","1940-1949","All",109,4,1,3.7,25,"FSU"
"1946",3096,"Latvia","Women","1950-1959","All",134,13,2,9.7,15.4,"FSU"
"1947",3097,"Latvia","Women","1960-1969","All",119,9,4,7.6,44.4,"FSU"
"1948",3098,"Latvia","Women","1970-1979","All",86,11,5,12.8,45.5,"FSU"
"1949",3100,"Lesotho","Men","1960-1969","All",504,22,6,4.4,27.3,"Africa"
"1950",3101,"Lesotho","Men","1970-1979","All",1296,55,16,4.2,29.1,"Africa"
"1951",3102,"Lesotho","Women","1950-1959","All",141,9,4,6.4,44.4,"Africa"
"1952",3103,"Lesotho","Women","1960-1969","All",334,32,18,9.6,56.2,"Africa"
"1953",3104,"Lesotho","Women","1970-1979","All",493,86,64,17.4,74.4,"Africa"
"1954",3106,"Liberia","Men","1970-1979","All",1569,14,4,0.9,28.6,"Africa"
"1955",3107,"Liberia","Men","1980-1989","All",1108,14,4,1.3,28.6,"Africa"
"1956",3109,"Liberia","Women","1960-1969","All",487,5,3,1,60,"Africa"
"1957",3110,"Liberia","Women","1970-1979","All",841,11,6,1.3,54.5,"Africa"
"1958",3111,"Liberia","Women","1980-1989","All",496,5,3,1,60,"Africa"
"1959",3112,"Lithuania","Men","1920-1929","All",162,37,16,22.8,43.2,"FSU"
"1960",3113,"Lithuania","Men","1930-1939","All",759,137,53,18.1,38.7,"FSU"
"1961",3114,"Lithuania","Men","1940-1949","All",720,110,42,15.3,38.2,"FSU"
"1962",3115,"Lithuania","Men","1950-1959","All",1000,152,75,15.2,49.3,"FSU"
"1963",3116,"Lithuania","Men","1960-1969","All",1006,144,79,14.3,54.9,"FSU"
"1964",3117,"Lithuania","Men","1970-1979","All",219,47,28,21.5,59.6,"FSU"
"1965",3119,"Lithuania","Women","1920-1929","All",160,48,28,30,58.3,"FSU"
"1966",3120,"Lithuania","Women","1930-1939","All",904,170,89,18.8,52.4,"FSU"
"1967",3121,"Lithuania","Women","1940-1949","All",1017,131,66,12.9,50.4,"FSU"
"1968",3122,"Lithuania","Women","1950-1959","All",1097,143,73,13,51,"FSU"
"1969",3123,"Lithuania","Women","1960-1969","All",1170,116,61,9.9,52.6,"FSU"
"1970",3124,"Lithuania","Women","1970-1979","All",281,35,23,12.5,65.7,"FSU"
"1971",3125,"Lithuania","Women","1980-1989","All",61,9,2,14.8,22.2,"FSU"
"1972",3126,"Madagascar","Men","1950-1959","All",186,10,1,5.4,10,"Africa"
"1973",3127,"Madagascar","Men","1960-1969","All",3282,168,33,5.1,19.6,"Africa"
"1974",3128,"Madagascar","Men","1970-1979","All",1746,69,18,4,26.1,"Africa"
"1975",3130,"Madagascar","Women","1950-1959","All",976,32,8,3.3,25,"Africa"
"1976",3131,"Madagascar","Women","1960-1969","All",1468,65,19,4.4,29.2,"Africa"
"1977",3132,"Madagascar","Women","1970-1979","All",787,55,22,7,40,"Africa"
"1978",3133,"Malawi","Men","1960-1969","All",1127,15,0,1.3,0,"Africa"
"1979",3134,"Malawi","Men","1970-1979","All",4604,61,10,1.3,16.4,"Africa"
"1980",3135,"Malawi","Men","1980-1989","All",840,16,7,1.9,43.8,"Africa"
"1981",3136,"Malawi","Women","1960-1969","All",676,12,6,1.8,50,"Africa"
"1982",3137,"Malawi","Women","1970-1979","All",1366,36,19,2.6,52.8,"Africa"
"1983",3138,"Malawi","Women","1980-1989","All",235,3,2,1.3,66.7,"Africa"
"1984",3139,"Maldives","Men","1960-1969","All",361,16,3,4.4,18.8,"Asia"
"1985",3140,"Maldives","Men","1970-1979","All",1766,77,21,4.4,27.3,"Asia"
"1986",3141,"Maldives","Men","1980-1989","All",559,35,7,6.3,20,"Asia"
"1987",3142,"Maldives","Women","1960-1969","All",204,15,5,7.4,33.3,"Asia"
"1988",3143,"Maldives","Women","1970-1979","All",919,89,33,9.7,37.1,"Asia"
"1989",3144,"Maldives","Women","1980-1989","All",240,35,11,14.6,31.4,"Asia"
"1990",3145,"Mali","Men","1960-1969","All",123,3,0,2.4,0,"Africa"
"1991",3146,"Mali","Men","1970-1979","All",1723,50,8,2.9,16,"Africa"
"1992",3147,"Mali","Men","1980-1989","All",995,39,5,3.9,12.8,"Africa"
"1993",3149,"Mali","Women","1960-1969","All",629,10,2,1.6,20,"Africa"
"1994",3150,"Mali","Women","1970-1979","All",910,24,7,2.6,29.2,"Africa"
"1995",3151,"Mali","Women","1980-1989","All",427,30,9,7,30,"Africa"
"1996",3152,"Mauritania","Men","1950-1959","All",874,61,17,7,27.9,"Africa"
"1997",3153,"Mauritania","Men","1960-1969","All",1178,102,49,8.7,48,"Africa"
"1998",3154,"Mauritania","Women","1940-1949","All",140,5,1,3.6,20,"Africa"
"1999",3155,"Mauritania","Women","1950-1959","All",334,14,6,4.2,42.9,"Africa"
"2000",3156,"Mauritania","Women","1960-1969","All",329,57,39,17.3,68.4,"Africa"
"2001",3160,"Montenegro","Men","1950-1959","All",118,15,10,12.7,66.7,"Europe & North America"
"2002",3161,"Montenegro","Men","1960-1969","All",116,33,27,28.4,81.8,"Europe & North America"
"2003",3162,"Montenegro","Men","1970-1979","All",113,37,22,32.7,59.5,"Europe & North America"
"2004",3163,"Montenegro","Men","1980-1989","All",50,25,20,50,80,"Europe & North America"
"2005",3165,"Montenegro","Women","1940-1949","All",58,7,4,12.1,57.1,"Europe & North America"
"2006",3166,"Montenegro","Women","1950-1959","All",95,12,8,12.6,66.7,"Europe & North America"
"2007",3167,"Montenegro","Women","1960-1969","All",114,18,13,15.8,72.2,"Europe & North America"
"2008",3168,"Montenegro","Women","1970-1979","All",98,18,15,18.4,83.3,"Europe & North America"
"2009",3170,"Mozambique","Men","1960-1969","All",1740,72,9,4.1,12.5,"Africa"
"2010",3171,"Mozambique","Men","1970-1979","All",2157,93,16,4.3,17.2,"Africa"
"2011",3172,"Mozambique","Women","1940-1949","All",80,1,0,1.2,0,"Africa"
"2012",3173,"Mozambique","Women","1950-1959","All",359,9,0,2.5,0,"Africa"
"2013",3174,"Mozambique","Women","1960-1969","All",481,18,5,3.7,27.8,"Africa"
"2014",3175,"Mozambique","Women","1970-1979","All",561,19,8,3.4,42.1,"Africa"
"2015",3176,"Myanmar","Men","1960-1969","All",1185,188,151,15.9,80.3,"Asia"
"2016",3177,"Myanmar","Men","1970-1979","All",3647,636,507,17.4,79.7,"Asia"
"2017",3178,"Myanmar","Men","1980-1989","All",473,113,80,23.9,70.8,"Asia"
"2018",3179,"Myanmar","Women","1960-1969","All",419,31,15,7.4,48.4,"Asia"
"2019",3180,"Myanmar","Women","1970-1979","All",1324,184,107,13.9,58.2,"Asia"
"2020",3181,"Myanmar","Women","1980-1989","All",175,44,24,25.1,54.5,"Asia"
"2021",3183,"Namibia","Men","1950-1959","All",512,0,0,0,NA,"Africa"
"2022",3184,"Namibia","Men","1960-1969","All",1281,51,29,4,56.9,"Africa"
"2023",3185,"Namibia","Men","1970-1979","All",1846,98,57,5.3,58.2,"Africa"
"2024",3187,"Namibia","Women","1950-1959","All",334,0,0,0,NA,"Africa"
"2025",3188,"Namibia","Women","1960-1969","All",581,43,28,7.4,65.1,"Africa"
"2026",3189,"Namibia","Women","1970-1979","All",754,98,79,13,80.6,"Africa"
"2027",3190,"Nepal","Men","1960-1969","All",712,21,7,2.9,33.3,"Asia"
"2028",3191,"Nepal","Men","1970-1979","All",2839,67,24,2.4,35.8,"Asia"
"2029",3192,"Nepal","Men","1980-1989","All",500,15,5,3,33.3,"Asia"
"2030",3193,"Nepal","Women","1960-1969","All",291,2,0,0.7,0,"Asia"
"2031",3194,"Nepal","Women","1970-1979","All",934,17,4,1.8,23.5,"Asia"
"2032",3195,"Nepal","Women","1980-1989","All",187,12,7,6.4,58.3,"Asia"
"2033",3198,"Netherlands","Men","1930-1939","All",419,43,13,10.3,30.2,"Europe & North America"
"2034",3199,"Netherlands","Men","1940-1949","All",1964,259,68,13.2,26.3,"Europe & North America"
"2035",3200,"Netherlands","Men","1950-1959","All",2142,408,99,19,24.3,"Europe & North America"
"2036",3201,"Netherlands","Men","1960-1969","All",2102,535,169,25.5,31.6,"Europe & North America"
"2037",3202,"Netherlands","Men","1970-1979","All",892,246,71,27.6,28.9,"Europe & North America"
"2038",3205,"Netherlands","Women","1920-1929","All",80,13,7,16.2,53.8,"Europe & North America"
"2039",3206,"Netherlands","Women","1930-1939","All",463,60,25,13,41.7,"Europe & North America"
"2040",3207,"Netherlands","Women","1940-1949","All",1856,213,57,11.5,26.8,"Europe & North America"
"2041",3208,"Netherlands","Women","1950-1959","All",2363,348,56,14.7,16.1,"Europe & North America"
"2042",3209,"Netherlands","Women","1960-1969","All",2299,376,76,16.4,20.2,"Europe & North America"
"2043",3210,"Netherlands","Women","1970-1979","All",899,173,38,19.2,22,"Europe & North America"
"2044",3212,"Nicaragua","Men","1940-1949","All",294,8,5,2.7,62.5,"Latin America"
"2045",3213,"Nicaragua","Men","1950-1959","All",2441,87,52,3.6,59.8,"Latin America"
"2046",3214,"Nicaragua","Men","1960-1969","All",1072,47,27,4.4,57.4,"Latin America"
"2047",3216,"Nicaragua","Women","1940-1949","All",284,19,9,6.7,47.4,"Latin America"
"2048",3217,"Nicaragua","Women","1950-1959","All",491,19,11,3.9,57.9,"Latin America"
"2049",3218,"Nicaragua","Women","1960-1969","All",187,12,6,6.4,50,"Latin America"
"2050",3219,"Niger","Men","1960-1969","All",1103,17,3,1.5,17.6,"Africa"
"2051",3220,"Niger","Men","1970-1979","All",2057,54,19,2.6,35.2,"Africa"
"2052",3221,"Niger","Women","1950-1959","All",305,3,1,1,33.3,"Africa"
"2053",3222,"Niger","Women","1960-1969","All",717,10,5,1.4,50,"Africa"
"2054",3223,"Niger","Women","1970-1979","All",782,42,18,5.4,42.9,"Africa"
"2055",3224,"Nigeria","Men","1960-1969","All",803,27,3,3.4,11.1,"Africa"
"2056",3225,"Nigeria","Men","1970-1979","All",7914,286,97,3.6,33.9,"Africa"
"2057",3226,"Nigeria","Men","1980-1989","All",4637,209,101,4.5,48.3,"Africa"
"2058",3227,"Nigeria","Women","1950-1959","All",82,2,1,2.4,50,"Africa"
"2059",3228,"Nigeria","Women","1960-1969","All",1512,29,12,1.9,41.4,"Africa"
"2060",3229,"Nigeria","Women","1970-1979","All",2784,119,61,4.3,51.3,"Africa"
"2061",3230,"Nigeria","Women","1980-1989","All",1545,143,89,9.3,62.2,"Africa"
"2062",3232,"Norway","Men","1920-1929","All",181,21,8,11.6,38.1,"Europe & North America"
"2063",3233,"Norway","Men","1930-1939","All",815,105,37,12.9,35.2,"Europe & North America"
"2064",3234,"Norway","Men","1940-1949","All",1468,167,50,11.4,29.9,"Europe & North America"
"2065",3235,"Norway","Men","1950-1959","All",1604,232,63,14.5,27.2,"Europe & North America"
"2066",3236,"Norway","Men","1960-1969","All",1772,323,102,18.2,31.6,"Europe & North America"
"2067",3237,"Norway","Men","1970-1979","All",592,143,46,24.2,32.2,"Europe & North America"
"2068",3238,"Norway","Men","1980-1989","All",60,19,4,31.7,21.1,"Europe & North America"
"2069",3241,"Norway","Women","1920-1929","All",219,40,14,18.3,35,"Europe & North America"
"2070",3242,"Norway","Women","1930-1939","All",834,98,28,11.8,28.6,"Europe & North America"
"2071",3243,"Norway","Women","1940-1949","All",1347,154,39,11.4,25.3,"Europe & North America"
"2072",3244,"Norway","Women","1950-1959","All",1660,195,33,11.7,16.9,"Europe & North America"
"2073",3245,"Norway","Women","1960-1969","All",1831,222,55,12.1,24.8,"Europe & North America"
"2074",3246,"Norway","Women","1970-1979","All",613,92,25,15,27.2,"Europe & North America"
"2075",3248,"Peru","Men","1940-1949","All",1287,55,35,4.3,63.6,"Latin America"
"2076",3249,"Peru","Men","1950-1959","All",6110,271,178,4.4,65.7,"Latin America"
"2077",3250,"Peru","Men","1960-1969","All",1337,76,58,5.7,76.3,"Latin America"
"2078",3251,"Peru","Women","1930-1939","All",61,2,1,3.3,50,"Latin America"
"2079",3252,"Peru","Women","1940-1949","All",303,16,5,5.3,31.2,"Latin America"
"2080",3253,"Peru","Women","1950-1959","All",478,43,24,9,55.8,"Latin America"
"2081",3254,"Peru","Women","1960-1969","All",99,11,8,11.1,72.7,"Latin America"
"2082",3255,"Philippines","Men","1950-1959","All",1768,111,64,6.3,57.7,"Asia"
"2083",3256,"Philippines","Men","1960-1969","All",3008,266,169,8.8,63.5,"Asia"
"2084",3257,"Philippines","Women","1940-1949","All",84,2,2,2.4,100,"Asia"
"2085",3258,"Philippines","Women","1950-1959","All",796,66,36,8.3,54.5,"Asia"
"2086",3259,"Philippines","Women","1960-1969","All",937,122,75,13,61.5,"Asia"
"2087",3261,"Poland","Men","1930-1939","All",911,92,35,10.1,38,"Europe & North America"
"2088",3262,"Poland","Men","1940-1949","All",1543,180,83,11.7,46.1,"Europe & North America"
"2089",3263,"Poland","Men","1950-1959","All",2097,350,209,16.7,59.7,"Europe & North America"
"2090",3264,"Poland","Men","1960-1969","All",1455,255,172,17.5,67.5,"Europe & North America"
"2091",3265,"Poland","Men","1970-1979","All",974,206,119,21.1,57.8,"Europe & North America"
"2092",3266,"Poland","Men","1980-1989","All",53,18,11,34,61.1,"Europe & North America"
"2093",3267,"Poland","Women","1920-1929","All",57,5,1,8.8,20,"Europe & North America"
"2094",3268,"Poland","Women","1930-1939","All",1654,171,55,10.3,32.2,"Europe & North America"
"2095",3269,"Poland","Women","1940-1949","All",2238,232,103,10.4,44.4,"Europe & North America"
"2096",3270,"Poland","Women","1950-1959","All",2825,291,135,10.3,46.4,"Europe & North America"
"2097",3271,"Poland","Women","1960-1969","All",1798,180,105,10,58.3,"Europe & North America"
"2098",3272,"Poland","Women","1970-1979","All",1256,145,72,11.5,49.7,"Europe & North America"
"2099",3273,"Poland","Women","1980-1989","All",63,9,3,14.3,33.3,"Europe & North America"
"2100",3275,"Portugal","Men","1920-1929","All",65,5,1,7.7,20,"Europe & North America"
"2101",3276,"Portugal","Men","1930-1939","All",149,5,0,3.4,0,"Europe & North America"
"2102",3277,"Portugal","Men","1940-1949","All",208,16,5,7.7,31.2,"Europe & North America"
"2103",3278,"Portugal","Men","1950-1959","All",189,26,13,13.8,50,"Europe & North America"
"2104",3279,"Portugal","Men","1960-1969","All",216,44,24,20.4,54.5,"Europe & North America"
"2105",3280,"Portugal","Men","1970-1979","All",107,25,5,23.4,20,"Europe & North America"
"2106",3283,"Portugal","Women","1920-1929","All",130,19,7,14.6,36.8,"Europe & North America"
"2107",3284,"Portugal","Women","1930-1939","All",249,30,13,12,43.3,"Europe & North America"
"2108",3285,"Portugal","Women","1940-1949","All",335,34,11,10.1,32.4,"Europe & North America"
"2109",3286,"Portugal","Women","1950-1959","All",295,40,14,13.6,35,"Europe & North America"
"2110",3287,"Portugal","Women","1960-1969","All",323,46,17,14.2,37,"Europe & North America"
"2111",3288,"Portugal","Women","1970-1979","All",160,28,12,17.5,42.9,"Europe & North America"
"2112",3290,"Republic of Moldova","Men","1950-1959","All",1008,42,8,4.2,19,"FSU"
"2113",3291,"Republic of Moldova","Men","1960-1969","All",1886,93,26,4.9,28,"FSU"
"2114",3292,"Republic of Moldova","Men","1970-1979","All",116,5,1,4.3,20,"FSU"
"2115",3293,"Republic of Moldova","Women","1940-1949","All",177,11,3,6.2,27.3,"FSU"
"2116",3294,"Republic of Moldova","Women","1950-1959","All",631,31,12,4.9,38.7,"FSU"
"2117",3295,"Republic of Moldova","Women","1960-1969","All",499,50,13,10,26,"FSU"
"2118",3297,"Romania","Men","1920-1929","All",247,37,7,15,18.9,"Europe & North America"
"2119",3298,"Romania","Men","1930-1939","All",832,128,24,15.4,18.8,"Europe & North America"
"2120",3299,"Romania","Men","1940-1949","All",984,174,46,17.7,26.4,"Europe & North America"
"2121",3300,"Romania","Men","1950-1959","All",1225,204,74,16.7,36.3,"Europe & North America"
"2122",3301,"Romania","Men","1960-1969","All",1163,210,90,18.1,42.9,"Europe & North America"
"2123",3302,"Romania","Men","1970-1979","All",136,45,27,33.1,60,"Europe & North America"
"2124",3303,"Romania","Women","1920-1929","All",281,49,14,17.4,28.6,"Europe & North America"
"2125",3304,"Romania","Women","1930-1939","All",1071,160,34,14.9,21.2,"Europe & North America"
"2126",3305,"Romania","Women","1940-1949","All",1026,130,22,12.7,16.9,"Europe & North America"
"2127",3306,"Romania","Women","1950-1959","All",1213,114,18,9.4,15.8,"Europe & North America"
"2128",3307,"Romania","Women","1960-1969","All",1050,105,39,10,37.1,"Europe & North America"
"2129",3308,"Romania","Women","1970-1979","All",118,11,7,9.3,63.6,"Europe & North America"
"2130",3310,"Russia","Men","1920-1929","All",212,18,1,8.5,5.6,"FSU"
"2131",3311,"Russia","Men","1930-1939","All",557,52,7,9.3,13.5,"FSU"
"2132",3312,"Russia","Men","1940-1949","All",598,48,6,8,12.5,"FSU"
"2133",3313,"Russia","Men","1950-1959","All",900,73,23,8.1,31.5,"FSU"
"2134",3314,"Russia","Men","1960-1969","All",965,142,61,14.7,43,"FSU"
"2135",3317,"Russia","Women","1920-1929","All",527,80,27,15.2,33.8,"FSU"
"2136",3318,"Russia","Women","1930-1939","All",1306,105,24,8,22.9,"FSU"
"2137",3319,"Russia","Women","1940-1949","All",1117,108,34,9.7,31.5,"FSU"
"2138",3320,"Russia","Women","1950-1959","All",1615,112,38,6.9,33.9,"FSU"
"2139",3321,"Russia","Women","1960-1969","All",1355,97,38,7.2,39.2,"FSU"
"2140",3322,"Russia","Women","1970-1979","All",56,6,3,10.7,50,"FSU"
"2141",3324,"Rwanda","Men","1970-1979","All",2521,75,41,3,54.7,"Africa"
"2142",3325,"Rwanda","Men","1980-1989","All",2238,88,59,3.9,67,"Africa"
"2143",3326,"Rwanda","Women","1960-1969","All",644,18,11,2.8,61.1,"Africa"
"2144",3327,"Rwanda","Women","1970-1979","All",973,24,12,2.5,50,"Africa"
"2145",3328,"Rwanda","Women","1980-1989","All",857,55,32,6.4,58.2,"Africa"
"2146",3330,"Sao Tome and Principe","Men","1960-1969","All",529,4,0,0.8,0,"Africa"
"2147",3331,"Sao Tome and Principe","Men","1970-1979","All",220,2,0,0.9,0,"Africa"
"2148",3333,"Sao Tome and Principe","Women","1950-1959","All",235,8,6,3.4,75,"Africa"
"2149",3334,"Sao Tome and Principe","Women","1960-1969","All",392,25,13,6.4,52,"Africa"
"2150",3335,"Sao Tome and Principe","Women","1970-1979","All",195,16,10,8.2,62.5,"Africa"
"2151",3336,"Senegal","Men","1960-1969","All",125,3,1,2.4,33.3,"Africa"
"2152",3337,"Senegal","Men","1970-1979","All",1572,77,26,4.9,33.8,"Africa"
"2153",3338,"Senegal","Men","1980-1989","All",912,59,15,6.5,25.4,"Africa"
"2154",3340,"Senegal","Women","1960-1969","All",387,18,7,4.7,38.9,"Africa"
"2155",3341,"Senegal","Women","1970-1979","All",590,44,27,7.5,61.4,"Africa"
"2156",3342,"Senegal","Women","1980-1989","All",310,66,32,21.3,48.5,"Africa"
"2157",3344,"Serbia","Men","1930-1939","All",62,3,0,4.8,0,"Europe & North America"
"2158",3345,"Serbia","Men","1940-1949","All",128,14,5,10.9,35.7,"Europe & North America"
"2159",3346,"Serbia","Men","1950-1959","All",220,29,14,13.2,48.3,"Europe & North America"
"2160",3347,"Serbia","Men","1960-1969","All",183,41,19,22.4,46.3,"Europe & North America"
"2161",3348,"Serbia","Men","1970-1979","All",143,34,18,23.8,52.9,"Europe & North America"
"2162",3349,"Serbia","Men","1980-1989","All",55,24,15,43.6,62.5,"Europe & North America"
"2163",3351,"Serbia","Women","1930-1939","All",75,8,1,10.7,12.5,"Europe & North America"
"2164",3352,"Serbia","Women","1940-1949","All",175,16,4,9.1,25,"Europe & North America"
"2165",3353,"Serbia","Women","1950-1959","All",214,18,4,8.4,22.2,"Europe & North America"
"2166",3354,"Serbia","Women","1960-1969","All",184,20,4,10.9,20,"Europe & North America"
"2167",3355,"Serbia","Women","1970-1979","All",165,28,13,17,46.4,"Europe & North America"
"2168",3356,"Serbia","Women","1980-1989","All",55,10,6,18.2,60,"Europe & North America"
"2169",3358,"Sierra Leone","Men","1970-1979","All",2733,43,7,1.6,16.3,"Africa"
"2170",3359,"Sierra Leone","Men","1980-1989","All",2156,51,13,2.4,25.5,"Africa"
"2171",3361,"Sierra Leone","Women","1960-1969","All",842,7,3,0.8,42.9,"Africa"
"2172",3362,"Sierra Leone","Women","1970-1979","All",1333,23,14,1.7,60.9,"Africa"
"2173",3363,"Sierra Leone","Women","1980-1989","All",768,47,22,6.1,46.8,"Africa"
"2174",3366,"Slovakia","Men","1930-1939","All",83,6,2,7.2,33.3,"FSU"
"2175",3367,"Slovakia","Men","1940-1949","All",185,18,14,9.7,77.8,"FSU"
"2176",3368,"Slovakia","Men","1950-1959","All",265,35,26,13.2,74.3,"FSU"
"2177",3369,"Slovakia","Men","1960-1969","All",244,51,32,20.9,62.7,"FSU"
"2178",3370,"Slovakia","Men","1970-1979","All",99,25,22,25.3,88,"FSU"
"2179",3374,"Slovakia","Women","1930-1939","All",99,8,5,8.1,62.5,"FSU"
"2180",3375,"Slovakia","Women","1940-1949","All",189,15,6,7.9,40,"FSU"
"2181",3376,"Slovakia","Women","1950-1959","All",315,31,20,9.8,64.5,"FSU"
"2182",3377,"Slovakia","Women","1960-1969","All",243,31,20,12.8,64.5,"FSU"
"2183",3378,"Slovakia","Women","1970-1979","All",104,15,7,14.4,46.7,"FSU"
"2184",3386,"Slovenia","Men","1930-1939","All",92,11,8,12,72.7,"Europe & North America"
"2185",3387,"Slovenia","Men","1940-1949","All",174,14,7,8,50,"Europe & North America"
"2186",3388,"Slovenia","Men","1950-1959","All",214,19,8,8.9,42.1,"Europe & North America"
"2187",3389,"Slovenia","Men","1960-1969","All",215,29,16,13.5,55.2,"Europe & North America"
"2188",3390,"Slovenia","Men","1970-1979","All",121,31,9,25.6,29,"Europe & North America"
"2189",3394,"Slovenia","Women","1930-1939","All",156,10,4,6.4,40,"Europe & North America"
"2190",3395,"Slovenia","Women","1940-1949","All",192,9,1,4.7,11.1,"Europe & North America"
"2191",3396,"Slovenia","Women","1950-1959","All",277,20,5,7.2,25,"Europe & North America"
"2192",3397,"Slovenia","Women","1960-1969","All",239,14,8,5.9,57.1,"Europe & North America"
"2193",3398,"Slovenia","Women","1970-1979","All",148,14,4,9.5,28.6,"Europe & North America"
"2194",3400,"South Africa","Men","1960-1969","All",620,41,17,6.6,41.5,"Africa"
"2195",3401,"South Africa","Men","1970-1979","All",1890,111,58,5.9,52.3,"Africa"
"2196",3402,"South Africa","Men","1980-1989","All",399,31,20,7.8,64.5,"Africa"
"2197",3403,"South Africa","Women","1950-1959","All",135,10,8,7.4,80,"Africa"
"2198",3404,"South Africa","Women","1960-1969","All",488,57,37,11.7,64.9,"Africa"
"2199",3405,"South Africa","Women","1970-1979","All",636,72,51,11.3,70.8,"Africa"
"2200",3406,"South Africa","Women","1980-1989","All",124,28,20,22.6,71.4,"Africa"
"2201",3408,"Spain","Men","1920-1929","All",60,9,2,15,22.2,"Europe & North America"
"2202",3409,"Spain","Men","1930-1939","All",108,15,7,13.9,46.7,"Europe & North America"
"2203",3410,"Spain","Men","1940-1949","All",178,22,14,12.4,63.6,"Europe & North America"
"2204",3411,"Spain","Men","1950-1959","All",238,36,17,15.1,47.2,"Europe & North America"
"2205",3412,"Spain","Men","1960-1969","All",349,75,28,21.5,37.3,"Europe & North America"
"2206",3413,"Spain","Men","1970-1979","All",186,53,20,28.5,37.7,"Europe & North America"
"2207",3414,"Spain","Men","1980-1989","All",76,31,11,40.8,35.5,"Europe & North America"
"2208",3416,"Spain","Women","1910-1919","All",59,9,2,15.3,22.2,"Europe & North America"
"2209",3417,"Spain","Women","1920-1929","All",584,79,33,13.5,41.8,"Europe & North America"
"2210",3418,"Spain","Women","1930-1939","All",1113,113,39,10.2,34.5,"Europe & North America"
"2211",3419,"Spain","Women","1940-1949","All",1280,115,53,9,46.1,"Europe & North America"
"2212",3420,"Spain","Women","1950-1959","All",1549,183,78,11.8,42.6,"Europe & North America"
"2213",3421,"Spain","Women","1960-1969","All",2051,293,115,14.3,39.2,"Europe & North America"
"2214",3422,"Spain","Women","1970-1979","All",448,103,33,23,32,"Europe & North America"
"2215",3423,"Spain","Women","1980-1989","All",73,28,5,38.4,17.9,"Europe & North America"
"2216",3424,"Swaziland","Men","1950-1959","All",232,8,2,3.4,25,"Africa"
"2217",3425,"Swaziland","Men","1960-1969","All",916,44,13,4.8,29.5,"Africa"
"2218",3426,"Swaziland","Men","1970-1979","All",185,10,5,5.4,50,"Africa"
"2219",3427,"Swaziland","Women","1950-1959","All",152,5,2,3.3,40,"Africa"
"2220",3428,"Swaziland","Women","1960-1969","All",630,43,25,6.8,58.1,"Africa"
"2221",3429,"Swaziland","Women","1970-1979","All",147,16,12,10.9,75,"Africa"
"2222",3431,"Sweden","Men","1920-1929","All",53,9,3,17,33.3,"Europe & North America"
"2223",3432,"Sweden","Men","1930-1939","All",452,58,14,12.8,24.1,"Europe & North America"
"2224",3433,"Sweden","Men","1940-1949","All",1109,134,40,12.1,29.9,"Europe & North America"
"2225",3434,"Sweden","Men","1950-1959","All",1116,161,41,14.4,25.5,"Europe & North America"
"2226",3435,"Sweden","Men","1960-1969","All",1102,201,69,18.2,34.3,"Europe & North America"
"2227",3436,"Sweden","Men","1970-1979","All",788,172,43,21.8,25,"Europe & North America"
"2228",3439,"Sweden","Women","1920-1929","All",62,10,3,16.1,30,"Europe & North America"
"2229",3440,"Sweden","Women","1930-1939","All",505,34,11,6.7,32.4,"Europe & North America"
"2230",3441,"Sweden","Women","1940-1949","All",1140,105,18,9.2,17.1,"Europe & North America"
"2231",3442,"Sweden","Women","1950-1959","All",1089,118,16,10.8,13.6,"Europe & North America"
"2232",3443,"Sweden","Women","1960-1969","All",1263,127,15,10.1,11.8,"Europe & North America"
"2233",3444,"Sweden","Women","1970-1979","All",795,104,21,13.1,20.2,"Europe & North America"
"2234",3447,"Switzerland","Men","1920-1929","All",52,7,2,13.5,28.6,"Europe & North America"
"2235",3448,"Switzerland","Men","1930-1939","All",119,17,4,14.3,23.5,"Europe & North America"
"2236",3449,"Switzerland","Men","1940-1949","All",217,48,9,22.1,18.8,"Europe & North America"
"2237",3450,"Switzerland","Men","1950-1959","All",264,56,16,21.2,28.6,"Europe & North America"
"2238",3451,"Switzerland","Men","1960-1969","All",290,85,15,29.3,17.6,"Europe & North America"
"2239",3452,"Switzerland","Men","1970-1979","All",170,47,7,27.6,14.9,"Europe & North America"
"2240",3453,"Switzerland","Men","1980-1989","All",62,26,4,41.9,15.4,"Europe & North America"
"2241",3455,"Switzerland","Women","1920-1929","All",80,13,8,16.2,61.5,"Europe & North America"
"2242",3456,"Switzerland","Women","1930-1939","All",157,32,14,20.4,43.8,"Europe & North America"
"2243",3457,"Switzerland","Women","1940-1949","All",243,48,13,19.8,27.1,"Europe & North America"
"2244",3458,"Switzerland","Women","1950-1959","All",270,65,11,24.1,16.9,"Europe & North America"
"2245",3459,"Switzerland","Women","1960-1969","All",335,82,19,24.5,23.2,"Europe & North America"
"2246",3460,"Switzerland","Women","1970-1979","All",157,39,9,24.8,23.1,"Europe & North America"
"2247",3462,"Tanzania","Men","1960-1969","All",774,13,2,1.7,15.4,"Africa"
"2248",3463,"Tanzania","Men","1970-1979","All",2862,82,25,2.9,30.5,"Africa"
"2249",3464,"Tanzania","Men","1980-1989","All",374,12,4,3.2,33.3,"Africa"
"2250",3465,"Tanzania","Women","1960-1969","All",232,8,4,3.4,50,"Africa"
"2251",3466,"Tanzania","Women","1970-1979","All",746,26,18,3.5,69.2,"Africa"
"2252",3467,"Tanzania","Women","1980-1989","All",80,1,0,1.2,0,"Africa"
"2253",3469,"The UK","Men","1920-1929","All",295,53,19,18,35.8,"Europe & North America"
"2254",3470,"The UK","Men","1930-1939","All",842,146,52,17.3,35.6,"Europe & North America"
"2255",3471,"The UK","Men","1940-1949","All",1256,209,65,16.6,31.1,"Europe & North America"
"2256",3472,"The UK","Men","1950-1959","All",1323,286,83,21.6,29,"Europe & North America"
"2257",3473,"The UK","Men","1960-1969","All",1574,430,119,27.3,27.7,"Europe & North America"
"2258",3474,"The UK","Men","1970-1979","All",296,102,19,34.5,18.6,"Europe & North America"
"2259",3475,"The UK","Men","1980-1989","All",56,27,5,48.2,18.5,"Europe & North America"
"2260",3478,"The UK","Women","1920-1929","All",403,82,26,20.3,31.7,"Europe & North America"
"2261",3479,"The UK","Women","1930-1939","All",997,155,49,15.5,31.6,"Europe & North America"
"2262",3480,"The UK","Women","1940-1949","All",1494,181,50,12.1,27.6,"Europe & North America"
"2263",3481,"The UK","Women","1950-1959","All",1555,224,47,14.4,21,"Europe & North America"
"2264",3482,"The UK","Women","1960-1969","All",1925,311,74,16.2,23.8,"Europe & North America"
"2265",3483,"The UK","Women","1970-1979","All",347,61,6,17.6,9.8,"Europe & North America"
"2266",3484,"The UK","Women","1980-1989","All",106,18,3,17,16.7,"Europe & North America"
"2267",3485,"The US","Men","1960-1969","All",1243,411,148,33.1,36,"Europe & North America"
"2268",3486,"The US","Men","1970-1979","All",507,157,63,31,40.1,"Europe & North America"
"2269",3487,"The US","Women","1950-1959","All",3875,632,150,16.3,23.7,"Europe & North America"
"2270",3488,"The US","Women","1960-1969","All",1610,326,94,20.2,28.8,"Europe & North America"
"2271",3489,"The US","Women","1970-1979","All",603,122,35,20.2,28.7,"Europe & North America"
"2272",3490,"Timor-Leste","Men","1960-1969","All",606,42,29,6.9,69,"Asia"
"2273",3491,"Timor-Leste","Men","1970-1979","All",2557,182,116,7.1,63.7,"Asia"
"2274",3492,"Timor-Leste","Men","1980-1989","All",557,60,44,10.8,73.3,"Asia"
"2275",3493,"Timor-Leste","Women","1950-1959","All",112,9,3,8,33.3,"Asia"
"2276",3494,"Timor-Leste","Women","1960-1969","All",716,58,24,8.1,41.4,"Asia"
"2277",3495,"Timor-Leste","Women","1970-1979","All",858,93,49,10.8,52.7,"Asia"
"2278",3496,"Timor-Leste","Women","1980-1989","All",169,34,27,20.1,79.4,"Asia"
"2279",3497,"Togo","Men","1960-1969","All",938,16,5,1.7,31.2,"Africa"
"2280",3498,"Togo","Men","1970-1979","All",2125,59,17,2.8,28.8,"Africa"
"2281",3499,"Togo","Women","1950-1959","All",208,3,3,1.4,100,"Africa"
"2282",3500,"Togo","Women","1960-1969","All",671,15,8,2.2,53.3,"Africa"
"2283",3501,"Togo","Women","1970-1979","All",852,60,34,7,56.7,"Africa"
"2284",3502,"Turkey","Men","1940-1949","All",125,7,5,5.6,71.4,"Europe & North America"
"2285",3503,"Turkey","Men","1950-1959","All",1686,74,30,4.4,40.5,"Europe & North America"
"2286",3504,"Turkey","Men","1960-1969","All",895,54,23,6,42.6,"Europe & North America"
"2287",3508,"Turkey","Women","1940-1949","All",230,5,0,2.2,0,"Europe & North America"
"2288",3509,"Turkey","Women","1950-1959","All",610,14,0,2.3,0,"Europe & North America"
"2289",3510,"Turkey","Women","1960-1969","All",301,9,0,3,0,"Europe & North America"
"2290",3511,"Uganda","Men","1960-1969","All",710,10,1,1.4,10,"Africa"
"2291",3512,"Uganda","Men","1970-1979","All",3368,65,22,1.9,33.8,"Africa"
"2292",3513,"Uganda","Men","1980-1989","All",756,9,5,1.2,55.6,"Africa"
"2293",3514,"Uganda","Women","1960-1969","All",493,9,4,1.8,44.4,"Africa"
"2294",3515,"Uganda","Women","1970-1979","All",947,23,12,2.4,52.2,"Africa"
"2295",3516,"Uganda","Women","1980-1989","All",205,8,6,3.9,75,"Africa"
"2296",3519,"Ukraine","Men","1930-1939","All",105,5,1,4.8,20,"FSU"
"2297",3520,"Ukraine","Men","1940-1949","All",111,5,3,4.5,60,"FSU"
"2298",3521,"Ukraine","Men","1950-1959","All",568,33,6,5.8,18.2,"FSU"
"2299",3522,"Ukraine","Men","1960-1969","All",2164,128,33,5.9,25.8,"FSU"
"2300",3523,"Ukraine","Men","1970-1979","All",628,48,15,7.6,31.2,"FSU"
"2301",3525,"Ukraine","Women","1920-1929","All",91,20,8,22,40,"FSU"
"2302",3526,"Ukraine","Women","1930-1939","All",201,22,9,10.9,40.9,"FSU"
"2303",3527,"Ukraine","Women","1940-1949","All",191,12,3,6.3,25,"FSU"
"2304",3528,"Ukraine","Women","1950-1959","All",445,29,13,6.5,44.8,"FSU"
"2305",3529,"Ukraine","Women","1960-1969","All",1015,104,39,10.2,37.5,"FSU"
"2306",3530,"Ukraine","Women","1970-1979","All",328,47,20,14.3,42.6,"FSU"
"2307",3531,"Uruguay","Men","1970-1979","All",455,87,29,19.1,33.3,"Latin America"
"2308",3533,"Uruguay","Women","1970-1979","All",590,78,23,13.2,29.5,"Latin America"
"2309",3535,"Zambia","Men","1960-1969","All",179,4,0,2.2,0,"Africa"
"2310",3536,"Zambia","Men","1970-1979","All",2386,45,16,1.9,35.6,"Africa"
"2311",3537,"Zambia","Men","1980-1989","All",1289,23,9,1.8,39.1,"Africa"
"2312",3538,"Zambia","Women","1950-1959","All",67,1,0,1.5,0,"Africa"
"2313",3539,"Zambia","Women","1960-1969","All",1119,21,16,1.9,76.2,"Africa"
"2314",3540,"Zambia","Women","1970-1979","All",2072,68,42,3.3,61.8,"Africa"
"2315",3541,"Zambia","Women","1980-1989","All",1041,72,47,6.9,65.3,"Africa"
"2316",3542,"Zimbabwe","Men","1960-1969","All",471,19,9,4,47.4,"Africa"
"2317",3543,"Zimbabwe","Men","1970-1979","All",2080,74,29,3.6,39.2,"Africa"
"2318",3544,"Zimbabwe","Men","1980-1989","All",219,7,5,3.2,71.4,"Africa"
"2319",3545,"Zimbabwe","Women","1960-1969","All",814,25,8,3.1,32,"Africa"
"2320",3546,"Zimbabwe","Women","1970-1979","All",1690,94,35,5.6,37.2,"Africa"
"2321",3547,"Zimbabwe","Women","1980-1989","All",181,19,14,10.5,73.7,"Africa"
