country,sex,bc_cate,edu2,total_n,childless_n,never_in_union_n
Albania,Men,1950-1959,High,195.08774100244045,7.747939914464951,1.8321290016174316
Albania,Men,1950-1959,Low,133.42644464969635,8.160149037837982,0.3329879939556122
Albania,Men,1960-1969,High,927.8303676992655,75.98992702364922,25.267436921596527
Albania,Men,1960-1969,Low,615.2465078234673,40.59552823007107,12.124845191836357
Albania,Men,1970-1979,High,620.875400647521,105.19724595546722,43.47790692746639
Albania,Men,1970-1979,Low,571.2498186528683,88.96348476409912,42.661617025732994
Albania,Men,1980-1989,High,135.28540448844433,51.94390591979027,32.598422810435295
Albania,Men,1980-1989,Low,158.94578172266483,36.28895753622055,23.09682062268257
Albania,Women,1950-1959,High,413.095784842968,0,NA
Albania,Women,1950-1959,Low,441.27753934264183,0,NA
Albania,Women,1960-1969,High,2016.8500191420317,21.293170109391212,19.769339099526405
Albania,Women,1960-1969,Low,1959.1999672204256,11.80808900296688,5.564539045095444
Albania,Women,1970-1979,High,1588.3713451176882,110.06811791658401,63.05629429221153
Albania,Women,1970-1979,Low,1577.6452514082193,91.89035774767399,36.83212584257126
Albania,Women,1980-1989,High,372.71006222069263,47.65236049890518,33.2331722676754
Albania,Women,1980-1989,Low,443.98005175590515,34.3591855019331,24.903005301952362
Angola,Men,1960-1969,High,301.6877026259899,3.5869849771261215,0.8813350200653076
Angola,Men,1960-1969,Low,286.11539954692125,8.778402037918568,1.7876989915966988
Angola,Men,1970-1979,High,523.977794855833,12.200105994939804,8.631194084882736
Angola,Men,1970-1979,Low,426.8792630136013,9.4566620439291,5.586856007575989
Angola,Men,1980-1989,High,63.53747197240591,0.9784859716892242,0.9784859716892242
Angola,Men,1980-1989,Low,63.5218601077795,1.6659759879112244,1.1752049773931503
Angola,Women,1960-1969,High,318.4184627458453,5.9491400718688965,1.9415540099143982
Angola,Women,1960-1969,Low,337.6797443330288,10.430220171809196,2.7862910628318787
Angola,Women,1970-1979,High,1237.2587220445275,30.983323737978935,20.1416557431221
Angola,Women,1970-1979,Low,1430.4197335243225,43.19690565764904,7.111431002616882
Angola,Women,1980-1989,High,93.87528505921364,3.5123449563980103,0.6310650110244751
Angola,Women,1980-1989,Low,224.02390702068806,3.77007095515728,3.606067955493927
Armenia,Men,1960-1969,High,106.97216342389584,4.8939520716667175,4.8939520716667175
Armenia,Men,1960-1969,Low,131.90810349583626,5.360205054283142,2.5591840147972107
Armenia,Men,1970-1979,High,290.4275660812855,42.65120527148247,30.315651148557663
Armenia,Men,1970-1979,Low,437.11633367836475,46.48228317499161,34.01017212867737
Armenia,Men,1980-1989,High,32.012494787573814,5.287639945745468,3.403716892004013
Armenia,Men,1980-1989,Low,52.73247966170311,11.279702872037888,8.788255840539932
Armenia,Women,1960-1969,High,281.21100121736526,28.808346703648567,23.519524842500687
Armenia,Women,1960-1969,Low,252.27364271879196,11.504063963890076,7.215260863304138
Armenia,Women,1970-1979,High,811.7968855053186,102.07113334536552,74.11891052126884
Armenia,Women,1970-1979,Low,790.78334659338,50.489040926098824,26.9707919806242
Armenia,Women,1980-1989,High,114.50154432654381,15.508227944374084,14.864369928836823
Armenia,Women,1980-1989,Low,106.3158880919218,8.116074919700623,7.291297942399979
Austria,Men,1910-1919,High,0.8116897210351937,0,NA
Austria,Men,1910-1919,Low,0.6888960132672608,0,NA
Austria,Men,1920-1929,High,5.680559433754125,0,NA
Austria,Men,1920-1929,Low,6.216637088361146,1.1245254526864361,0.4560692801909738
Austria,Men,1920-1929,NA,0.37904630550621654,0,NA
Austria,Men,1930-1939,High,19.68328916950435,1.0089262278957456,0.46587400302497883
Austria,Men,1930-1939,Low,19.590668985542706,2.7665883339506077,0.34630001759279194
Austria,Men,1930-1939,NA,0.2528135530257174,0,NA
Austria,Men,1940-1949,High,33.94007969275572,3.1004906133562575,0.42467392133546866
Austria,Men,1940-1949,Low,54.08484838078646,10.344529185634585,0.6496209992833952
Austria,Men,1940-1949,NA,0.11768579232207177,0,NA
Austria,Men,1950-1959,High,51.030864812820425,7.608389640046374,0.8013809188893397
Austria,Men,1950-1959,Low,63.99378102756895,8.207093127013277,2.5866369798153737
Austria,Men,1950-1959,NA,0.7526849963915385,0,NA
Austria,Men,1960-1969,High,285958.4817978756,68407.69090033219,23604.316139027953
Austria,Men,1960-1969,Low,219464.47331667936,46262.984774424534,18692.178142695775
Austria,Men,1960-1969,NA,3.6166582268421874,1.0045977352274997,0.2764216100016341
Austria,Men,1970-1979,High,71456.32557583823,30447.671707756355,12387.193878795526
Austria,Men,1970-1979,Low,172103.5179056891,67733.77462888313,27145.977873128384
Austria,Men,1970-1979,NA,0.9983702340418432,0.8078871832685834,0
Austria,Men,1980-1989,High,16.411109169723563,6.47871837931455,1.5126377580714245
Austria,Men,1980-1989,Low,8.536119262279978,3.085477666777832,0.5492867227029365
Austria,Men,1980-1989,NA,0.3299203454222912,0.3299203454222912,0
Austria,Women,1910-1919,High,0.12257953163423174,0.12257953163423174,0
Austria,Women,1910-1919,Low,0.11671546371091956,0.11671546371091956,0
Austria,Women,1920-1929,High,6.5727038560056235,2.7126496178964494,1.1591161691879535
Austria,Women,1920-1929,Low,10.882570484425372,2.2332240671470274,0
Austria,Women,1920-1929,NA,0.2587800174237813,0,NA
Austria,Women,1930-1939,High,18.293324333649466,2.5093904949360883,0.4889930332575947
Austria,Women,1930-1939,Low,33.00984051815692,2.1101326887309533,0.1755870394058192
Austria,Women,1930-1939,NA,1.0837028464052123,0,NA
Austria,Women,1940-1949,High,35.805361636184045,5.814298462722137,0.5267868934910034
Austria,Women,1940-1949,Low,76.50691953668337,6.028926618395298,1.3298256405466429
Austria,Women,1940-1949,NA,2.107933005333347,0.5187752411494664,0
Austria,Women,1950-1959,High,31.04149962263655,6.791012285974296,1.9346187792425633
Austria,Women,1950-1959,Low,71.23060442042625,6.328528431572064,2.123098538950922
Austria,Women,1950-1959,NA,1.1046463526772148,0,NA
Austria,Women,1960-1969,High,270987.992301567,60728.43371972852,14796.974095961472
Austria,Women,1960-1969,Low,222450.2147830804,28588.05417419341,8812.744263956905
Austria,Women,1960-1969,NA,1.8762963892918751,0.2505793354070782,0
Austria,Women,1970-1979,High,61498.61354069406,22228.086099532633,6090.858284537211
Austria,Women,1970-1979,Low,185755.8934924936,35549.06485246387,7870.690015703021
Austria,Women,1970-1979,NA,1.227453959548062,0.04824641918321948,0.04824641918321948
Austria,Women,1980-1989,High,11.22783677804076,2.413230670000801,0.5241715596219692
Austria,Women,1980-1989,Low,9.519735611236463,2.3412595872149615,1.3949960760790052
Azerbaijan,Men,1940-1949,High,26.970308229327202,1.5364990234375,1.5364990234375
Azerbaijan,Men,1940-1949,Low,28.457685068249702,0,NA
Azerbaijan,Men,1950-1959,High,221.23746430128813,7.510354906320572,2.927881956100464
Azerbaijan,Men,1950-1959,Low,228.27925884351134,14.042266070842743,5.206243991851807
Azerbaijan,Men,1960-1969,High,265.95224880054593,16.73604203760624,3.083387017250061
Azerbaijan,Men,1960-1969,Low,354.71280571073294,16.489116795361042,6.756885029375553
Azerbaijan,Men,1960-1969,NA,0.6798570156097412,0,NA
Azerbaijan,Men,1970-1979,High,40.82538416236639,1.690068006515503,1.0409669876098633
Azerbaijan,Men,1970-1979,Low,80.70906391739845,9.650356009602547,5.5149920135736465
Azerbaijan,Men,1970-1979,NA,1.0409669876098633,1.0409669876098633,0
Azerbaijan,Women,1950-1959,High,224.18398385122418,16.9588810428977,10.00720501691103
Azerbaijan,Women,1950-1959,Low,340.69051087647676,32.641617000103,20.59376100450754
Azerbaijan,Women,1960-1969,High,848.1379284411669,84.65718024969101,53.14731711149216
Azerbaijan,Women,1960-1969,Low,1611.1406334154308,172.8682729974389,103.72654736042023
Azerbaijan,Women,1970-1979,High,144.77328342944384,32.162460178136826,29.806597143411636
Azerbaijan,Women,1970-1979,Low,291.769980661571,59.80655899643898,42.873305052518845
Belarus,Men,1930-1939,High,23.20056563615799,3.3782618045806885,1.9054919481277466
Belarus,Men,1930-1939,Low,13.538599133491516,0,0
Belarus,Men,1930-1939,NA,7.04272848367691,0,NA
Belarus,Men,1940-1949,High,133.57730254530907,6.505745589733124,3.004220128059387
Belarus,Men,1940-1949,Low,136.68985557556152,6.388819187879562,2.441097229719162
Belarus,Men,1940-1949,NA,13.227896094322205,0,NA
Belarus,Men,1950-1959,High,384.1822709739208,28.176742553710938,9.904233634471893
Belarus,Men,1950-1959,Low,282.94141110777855,15.556121557950974,7.028472036123276
Belarus,Men,1950-1959,NA,3.8103372156620026,1.2816661894321442,0.8389379382133484
Belarus,Men,1960-1969,High,496.91030272841454,36.839500069618225,15.022912561893463
Belarus,Men,1960-1969,Low,407.964184820652,49.872084230184555,15.46726268529892
Belarus,Men,1960-1969,NA,3.527077078819275,0.8833072185516357,0
Belarus,Men,1970-1979,High,421.8059795498848,64.99767810106277,24.42714214324951
Belarus,Men,1970-1979,Low,426.5153383612633,49.691103994846344,25.63961809873581
Belarus,Men,1970-1979,NA,2.9209917783737183,1.949292540550232,0.9028352499008179
Belarus,Men,1980-1989,High,41.992702305316925,6.497007817029953,3.0163815915584564
Belarus,Men,1980-1989,Low,209.33397376537323,46.23739701509476,17.26276722550392
Belarus,Women,1920-1929,High,0,0,NA
Belarus,Women,1930-1939,High,49.35049664974213,6.960462272167206,3.494471490383148
Belarus,Women,1930-1939,Low,43.9900027513504,2.4131184816360474,2.4131184816360474
Belarus,Women,1930-1939,NA,25.464863300323486,1.415961742401123,1.415961742401123
Belarus,Women,1940-1949,High,239.4455388188362,24.21397113800049,16.491394460201263
Belarus,Women,1940-1949,Low,256.1729502379894,25.392096996307373,13.903016567230225
Belarus,Women,1940-1949,NA,49.614997029304504,5.178984761238098,2.96237850189209
Belarus,Women,1950-1959,High,552.6818923354149,33.375291615724564,15.555375277996063
Belarus,Women,1950-1959,Low,397.18207290768623,23.51134890317917,13.943941593170166
Belarus,Women,1950-1959,NA,11.020031243562698,0.4639790654182434,0
Belarus,Women,1960-1969,High,492.2265073657036,44.565417766571045,23.06717324256897
Belarus,Women,1960-1969,Low,500.6491578221321,27.43776175379753,17.586548149585724
Belarus,Women,1960-1969,NA,1.9498461484909058,0,NA
Belarus,Women,1970-1979,High,499.5299127995968,47.84832030534744,23.50626090168953
Belarus,Women,1970-1979,Low,446.1017836332321,17.80860474705696,5.363660365343094
Belarus,Women,1970-1979,NA,0.5395246744155884,0,NA
Belarus,Women,1980-1989,High,45.75903248786926,6.984038710594177,1.770666778087616
Belarus,Women,1980-1989,Low,195.8971651494503,18.317890256643295,5.8144888281822205
Belarus,Women,1980-1989,NA,0.5395246744155884,0,NA
Belgium,Men,1910-1919,High,1.0757661299472865,0,NA
Belgium,Men,1910-1919,Low,1.7037669541593061,0.6946354532343122,0
Belgium,Men,1920-1929,High,28.47356290694721,9.238434676585186,2.5450751823758964
Belgium,Men,1920-1929,Low,31.05469963436492,3.49447370789008,0.504565750462497
Belgium,Men,1920-1929,NA,2.864562749862671,0,NA
Belgium,Men,1930-1939,High,202.21001305588587,52.72788230128151,6.740322118481304
Belgium,Men,1930-1939,Low,203.01339890328188,39.832295763209316,6.325254069882881
Belgium,Men,1930-1939,NA,18.477316929028017,7.128687931225283,1.790706753730774
Belgium,Men,1940-1949,High,324.3794979287364,83.77240715427456,14.612754170173313
Belgium,Men,1940-1949,Low,283.29606442814156,87.54617315216139,22.333486873432975
Belgium,Men,1940-1949,NA,13.521042876468101,4.007299363613129,0.9642339944839478
Belgium,Men,1950-1959,High,434.0170660224379,82.4392236751692,30.40698709920341
Belgium,Men,1950-1959,Low,365.12342713780396,80.022922544125,21.24031160886038
Belgium,Men,1950-1959,NA,16.188360855359008,2.0380899906158447,0
Belgium,Men,1960-1969,High,452.9806095887528,94.85446723101899,31.692223400173816
Belgium,Men,1960-1969,Low,444.98811621850206,84.67713511064623,28.357813201062907
Belgium,Men,1960-1969,NA,8.680530887398028,1.8620332479476929,0.9310166239738464
Belgium,Men,1970-1979,High,145.55858073734095,29.449864816707297,10.466818125909597
Belgium,Men,1970-1979,Low,247.5478360078446,64.98481325984686,22.78281014075111
Belgium,Men,1970-1979,NA,6.090907619186062,1.8620332479476929,1.8620332479476929
Belgium,Men,1980-1989,High,20.48874568931952,6.537307170002993,3.6488879998519224
Belgium,Men,1980-1989,Low,8.139290794089447,1.740941613186287,0
Belgium,Women,1910-1919,High,1.6642536603449596,0.38610324075339797,0.38610324075339797
Belgium,Women,1910-1919,Low,1.5272271927632914,0,NA
Belgium,Women,1920-1929,High,35.513813718123295,8.905854529363976,2.5280056296599582
Belgium,Women,1920-1929,Low,36.2876926443208,5.7634210851924585,0.8849690556526184
Belgium,Women,1920-1929,NA,2.018929898738861,0.8849690556526184,0.8849690556526184
Belgium,Women,1930-1939,High,229.1887906214123,62.60020761344102,20.128731913625316
Belgium,Women,1930-1939,Low,199.7056544415014,44.65380447918274,18.21967166638626
Belgium,Women,1930-1939,NA,16.980447471141815,6.056789696216583,3.1528907418251038
Belgium,Women,1940-1949,High,327.91295694290847,84.93554531332822,14.406772434711456
Belgium,Women,1940-1949,Low,290.4414816121954,55.24746057386996,12.922893572638998
Belgium,Women,1940-1949,NA,19.993989404869506,5.862835228443146,0
Belgium,Women,1950-1959,High,442.1167377029609,80.30463776023132,11.225153720547134
Belgium,Women,1950-1959,Low,407.40636714362444,53.90622270495025,10.798412672000676
Belgium,Women,1950-1959,NA,20.29014284009726,4.657828144317293,2.832852713351869
Belgium,Women,1960-1969,High,489.63017478928936,72.02451122266059,18.1305492928981
Belgium,Women,1960-1969,Low,424.5542076270459,50.58031236561041,12.962445505034704
Belgium,Women,1960-1969,NA,14.793891489505768,0.9671778678894043,0
Belgium,Women,1970-1979,High,100.45807473064507,16.57728369329129,6.803425764682684
Belgium,Women,1970-1979,Low,252.38258964722468,38.08049075784516,8.173560634678338
Belgium,Women,1970-1979,NA,2.8934075832366943,0,NA
Belgium,Women,1980-1989,High,23.460685061060786,3.264847520406633,1.0173588305710197
Belgium,Women,1980-1989,Low,11.135756537804149,0.5056131698258639,0.5056131698258639
Benin,Men,1950-1959,High,83.00672110915184,0.4640899896621704,0
Benin,Men,1950-1959,Low,197.30676794052124,2.5732840299606323,2.5732840299606323
Benin,Men,1960-1969,High,289.29466158151627,3.0300969183444977,0
Benin,Men,1960-1969,Low,446.30778875947,9.937389969825745,5.12220698595047
Benin,Men,1970-1979,High,471.1682046055794,15.770247966051102,7.7859669625759125
Benin,Men,1970-1979,Low,798.3750348091125,14.823745965957642,4.289886891841888
Benin,Men,1980-1989,High,151.4825240522623,10.936766922473907,5.935365945100784
Benin,Men,1980-1989,Low,454.67353984713554,21.480369955301285,9.97152504324913
Benin,Women,1960-1969,High,91.51776969432831,3.8949549198150635,1.6942260265350342
Benin,Women,1960-1969,Low,307.90604320168495,3.7460010051727295,0.541333019733429
Benin,Women,1970-1979,High,619.4229304492474,15.159708857536316,3.732908934354782
Benin,Women,1970-1979,Low,2102.5657920241356,18.986490100622177,2.3615400195121765
Benin,Women,1980-1989,High,277.1973620057106,8.076345086097717,1.3096129894256592
Benin,Women,1980-1989,Low,1068.823119878769,17.415461778640747,2.3469289541244507
Bolivia,Men,1940-1949,High,116.3647018969059,11.010163877159357,3.5854369401931763
Bolivia,Men,1940-1949,Low,212.04866125062108,7.5844948925077915,1.8740459717810154
Bolivia,Men,1950-1959,High,374.3682738393545,19.419964991509914,12.522066950798035
Bolivia,Men,1950-1959,Low,407.9366930127144,17.37554508447647,9.576620012521744
Bolivia,Men,1960-1969,High,557.6730255447328,44.97260180860758,34.306355722248554
Bolivia,Men,1960-1969,Low,599.52713547647,32.79813611134887,18.178821112960577
Bolivia,Men,1970-1979,High,226.24317535758018,21.402201004326344,15.710559159517288
Bolivia,Men,1970-1979,Low,208.06832417845726,8.756864909082651,5.758992854505777
Bolivia,Women,1950-1959,High,192.23952604830265,11.115499891340733,6.775336027145386
Bolivia,Women,1950-1959,Low,326.8415380604565,17.66924899816513,6.418672025203705
Bolivia,Women,1960-1969,High,1448.5380772426724,88.72920024394989,56.131888166069984
Bolivia,Women,1960-1969,Low,2192.213942270726,55.40063577890396,22.974721878767014
Bolivia,Women,1970-1979,High,599.6125648058951,62.8314500823617,40.12579217553139
Bolivia,Women,1970-1979,Low,831.8013711422682,19.392517119646072,12.752359092235565
Brazil,Men,1930-1939,High,43.63776236772537,0,NA
Brazil,Men,1930-1939,Low,65.76624363660812,5.2648850083351135,1.1629780530929565
Brazil,Men,1940-1949,High,135.3435479104519,11.548897057771683,2.3705670833587646
Brazil,Men,1940-1949,Low,300.15987715125084,18.59540605545044,9.82391706109047
Brazil,Men,1950-1959,High,249.163251131773,26.783413350582123,8.51220116019249
Brazil,Men,1950-1959,Low,321.13866659998894,18.627424210309982,13.669044137001038
Brazil,Men,1960-1969,High,32.08096605539322,3.7692430317401886,2.2184790074825287
Brazil,Men,1960-1969,Low,35.91067236661911,7.279708117246628,4.785400152206421
Brazil,Women,1940-1949,High,346.23640090227127,43.75800475478172,24.466265827417374
Brazil,Women,1940-1949,Low,518.0889470279217,30.83592689037323,13.961378008127213
Brazil,Women,1950-1959,High,1237.293933749199,165.06400513648987,114.32405829429626
Brazil,Women,1950-1959,Low,1833.8147394359112,109.99084863066673,56.332867711782455
Brazil,Women,1950-1959,NA,1.5926729440689087,0,NA
Brazil,Women,1960-1969,High,196.35676804184914,29.664691746234894,19.364300787448883
Brazil,Women,1960-1969,Low,267.81145867705345,12.109209060668945,7.572703957557678
Bulgaria,Men,1910-1919,High,0,0,NA
Bulgaria,Men,1920-1929,High,137.91881073214768,15.77226448059082,5.200726628303528
Bulgaria,Men,1920-1929,Low,126.15069383705789,12.188952386379242,3.739590644836426
Bulgaria,Men,1920-1929,NA,19.646536707878113,3.425785779953003,3.425785779953003
Bulgaria,Men,1930-1939,High,396.4806193624815,24.687096893787384,9.983867287635803
Bulgaria,Men,1930-1939,Low,372.2136685794638,19.31751713739629,8.834540223944142
Bulgaria,Men,1930-1939,NA,30.496775868271165,2.4265036582946777,0
Bulgaria,Men,1940-1949,High,544.4970108613254,47.81326208118193,23.005578938628144
Bulgaria,Men,1940-1949,Low,495.1940303381432,44.12729245778655,21.228432451692356
Bulgaria,Men,1940-1949,NA,13.438943328288484,0,NA
Bulgaria,Men,1950-1959,High,526.441314210669,64.65341874277362,39.883458962633185
Bulgaria,Men,1950-1959,Low,504.95229600502853,53.44403999891283,32.15368523323049
Bulgaria,Men,1950-1959,NA,18.90352425454942,4.7742680311203,4.7742680311203
Bulgaria,Men,1960-1969,High,728.4282878139463,160.1182727838779,113.62576796159514
Bulgaria,Men,1960-1969,Low,617.5343436206857,81.02958013019702,51.60343372854567
Bulgaria,Men,1960-1969,NA,16.381036148661675,0.6548365359630566,0
Bulgaria,Men,1970-1979,High,16.60559753097559,5.255880692606272,3.349214893459788
Bulgaria,Men,1970-1979,Low,43.140414602559936,13.885616585413116,10.214983831758335
Bulgaria,Men,1970-1979,NA,0.8158088772828265,0.48948529358085935,0
Bulgaria,Men,1980-1989,High,3.921204567015529,2.3280559378427004,1.3780237941414928
Bulgaria,Men,1980-1989,Low,11.7138731179954,5.190668064584672,4.491210013068352
Bulgaria,Men,1980-1989,NA,0.3521479074125864,0,NA
Bulgaria,Women,1910-1919,High,0.4217489160410679,0,NA
Bulgaria,Women,1920-1929,High,120.79423536372593,16.74905886768977,4.039907455444336
Bulgaria,Women,1920-1929,Low,84.09354987229072,3.2236184219639057,3.0080798864364624
Bulgaria,Women,1920-1929,NA,21.4233561843902,4.417306184768677,1.3746559619903564
Bulgaria,Women,1930-1939,High,577.6688426142922,45.82590926209521,14.865417838096619
Bulgaria,Women,1930-1939,Low,503.59961532964104,33.87203812845036,4.9917856027957885
Bulgaria,Women,1930-1939,NA,107.65694062410704,11.470232435091447,1.7596414764961708
Bulgaria,Women,1940-1949,High,598.9698508607427,45.29740291409695,18.44713230991859
Bulgaria,Women,1940-1949,Low,559.1447545226846,18.978376622036087,4.266976471674424
Bulgaria,Women,1940-1949,NA,49.65148616965013,2.5942472219467163,1.2188055515289307
Bulgaria,Women,1950-1959,High,466.20334054707,39.47642252571692,23.78949164539027
Bulgaria,Women,1950-1959,Low,511.7020720068904,25.19335526576735,9.004958615574429
Bulgaria,Women,1950-1959,NA,26.39186865888649,2.2932684421539307,0.917826771736145
Bulgaria,Women,1960-1969,High,747.7092542787569,81.51268864094678,51.767369443384155
Bulgaria,Women,1960-1969,Low,715.117092991545,42.215047587286435,24.184788790149767
Bulgaria,Women,1960-1969,NA,24.35888976959638,5.0458731055259705,4.205003440380096
Bulgaria,Women,1970-1979,High,22.126310092008758,2.7862524563302777,1.3256755063421224
Bulgaria,Women,1970-1979,Low,41.49629249029756,3.9410612508554674,2.1369914854829215
Bulgaria,Women,1980-1989,High,7.029260070773516,1.9382668559486298,1.1484400494689915
Bulgaria,Women,1980-1989,Low,4.39869751577518,1.1280499180037928,0.5383505130630777
Bulgaria,Women,1980-1989,NA,0.761292518218255,0,NA
Burkina Faso,Men,1950-1959,High,128.4032136797905,0.9474790096282959,0
Burkina Faso,Men,1950-1959,Low,556.7259248495102,4.7203338742256165,0
Burkina Faso,Men,1960-1969,High,255.5545668900013,5.52998811006546,3.525950014591217
Burkina Faso,Men,1960-1969,Low,1037.2441060245037,9.085877925157547,0
Burkina Faso,Men,1970-1979,High,270.476404517889,24.834008753299713,16.007163852453232
Burkina Faso,Men,1970-1979,Low,695.052548468113,35.062221854925156,12.477914988994598
Burkina Faso,Women,1960-1969,High,315.28848296403885,9.438211977481842,5.565903961658478
Burkina Faso,Women,1960-1969,Low,2162.783622711897,12.773083925247192,0
Burkina Faso,Women,1970-1979,High,309.66269662976265,8.116181999444962,4.32669797539711
Burkina Faso,Women,1970-1979,Low,2131.1259383559227,13.249659985303879,0
Burundi,Men,1950-1959,High,88.94043464958668,0.6329360008239746,0.6329360008239746
Burundi,Men,1950-1959,Low,135.3899446874857,3.072362959384918,1.5364159941673279
Burundi,Men,1960-1969,High,295.06422992795706,8.600972980260849,7.025082021951675
Burundi,Men,1960-1969,Low,630.3345326259732,9.688709944486618,6.308784008026123
Burundi,Men,1970-1979,High,608.1268313527107,16.15928004682064,8.962979957461357
Burundi,Men,1970-1979,Low,609.0659696385264,15.654218971729279,6.552722990512848
Burundi,Men,1980-1989,High,104.47757813334465,6.16814199835062,5.385819010436535
Burundi,Men,1980-1989,Low,258.8746172711253,1.7890900000929832,0.777366004884243
Burundi,Women,1960-1969,High,155.5834555104375,1.1127090454101562,0
Burundi,Women,1960-1969,Low,504.19362584501505,20.058431088924408,12.631900012493134
Burundi,Women,1970-1979,High,1171.3486646227539,41.403141900897026,24.864330798387527
Burundi,Women,1970-1979,Low,1938.4636651203036,67.39694807678461,41.504038125276566
Burundi,Women,1980-1989,High,410.4484238140285,21.078749790787697,16.26049381494522
Burundi,Women,1980-1989,Low,540.6542513370514,28.849326938390732,20.409540981054306
Cambodia,Men,1960-1969,High,234.46548369154334,6.900055110454559,0
Cambodia,Men,1960-1969,Low,343.0177690535784,9.72355704009533,0.20888599753379822
Cambodia,Men,1970-1979,High,453.4920381680131,25.81457284092903,7.017662018537521
Cambodia,Men,1970-1979,Low,676.5568051338196,26.952576085925102,13.477185010910034
Cambodia,Women,1960-1969,High,784.0040709897876,58.621822625398636,37.17811779677868
Cambodia,Women,1960-1969,Low,1204.5351301953197,76.25025789439678,44.42348985373974
Cambodia,Women,1970-1979,High,1549.6993825994432,126.3439129255712,78.41201605275273
Cambodia,Women,1970-1979,Low,2247.59707672894,174.035010676831,112.58587981387973
Cameroon,Men,1950-1959,High,95.65645870566368,0.43538698554039,0
Cameroon,Men,1950-1959,Low,170.9741371050477,7.179134160280228,0
Cameroon,Men,1960-1969,High,306.3984484374523,3.7160239815711975,0
Cameroon,Men,1960-1969,Low,373.7744171321392,9.328278928995132,4.093715995550156
Cameroon,Men,1970-1979,High,490.75315154343843,18.20346400141716,12.8989759683609
Cameroon,Men,1970-1979,Low,544.809024579823,27.180752098560333,15.423518121242523
Cameroon,Men,1970-1979,NA,0.9974740147590637,0,NA
Cameroon,Men,1980-1989,High,244.3345282971859,27.608059719204903,14.872622728347778
Cameroon,Men,1980-1989,Low,316.13892249017954,26.739097952842712,21.54837393760681
Cameroon,Women,1950-1959,High,172.95217296481133,5.993241041898727,0
Cameroon,Women,1950-1959,Low,158.56952757388353,4.232191979885101,0
Cameroon,Women,1960-1969,High,503.4006650671363,12.946887075901031,3.788798004388809
Cameroon,Women,1960-1969,Low,391.5669186785817,13.061059951782227,2.498267948627472
Cameroon,Women,1970-1979,High,1205.5288939327002,46.31804025173187,11.234263062477112
Cameroon,Women,1970-1979,Low,888.0363274440169,25.631342887878418,0
Cameroon,Women,1980-1989,High,464.2319577485323,28.25341783463955,18.65239877998829
Cameroon,Women,1980-1989,Low,768.2035721987486,23.737516850233078,11.194273889064789
Canada,Men,1920-1929,High,46964.07740020752,10156.146842956543,226.80680084228516
Canada,Men,1920-1929,Low,38879.38126373291,2916.9526596069336,863.5988998413086
Canada,Men,1920-1929,NA,110820.73580932617,19172.956832885742,1110.298812866211
Canada,Men,1930-1939,High,386568.8866119385,50763.541034698486,14213.193256378174
Canada,Men,1930-1939,Low,387763.3942756653,46433.87503051758,6293.922958374023
Canada,Men,1930-1939,NA,914516.7411346436,146502.06881713867,35134.53679275513
Canada,Men,1940-1949,High,990596.5195884705,186775.37685394287,15936.872901916504
Canada,Men,1940-1949,Low,916674.96824646,139367.77376174927,20377.297367095947
Canada,Men,1940-1949,NA,1262387.00522995,235775.21822357178,42338.67878341675
Canada,Men,1950-1959,High,1809637.2234153748,353518.537776947,65780.05490875244
Canada,Men,1950-1959,Low,1418636.3026351929,241253.19065856934,41349.70137023926
Canada,Men,1950-1959,NA,1558126.8461151123,330217.7877960205,102696.95048522949
Canada,Men,1960-1969,High,1773863.666519165,421397.6767272949,116548.36569976807
Canada,Men,1960-1969,Low,1843151.4626846313,426914.2009277344,116955.33381652832
Canada,Men,1960-1969,NA,1567778.2812652588,404214.3302536011,103982.6303100586
Canada,Men,1970-1979,High,523523.21646118164,138948.43208312988,36226.98959350586
Canada,Men,1970-1979,Low,865324.9955825806,208430.88983154297,63900.1827545166
Canada,Men,1970-1979,NA,455427.4990234375,145013.3985748291,56107.171478271484
Canada,Women,1920-1929,High,39167.45138549805,6983.970001220703,4365.654602050781
Canada,Women,1920-1929,Low,32602.6743850708,4471.736953735352,1005.3388671875
Canada,Women,1920-1929,NA,174468.22289276123,35727.65364074707,11069.210540771484
Canada,Women,1930-1939,High,371427.16229248047,63891.2141418457,25909.994117736816
Canada,Women,1930-1939,Low,340907.3430213928,34748.95161819458,8326.136474609375
Canada,Women,1930-1939,NA,1205742.9058532715,128673.48761749268,33033.74124908447
Canada,Women,1940-1949,High,890335.0102729797,175878.79695892334,45026.07995605469
Canada,Women,1940-1949,Low,926026.4854621887,121989.34200286865,24148.340785980225
Canada,Women,1940-1949,NA,1516319.6519470215,159572.0012435913,42023.21080780029
Canada,Women,1950-1959,High,1648656.623096466,332574.7455673218,63217.17588043213
Canada,Women,1950-1959,Low,1506666.9022483826,274657.39277648926,81152.87970733643
Canada,Women,1950-1959,NA,1690804.10439682,221556.7148628235,50646.0632019043
Canada,Women,1960-1969,High,2007027.7760505676,409014.96197509766,96383.0675125122
Canada,Women,1960-1969,Low,1729677.4331130981,325243.5509300232,77467.12954711914
Canada,Women,1960-1969,NA,1429901.324935913,231750.9100189209,47400.88224029541
Canada,Women,1970-1979,High,533587.9708938599,119709.52702331543,37146.42868041992
Canada,Women,1970-1979,Low,969686.809928894,190685.7497024536,55739.77066040039
Canada,Women,1970-1979,NA,371253.2438278198,47244.858154296875,13838.509552001953
Central African Republic,Men,1930-1939,High,27.133944272994995,0,NA
Central African Republic,Men,1930-1939,Low,66.75080782175064,8.356956839561462,0
Central African Republic,Men,1940-1949,High,57.282542288303375,0,NA
Central African Republic,Men,1940-1949,Low,134.2088457942009,11.555493950843811,0.9617509841918945
Central African Republic,Men,1950-1959,High,145.58872437477112,10.10978788137436,5.11526083946228
Central African Republic,Men,1950-1959,Low,161.9900712966919,24.107918679714203,9.780785918235779
Central African Republic,Men,1960-1969,High,0.9683369994163513,0,NA
Central African Republic,Men,1960-1969,Low,3.2590469121932983,1.3355449438095093,0
Central African Republic,Women,1940-1949,High,44.1577530503273,3.782823085784912,0
Central African Republic,Women,1940-1949,Low,385.7140327692032,32.001730263233185,1.7760739922523499
Central African Republic,Women,1950-1959,High,271.8445553779602,4.492543935775757,0.9850689768791199
Central African Republic,Women,1950-1959,Low,881.3555777072906,84.48605918884277,11.116188883781433
Central African Republic,Women,1960-1969,High,0.9591599702835083,0,NA
Central African Republic,Women,1960-1969,Low,6.163410127162933,0,NA
Chad,Men,1950-1959,High,79.89761465787888,0,NA
Chad,Men,1950-1959,Low,130.9538311138749,3.8345229625701904,0
Chad,Men,1960-1969,High,248.94087378680706,3.634045958518982,1.3615119457244873
Chad,Men,1960-1969,Low,427.5095282830298,8.012845907360315,2.1345629692077637
Chad,Men,1960-1969,NA,1.0498199462890625,0,NA
Chad,Men,1970-1979,High,461.2378380931914,20.44415809214115,11.930941075086594
Chad,Men,1970-1979,Low,568.6539726182818,3.0241399705410004,0.6109380125999451
Chad,Men,1970-1979,NA,3.958875983953476,0,NA
Chad,Men,1980-1989,High,32.69863833114505,1.1144510507583618,1.1144510507583618
Chad,Men,1980-1989,Low,48.462502498179674,0.9230679869651794,0
Chad,Women,1960-1969,High,260.2046816125512,1.4007009863853455,0
Chad,Women,1960-1969,Low,1000.0671412162483,9.178910970687866,1.3155770003795624
Chad,Women,1970-1979,High,774.5992596298456,15.15077618509531,6.283201158046722
Chad,Women,1970-1979,Low,2689.1318487375975,26.265711963176727,7.184021025896072
Chad,Women,1970-1979,NA,2.456835985183716,0,NA
Chad,Women,1980-1989,High,54.79645878076553,3.617248058319092,0
Chad,Women,1980-1989,Low,129.71401862055063,0,NA
Colombia,Men,1950-1959,High,1076.9704016046599,68.25053173629567,37.161083803512156
Colombia,Men,1950-1959,Low,976.673028848134,124.1630176845938,63.76845755055547
Colombia,Men,1960-1969,High,3159.80047036591,328.3928518346511,156.42491216026247
Colombia,Men,1960-1969,Low,2881.330955403857,335.76965532545,169.67206629365683
Colombia,Men,1970-1979,High,3866.9305362922605,755.2886481131427,420.39886984741315
Colombia,Men,1970-1979,Low,2739.4091156984214,400.1048845499754,226.86210463568568
Colombia,Men,1980-1989,High,273.4112189637963,94.03346793539822,48.07044937182218
Colombia,Men,1980-1989,Low,186.24287312151864,29.275223064236343,14.380045022815466
Colombia,Women,1960-1969,High,2251.1008168379776,165.55115875508636,82.28869923204184
Colombia,Women,1960-1969,Low,1658.7320606426802,49.76800912991166,25.680171243846416
Colombia,Women,1970-1979,High,5548.32792527345,532.4531059474684,289.2216440611519
Colombia,Women,1970-1979,Low,3369.560063629411,101.48305449075997,46.70699719898403
Colombia,Women,1980-1989,High,354.0368367959745,39.51941245794296,27.042005345225334
Colombia,Women,1980-1989,Low,191.7233918728307,4.2888170182704926,2.1166599690914154
Comoros,Men,1950-1959,High,36.04491102695465,2.0326960384845734,0
Comoros,Men,1950-1959,Low,59.466884180903435,2.4550880193710327,0
Comoros,Men,1960-1969,High,122.04823608696461,12.081133931875229,0.9324629902839661
Comoros,Men,1960-1969,Low,163.52602888643742,7.660903990268707,4.246427953243256
Comoros,Men,1960-1969,NA,1.8580880165100098,0,NA
Comoros,Men,1970-1979,High,163.14582319557667,28.34726093709469,8.512782022356987
Comoros,Men,1970-1979,Low,241.19629134237766,27.24894803762436,10.55219504237175
Comoros,Men,1970-1979,NA,3.856029987335205,3.856029987335205,0
Comoros,Women,1960-1969,High,147.1979401409626,8.667822062969208,0
Comoros,Women,1960-1969,Low,274.6297499984503,13.890237927436829,0
Comoros,Women,1960-1969,NA,1.087636947631836,0,NA
Comoros,Women,1970-1979,High,363.6450610458851,58.49089777469635,19.401092797517776
Comoros,Women,1970-1979,Low,582.1146708652377,40.28826320171356,9.84723910689354
Comoros,Women,1970-1979,NA,6.321772933006287,0,NA
Congo,Men,1950-1959,High,174.4889454767108,1.5487590432167053,0
Congo,Men,1950-1959,Low,148.40376260131598,2.446580022573471,2.16990002989769
Congo,Men,1960-1969,High,453.48953630030155,12.415148884057999,3.7650339901447296
Congo,Men,1960-1969,Low,350.7027948871255,17.13797776401043,12.363757878541946
Congo,Men,1970-1979,High,560.5359147414565,25.45349971950054,9.999462828040123
Congo,Men,1970-1979,Low,313.9814655929804,17.058880031108856,11.4914940148592
Congo,Women,1960-1969,High,803.2264868021011,22.976972088217735,5.329646944999695
Congo,Women,1960-1969,Low,449.6439303159714,4.323342002928257,0.6815480142831802
Congo,Women,1970-1979,High,1150.1289265602827,37.613192960619926,6.931047007441521
Congo,Women,1970-1979,Low,613.0904166102409,8.301179096102715,2.6018610149621964
Croatia,Men,1930-1939,High,2.4140069191385014,0.16624487712773117,0
Croatia,Men,1930-1939,Low,4.1528319356546,0.16200383232386084,0.16200383232386084
Croatia,Men,1940-1949,High,3.99085541929493,0.2441095273418794,0.06589877792262122
Croatia,Men,1940-1949,Low,9.218881861123613,0.3573370490219947,0.2799488412537383
Croatia,Men,1950-1959,High,7.33513108028105,0.6548508241440882,0.18525278764412256
Croatia,Men,1950-1959,Low,22.869307343239207,2.8502149789635207,1.2909647063553993
Croatia,Men,1960-1969,High,5.671169993165331,1.3560660142148793,0.38580891497515646
Croatia,Men,1960-1969,Low,23.499758253189196,4.147978464042999,2.2048730298417607
Croatia,Men,1970-1979,High,6.809922481237329,0.6728383316426045,0
Croatia,Men,1970-1979,Low,18.316731992020344,5.473428809185788,2.613097135973892
Croatia,Men,1970-1979,NA,0.09988452011243165,0,NA
Croatia,Men,1980-1989,High,3.2746680457405644,0.9094548674324825,0.4287347531107044
Croatia,Men,1980-1989,Low,7.005370598419757,3.1232982749174263,1.5608400039124493
Croatia,Women,1920-1929,High,0.27506889194563033,0.07169743970678155,0
Croatia,Women,1920-1929,Low,0.8517740149551205,0.26823139103569993,0.26823139103569993
Croatia,Women,1930-1939,High,2.21453078987653,0.44292177750378214,0.1824879900436147
Croatia,Women,1930-1939,Low,5.098428968660336,0.3194526799244004,0.15863959239299152
Croatia,Women,1940-1949,High,9.90906735191667,0.3949705506169252,0.13424597965943708
Croatia,Women,1940-1949,Low,10.85506739945504,0.7976421219192771,0.42173723557160336
Croatia,Women,1950-1959,High,13.563569020620735,0.7497278134974616,0.4043381110511741
Croatia,Women,1950-1959,Low,18.847309481678288,1.9683640466863381,0.2424175562858668
Croatia,Women,1960-1969,High,7.114816908479433,1.6295155753351964,0.6547285931534255
Croatia,Women,1960-1969,Low,25.56668396420849,2.586557193756043,0.8651679774168444
Croatia,Women,1970-1979,High,8.446083010285983,1.0841106103205833,0.22382992428052884
Croatia,Women,1970-1979,Low,17.49875009676346,1.4206036535400637,0.7249415128219754
Croatia,Women,1970-1979,NA,0.05535034112996762,0,NA
Croatia,Women,1980-1989,High,4.72735108779007,0.9123338255292595,0.4075142148079367
Croatia,Women,1980-1989,Low,8.160288512227366,0.6733682873631059,0.48954135836279344
Cyprus,Men,1920-1929,High,0.3609531470178742,0.041393190434479976,0.041393190434479976
Cyprus,Men,1920-1929,Low,1.1021550687069572,0.025913080938722022,0
Cyprus,Men,1930-1939,High,1.3918863895353357,0.11640404981890295,0
Cyprus,Men,1930-1939,Low,3.22968699595168,0.025913080938722022,0.025913080938722022
Cyprus,Men,1940-1949,High,3.453610150730535,0.0908497302638922,0.02779235841505745
Cyprus,Men,1940-1949,Low,3.328955904664446,0.08619105491620616,0.03239713635954189
Cyprus,Men,1950-1959,High,3.219373369115032,0.3284553716174834,0.1517243038451941
Cyprus,Men,1950-1959,Low,6.871077272275306,0.2977482247682497,0.08977230641056622
Cyprus,Men,1960-1969,High,3.5192599275701695,0.26599634874404643,0
Cyprus,Men,1960-1969,Low,6.980368302123948,0.5825876135349444,0.19228991451615274
Cyprus,Men,1970-1979,High,2.353755759734666,0.48460982557118193,0.03325107631258817
Cyprus,Men,1970-1979,Low,4.223595119918882,0.752022216863919,0.3583960401894801
Cyprus,Men,1980-1989,High,1.3635660660212352,0.4985324242221125,0.09967682861121574
Cyprus,Men,1980-1989,Low,0.8648472820208113,0.25760312701847,0.25760312701847
Cyprus,Women,1920-1929,High,0.5491034823987129,0.02858461199354423,0.02858461199354423
Cyprus,Women,1920-1929,Low,0.4220870224665014,0,NA
Cyprus,Women,1930-1939,High,2.4939307517276497,0.23217646278909854,0.060445612147574934
Cyprus,Women,1930-1939,Low,1.5071925181251349,0.028616140664606604,0
Cyprus,Women,1940-1949,High,2.8917396102410886,0.25997304769608087,0.03815209538018394
Cyprus,Women,1940-1949,Low,5.112535096059565,0.6206787653699086,0.2348587565856688
Cyprus,Women,1950-1959,High,6.456707646473173,0.37016571794892417,0.2029373001629009
Cyprus,Women,1950-1959,Low,4.598240915015956,0.2103956075834883,0.14282669488994415
Cyprus,Women,1960-1969,High,3.5423404969885612,0.4456745197662748,0.22453057993371583
Cyprus,Women,1960-1969,Low,9.302231803968517,0.45363714531905497,0.18471836567987288
Cyprus,Women,1970-1979,High,3.383081460008029,0.40282802280764285,0.05733207166698717
Cyprus,Women,1970-1979,Low,2.8091046762530203,0.2741028184552121,0.23134979131840794
Cyprus,Women,1980-1989,High,1.5715245724608735,0.45980743689371906,0.3448875745889417
Cyprus,Women,1980-1989,Low,0.8276886284627096,0,NA
Czechia,Men,1920-1929,High,0.19732239365790605,0,0
Czechia,Men,1920-1929,Low,0,0,0
Czechia,Men,1930-1939,High,2.7071548132864365,0,0
Czechia,Men,1930-1939,Low,5.2067802130146745,0.19845804260842925,0
Czechia,Men,1940-1949,High,17.52535082485629,0.7753452675755668,0.1991610295287316
Czechia,Men,1940-1949,Low,20.129510188544053,1.652974443244375,0
Czechia,Men,1940-1949,NA,1.410221025473568,0,NA
Czechia,Men,1950-1959,High,18.868017335890848,1.581549678955021,0.5974830663664932
Czechia,Men,1950-1959,Low,45.02453386932558,5.428916747328678,1.8077335985807963
Czechia,Men,1950-1959,NA,2.0310583536593896,0.471032766359194,0.1928564113870479
Czechia,Men,1960-1969,High,24.035905427468336,2.8919648818896526,1.5152096822974848
Czechia,Men,1960-1969,Low,65.36940136121505,6.310148214355973,1.2916504204878443
Czechia,Men,1960-1969,NA,1.4380438248294425,0,NA
Czechia,Men,1970-1979,High,22.166977459624597,3.0122201846532803,0.5726202867835184
Czechia,Men,1970-1979,Low,57.77920965413358,10.362439736237192,4.938399857901992
Czechia,Men,1970-1979,NA,2.207986127535939,0.5151790473236062,0.5151790473236062
Czechia,Men,1980-1989,High,8.657962046597625,4.354132136840043,0.7968814467480811
Czechia,Men,1980-1989,Low,19.350015736093678,8.584500835543647,4.154673074453292
Czechia,Men,1980-1989,NA,1.402162550732644,0.15967247575042975,0.15967247575042975
Czechia,Women,1920-1929,High,0.15729203467495623,0,0
Czechia,Women,1920-1929,Low,0,0,0
Czechia,Women,1920-1929,NA,0.15729203467495623,0,NA
Czechia,Women,1930-1939,High,6.68902553476709,0.5114608691112466,0.5114608691112466
Czechia,Women,1930-1939,Low,10.621357686980897,0.167333695555687,0
Czechia,Women,1930-1939,NA,1.028900171144187,0,NA
Czechia,Women,1940-1949,High,16.350226407959045,1.4451500187075794,0.3286680161208899
Czechia,Women,1940-1949,Low,33.65159093055999,0.6437882357613844,0.3151412616979421
Czechia,Women,1940-1949,NA,1.6310346987409297,0.16177413733934998,0.16177413733934998
Czechia,Women,1950-1959,High,35.27437657617907,1.877772953363408,0.29898466115852784
Czechia,Women,1950-1959,Low,43.50235622191382,2.6530873244438524,0.5431116342252551
Czechia,Women,1950-1959,NA,1.0925126549867237,0.3131322340451348,0
Czechia,Women,1960-1969,High,18.683522798160688,1.3515946315678917,0.15784922702298587
Czechia,Women,1960-1969,Low,59.16536836477553,4.23346015912152,1.5208112468597612
Czechia,Women,1960-1969,NA,1.6444928165055295,0.5782831555026036,0
Czechia,Women,1970-1979,High,24.2143405970136,2.133461681539064,1.075412117082486
Czechia,Women,1970-1979,Low,56.274377083552395,4.328292879139202,1.6521197179816127
Czechia,Women,1970-1979,NA,1.7048245614017787,0.27433916803783376,0
Czechia,Women,1980-1989,High,13.773282290325373,2.9053538630526177,1.0218939770332547
Czechia,Women,1980-1989,Low,16.27463133896848,1.855711100489632,0.6545131857969189
Czechia,Women,1980-1989,NA,0.7058765813900258,0.3776773232046615,0
Democratic Republic of the Congo,Men,1950-1959,High,252.48295330256224,2.146181046962738,0
Democratic Republic of the Congo,Men,1950-1959,Low,248.95179031789303,9.029228776693344,4.923533856868744
Democratic Republic of the Congo,Men,1960-1969,High,672.6160295158625,9.5174620449543,2.3676319420337677
Democratic Republic of the Congo,Men,1960-1969,Low,555.1679145842791,17.43512784689665,6.969763904809952
Democratic Republic of the Congo,Men,1970-1979,High,807.6446098685265,28.9633866250515,9.85655689239502
Democratic Republic of the Congo,Men,1970-1979,Low,686.8031944707036,20.809249855577946,11.40896788239479
Democratic Republic of the Congo,Women,1960-1969,High,714.6140472143888,23.52919813990593,8.590913206338882
Democratic Republic of the Congo,Women,1960-1969,Low,762.6518383547664,13.348873071372509,0
Democratic Republic of the Congo,Women,1970-1979,High,1750.0567114055157,64.37456445395947,34.10828047990799
Democratic Republic of the Congo,Women,1970-1979,Low,1692.150146253407,59.76278658956289,4.2440659031271935
Denmark,Men,1910-1919,High,0.9991280360345485,0,NA
Denmark,Men,1910-1919,Low,0.3395407051596635,0,NA
Denmark,Men,1920-1929,High,5.283854496011193,0.4057833603254011,0
Denmark,Men,1920-1929,Low,4.427547443326465,1.2507322242882486,0
Denmark,Men,1920-1929,NA,0.3464606003928443,0,NA
Denmark,Men,1930-1939,High,10.195467632950503,0.24746546165071948,0
Denmark,Men,1930-1939,Low,22.11523293711597,2.9624951327106306,0.3395407051596635
Denmark,Men,1930-1939,NA,0.567285602537348,0,NA
Denmark,Men,1940-1949,High,23.52613592451503,1.9339579258276238,0
Denmark,Men,1940-1949,Low,38.771890599824744,6.351642133974847,1.9028442683798286
Denmark,Men,1940-1949,NA,0.6880913345838051,0,NA
Denmark,Men,1950-1959,High,31.54014569903834,4.711063858985728,1.0409088384639578
Denmark,Men,1950-1959,Low,38.91513904175779,7.005949190704874,0.5974444697978356
Denmark,Men,1950-1959,NA,0.01341962030173649,0.007547967323442428,0.007547967323442428
Denmark,Men,1960-1969,High,32.86231604806798,6.480645626424586,1.1804147363987143
Denmark,Men,1960-1969,Low,47.767589183945525,9.309094989475827,1.5451853706477756
Denmark,Men,1960-1969,NA,1.1862262359862559,0,NA
Denmark,Men,1970-1979,High,21.68420320448461,2.9488174526011663,0.8630344406506394
Denmark,Men,1970-1979,Low,23.11140341853934,7.336555628499589,0.4179624360081533
Denmark,Men,1970-1979,NA,0.43620565146595425,0.350334480049618,0
Denmark,Men,1980-1989,High,10.194510167318466,2.236714439295322,0
Denmark,Men,1980-1989,Low,3.6819292623725266,1.574787646781509,1.057811674698499
Denmark,Women,1910-1919,High,0.6013872447259274,0,NA
Denmark,Women,1910-1919,Low,1.7319702787312963,0,NA
Denmark,Women,1920-1929,High,7.573759019025246,1.3152850622381962,0
Denmark,Women,1920-1929,Low,9.325620690693754,0.9956689979303519,0
Denmark,Women,1930-1939,High,11.77905301104455,1.2997916750842817,0
Denmark,Women,1930-1939,Low,18.835695277406078,0.8958131138584662,0
Denmark,Women,1930-1939,NA,1.3994032578317246,0.24153390105041694,0
Denmark,Women,1940-1949,High,30.347446765581427,2.02278385305806,0
Denmark,Women,1940-1949,Low,44.42505294999724,3.7885885031595974,1.152422950903052
Denmark,Women,1940-1949,NA,1.096187183190273,0,NA
Denmark,Women,1950-1959,High,33.17737487325549,5.4912749945799755,0.3874999284803877
Denmark,Women,1950-1959,Low,34.50866218205217,4.108508725084157,0
Denmark,Women,1950-1959,NA,1.8182531380024267,0.0425083012428078,0.005478443447283876
Denmark,Women,1960-1969,High,29.40335075123997,4.402113752645765,0.40292133280264686
Denmark,Women,1960-1969,Low,43.9687898425734,7.649737269015379,0.8620104300923401
Denmark,Women,1960-1969,NA,0.3828019775718392,0.013240476967682824,0
Denmark,Women,1970-1979,High,24.220006622252193,2.7373627366464834,0.6845432954217934
Denmark,Women,1970-1979,Low,28.23846860053859,3.1677060676134285,0.5939156214211145
Denmark,Women,1980-1989,High,7.636193704568701,1.0179870763922736,0.21203572748557953
Denmark,Women,1980-1989,Low,4.826813551750369,0.951106474535262,0
Denmark,Women,1980-1989,NA,0.14244949235201254,0,NA
Dominican Republic,Men,1940-1949,High,99.3448560461402,3.0412959456443787,1.8084099888801575
Dominican Republic,Men,1940-1949,Low,102.7970621958375,8.610913902521133,3.7913829386234283
Dominican Republic,Men,1940-1949,NA,0.2610580027103424,0,NA
Dominican Republic,Men,1950-1959,High,227.76517216861248,6.009266972541809,1.2389419674873352
Dominican Republic,Men,1950-1959,Low,174.27391674369574,13.546822786331177,3.834377944469452
Dominican Republic,Men,1960-1969,High,274.48079377412796,20.44256465137005,5.7623379826545715
Dominican Republic,Men,1960-1969,Low,187.68685200810432,29.026453785598278,12.518211722373962
Dominican Republic,Men,1960-1969,NA,5.64332377910614,0,NA
Dominican Republic,Women,1950-1959,High,1547.0966184660792,101.34225141257048,27.27176409959793
Dominican Republic,Women,1950-1959,Low,1699.7272936925292,48.96348913758993,6.669120907783508
Dominican Republic,Women,1950-1959,NA,2.3820780515670776,0,NA
Dominican Republic,Women,1960-1969,High,2500.3104624524713,148.01548758149147,69.46524933725595
Dominican Republic,Women,1960-1969,Low,2025.8232320919633,70.8352177515626,16.904397025704384
Dominican Republic,Women,1960-1969,NA,0.08692900091409683,0,NA
Estonia,Men,1920-1929,High,67.91312944638614,6.74764264093478,0
Estonia,Men,1920-1929,Low,68.89067258470689,9.207761628683642,0.09591398959978026
Estonia,Men,1930-1939,High,220.65837472344484,18.60195110376241,5.2590378522872925
Estonia,Men,1930-1939,Low,206.4978173114013,28.74717365266124,4.2895726634219375
Estonia,Men,1940-1949,High,297.18505517216687,17.301773393659104,4.924057472637637
Estonia,Men,1940-1949,Low,258.91698760481785,36.55341368915874,10.55302861918851
Estonia,Men,1950-1959,High,401.3210925842986,37.673764914496424,8.248975740771417
Estonia,Men,1950-1959,Low,291.5813095393633,36.673685410469204,14.382620592933204
Estonia,Men,1960-1969,High,270.489882254548,51.23202229380952,14.84561682437619
Estonia,Men,1960-1969,Low,432.7806913063528,57.07511607566248,27.036581052308225
Estonia,Men,1970-1979,High,5.20873757326677,1.0811840157380699,0.3587340864963746
Estonia,Men,1970-1979,Low,29.32249367530482,4.371289488783884,3.30291470023068
Estonia,Men,1980-1989,High,2.007487924931581,0.6647463769220181,0.172821101187576
Estonia,Men,1980-1989,Low,1.7444572049372198,0.33228975219189394,0.06642101371626108
Estonia,Women,1905-1909,High,0.08397144248467825,0,NA
Estonia,Women,1910-1919,High,0.2808206261059336,0,NA
Estonia,Women,1910-1919,Low,0.15219271415410063,0.05073090471803354,0.05073090471803354
Estonia,Women,1920-1929,High,170.5737626338372,22.35901448569685,6.213521940771148
Estonia,Women,1920-1929,Low,147.39478755545534,25.192306623461626,5.418099245210282
Estonia,Women,1930-1939,High,382.9458811165544,38.60229145855437,12.862774992361338
Estonia,Women,1930-1939,Low,302.19484229271296,24.90669124283485,5.8022286298286865
Estonia,Women,1930-1939,NA,0.08397144248467825,0,NA
Estonia,Women,1940-1949,High,398.62002726369684,29.38050952412901,10.583028484447953
Estonia,Women,1940-1949,Low,302.8903901103686,24.102884663676743,7.255592976354812
Estonia,Women,1950-1959,High,426.3909367805845,27.51763378005561,8.787913036621983
Estonia,Women,1950-1959,Low,405.09240024773794,25.23559366725974,7.792355830208265
Estonia,Women,1960-1969,High,408.9459365761012,34.47168392517467,18.829304794035927
Estonia,Women,1960-1969,Low,360.27486668483954,24.71393374724835,9.505480468273163
Estonia,Women,1960-1969,NA,0.061994718484262634,0,NA
Estonia,Women,1970-1979,High,8.640674389615935,1.5123755031532387,0.8622805911788056
Estonia,Women,1970-1979,Low,22.462006452829215,3.5275962508930965,1.718221767616246
Estonia,Women,1980-1989,High,2.44940347973608,0.4122053176233056,0.10871117259943874
Estonia,Women,1980-1989,Low,1.1422290259226555,0.13162108429717945,0.04392576410298821
Ethiopia,Men,1950-1959,High,72.97078948840499,1.1361870355904102,0.11693500354886055
Ethiopia,Men,1950-1959,Low,157.68259829934686,4.481339931488037,0
Ethiopia,Men,1960-1969,High,385.29665543325245,16.592751970514655,9.113387893885374
Ethiopia,Men,1960-1969,Low,941.5040192538872,12.174261880107224,0
Ethiopia,Men,1970-1979,High,806.6570747513324,76.40266169980168,45.43440889939666
Ethiopia,Men,1970-1979,Low,1599.0787812611088,47.32400674186647,26.365719974972308
Ethiopia,Men,1980-1989,High,131.51740628294647,30.71881323494017,16.234268130734563
Ethiopia,Men,1980-1989,Low,526.8598453914747,26.247654780745506,15.781344901770353
Ethiopia,Women,1960-1969,High,111.29333469457924,9.855135887861252,3.095925986766815
Ethiopia,Women,1960-1969,Low,426.0265953959897,7.2653140835464,0
Ethiopia,Women,1970-1979,High,606.3039310295135,62.62709272839129,41.939357697963715
Ethiopia,Women,1970-1979,Low,2241.603521777317,32.48469612747431,4.392699982970953
Ethiopia,Women,1980-1989,High,152.21771093085408,15.762043830007315,7.854273986071348
Ethiopia,Women,1980-1989,Low,700.9117176039144,28.289843123406172,12.341577164828777
Finland,Men,1910-1919,High,0.6427088077772591,0,NA
Finland,Men,1910-1919,Low,0.9197733189852997,0.20407167788795455,0
Finland,Men,1920-1929,High,3.7637251198850024,0,NA
Finland,Men,1920-1929,Low,5.5733853531575495,0.36736254411207625,0.36736254411207625
Finland,Men,1920-1929,NA,0.506902090735597,0,NA
Finland,Men,1930-1939,High,10.610237554534615,1.4263608308561437,0.36736254411207625
Finland,Men,1930-1939,Low,19.402177377952285,1.584354877827442,0.3658750896171199
Finland,Men,1930-1939,NA,0.23238537359087985,0,NA
Finland,Men,1940-1949,High,22.36120177621494,2.063610941303434,0.4103182952129849
Finland,Men,1940-1949,Low,36.19180403626287,4.398292611913691,1.4612275456064765
Finland,Men,1940-1949,NA,0.19900839801685066,0,NA
Finland,Men,1950-1959,High,28.15072043197,4.014637069770984,1.2187117999094035
Finland,Men,1950-1959,Low,47.1918915819753,8.974963144443251,3.3596041921517017
Finland,Men,1960-1969,High,28.066281997564587,6.102304053397397,1.2501382058312096
Finland,Men,1960-1969,Low,47.30831956795649,11.483057140514589,4.3963923950886254
Finland,Men,1960-1969,NA,0.5601811755005173,0.2867670141139058,0.2867670141139058
Finland,Men,1970-1979,High,19.976577456274242,4.193535371052647,1.2878619860030334
Finland,Men,1970-1979,Low,19.554319490883163,6.3620717575800665,1.6564538214589817
Finland,Men,1970-1979,NA,0.22936604636558044,0,NA
Finland,Men,1980-1989,High,7.86409389601366,2.62912745310868,0.246750907251144
Finland,Men,1980-1989,Low,6.5494795841066455,1.5469557412390067,0
Finland,Women,1905-1909,High,0.1850568161203512,0,NA
Finland,Women,1910-1919,High,1.2330175728715336,0.47963759277340934,0
Finland,Women,1910-1919,Low,2.1646575261331744,0,NA
Finland,Women,1920-1929,High,5.552674182944843,1.088770908984202,0.6954306400805326
Finland,Women,1920-1929,Low,10.626941358329065,1.972441021212724,1.248815093570082
Finland,Women,1920-1929,NA,0.32226119550717414,0,NA
Finland,Women,1930-1939,High,18.914886054081027,2.1538669723209924,1.2743721394603664
Finland,Women,1930-1939,Low,26.274491196437324,2.7870628809362312,0.7922726279300125
Finland,Women,1930-1939,NA,0.3435839107586176,0,NA
Finland,Women,1940-1949,High,26.378395937125745,3.246467753977642,0.9440042582714856
Finland,Women,1940-1949,Low,41.411654435497304,4.593866400758742,1.4178854693909742
Finland,Women,1950-1959,High,35.24124044691169,7.5323448549579926,1.8427754090477553
Finland,Women,1950-1959,Low,42.39086526853659,4.389363238861181,0.21355521940751032
Finland,Women,1960-1969,High,32.09302088082511,4.149060334140273,1.0881800100171155
Finland,Women,1960-1969,Low,38.79441336171308,6.929265352805253,1.317864705325345
Finland,Women,1960-1969,NA,0.24542447829209024,0,NA
Finland,Women,1970-1979,High,16.64197504182046,3.538864758705685,1.1672753350876803
Finland,Women,1970-1979,Low,18.84768263479926,3.0863581052981317,0.22393878149312485
Finland,Women,1980-1989,High,11.258730558746958,2.47759004878014,0.6265509004276524
Finland,Women,1980-1989,Low,4.715454101636951,0.28031014395465803,0
France,Men,1910-1919,High,1.2512682800619999,0,NA
France,Men,1910-1919,Low,17.99684960554498,3.8557199038316696,3.8557199038316696
France,Men,1920-1929,High,393160.0319912409,71525.11736564255,26556.661396563395
France,Men,1920-1929,Low,290437.716887376,54275.025415241944,5288.823755085694
France,Men,1920-1929,NA,11116.164380416722,0,NA
France,Men,1930-1939,High,1153293.5649042123,106053.70060770109,38997.04687221481
France,Men,1930-1939,Low,917928.5644430307,125573.87098698359,57336.768877147326
France,Men,1930-1939,NA,77068.69750151357,3366.130126953125,3366.130126953125
France,Men,1940-1949,High,2034517.359495422,261214.31132302317,99649.60345667957
France,Men,1940-1949,Low,1572608.0744953055,216346.4311089687,75416.34346229666
France,Men,1940-1949,NA,90136.68661475845,1.5033986650956876,0
France,Men,1950-1959,High,1744943.9409790193,275998.1457415261,71899.25497080713
France,Men,1950-1959,Low,1801715.5064572487,234180.83146331916,77524.30243919659
France,Men,1950-1959,NA,35233.921565112985,3268.3934531147584,0
France,Men,1960-1969,High,2171110.299853023,468261.32847437373,149885.33177445267
France,Men,1960-1969,Low,2021682.1144604564,451248.3806076798,181322.94572176455
France,Men,1960-1969,NA,37635.65350456121,16896.916748046875,10402.143798828125
France,Men,1970-1979,High,97939.5767359042,35326.45526347357,3478.9679806476374
France,Men,1970-1979,Low,376775.95902263414,95007.66847118258,37169.20314218736
France,Men,1970-1979,NA,14.487756572893403,1.9817777501841505,0
France,Men,1980-1989,High,99.9085407290984,19.780590895068798,0.9384813211903733
France,Men,1980-1989,Low,62.64655155507837,19.8893826203616,3.20230458361916
France,Men,1980-1989,NA,13.708144842185675,0,NA
France,Women,1910-1919,High,7.351291722784957,0,NA
France,Women,1910-1919,Low,6.465473965132247,0,NA
France,Women,1920-1929,High,497939.2670908737,101486.17391911533,32134.450133229013
France,Women,1920-1929,Low,419038.000246079,75472.36154214929,21277.370031948674
France,Women,1920-1929,NA,14145.855348143836,3431.1085736257837,3431.1085736257837
France,Women,1930-1939,High,1462934.4007801139,176619.56565455947,59615.34011094558
France,Women,1930-1939,Low,1140949.6444841987,117265.48727977814,39226.34899963385
France,Women,1930-1939,NA,64636.2144517268,1.8628707226426258,0
France,Women,1940-1949,High,1775467.8940680695,260774.058356728,72267.5513841093
France,Women,1940-1949,Low,1475044.9639877162,129115.59291336541,41562.04368516477
France,Women,1940-1949,NA,43737.81533074198,1.491986316233806,0
France,Women,1950-1959,High,2195230.1766190887,265641.50314802845,64299.5822659973
France,Women,1950-1959,Low,2123274.3651138903,208799.7218551185,82091.99463511194
France,Women,1950-1959,NA,21391.61726408205,0,NA
France,Women,1960-1969,High,2067385.3263169297,345073.4099582404,104027.40130217941
France,Women,1960-1969,Low,2298896.459136593,216192.8872725499,65691.12929160934
France,Women,1960-1969,NA,31001.877059776172,4485.26953125,0
France,Women,1970-1979,High,51209.492281525614,3319.388857166163,3288.0950200461193
France,Women,1970-1979,Low,365973.69135956577,52234.3415507385,29239.452196487855
France,Women,1970-1979,NA,3527.3583984375,0,NA
France,Women,1980-1989,High,92.05276969029231,18.440565795947442,0
France,Women,1980-1989,Low,94.49635270561694,10.86918742934111,0
France,Women,1980-1989,NA,0.9349398595505676,0,NA
Gabon,Men,1950-1959,High,220.9425607137382,1.6227220073342323,0.6713910102844238
Gabon,Men,1950-1959,Low,138.51083950325847,2.139012023806572,1.134024016559124
Gabon,Men,1950-1959,NA,4.782522201538086,0,NA
Gabon,Men,1960-1969,High,543.8127264231443,17.240206755697727,0.06727900356054306
Gabon,Men,1960-1969,Low,383.82273663952947,11.710433017462492,5.552528008818626
Gabon,Men,1960-1969,NA,0.2457759976387024,0,NA
Gabon,Men,1970-1979,High,574.2394073083997,54.28034980595112,20.52016931772232
Gabon,Men,1970-1979,Low,376.98882523551583,46.802404064685106,26.00293879210949
Gabon,Men,1970-1979,NA,4.782522201538086,0,NA
Gabon,Women,1960-1969,High,686.2318191900849,23.080857306718826,4.975826069712639
Gabon,Women,1960-1969,Low,317.2395071648061,10.908912979066372,2.063583940267563
Gabon,Women,1970-1979,High,809.7852185107768,45.06265436857939,16.3650471419096
Gabon,Women,1970-1979,Low,489.5617972239852,22.307148203253746,4.203588008880615
Gabon,Women,1970-1979,NA,2.7395949363708496,0,NA
Gambia,Men,1960-1969,High,196.02016592025757,6.962630055844784,2.667541041970253
Gambia,Men,1960-1969,Low,170.37468856573105,1.049983024597168,0
Gambia,Men,1970-1979,High,402.69176000356674,27.166432805359364,18.463297940790653
Gambia,Men,1970-1979,Low,290.6133148148656,13.473248168826103,5.496038153767586
Gambia,Men,1980-1989,High,276.95073351264,53.02053201198578,40.129625022411346
Gambia,Men,1980-1989,Low,242.89756333082914,23.42259207367897,10.807246923446655
Gambia,Women,1970-1979,High,605.0571350157261,23.519405007362366,4.014748930931091
Gambia,Women,1970-1979,Low,1093.7788001075387,23.85464222729206,0.17915800213813782
Gambia,Women,1980-1989,High,621.2782672569156,51.19196607172489,12.111063987016678
Gambia,Women,1980-1989,Low,863.6084587424994,18.94715178012848,3.4182389676570892
Georgia,Men,1920-1929,High,36.659727692604065,1.7641822695732117,0
Georgia,Men,1920-1929,Low,34.99676114320755,0,NA
Georgia,Men,1920-1929,NA,48.44462043046951,3.0211058855056763,1.9771761894226074
Georgia,Men,1930-1939,High,154.83999890089035,13.281507015228271,5.518322944641113
Georgia,Men,1930-1939,Low,153.66126024723053,3.0211058855056763,1.0439296960830688
Georgia,Men,1930-1939,NA,185.50828289985657,11.860414147377014,7.043774902820587
Georgia,Men,1940-1949,High,208.0854971408844,9.612224757671356,2.8771464824676514
Georgia,Men,1940-1949,Low,182.67443877458572,9.733779549598694,3.7477495670318604
Georgia,Men,1940-1949,NA,67.22876232862473,7.914559245109558,0.9885880947113037
Georgia,Men,1950-1959,High,416.566148519516,36.99071741104126,29.099117398262024
Georgia,Men,1950-1959,Low,306.9869492650032,17.73806071281433,9.056527078151703
Georgia,Men,1950-1959,NA,38.8920818567276,2.0249667167663574,1.0363786220550537
Georgia,Men,1960-1969,High,514.5315673947334,83.31513899564743,60.329463839530945
Georgia,Men,1960-1969,Low,456.84433794021606,49.98189717531204,35.92961257696152
Georgia,Men,1960-1969,NA,40.0440319776535,11.04662936925888,8.269993245601654
Georgia,Men,1970-1979,High,25.450845777988434,12.700908243656158,9.537365674972534
Georgia,Men,1970-1979,Low,95.7030838727951,28.090126037597656,19.499346375465393
Georgia,Men,1970-1979,NA,3.1068897247314453,0,NA
Georgia,Women,1920-1929,High,55.9889280796051,11.722011744976044,6.388244092464447
Georgia,Women,1920-1929,Low,47.76248383522034,9.811189711093903,7.181658029556274
Georgia,Women,1920-1929,NA,91.6423082947731,11.639905571937561,7.16974014043808
Georgia,Women,1930-1939,High,205.3436599969864,33.42816960811615,22.427398562431335
Georgia,Women,1930-1939,Low,197.17764914035797,20.886910378932953,8.788628339767456
Georgia,Women,1930-1939,NA,247.18985760211945,24.400972068309784,13.782035946846008
Georgia,Women,1940-1949,High,286.9956805706024,41.31317180395126,30.452548325061798
Georgia,Women,1940-1949,Low,241.0028573870659,25.249051809310913,14.505084037780762
Georgia,Women,1940-1949,NA,112.1469835639,12.00913816690445,6.851894199848175
Georgia,Women,1950-1959,High,467.48868507146835,44.52839380502701,31.98204106092453
Georgia,Women,1950-1959,Low,362.4012496471405,38.08121758699417,26.344352304935455
Georgia,Women,1950-1959,NA,72.42917919158936,6.9093117117881775,3.6190181970596313
Georgia,Women,1960-1969,High,673.9096227884293,113.48265069723129,91.76344299316406
Georgia,Women,1960-1969,Low,429.3877183794975,37.818060636520386,27.197688221931458
Georgia,Women,1960-1969,NA,55.78411316871643,5.21072781085968,5.21072781085968
Georgia,Women,1970-1979,High,18.16295748949051,1.9911577105522156,0
Georgia,Women,1970-1979,Low,146.39922922849655,21.931844294071198,15.76935338973999
Georgia,Women,1970-1979,NA,15.948900401592255,0,NA
Germany,Men,1910-1919,High,4.576691977536818,0.8364813518962251,0
Germany,Men,1910-1919,Low,5.262582915626162,0,NA
Germany,Men,1920-1929,High,124.90317693364543,18.050453259742696,3.3720000088214874
Germany,Men,1920-1929,Low,167.21520637195502,30.609273732959167,8.252000033855438
Germany,Men,1920-1929,NA,8.058984960025782,2.7615704443295783,0
Germany,Men,1930-1939,High,439.9441802012607,82.02067473642573,24.040547202859358
Germany,Men,1930-1939,Low,708.9824868087462,111.99277884456106,24.88837076592265
Germany,Men,1930-1939,NA,35.26209099291842,5.762176503776885,0
Germany,Men,1940-1949,High,722.4048903783594,135.8318491178655,19.71399986743927
Germany,Men,1940-1949,Low,872.2852923935101,169.32119795407996,37.96334265992111
Germany,Men,1940-1949,NA,5.111999928951263,0.7919999957084656,0
Germany,Men,1950-1959,High,870.253368540683,195.35662786589742,43.54868015753668
Germany,Men,1950-1959,Low,1146.9899101706674,264.26821737807865,96.00642393795673
Germany,Men,1950-1959,NA,6.714522637754406,0.041745306585154296,0
Germany,Men,1960-1969,High,1147.4268106138609,393.84017379361,144.62728390396916
Germany,Men,1960-1969,Low,1264.798326557607,356.6014367422739,139.95647153096235
Germany,Men,1960-1969,NA,34.12200704161748,18.21838737314087,11.626999914646149
Germany,Men,1970-1979,High,254.37312275217016,85.07007279707068,18.420566513734713
Germany,Men,1970-1979,Low,458.02188029104127,161.11553081461608,57.21937061082723
Germany,Men,1970-1979,NA,2349.4507258640083,849.8852997645736,332.1527833342552
Germany,Men,1980-1989,High,102.60387358093647,45.87273786826722,3.3474162556092324
Germany,Men,1980-1989,Low,125.51357298932459,63.92897391292678,8.512224376806671
Germany,Women,1910-1919,High,22.875245128484615,0,NA
Germany,Women,1910-1919,Low,41.84994948114565,13.503500985762244,2.2184715925489087
Germany,Women,1920-1929,High,258.1654232641894,78.52078237531454,35.67081511920941
Germany,Women,1920-1929,Low,338.6532977177386,51.17218048557693,27.192958714283442
Germany,Women,1920-1929,NA,14.58595828520399,2.0248868483558624,0
Germany,Women,1930-1939,High,552.8750283103319,100.62037690880842,37.65447385570471
Germany,Women,1930-1939,Low,711.129152940236,100.99357162648226,36.77700522649491
Germany,Women,1930-1939,NA,22.74809752934722,10.782332186199724,6.773860601995466
Germany,Women,1940-1949,High,613.5256084763616,109.96033175445278,15.310774178991736
Germany,Women,1940-1949,Low,1053.805218928305,157.69007418917116,25.087619906358356
Germany,Women,1940-1949,NA,15.370978370401417,3.170278031484088,0
Germany,Women,1950-1959,High,816.494258632427,129.93833630133224,25.83469149553091
Germany,Women,1950-1959,Low,1346.3971986409151,192.04636236703416,38.1217425993469
Germany,Women,1950-1959,NA,20.95055847322351,11.914585642764393,0
Germany,Women,1960-1969,High,1050.1261100782353,207.22634700534235,66.489192032530255
Germany,Women,1960-1969,Low,1326.7318737004668,203.4153714540781,43.303905463894075
Germany,Women,1960-1969,NA,17.402983439814307,3.0160000026226044,3.0160000026226044
Germany,Women,1970-1979,High,272.5635322692762,44.55733161926253,5.931783190095416
Germany,Women,1970-1979,Low,434.1010694135129,88.0028516899745,19.63048824479776
Germany,Women,1970-1979,NA,2294.8161559434943,585.1794745773077,176.22059097886086
Germany,Women,1980-1989,High,102.80619993307863,29.62571792885791,5.218618962578603
Germany,Women,1980-1989,Low,93.69640152087197,5.2986197551008445,0
Ghana,Men,1950-1959,High,161.55946937203407,3.540256977081299,0
Ghana,Men,1950-1959,Low,64.30475302785635,1.2825920581817627,1.2825920581817627
Ghana,Men,1960-1969,High,455.9931538924575,21.970031917095184,14.021865010261536
Ghana,Men,1960-1969,Low,201.8307055979967,4.40763995051384,2.736543983221054
Ghana,Men,1970-1979,High,636.9473270103335,62.895116835832596,34.4987890124321
Ghana,Men,1970-1979,Low,283.3304019123316,12.052770026028156,6.227326035499573
Ghana,Women,1960-1969,High,468.08319264650345,13.685309886932373,1.0794099569320679
Ghana,Women,1960-1969,Low,398.4118405431509,5.041472017765045,0.5633670091629028
Ghana,Women,1970-1979,High,1333.6295235604048,74.4600051343441,21.47379195690155
Ghana,Women,1970-1979,Low,982.0838741958141,23.563171833753586,3.7600099742412567
Guatemala,Men,1950-1959,High,205.4866961836815,10.21383011341095,4.8081910610198975
Guatemala,Men,1950-1959,Low,332.8410011008382,11.542932152748108,5.674902051687241
Guatemala,Men,1960-1969,High,622.6055374369025,36.25464978814125,25.830776900053024
Guatemala,Men,1960-1969,Low,837.8458436504006,37.04752495884895,22.675639986991882
Guatemala,Men,1970-1979,High,1025.6674655377865,90.17172488570213,57.058028012514114
Guatemala,Men,1970-1979,Low,987.0503889322281,89.1911464035511,57.06643730401993
Guatemala,Men,1980-1989,High,17.154725909233093,1.8741299510002136,0.38695400953292847
Guatemala,Men,1980-1989,Low,28.788272947072983,2.549083948135376,2.549083948135376
Guatemala,Women,1960-1969,High,749.1198480576277,52.91491389274597,36.10170388221741
Guatemala,Women,1960-1969,Low,1274.2944318577647,43.60007098317146,28.540286988019943
Guatemala,Women,1970-1979,High,2330.196156606078,179.35568507015705,130.7150879651308
Guatemala,Women,1970-1979,Low,3120.817252010107,162.3373000472784,116.63005108386278
Guatemala,Women,1980-1989,High,63.86180439591408,10.336181998252869,7.112227082252502
Guatemala,Women,1980-1989,Low,95.52934011816978,9.223085045814514,7.030465066432953
Guinea,Men,1950-1959,High,10.609523057937622,0,NA
Guinea,Men,1950-1959,Low,26.876697838306427,0,NA
Guinea,Men,1960-1969,High,127.80361869931221,2.293024957180023,1.6545939445495605
Guinea,Men,1960-1969,Low,387.15953400731087,8.509126901626587,3.9934199452400208
Guinea,Men,1970-1979,High,248.29827666282654,14.763079106807709,5.786903023719788
Guinea,Men,1970-1979,Low,528.4603669345379,18.75996208190918,6.358137011528015
Guinea,Men,1980-1989,High,128.6221709549427,30.251103043556213,14.812882900238037
Guinea,Men,1980-1989,Low,234.21009036898613,24.336080729961395,14.056659817695618
Guinea,Women,1960-1969,High,17.272704124450684,0,NA
Guinea,Women,1960-1969,Low,153.93548119068146,11.052172005176544,2.9341059923171997
Guinea,Women,1970-1979,High,189.57627859711647,14.937831997871399,2.5267080068588257
Guinea,Women,1970-1979,Low,1727.4391225874424,72.0510136783123,9.004365980625153
Guinea,Women,1980-1989,High,152.74381075799465,13.083707094192505,5.47308611869812
Guinea,Women,1980-1989,Low,924.9870517402887,40.54204547405243,2.144752025604248
Guyana,Men,1950-1959,High,25.382278978824615,0.6650530099868774,0.3057270050048828
Guyana,Men,1950-1959,Low,20.40171992778778,0.5939149856567383,0
Guyana,Men,1960-1969,High,503.0768461227417,65.33903672546148,28.164340794086456
Guyana,Men,1960-1969,Low,379.2501817382872,47.79248560965061,26.21439692378044
Guyana,Men,1960-1969,NA,5.225929915904999,2.1915369033813477,2.1915369033813477
Guyana,Men,1970-1979,High,233.0459809526801,35.24977795034647,18.838852256536484
Guyana,Men,1970-1979,Low,172.79310597106814,27.116795897483826,11.541354984045029
Guyana,Men,1970-1979,NA,0.2620530128479004,0,NA
Guyana,Women,1950-1959,High,29.385446071624756,3.405602991580963,3.405602991580963
Guyana,Women,1950-1959,Low,25.960797160863876,0,NA
Guyana,Women,1960-1969,High,762.1138251051307,56.40009120106697,26.939214050769806
Guyana,Women,1960-1969,Low,481.4063006974757,36.60596992075443,13.433081954717636
Guyana,Women,1960-1969,NA,0.6188709735870361,0,NA
Guyana,Women,1970-1979,High,384.3959085121751,33.231180280447006,19.275945276021957
Guyana,Women,1970-1979,Low,226.80765878781676,13.853199064731598,6.657083034515381
Guyana,Women,1970-1979,NA,0.8422430157661438,0,NA
Haiti,Men,1950-1959,High,436.0344961732626,7.823677986860275,2.96567103266716
Haiti,Men,1950-1959,Low,667.3981836438179,13.424175798892975,8.775089800357819
Haiti,Men,1960-1969,High,847.7844287008047,31.84033612906933,13.093471020460129
Haiti,Men,1960-1969,Low,1061.0271817147732,29.4317889213562,15.613988101482391
Haiti,Men,1970-1979,High,1012.6096819341183,78.66360774636269,34.57229292392731
Haiti,Men,1970-1979,Low,1227.5953414589167,77.23049613833427,57.31796917319298
Haiti,Men,1980-1989,High,282.2152915894985,46.19547164440155,25.581950962543488
Haiti,Men,1980-1989,Low,319.0454774349928,32.63033699989319,21.718273013830185
Haiti,Women,1950-1959,High,104.45875291526318,0,NA
Haiti,Women,1950-1959,Low,347.2853443324566,0,NA
Haiti,Women,1960-1969,High,491.1621033474803,15.323891818523407,6.187425911426544
Haiti,Women,1960-1969,Low,716.0322785302997,7.68596488237381,1.174649953842163
Haiti,Women,1970-1979,High,1372.1929874047637,135.28870329260826,53.30805650353432
Haiti,Women,1970-1979,Low,1351.0627059787512,26.619344040751457,13.250082984566689
Haiti,Women,1980-1989,High,268.1700055897236,60.09706460684538,31.02501291036606
Haiti,Women,1980-1989,Low,456.70119308680296,18.10950767993927,10.919783771038055
Honduras,Men,1950-1959,High,334.3919190764427,13.029828116297722,7.0262951254844666
Honduras,Men,1950-1959,Low,413.0914299786091,20.638905689120293,8.283739894628525
Honduras,Men,1950-1959,NA,0.6897289752960205,0,NA
Honduras,Men,1960-1969,High,554.9468219727278,35.3025738298893,12.96120198071003
Honduras,Men,1960-1969,Low,574.8286307379603,35.36766782402992,18.35584492981434
Honduras,Men,1970-1979,High,603.3793355748057,60.05471031367779,33.35588218271732
Honduras,Men,1970-1979,Low,396.9699586033821,52.33594288676977,27.033994793891907
Honduras,Women,1960-1969,High,1696.3774580881,94.96081994473934,55.461214140057564
Honduras,Women,1960-1969,Low,1410.696188211441,44.911202132701874,26.03950211405754
Honduras,Women,1960-1969,NA,2.2024309635162354,0,NA
Honduras,Women,1970-1979,High,2290.374002173543,122.48585657775402,83.32911679148674
Honduras,Women,1970-1979,Low,1356.9286783486605,45.08709079027176,22.079755783081055
Hungary,Men,1910-1919,High,1.6850279361040919,0.35682898148893827,0
Hungary,Men,1910-1919,Low,1.315279285403534,0,NA
Hungary,Men,1920-1929,High,97.80368584151647,11.203367409790431,0.671913626571218
Hungary,Men,1920-1929,Low,103.94484606862679,12.436194895249491,2.294931163365648
Hungary,Men,1920-1929,NA,1.0745564699172974,0,NA
Hungary,Men,1930-1939,High,365.15849728516093,34.76569314717043,3.4206757074628467
Hungary,Men,1930-1939,Low,355.1712675218286,48.5985987610587,16.978948084666264
Hungary,Men,1930-1939,NA,8.136852159518199,0,NA
Hungary,Men,1940-1949,High,567.379968921283,60.65403557442973,11.31957691185809
Hungary,Men,1940-1949,Low,547.733223176095,74.56400594934469,23.69310629326322
Hungary,Men,1940-1949,NA,2.38511801188859,0,NA
Hungary,Men,1950-1959,High,756.2228002311357,89.5476017098309,41.694129466016825
Hungary,Men,1950-1959,Low,683.591768802096,108.19607807159619,57.360990663521065
Hungary,Men,1960-1969,High,667.3104243508958,159.11118514453807,75.33985374244881
Hungary,Men,1960-1969,Low,575.6142361913357,130.18258575335233,72.80467574035441
Hungary,Men,1970-1979,High,26.366787065076753,8.639168420779182,2.992545229522012
Hungary,Men,1970-1979,Low,72.72460530882152,24.956814373376783,12.421606163597467
Hungary,Men,1970-1979,NA,1.1525247493552655,0,NA
Hungary,Men,1980-1989,High,18.974810501566093,5.857257398712953,2.419022345776092
Hungary,Men,1980-1989,Low,15.784337280608582,5.1520529226516985,3.9714442686439675
Hungary,Women,1910-1919,High,1.258336173833138,0.3738661782266597,0
Hungary,Women,1910-1919,Low,1.217702015348399,0.3738661782266597,0
Hungary,Women,1920-1929,High,192.2094528927813,28.97552167105742,6.849995271493324
Hungary,Women,1920-1929,Low,187.53035583032118,34.726264091043376,7.814830335042348
Hungary,Women,1920-1929,NA,2.685384473125417,0,NA
Hungary,Women,1930-1939,High,537.1395420666911,67.08277407055428,17.636529307832685
Hungary,Women,1930-1939,Low,591.0921975837426,57.016943610707635,11.091889208225796
Hungary,Women,1930-1939,NA,7.07017964274854,0,NA
Hungary,Women,1940-1949,High,721.8601391202695,81.9157023029955,30.057644818252413
Hungary,Women,1940-1949,Low,667.8392384090696,55.347951084122876,8.630362762214554
Hungary,Women,1940-1949,NA,9.686948210243228,1.7220615148544312,1.7220615148544312
Hungary,Women,1950-1959,High,865.7997941751896,80.70781272606804,25.167105538011604
Hungary,Women,1950-1959,Low,764.1975305915009,57.699986426015656,16.351535365729845
Hungary,Women,1950-1959,NA,11.056766519815145,1.0186793804168701,0
Hungary,Women,1960-1969,High,630.1200768043884,68.4129372573912,25.903340208259305
Hungary,Women,1960-1969,Low,682.8341871018647,58.480926917062305,23.883420541484547
Hungary,Women,1960-1969,NA,1.8774376026912023,0,NA
Hungary,Women,1970-1979,High,43.907099767581784,14.894665738582027,5.804756413322728
Hungary,Women,1970-1979,Low,53.25682992908095,7.994939540249296,4.613537485058764
Hungary,Women,1970-1979,NA,1.7658613914472738,0,NA
Hungary,Women,1980-1989,High,12.054810054106813,3.645821065445478,0.9521559402288382
Hungary,Women,1980-1989,Low,16.023284323521178,4.446019396897878,0.5628183175044086
Iceland,Men,1920-1929,High,0.024876760683612442,0.024876760683612442,0.024876760683612442
Iceland,Men,1920-1929,Low,0.02582615839894009,0,NA
Iceland,Men,1920-1929,NA,0.05070291908255253,0.02582615839894009,0.02582615839894009
Iceland,Men,1930-1939,High,0.1998410534949957,0.024876760683612442,0
Iceland,Men,1930-1939,Low,0.09772246274241914,0.02582615839894009,0.02582615839894009
Iceland,Men,1930-1939,NA,0.049753521367224884,0,NA
Iceland,Men,1940-1949,High,0.45972931105752024,0,NA
Iceland,Men,1940-1949,Low,0.5245408330077401,0.0709469066281514,0.05070291908255253
Iceland,Men,1940-1949,NA,0.049753521367224884,0,NA
Iceland,Men,1950-1959,High,0.7864498925258911,0.017382033292429266,0.017382033292429266
Iceland,Men,1950-1959,Low,0.8587525250288579,0.06536473577481017,0.040487975091197725
Iceland,Men,1950-1959,NA,0.017382033292429266,0,NA
Iceland,Men,1960-1969,High,0.9820647442402117,0.024876760683612442,0
Iceland,Men,1960-1969,Low,1.566952406904349,0.2143119598744172,0.15470460052137458
Iceland,Men,1960-1969,NA,0.02582615839894009,0,NA
Iceland,Men,1970-1979,High,1.0495012737504101,0.09287607434022371,0.030958691446741238
Iceland,Men,1970-1979,Low,1.1673818537957037,0.09199661059885678,0
Iceland,Men,1970-1979,NA,0.044307360371100835,0,NA
Iceland,Men,1980-1989,High,0.640521378286131,0.061917382893482475,0
Iceland,Men,1980-1989,Low,0.5545186258079422,0,NA
Iceland,Women,1920-1929,High,0.04280228475055914,0,NA
Iceland,Women,1920-1929,Low,0.05116708455490482,0,NA
Iceland,Women,1930-1939,High,0.21447638302293281,0,NA
Iceland,Women,1930-1939,Low,0.1680253328222232,0,NA
Iceland,Women,1930-1939,NA,0.02558354227745241,0,NA
Iceland,Women,1940-1949,High,0.5247674622753111,0.01721874247310673,0
Iceland,Women,1940-1949,Low,0.6021641354430542,0,NA
Iceland,Women,1940-1949,NA,0.02558354227745241,0,NA
Iceland,Women,1950-1959,High,0.6282012475488976,0.01721874247310673,0
Iceland,Women,1950-1959,Low,0.810791386413507,0.019316615773217638,0
Iceland,Women,1950-1959,NA,0.05116708455490482,0,NA
Iceland,Women,1960-1969,High,0.9952383778346405,0.06002102722366587,0.01721874247310673
Iceland,Women,1960-1969,Low,1.0709810760385352,0.10270280257522302,0
Iceland,Women,1970-1979,High,1.0746073505514486,0.12563356604372444,0.0609599966151535
Iceland,Women,1970-1979,Low,1.2877345730687448,0.10458225502162133,0
Iceland,Women,1970-1979,NA,0.09057409383910375,0,NA
Iceland,Women,1980-1989,High,0.6334580138411914,0.03047999830757675,0
Iceland,Women,1980-1989,Low,0.47926219100591005,0,NA
India,Men,1960-1969,High,9012.499124318012,664.9968589325435,123.11867744475603
India,Men,1960-1969,Low,7739.212501312606,521.6088059858885,116.80787507467903
India,Men,1970-1979,High,14570.56954057247,1389.940745465341,479.73188871808816
India,Men,1970-1979,Low,10856.574185233912,850.295309399371,253.54416467854753
India,Men,1980-1989,High,1761.9999992724042,253.95329534786288,114.02501967689022
India,Men,1980-1989,Low,2042.3456576266326,195.39591389277484,74.58700461545959
India,Women,1960-1969,High,23146.850721446215,945.3308736921754,265.0793113360414
India,Women,1960-1969,Low,31054.172925003688,948.3174732180778,136.61314865970053
India,Women,1970-1979,High,80216.51506422576,3449.2351863464573,1069.1342499328312
India,Women,1970-1979,Low,86076.73104234866,2858.675469141337,619.1143576595932
India,Women,1980-1989,High,9312.759617530042,601.634976902511,242.2852803892456
India,Women,1980-1989,Low,13549.614971566596,601.6797433114843,151.00277827167884
Indonesia,Men,1960-1969,High,1209.154882222414,25.176863133907318,0
Indonesia,Men,1960-1969,Low,1196.1889026537538,24.15205690264702,0
Indonesia,Men,1960-1969,NA,9.349279880523682,0,NA
Indonesia,Men,1970-1979,High,1532.9539118111134,60.60917502641678,0
Indonesia,Men,1970-1979,Low,2047.8178516700864,85.2878050506115,0
Indonesia,Men,1970-1979,NA,8.390678942203522,0,NA
Indonesia,Men,1980-1989,High,442.3350518271327,29.016979157924652,0
Indonesia,Men,1980-1989,Low,593.3889995515347,29.74627584218979,0
Indonesia,Men,1980-1989,NA,1.4353599548339844,0,NA
Indonesia,Women,1960-1969,High,1245.4486289098859,87.01456374675035,36.26935110241175
Indonesia,Women,1960-1969,Low,1689.4779761731625,79.26881311833858,23.0150388777256
Indonesia,Women,1960-1969,NA,2.6769239604473114,0.925059974193573,0
Indonesia,Women,1970-1979,High,7310.802241355181,513.7922577038407,213.6684821397066
Indonesia,Women,1970-1979,Low,6971.965610645711,283.30488393455744,107.13355575501919
Indonesia,Women,1970-1979,NA,17.012498289346695,1.7750710397958755,0.4950159937143326
Indonesia,Women,1980-1989,High,1692.6680902838707,141.5491698384285,48.95591580867767
Indonesia,Women,1980-1989,Low,2670.766382277012,117.77037723362446,44.37605410814285
Indonesia,Women,1980-1989,NA,12.015416160225868,1.7353839874267578,0
Ireland,Men,1910-1919,High,0.1380347000816755,0,NA
Ireland,Men,1910-1919,Low,0.30044170041304596,0,NA
Ireland,Men,1920-1929,High,2.5220837226776953,0.28823924581116955,0.21313697294642253
Ireland,Men,1920-1929,Low,2.8471417851992564,0.852577857219849,0.5764948016413385
Ireland,Men,1930-1939,High,7.357603258161614,0.6145977247259289,0.26973957369207646
Ireland,Men,1930-1939,Low,10.980613234345505,2.0275950697020915,1.1949258450288727
Ireland,Men,1930-1939,NA,0.19585768874421694,0.04563683853769396,0.04563683853769396
Ireland,Men,1940-1949,High,15.198943472398529,1.7007687909429943,0.4428638494783508
Ireland,Men,1940-1949,Low,17.61722185376398,4.065871910041763,2.027144969435688
Ireland,Men,1940-1949,NA,0.6477608739973668,0.16637594994013494,0.07510227286474702
Ireland,Men,1950-1959,High,23.684719704026115,2.977981684811543,1.8505990700227324
Ireland,Men,1950-1959,Low,23.32380180601181,4.4740976660712315,3.5502864183000358
Ireland,Men,1950-1959,NA,1.1593790794545749,0.22251765958987857,0.09340763952657483
Ireland,Men,1960-1969,High,29.142815313490527,6.935931753593086,2.944924518811082
Ireland,Men,1960-1969,Low,26.53867324740889,8.426404121380736,5.258018014515441
Ireland,Men,1960-1969,NA,0.709116981034347,0.05976751398129121,0.05976751398129121
Ireland,Men,1970-1979,High,21.217309103159415,5.6274577944867,1.466169961373994
Ireland,Men,1970-1979,Low,16.579644471880123,3.531289063542502,1.4016797965407721
Ireland,Men,1970-1979,NA,0.20574302962446156,0.13716201974964104,0
Ireland,Men,1980-1989,High,9.14671719281312,5.042688274845997,1.520721481940838
Ireland,Men,1980-1989,Low,6.024982372882019,1.243382612138077,0.9667403838514512
Ireland,Men,1980-1989,NA,0.47066292292672607,0.1796318706811597,0
Ireland,Women,1905-1909,High,0.09664917128765182,0.09664917128765182,0
Ireland,Women,1910-1919,High,0.09664917128765182,0,NA
Ireland,Women,1910-1919,Low,0.08098778450835198,0.08098778450835198,0
Ireland,Women,1920-1929,High,3.2032122557150133,0.5370845725980886,0.15046691663134348
Ireland,Women,1920-1929,Low,2.774386969184718,0.5329318382041492,0.45194405369579727
Ireland,Women,1930-1939,High,7.153454900141433,1.723164592164625,0.9159114686163607
Ireland,Women,1930-1939,Low,8.321126767650977,1.050696540450915,0.7225926680235677
Ireland,Women,1930-1939,NA,0.3660956934766686,0.07612720879757529,0.07612720879757529
Ireland,Women,1940-1949,High,15.284340015629333,2.1106423335971534,1.360325674576612
Ireland,Women,1940-1949,Low,21.53036471660748,2.0398239804565175,1.078399560631751
Ireland,Women,1940-1949,NA,0.16145323603107498,0,NA
Ireland,Women,1950-1959,High,21.54387026313421,3.834269254701621,1.818432081390843
Ireland,Women,1950-1959,Low,27.691503880164568,2.5250162655138535,1.4723446204580264
Ireland,Women,1950-1959,NA,0.2598899082825339,0.05381774534369166,0
Ireland,Women,1960-1969,High,26.081253258497508,3.0197211485827617,1.7331056771469693
Ireland,Women,1960-1969,Low,35.68925356526072,4.185026026271061,2.1264584818209498
Ireland,Women,1960-1969,NA,0.10234111390475231,0,NA
Ireland,Women,1970-1979,High,21.090772153051716,3.4878276246113296,0.5013106806233778
Ireland,Women,1970-1979,Low,19.431758243018624,1.9623757067329834,0.2462203333871016
Ireland,Women,1970-1979,NA,0.31922923524993996,0,NA
Ireland,Women,1980-1989,High,11.37925741770344,2.0029932762845006,0.9141347439358789
Ireland,Women,1980-1989,Low,4.763068763167273,0.7837435878744725,0.43429601104898685
Ireland,NA,1920-1929,High,0.08812220135806825,0.08812220135806825,0
Ireland,NA,1930-1939,High,0.25010609441437026,0,NA
Ireland,NA,1930-1939,Low,0.4120868839672269,0.08812220135806825,0.08812220135806825
Ireland,NA,1940-1949,High,0.5287714699123143,0,NA
Ireland,NA,1940-1949,Low,0.440649268554246,0,NA
Ireland,NA,1950-1959,High,0.45781404228020506,0,NA
Ireland,NA,1950-1959,Low,0.3241689818073894,0.1620844909036947,0
Ireland,NA,1960-1969,High,0.3241514026771597,0,NA
Ireland,NA,1960-1969,Low,0.19342831286601836,0.19342831286601836,0
Italy,Men,1920-1929,High,1.7908019266370658,0,NA
Italy,Men,1920-1929,Low,5.561801076349603,0,NA
Italy,Men,1920-1929,NA,1.9424896894221177,0,NA
Italy,Men,1930-1939,High,43.05590877609949,1.384784114222903,0
Italy,Men,1930-1939,Low,92.16785323307005,6.007810510288856,2.07586867810015
Italy,Men,1930-1939,NA,4.092370188097831,0,NA
Italy,Men,1940-1949,High,81.50767536153421,13.006006209871884,4.732210302381851
Italy,Men,1940-1949,Low,187.3349739635287,16.27855771498671,7.4728035112748685
Italy,Men,1940-1949,NA,11.441836254181794,1.8400213860561578,0
Italy,Men,1950-1959,High,170.14878882103338,26.26233436339998,5.002208309532158
Italy,Men,1950-1959,Low,176.13411108491275,26.93316367744989,13.685896660837763
Italy,Men,1950-1959,NA,8.944729110954924,3.3501118376357937,3.3501118376357937
Italy,Men,1960-1969,High,208.00685618849013,60.06140473719418,17.112163422271173
Italy,Men,1960-1969,Low,231.34619722923762,68.54348959101605,35.85703923568157
Italy,Men,1960-1969,NA,9.209151567782548,3.1120266560798484,3.1120266560798484
Italy,Men,1970-1979,High,232.74391813587943,92.20980282301083,47.09400988750707
Italy,Men,1970-1979,Low,206.13888047078075,67.82210880276966,36.7167714808921
Italy,Men,1970-1979,NA,17.51819625484172,8.69924786784928,5.71869309574312
Italy,Men,1980-1989,High,86.00611166550364,57.613042780569714,24.900807026921548
Italy,Men,1980-1989,Low,73.99364664149678,31.902047949422098,18.786868188039094
Italy,Men,1980-1989,NA,11.52951027245615,6.768596565016097,6.768596565016097
Italy,Women,1920-1929,High,6.5685022518816325,1.7025834276938383,0
Italy,Women,1920-1929,Low,25.16517520636588,0,NA
Italy,Women,1920-1929,NA,7.326461103537028,1.8205115683838429,1.8205115683838429
Italy,Women,1930-1939,High,59.96951016876536,6.679098394264692,1.7536867788483192
Italy,Women,1930-1939,Low,146.2672301483094,3.970702711202925,2.1552895755984878
Italy,Women,1930-1939,NA,7.346511533050055,0,NA
Italy,Women,1940-1949,High,101.52749163386137,16.45956687123386,11.784299574745567
Italy,Women,1940-1949,Low,218.46562411773922,21.36392887537057,7.388170164355493
Italy,Women,1940-1949,NA,9.48803923173012,3.4125961433439187,1.7062980716719593
Italy,Women,1950-1959,High,167.8904696206187,40.04313975116975,8.833102949969017
Italy,Women,1950-1959,Low,205.97572595648802,22.00750479839852,10.005969725992095
Italy,Women,1950-1959,NA,6.87089031595864,0,NA
Italy,Women,1960-1969,High,244.2851073764465,68.35315951742096,16.933890437845065
Italy,Women,1960-1969,Low,256.6238940027301,61.544131649938386,26.458178086067214
Italy,Women,1960-1969,NA,11.653695218592041,7.510266739808877,5.9372691423611315
Italy,Women,1970-1979,High,250.18435515491726,72.107432926477955,37.15678923790343
Italy,Women,1970-1979,Low,178.6503107813159,42.994625855323854,17.78397371183756
Italy,Women,1970-1979,NA,10.81130818169877,2.23989652345513,0
Italy,Women,1980-1989,High,69.64273734631078,29.205960715570605,4.202319894811119
Italy,Women,1980-1989,Low,95.28094973392494,38.318292241521455,17.13997062466521
Italy,Women,1980-1989,NA,4.423792897196904,4.423792897196904,1.9706923088118344
Ivory Coast,Men,1950-1959,High,159.28666227310896,0.28783300518989563,0.28783300518989563
Ivory Coast,Men,1950-1959,Low,161.52221049368382,2.3910820484161377,0
Ivory Coast,Men,1960-1969,High,352.08129850775003,14.949305146932602,6.4178681671619415
Ivory Coast,Men,1960-1969,Low,398.2749092616141,10.03953704237938,3.186429023742676
Ivory Coast,Men,1970-1979,High,415.3276491947472,34.238857835531235,21.736446917057037
Ivory Coast,Men,1970-1979,Low,400.89532205089927,22.493349965661764,14.214755050837994
Ivory Coast,Women,1960-1969,High,352.1835435554385,17.727811843156815,7.297487914562225
Ivory Coast,Women,1960-1969,Low,704.3851397931576,15.597091101109982,1.0124880000948906
Ivory Coast,Women,1970-1979,High,587.7052983269095,36.51771396398544,14.527082994580269
Ivory Coast,Women,1970-1979,Low,1008.6852699071169,21.518728032708168,4.441600948572159
Ivory Coast,Women,1970-1979,NA,0.39950698614120483,0,NA
Kazakhstan,Men,1930-1939,High,19.058299779891968,0,NA
Kazakhstan,Men,1930-1939,Low,13.478800535202026,3.8642882108688354,2.5761921405792236
Kazakhstan,Men,1940-1949,High,202.29266819357872,26.51269817352295,12.838194131851196
Kazakhstan,Men,1940-1949,Low,227.85916417837143,28.724040627479553,15.136222958564758
Kazakhstan,Men,1950-1959,High,487.30370435118675,65.99943524599075,41.22746556997299
Kazakhstan,Men,1950-1959,Low,414.543445199728,40.697101801633835,27.05363866686821
Kazakhstan,Men,1950-1959,NA,0.7956590056419373,0,NA
Kazakhstan,Men,1960-1969,High,733.3762955665588,114.44615831971169,72.27757146954536
Kazakhstan,Men,1960-1969,Low,609.0042620003223,74.3596773147583,38.47123700380325
Kazakhstan,Men,1970-1979,High,701.6813721656799,132.00830173492432,86.84659194946289
Kazakhstan,Men,1970-1979,Low,635.4057574272156,131.45862102508545,75.05419111251831
Kazakhstan,Men,1980-1989,High,96.48227119445801,19.961849212646484,12.198907852172852
Kazakhstan,Men,1980-1989,Low,385.92908477783203,72.0844554901123,47.6866397857666
Kazakhstan,Women,1920-1929,High,0,0,0
Kazakhstan,Women,1930-1939,High,34.586567997932434,6.922384262084961,3.4611921310424805
Kazakhstan,Women,1930-1939,Low,14.710066556930542,5.191788196563721,5.191788196563721
Kazakhstan,Women,1940-1949,High,273.9906356930733,58.87026757001877,40.22760957479477
Kazakhstan,Women,1940-1949,Low,245.71942576766014,47.292168378829956,34.705195248126984
Kazakhstan,Women,1950-1959,High,824.9237357974052,123.74661746621132,90.16028580069542
Kazakhstan,Women,1950-1959,Low,1239.8568238019943,84.30278253555298,56.74861231446266
Kazakhstan,Women,1960-1969,High,917.7002446651459,140.62961015105247,107.27476894855499
Kazakhstan,Women,1960-1969,Low,1116.2615721821785,109.32608196139336,72.29881545901299
Kazakhstan,Women,1970-1979,High,742.666420340538,131.2479847073555,93.0498782992363
Kazakhstan,Women,1970-1979,Low,622.7835424542427,82.80419898033142,60.04020619392395
Kazakhstan,Women,1980-1989,High,88.39970016479492,14.99637770652771,12.628528594970703
Kazakhstan,Women,1980-1989,Low,441.20921778678894,55.249812602996826,38.67486882209778
Kenya,Men,1950-1959,High,22.957137912511826,0,NA
Kenya,Men,1950-1959,Low,21.528343871235847,0,NA
Kenya,Men,1960-1969,High,719.82074797526,17.330101162195206,12.208466142416
Kenya,Men,1960-1969,Low,869.7891233339906,25.99830523878336,14.84695415198803
Kenya,Men,1970-1979,High,1135.2892340794206,36.13512206822634,21.31549298018217
Kenya,Men,1970-1979,Low,1494.8463724553585,99.90492028743029,57.01536426693201
Kenya,Women,1960-1969,High,1598.2933392301202,31.623600140213966,15.358972147107124
Kenya,Women,1960-1969,Low,831.9235084764659,14.199721962213516,0.9310630112886429
Kenya,Women,1970-1979,High,3985.7983767725527,139.98120660334826,101.48935469985008
Kenya,Women,1970-1979,Low,2498.7693048641086,57.69279323518276,16.387274116277695
Kyrgyzstan,Men,1960-1969,High,144.5034572482109,2.4192550778388977,0
Kyrgyzstan,Men,1960-1969,Low,256.05814595520496,5.158829063177109,3.163049042224884
Kyrgyzstan,Men,1970-1979,High,145.09883292019367,7.123004972934723,2.8517940044403076
Kyrgyzstan,Men,1970-1979,Low,318.2287862300873,18.275116831064224,7.1144410371780396
Kyrgyzstan,Women,1960-1969,High,621.2385635301471,18.66290506720543,10.738961100578308
Kyrgyzstan,Women,1960-1969,Low,695.1114441305399,17.053264886140823,4.693890988826752
Kyrgyzstan,Women,1970-1979,High,606.0734884887934,40.02126398682594,14.61897987127304
Kyrgyzstan,Women,1970-1979,Low,828.8656944930553,27.13240310549736,6.039325028657913
Latvia,Men,1920-1929,High,0.06384950446650173,0,NA
Latvia,Men,1930-1939,High,1.7958693513677457,0.294417240578392,0
Latvia,Men,1930-1939,Low,0.9704617362099901,0,NA
Latvia,Men,1940-1949,High,2.8987523727603577,0.29968696986149457,0.14937481292367316
Latvia,Men,1940-1949,Low,4.004890595912656,0.44828761746253765,0
Latvia,Men,1950-1959,High,2.972274294959909,0.06922412527060251,0.06922412527060251
Latvia,Men,1950-1959,Low,6.068559630321581,0.32928141466230043,0.14025603604640224
Latvia,Men,1960-1969,High,4.712871129942271,0.570722915695149,0
Latvia,Men,1960-1969,Low,10.087417558534568,1.0853882760390041,0.2437259445379958
Latvia,Men,1970-1979,High,4.362459280560405,0.48458339447729326,0
Latvia,Men,1970-1979,Low,8.15663959195011,1.8197736651810095,0.5534898940696529
Latvia,Men,1980-1989,High,1.3934062865559875,0.34045291432162994,0
Latvia,Men,1980-1989,Low,3.047110351952714,1.1453520079215824,0.835129969145596
Latvia,Women,1920-1929,High,0.23960927362958784,0,NA
Latvia,Women,1920-1929,Low,0.16303046673052246,0.04312523681573022,0
Latvia,Women,1930-1939,High,3.5609300644045945,0.3774010147359199,0.07099644450545162
Latvia,Women,1930-1939,Low,2.228111504010958,0.3365149868577426,0.21243889234646351
Latvia,Women,1940-1949,High,5.369001097935184,0.07176359167407753,0
Latvia,Women,1940-1949,Low,5.487292972183254,0.13018591586813377,0.045292622060401744
Latvia,Women,1950-1959,High,6.437046907225135,0.46615276480095025,0.08697587679891461
Latvia,Women,1950-1959,Low,10.237076358124767,0.8170146539694252,0.045292622060401744
Latvia,Women,1950-1959,NA,0.25120174353258484,0,NA
Latvia,Women,1960-1969,High,6.636569704236793,0.27364279074655906,0.07065939329619342
Latvia,Women,1960-1969,Low,8.996947467326944,0.6195231973761177,0.28907358532944905
Latvia,Women,1960-1969,NA,0.21962381609457537,0,NA
Latvia,Women,1970-1979,High,7.464416976753286,0.7689270560434163,0.428041850936562
Latvia,Women,1970-1979,Low,6.616637829540736,0.75446552829123,0.3661720317940951
Latvia,Women,1980-1989,High,2.912379046932794,0.3199574083455934,0.07065939329619342
Latvia,Women,1980-1989,Low,1.5076704385189488,0.16828411032002766,0
Lesotho,Men,1950-1959,High,61.01001273840666,6.154288053512573,0.3452860116958618
Lesotho,Men,1950-1959,Low,64.24853885173798,2.2276279628276825,1.3777829706668854
Lesotho,Men,1960-1969,High,152.11015197634697,11.217089921236038,7.75087496638298
Lesotho,Men,1960-1969,Low,165.87769822776318,16.78915897011757,5.534720063209534
Lesotho,Men,1970-1979,High,260.92230489104986,38.951965034008026,21.694339990615845
Lesotho,Men,1970-1979,Low,231.08911849558353,45.67006404697895,40.921682089567184
Lesotho,Women,1960-1969,High,159.44525927305222,10.747160851955414,6.023520886898041
Lesotho,Women,1960-1969,Low,354.54499427974224,13.87816110253334,0.7829899787902832
Lesotho,Women,1970-1979,High,533.280947893858,34.02647840976715,7.631872117519379
Lesotho,Women,1970-1979,Low,757.8940614908934,24.485412776470184,8.399751842021942
Liberia,Men,1950-1959,High,2.3239190578460693,0,NA
Liberia,Men,1960-1969,High,233.57897632196546,0,NA
Liberia,Men,1960-1969,Low,193.6836977340281,3.9681249260902405,2.9503849148750305
Liberia,Men,1970-1979,High,412.3443617448211,4.737809933722019,3.4283379316329956
Liberia,Men,1970-1979,Low,326.0898071601987,9.222271800041199,2.186094969511032
Liberia,Men,1980-1989,High,273.21399999409914,0.28154700994491577,0
Liberia,Men,1980-1989,Low,222.54880081489682,7.0658362209796906,5.407448202371597
Liberia,Women,1960-1969,High,3.201477974653244,0,NA
Liberia,Women,1960-1969,Low,4.735659867525101,0,NA
Liberia,Women,1970-1979,High,502.28761598467827,6.0576881021261215,4.903048098087311
Liberia,Women,1970-1979,Low,889.2814348042011,8.843382894992828,0.8325669765472412
Liberia,Women,1980-1989,High,391.4521882198751,4.7115320563316345,2.4145660400390625
Liberia,Women,1980-1989,Low,623.5806982703507,10.14951092004776,1.4293350577354431
Lithuania,Men,1920-1929,High,25.09652221103992,4.851417988538742,2.722097933292389
Lithuania,Men,1920-1929,Low,15.239068120718002,4.425553977489471,3.1479619443416595
Lithuania,Men,1920-1929,NA,49.588459730148315,14.184027910232544,6.240285933017731
Lithuania,Men,1930-1939,High,224.90127497545944,33.850978117674444,10.76269884898359
Lithuania,Men,1930-1939,Low,133.8731480400588,24.31915631890297,7.560899138450623
Lithuania,Men,1930-1939,NA,138.0589008050651,33.98123809695244,18.87303701043129
Lithuania,Men,1940-1949,High,276.4989721756237,37.05095997124939,17.765583958924104
Lithuania,Men,1940-1949,Low,252.84039611244802,40.64267907083626,11.506078456488591
Lithuania,Men,1940-1949,NA,36.64273745190078,8.817145824432373,0.9040489792823792
Lithuania,Men,1950-1959,High,415.3296988744911,48.72328485532874,26.525467370908316
Lithuania,Men,1950-1959,Low,299.38975803726873,55.64073163149293,25.239275409439454
Lithuania,Men,1950-1959,NA,3.8454905072570993,1.219331979751587,1.219331979751587
Lithuania,Men,1960-1969,High,534.7098732139459,77.60579416710377,39.03328906172534
Lithuania,Men,1960-1969,Low,442.99859210992247,60.30917585612285,33.62850970353663
Lithuania,Men,1960-1969,NA,2.4697461128234863,1.2348730564117432,1.2348730564117432
Lithuania,Men,1970-1979,High,22.374651275213484,3.4838331492087224,0.6526783805932013
Lithuania,Men,1970-1979,Low,151.11037964831436,33.76009716344016,21.204087780218952
Lithuania,Men,1980-1989,High,2.7415713319681667,1.0371769717699908,0.09751720142500364
Lithuania,Men,1980-1989,Low,1.1869698313924804,0.1055576204795694,0.011191230003447794
Lithuania,Women,1920-1929,High,38.94338132196322,13.697401022724977,8.357560074143281
Lithuania,Women,1920-1929,Low,29.07334606967029,11.026837595818686,8.628196001052856
Lithuania,Women,1920-1929,NA,83.97937937090954,22.701796054840088,11.916551053524017
Lithuania,Women,1930-1939,High,314.61815761757845,62.50680026856137,29.778053739630835
Lithuania,Women,1930-1939,Low,233.6949121902463,35.40883949998635,22.40710744861382
Lithuania,Women,1930-1939,NA,263.14904083786365,62.683647402119405,34.073331304383046
Lithuania,Women,1940-1949,High,449.45359626951813,57.72255749242355,29.532671871237376
Lithuania,Women,1940-1949,Low,348.7950352458085,53.4156434160922,30.41798611689263
Lithuania,Women,1940-1949,NA,44.830689478448996,6.454197883605957,2.9310449361801147
Lithuania,Women,1950-1959,High,382.08073445195663,54.89742860234661,32.18399982091714
Lithuania,Women,1950-1959,Low,363.1630662680305,49.83725064720177,22.72483087139468
Lithuania,Women,1950-1959,NA,3.6640235558476677,0.7556040287017822,0.7556040287017822
Lithuania,Women,1960-1969,High,557.0877778745696,62.81436200554239,39.278270343204326
Lithuania,Women,1960-1969,Low,375.6236292927386,28.626309597451662,15.817064138323284
Lithuania,Women,1960-1969,NA,2.0255473589836726,0,NA
Lithuania,Women,1970-1979,High,21.66606647927273,3.0617189620185172,2.7909918660878295
Lithuania,Women,1970-1979,Low,132.41145919423502,18.95631196192219,12.217047691345215
Lithuania,Women,1980-1989,High,4.36849564996802,0.7353099729586199,0.15415196095157846
Lithuania,Women,1980-1989,Low,3.0450954941350257,0.36647692114660124,0.1288253331588951
Madagascar,Men,1940-1949,High,14.480053938925266,0.4851909875869751,0
Madagascar,Men,1940-1949,Low,18.573777943849564,0,NA
Madagascar,Men,1950-1959,High,347.5723269805312,8.900417983531952,3.7821699678897858
Madagascar,Men,1950-1959,Low,649.5051322802901,24.726220279932022,3.9786190390586853
Madagascar,Men,1950-1959,NA,3.141175925731659,0,NA
Madagascar,Men,1960-1969,High,553.4137301966548,23.225467026233673,4.499572068452835
Madagascar,Men,1960-1969,Low,944.5816987678409,37.053347393870354,10.366539925336838
Madagascar,Men,1960-1969,NA,0.22240899503231049,0,NA
Madagascar,Men,1970-1979,High,303.16775768250227,23.506399035453796,13.768994003534317
Madagascar,Men,1970-1979,Low,472.1832632049918,27.89681427180767,8.27350002527237
Madagascar,Women,1950-1959,High,54.219338074326515,2.183423012495041,0.7221069931983948
Madagascar,Women,1950-1959,Low,149.8401351198554,5.089011013507843,0
Madagascar,Women,1960-1969,High,1297.3345376476645,73.00034887343645,25.326398938894272
Madagascar,Women,1960-1969,Low,2064.877178825438,87.27581510692835,10.023238986730576
Madagascar,Women,1960-1969,NA,3.1978729963302612,0,NA
Madagascar,Women,1970-1979,High,656.9725910276175,29.1180512085557,9.970491081476212
Madagascar,Women,1970-1979,Low,1117.8131004050374,34.70132206380367,6.025897026062012
Madagascar,Women,1970-1979,NA,0.38372498750686646,0,NA
Malawi,Men,1960-1969,High,367.7346243187785,11.618465995416045,4.485019003972411
Malawi,Men,1960-1969,Low,325.48077568784356,3.2814149856567383,2.6493200063705444
Malawi,Men,1970-1979,High,738.6541005009785,21.513383857905865,14.545885890722275
Malawi,Men,1970-1979,Low,640.9545711586252,19.63395431637764,12.69724828004837
Malawi,Men,1980-1989,High,127.90461483970284,0.7783510088920593,0.7783510088920593
Malawi,Men,1980-1989,Low,104.32237124349922,3.559825897216797,0
Malawi,Women,1960-1969,High,472.6794128548354,5.77920201420784,0
Malawi,Women,1960-1969,Low,671.2574283163995,8.668259054422379,0
Malawi,Women,1970-1979,High,1960.2676993310452,14.427986149676144,2.388006053864956
Malawi,Women,1970-1979,Low,2589.6613799976185,33.74421691149473,3.4024119824171066
Malawi,Women,1980-1989,High,307.9890135079622,3.756885929964483,3.3732399325817823
Malawi,Women,1980-1989,Low,517.7857498563826,6.694584041833878,1.0497010052204132
Maldives,Men,1960-1969,High,104.60421785712242,12.081561088562012,2.7870670557022095
Maldives,Men,1960-1969,Low,105.08941811323166,5.80363792181015,3.8041499853134155
Maldives,Men,1970-1979,High,391.727393835783,41.895552933216095,17.345635890960693
Maldives,Men,1970-1979,Low,516.3417280614376,48.375022023916245,19.451779901981354
Maldives,Men,1980-1989,High,103.86760878562927,19.13966691493988,4.871657967567444
Maldives,Men,1980-1989,Low,112.5600753724575,15.257264137268066,6.255240023136139
Maldives,Women,1960-1969,High,255.91384330391884,17.502735823392868,1.049771010875702
Maldives,Women,1960-1969,Low,171.71783065795898,3.0558590292930603,0.5045530200004578
Maldives,Women,1970-1979,High,1035.7967859357595,43.78380088508129,13.76343983411789
Maldives,Women,1970-1979,Low,638.0090748518705,34.62801477313042,11.734420865774155
Maldives,Women,1980-1989,High,260.8677413612604,21.254775881767273,2.815066933631897
Maldives,Women,1980-1989,Low,263.7731174081564,9.690397083759308,2.7146709859371185
Mali,Men,1950-1959,High,9.652833938598633,0.8538650274276733,0
Mali,Men,1950-1959,Low,24.168253760784864,0,NA
Mali,Men,1960-1969,High,176.57094424590468,1.3899670243263245,0
Mali,Men,1960-1969,Low,474.5417506615631,7.388644881546497,2.4425169825553894
Mali,Men,1970-1979,High,241.19030013587326,5.956573888659477,2.0119039863348007
Mali,Men,1970-1979,Low,676.8105000960641,11.901902011595666,4.2013830142095685
Mali,Men,1980-1989,High,129.17462666332722,10.116018772125244,4.957716941833496
Mali,Men,1980-1989,Low,311.2942475848831,17.768817894160748,1.1840729974210262
Mali,Women,1960-1969,High,11.746684989891946,0.9359409809112549,0
Mali,Women,1960-1969,Low,119.05791747616604,1.8894579410552979,0
Mali,Women,1970-1979,High,274.20359720429406,8.158008962869644,1.866355985403061
Mali,Women,1970-1979,Low,1484.6412290958688,32.10036978498101,1.7054620301350951
Mali,Women,1980-1989,High,155.42888828832656,9.522288098931313,1.2772539854049683
Mali,Women,1980-1989,Low,858.6534590590745,20.62913698889315,3.194432904943824
Mauritania,Men,1940-1949,High,32.4467359483242,1.0253219604492188,0
Mauritania,Men,1940-1949,Low,109.82657186686993,5.287387937307358,2.0264649391174316
Mauritania,Men,1950-1959,High,73.80542208254337,1.0580540001392365,0
Mauritania,Men,1950-1959,Low,272.78666868805885,13.823836252093315,6.267010197043419
Mauritania,Men,1960-1969,High,99.2138444185257,18.04446905851364,11.616076976060867
Mauritania,Men,1960-1969,Low,230.9845451414585,32.48898208141327,23.148665010929108
Mauritania,Men,1960-1969,NA,1.625486969947815,0,NA
Mauritania,Women,1950-1959,High,105.09535544365644,5.883918076753616,1.8934040069580078
Mauritania,Women,1950-1959,Low,795.8151205480099,55.60277219116688,14.470260009169579
Mauritania,Women,1960-1969,High,162.21282093971968,18.20626011490822,4.837310016155243
Mauritania,Women,1960-1969,Low,1002.828565493226,74.45754887163639,35.62285792827606
Mauritania,Women,1960-1969,NA,0.6216229796409607,0,NA
Moldova,Men,1940-1949,High,96.80377060174942,5.4650572538375854,1.7939412593841553
Moldova,Men,1940-1949,Low,87.13145703077316,7.42546546459198,3.71273273229599
Moldova,Men,1940-1949,NA,2.857378840446472,0.49010205268859863,0
Moldova,Men,1950-1959,High,347.51855367422104,32.1506512761116,17.784567654132843
Moldova,Men,1950-1959,Low,267.2115471959114,20.584252774715424,8.662976443767548
Moldova,Men,1950-1959,NA,1.3673936128616333,0.6836968064308167,0.6836968064308167
Moldova,Men,1960-1969,High,378.41549921035767,43.7107949256897,20.370880365371704
Moldova,Men,1960-1969,Low,337.0045210123062,37.39542156457901,18.536272585392
Moldova,Men,1960-1969,NA,3.553361713886261,1.6152426600456238,0
Moldova,Men,1970-1979,High,483.01045882701874,95.03067457675934,54.09829890727997
Moldova,Men,1970-1979,Low,334.3920315504074,51.83784747123718,25.083126187324524
Moldova,Men,1970-1979,NA,5.553290486335754,0,NA
Moldova,Men,1980-1989,High,179.00280237197876,44.667535066604614,22.416933059692383
Moldova,Men,1980-1989,Low,422.7998743057251,108.88593912124634,53.176268577575684
Moldova,Men,1980-1989,NA,1.8680777549743652,1.8680777549743652,1.8680777549743652
Moldova,Women,1940-1949,High,163.8864915072918,18.093320071697235,10.492907255887985
Moldova,Women,1940-1949,Low,157.95790886878967,18.717498660087585,14.854493647813797
Moldova,Women,1940-1949,NA,5.674621492624283,1.4500546753406525,1.4500546753406525
Moldova,Women,1950-1959,High,462.1649391949177,32.762781113386154,13.399472206830978
Moldova,Women,1950-1959,Low,370.2861279845238,35.114726066589355,21.728369027376175
Moldova,Women,1950-1959,NA,3.68665012717247,1.1744420528411865,0.5872210264205933
Moldova,Women,1960-1969,High,505.110839009285,37.87759208679199,15.561960935592651
Moldova,Women,1960-1969,Low,364.3606773018837,22.592385053634644,8.199888050556183
Moldova,Women,1960-1969,NA,3.25651615858078,0.7954272031784058,0.7954272031784058
Moldova,Women,1970-1979,High,524.8498371839523,40.9429497718811,14.146935999393463
Moldova,Women,1970-1979,Low,338.7164713740349,24.198217391967773,8.22351062297821
Moldova,Women,1970-1979,NA,2.123123049736023,1.0167312622070312,1.0167312622070312
Moldova,Women,1980-1989,High,191.4296796321869,17.71067988872528,10.446303844451904
Moldova,Women,1980-1989,Low,378.63125216960907,28.22560751438141,6.295231819152832
Moldova,Women,1980-1989,NA,1.037768006324768,0,NA
Montenegro,Men,1920-1929,High,0.02379352400231305,0,NA
Montenegro,Men,1930-1939,High,0.10300334287998009,0.016678838880505698,0.016678838880505698
Montenegro,Men,1930-1939,Low,0.3371228680078925,0.03371968840657258,0.009648453166512083
Montenegro,Men,1930-1939,NA,0.019347320076376517,0,NA
Montenegro,Men,1940-1949,High,0.7669329260420321,0.038802413966384175,0
Montenegro,Men,1940-1949,Low,0.36890469583690233,0.07253885840788177,0.023630857109260495
Montenegro,Men,1940-1949,NA,0.01991278274874886,0,NA
Montenegro,Men,1950-1959,High,2.617290780982016,0.09688202809986018,0.04876007682885963
Montenegro,Men,1950-1959,Low,0.8725111463046129,0.1400798706852301,0.10441911385312674
Montenegro,Men,1950-1959,NA,0.023656446440504908,0,NA
Montenegro,Men,1960-1969,High,1.1337935964774142,0.03813792719282094,0
Montenegro,Men,1960-1969,Low,3.204822390544929,0.6397392478595242,0.57476218247294375
Montenegro,Men,1960-1969,NA,0.07385657472619345,0,NA
Montenegro,Men,1970-1979,High,1.0394332921119154,0.30036350619740537,0.1348359751436562
Montenegro,Men,1970-1979,Low,3.477314063891382,0.6429817293144536,0.38021099092159616
Montenegro,Men,1970-1979,NA,0.092208130922525,0.034063629737168144,0.034063629737168144
Montenegro,Men,1980-1989,High,0.6775777731647467,0.3299734347879616,0.23649936902668156
Montenegro,Men,1980-1989,Low,1.189240687579757,0.3984892769828947,0.32955660324905645
Montenegro,Men,1980-1989,NA,0.07976883229390941,0,NA
Montenegro,Women,1930-1939,High,0.4435784030291703,0.05057780837574577,0.05057780837574577
Montenegro,Women,1930-1939,Low,0.1293343765720123,0,NA
Montenegro,Women,1930-1939,NA,0.023366866291917976,0,NA
Montenegro,Women,1940-1949,High,0.8917440337183191,0.08657537658026859,0.06128318855908299
Montenegro,Women,1940-1949,Low,0.8697045604783582,0.062319058770474056,0.023851642659616257
Montenegro,Women,1940-1949,NA,0.011648477354559983,0,NA
Montenegro,Women,1950-1959,High,1.9857734139991101,0.18065721112099564,0.09246941539517439
Montenegro,Women,1950-1959,Low,1.2042402478099234,0.1335970328321774,0.1335970328321774
Montenegro,Women,1960-1969,High,2.7955411012208016,0.24047187208211857,0.1764147296030551
Montenegro,Women,1960-1969,Low,1.4633221972273214,0.15077094979348676,0.10329633983623293
Montenegro,Women,1960-1969,NA,0.044497017846367726,0,NA
Montenegro,Women,1970-1979,High,1.2898381489161899,0.3646996655957224,0.29302148432210817
Montenegro,Women,1970-1979,Low,3.023785067169636,0.21051299029427373,0.19997423584044705
Montenegro,Women,1970-1979,NA,0.07399030386714589,0,NA
Montenegro,Women,1980-1989,High,1.1000536301151904,0.1843597578763213,0.1843597578763213
Montenegro,Women,1980-1989,Low,1.3157526505782173,0.14062964111750298,0.07297448112252702
Mozambique,Men,1940-1949,High,25.441839188337326,0,NA
Mozambique,Men,1940-1949,Low,47.221417754888535,0.36555299162864685,0
Mozambique,Men,1950-1959,High,165.3583568930626,2.807785004377365,0
Mozambique,Men,1950-1959,Low,197.24803933501244,5.335953116416931,0
Mozambique,Men,1960-1969,High,178.4623652845621,3.2713240683078766,0
Mozambique,Men,1960-1969,Low,291.11297930777073,9.351539999246597,2.2799799740314484
Mozambique,Men,1970-1979,High,204.5443231165409,2.865475058555603,2.3136120438575745
Mozambique,Men,1970-1979,Low,391.6779473274946,15.374182015657425,2.256010979413986
Mozambique,Women,1960-1969,High,625.8742693960667,30.87932613492012,5.242329031229019
Mozambique,Women,1960-1969,Low,1175.513618260622,37.802538722753525,2.591255009174347
Mozambique,Women,1970-1979,High,644.7440401613712,24.44773817062378,10.089305073022842
Mozambique,Women,1970-1979,Low,1511.5262019336224,69.75247782468796,2.996822953224182
Myanmar,Men,1960-1969,High,192.4371173903346,26.557501152157784,16.214416056871414
Myanmar,Men,1960-1969,Low,239.02918764203787,11.493599958717823,4.5001779198646545
Myanmar,Men,1970-1979,High,526.6071011051536,92.55471935123205,57.563075326383114
Myanmar,Men,1970-1979,Low,810.7657047063112,98.95335840433836,56.01178427785635
Myanmar,Men,1980-1989,High,50.90657866746187,15.819853752851486,11.12165892124176
Myanmar,Men,1980-1989,Low,118.62210660427809,26.9118849337101,15.283602073788643
Myanmar,Women,1960-1969,High,567.9531545192003,131.07952066510916,109.70759352296591
Myanmar,Women,1960-1969,Low,604.4815642386675,78.02467584609985,56.944719821214676
Myanmar,Women,1970-1979,High,1244.6375874727964,311.74196560680866,255.38297164440155
Myanmar,Women,1970-1979,Low,2390.2110716328025,355.40885979682207,287.7387785241008
Myanmar,Women,1970-1979,NA,1.6392849683761597,0,NA
Myanmar,Women,1980-1989,High,148.8474744334817,47.60363709181547,38.09773708879948
Myanmar,Women,1980-1989,Low,346.7977750748396,78.18026986718178,57.098330810666084
Namibia,Men,1940-1949,High,14.659692913293839,0,NA
Namibia,Men,1940-1949,Low,15.34793770313263,0,NA
Namibia,Men,1950-1959,High,150.7021343111992,0,NA
Namibia,Men,1950-1959,Low,137.6242628544569,0,NA
Namibia,Men,1960-1969,High,296.19151578843594,29.076767295598984,19.028679311275482
Namibia,Men,1960-1969,Low,242.55830866098404,18.282198011875153,13.945042043924332
Namibia,Men,1970-1979,High,441.9184005856514,47.42027014493942,36.560778081417084
Namibia,Men,1970-1979,Low,273.68002416193485,39.788634940981865,36.36203493177891
Namibia,Women,1940-1949,High,0,0,NA
Namibia,Women,1940-1949,Low,0,0,NA
Namibia,Women,1950-1959,High,0,0,NA
Namibia,Women,1950-1959,Low,0,0,NA
Namibia,Women,1950-1959,NA,0,0,NA
Namibia,Women,1960-1969,High,540.2568157315254,40.532660990953445,19.909274011850357
Namibia,Women,1960-1969,Low,408.3812580630183,12.65428714454174,10.038033053278923
Namibia,Women,1970-1979,High,1137.4457698613405,80.9435805529356,53.27653035521507
Namibia,Women,1970-1979,Low,647.5351036638021,21.45951921492815,13.144697219133377
Namibia,Women,1970-1979,NA,1.6334460377693176,0,NA
Nepal,Men,1960-1969,High,159.54181319475174,1.3080589771270752,0
Nepal,Men,1960-1969,Low,129.78995524346828,0.13659000396728516,0
Nepal,Men,1970-1979,High,515.8862787485123,14.161358058452606,4.226532995700836
Nepal,Men,1970-1979,Low,415.7686541080475,5.897259876132011,0
Nepal,Men,1980-1989,High,88.17480479180813,7.3091060519218445,4.061479032039642
Nepal,Men,1980-1989,Low,113.71585710346699,4.741324007511139,3.1426210403442383
Nepal,Women,1960-1969,High,155.53418238461018,8.19885003566742,1.9833930134773254
Nepal,Women,1960-1969,Low,548.0074578523636,14.638147071003914,6.713349997997284
Nepal,Women,1970-1979,High,974.7348734736443,46.38603402674198,20.431741058826447
Nepal,Women,1970-1979,Low,1911.5571341216564,35.10066498816013,8.842724084854126
Nepal,Women,1980-1989,High,151.27159525454044,6.2254029512405396,3.9048489332199097
Nepal,Women,1980-1989,Low,331.13489206135273,6.494606018066406,0.9705700278282166
Netherlands,Men,1910-1919,High,1.6645127003353455,0,NA
Netherlands,Men,1910-1919,Low,0.8190053272004683,0,NA
Netherlands,Men,1920-1929,High,13.203895586004464,2.0672067183004827,0
Netherlands,Men,1920-1929,Low,10.788688938816636,2.3307266919683443,0.5431343707799741
Netherlands,Men,1920-1929,NA,0.5232895322713489,0,NA
Netherlands,Men,1930-1939,High,140.20453825015147,14.76377054686445,4.626454447708369
Netherlands,Men,1930-1939,Low,148.14685921069778,12.840276697364054,1.3507785251015836
Netherlands,Men,1930-1939,NA,43.564346159867675,5.748945832252502,3.478305459022522
Netherlands,Men,1940-1949,High,798.6397643106725,120.7065367253212,30.778403912991337
Netherlands,Men,1940-1949,Low,832.970323964946,130.03210238010973,45.69270122986658
Netherlands,Men,1940-1949,NA,78.78485563477608,10.177410364151001,2.311155080795288
Netherlands,Men,1950-1959,High,1055.4751380684247,216.50288103996752,64.28094839819812
Netherlands,Men,1950-1959,Low,983.7781743938644,206.51497680869915,54.42453561125743
Netherlands,Men,1950-1959,NA,45.811721205711365,2.9174296259880066,2.0725079774856567
Netherlands,Men,1960-1969,High,1006.5030864558221,276.14963541911845,82.8045484107561
Netherlands,Men,1960-1969,Low,1159.3140064852892,333.23743409357695,126.495659414391
Netherlands,Men,1960-1969,NA,46.88001151945855,19.035099467304008,10.321757515933768
Netherlands,Men,1970-1979,High,508.97748496662183,138.59446262719848,34.369993570792026
Netherlands,Men,1970-1979,Low,385.49258299066776,121.8058288783998,43.320733186240886
Netherlands,Men,1970-1979,NA,32.75781798362732,14.97168654203415,7.417387425899506
Netherlands,Men,1980-1989,High,20.20013753745866,8.567706026109022,2.067719985089866
Netherlands,Men,1980-1989,Low,12.762448378600084,5.8683667710362215,1.039007548684367
Netherlands,Men,1980-1989,NA,1.0378759873499348,0,NA
Netherlands,Women,1910-1919,High,2.9166702861567195,0.3262507555381511,0.3262507555381511
Netherlands,Women,1910-1919,Low,2.2465299776827763,0,NA
Netherlands,Women,1910-1919,NA,0.3262507555381511,0.3262507555381511,0.3262507555381511
Netherlands,Women,1920-1929,High,16.739137982567172,5.649783345380879,2.6542776368178433
Netherlands,Women,1920-1929,Low,17.456649817665102,0,NA
Netherlands,Women,1920-1929,NA,2.045590201022968,0.7074442207086662,0.7074442207086662
Netherlands,Women,1930-1939,High,156.47698730304583,29.483795349631603,15.181183434311738
Netherlands,Women,1930-1939,Low,171.1149879341683,12.49342124139279,5.429293774591297
Netherlands,Women,1930-1939,NA,63.45925990623684,4.23232039809227,1.729167401790619
Netherlands,Women,1940-1949,High,842.9148139904873,127.53882191605162,38.490343635362166
Netherlands,Women,1940-1949,Low,766.4381542192076,59.24515836575678,21.40369419973138
Netherlands,Women,1940-1949,NA,92.31205874411731,9.658540018259263,4.335589408874512
Netherlands,Women,1950-1959,High,1085.8391154629858,207.79361182649095,34.041440471471205
Netherlands,Women,1950-1959,Low,910.0646013310255,128.93407563123657,25.52471418527452
Netherlands,Women,1950-1959,NA,82.80343586206436,11.327888429164886,1.7318860292434692
Netherlands,Women,1960-1969,High,1082.4859549218002,261.4363969484153,53.899548989352496
Netherlands,Women,1960-1969,Low,1046.503229450313,167.6712350381487,43.93662017334512
Netherlands,Women,1960-1969,NA,43.12766366252316,6.428377747535706,1.3898494243621826
Netherlands,Women,1970-1979,High,541.7836781921151,125.36637655837382,28.401758261501445
Netherlands,Women,1970-1979,Low,329.5045839165632,56.05940450381628,15.00412597394478
Netherlands,Women,1970-1979,NA,36.25062531232834,9.295177698135376,1.3111847639083862
Netherlands,Women,1980-1989,High,21.557349451763173,1.814894313546347,0
Netherlands,Women,1980-1989,Low,12.96824768024635,2.8536662315860326,1.675996495344691
Nicaragua,Men,1930-1939,High,11.217342138290405,0,NA
Nicaragua,Men,1930-1939,Low,12.431739211082458,0,NA
Nicaragua,Men,1940-1949,High,126.6438462138176,5.12403005361557,0.6773679852485657
Nicaragua,Men,1940-1949,Low,156.8819815516472,17.216088205575943,8.058055967092514
Nicaragua,Men,1940-1949,NA,2.2344770431518555,0,NA
Nicaragua,Men,1950-1959,High,222.78510189056396,9.502713143825531,5.03375905752182
Nicaragua,Men,1950-1959,Low,262.24978718161583,10.692004203796387,6.572735130786896
Nicaragua,Men,1960-1969,High,107.24110078811646,3.520906984806061,2.9192169904708862
Nicaragua,Men,1960-1969,Low,81.29910871386528,4.928484082221985,1.3941050171852112
Nicaragua,Women,1940-1949,High,138.10778641700745,5.020312190055847,2.778554081916809
Nicaragua,Women,1940-1949,Low,166.9774815440178,5.339352071285248,2.3962769508361816
Nicaragua,Women,1950-1959,High,1052.390191435814,56.2391322851181,34.856386721134186
Nicaragua,Women,1950-1959,Low,1408.6213723421097,29.571890890598297,15.286797940731049
Nicaragua,Women,1950-1959,NA,0.8347399830818176,0,NA
Nicaragua,Women,1960-1969,High,540.0057088732719,35.23549264669418,23.11029440164566
Nicaragua,Women,1960-1969,Low,536.2903502583504,16.203372180461884,5.331502020359039
Niger,Men,1950-1959,High,54.03618797659874,0,NA
Niger,Men,1950-1959,Low,276.24927858263254,2.433050900697708,0.2589789927005768
Niger,Men,1950-1959,NA,3.3804540634155273,0,NA
Niger,Men,1960-1969,High,152.00259643048048,5.5841240882873535,1.4919449985027313
Niger,Men,1960-1969,Low,590.84048178792,2.379083037376404,1.9697360396385193
Niger,Men,1960-1969,NA,0.49501898884773254,0,NA
Niger,Men,1970-1979,High,205.07483436912298,15.67562498152256,4.7448340356349945
Niger,Men,1970-1979,Low,565.7991581261158,21.32725900411606,7.155834972858429
Niger,Men,1970-1979,NA,4.2375940680503845,0,NA
Niger,Women,1960-1969,High,120.75356785207987,3.6121869683265686,0.46183401346206665
Niger,Women,1960-1969,Low,1005.0584302693605,13.330860018730164,2.4206780195236206
Niger,Women,1970-1979,High,294.0197638347745,18.998308151960373,9.800018042325974
Niger,Women,1970-1979,Low,1788.7760689854622,22.577918112277985,2.6417480409145355
Niger,Women,1970-1979,NA,3.591058075428009,0,NA
Nigeria,Men,1950-1959,High,25.17645412683487,0,NA
Nigeria,Men,1950-1959,Low,42.19871887564659,1.6130279898643494,0.7965199947357178
Nigeria,Men,1960-1969,High,728.486354380846,12.849424958229065,3.0172159671783447
Nigeria,Men,1960-1969,Low,770.8709977939725,9.174383074045181,6.711020052433014
Nigeria,Men,1970-1979,High,1542.317061394453,61.81877014040947,28.94969317317009
Nigeria,Men,1970-1979,Low,1316.3623544871807,53.114976078271866,27.378918170928955
Nigeria,Men,1980-1989,High,960.7384953796864,119.53817197680473,69.66193577647209
Nigeria,Men,1980-1989,Low,646.0796087086201,39.74894906580448,20.893027141690254
Nigeria,Women,1960-1969,High,398.79071506112814,10.331171065568924,2.313679039478302
Nigeria,Women,1960-1969,Low,334.6149500757456,11.965888127684593,0
Nigeria,Women,1970-1979,High,3965.05563403666,197.68504090607166,77.66685301065445
Nigeria,Women,1970-1979,Low,3725.8967866301537,65.42443603277206,7.481326103210449
Nigeria,Women,1980-1989,High,2029.3821965828538,175.76413002610207,101.30504038929939
Nigeria,Women,1980-1989,Low,2651.0646043866873,62.14363384246826,17.176717847585678
Norway,Men,1910-1919,High,1.3749042588720357,0.2173218514683981,0.2173218514683981
Norway,Men,1910-1919,Low,0.974729858015742,0.22519928258197552,0
Norway,Men,1920-1929,High,6.019173429111346,1.2124186091235316,0.9600780010223389
Norway,Men,1920-1929,Low,4.984585101051504,0.4019186806364736,0.1976781200590203
Norway,Men,1920-1929,NA,137.12669636309147,16.445780634880066,4.8226140439510345
Norway,Men,1930-1939,High,44.47068708074714,3.297124917104112,1.5156786441802979
Norway,Men,1930-1939,Low,48.26242829661791,4.834996614352313,0.9660599712738644
Norway,Men,1930-1939,NA,603.6450385059527,83.93570743501186,34.97617435455322
Norway,Men,1940-1949,High,212.29980997816853,30.752260939985945,7.683582887466123
Norway,Men,1940-1949,Low,219.103610717628,16.328188593314287,6.706499154980108
Norway,Men,1940-1949,NA,775.3266126835813,93.94681690876378,24.30115968232049
Norway,Men,1950-1959,High,563.3885501406733,80.95214337573216,17.89737702913909
Norway,Men,1950-1959,Low,629.7686348818414,87.38108786651415,24.474730224324418
Norway,Men,1950-1959,NA,248.5320542734854,58.60920596122742,24.099735647439957
Norway,Men,1960-1969,High,606.9007095276468,113.76778834152597,25.434662700817807
Norway,Men,1960-1969,Low,1015.9073272350921,172.58962422416306,66.92103695249997
Norway,Men,1960-1969,NA,19.59270265698433,5.022630214691162,1.880152702331543
Norway,Men,1970-1979,High,89.22453424934693,22.727874117063664,7.332592530452899
Norway,Men,1970-1979,Low,376.68101212163356,90.57602946014545,28.992643646334088
Norway,Men,1970-1979,NA,6.965010285377502,0,NA
Norway,Men,1980-1989,High,8.785991981996304,3.06667214924785,0.7114664334496297
Norway,Men,1980-1989,Low,5.92174347336929,1.837194035478177,0.6882495352007254
Norway,Women,1905-1909,High,0.2970223896254396,0,NA
Norway,Women,1905-1909,Low,0.24382885643944263,0.24382885643944263,0.24382885643944263
Norway,Women,1910-1919,High,0.8669128110574817,0.4313339036656316,0.4313339036656316
Norway,Women,1910-1919,Low,2.996889239760158,0.5450810669923172,0.24382885643944263
Norway,Women,1920-1929,High,9.508822985930678,0.7778409719467163,0
Norway,Women,1920-1929,Low,10.83826568287622,0.4878011737967043,0.24382885643944263
Norway,Women,1920-1929,NA,189.54200423166264,45.56370136141777,17.894786834716797
Norway,Women,1930-1939,High,60.82383453777037,9.624171687374094,2.058712579415733
Norway,Women,1930-1939,Low,65.22894282423117,7.98457125320742,2.288582817692955
Norway,Women,1930-1939,NA,654.9117786034758,74.92608703672886,21.66398225724697
Norway,Women,1940-1949,High,177.8006438926251,26.286891338501654,6.854589187738398
Norway,Women,1940-1949,Low,188.6808773800313,28.525651057012865,7.416652652744283
Norway,Women,1940-1949,NA,800.185844882561,73.71265465021133,17.112501323223114
Norway,Women,1950-1959,High,537.9661678892892,72.14486837479238,12.308432983044902
Norway,Women,1950-1959,Low,617.596037409118,63.63417582260758,9.530451088414097
Norway,Women,1950-1959,NA,283.3864867856781,24.085420089034244,3.791419208049774
Norway,Women,1960-1969,High,691.1978074866629,86.86581043537596,27.58215417961919
Norway,Women,1960-1969,Low,848.4288456888501,92.20525417251757,14.125627389358726
Norway,Women,1960-1969,NA,15.463478326797485,6.831665992736816,3.542509913444519
Norway,Women,1970-1979,High,146.36905968823066,23.135471319339352,5.949842778835517
Norway,Women,1970-1979,Low,312.9372519499582,38.13611473578609,13.807360571992383
Norway,Women,1970-1979,NA,14.119394956026298,0,NA
Norway,Women,1980-1989,High,7.457851063697959,1.8759301325149664,0.22365501286974165
Norway,Women,1980-1989,Low,3.014882027717377,0.22365501286974165,0
Norway,Women,1980-1989,NA,0.6583235633626572,0,NA
Peru,Men,1930-1939,High,25.093866422772408,0,NA
Peru,Men,1930-1939,Low,30.234953090548515,2.551699936389923,2.2940099239349365
Peru,Men,1940-1949,High,141.00015352666378,10.808152079582214,4.7782920598983765
Peru,Men,1940-1949,Low,171.01253090798855,7.798698142170906,0.44989801943302155
Peru,Men,1950-1959,High,264.77116091549397,36.39187552034855,23.784134328365326
Peru,Men,1950-1959,Low,192.8494176119566,14.766978234052658,7.108299076557159
Peru,Men,1960-1969,High,52.55187180638313,14.678325116634369,9.711934983730316
Peru,Men,1960-1969,Low,34.3248340934515,3.4881249964237213,1.6534669697284698
Peru,Women,1940-1949,High,657.8499354124069,50.2658417224884,30.996413826942444
Peru,Women,1940-1949,Low,603.0006088316441,10.982876002788544,8.079693049192429
Peru,Women,1950-1959,High,2945.0161567032337,266.72999964654446,183.80339081585407
Peru,Women,1950-1959,Low,3260.482150912285,75.50620065629482,41.596169739961624
Peru,Women,1960-1969,High,651.6234987080097,82.5189137160778,72.63287463784218
Peru,Women,1960-1969,Low,693.506831407547,18.296824902296066,12.34822092950344
Philippines,Men,1940-1949,High,34.836436957120895,0,NA
Philippines,Men,1940-1949,Low,47.327560901641846,1.7533119916915894,1.7533119916915894
Philippines,Men,1950-1959,High,357.8263264596462,35.18892213702202,19.307472229003906
Philippines,Men,1950-1959,Low,437.738419264555,35.947125136852264,22.107581049203873
Philippines,Men,1960-1969,High,503.9207580089569,66.785150796175,37.09860289096832
Philippines,Men,1960-1969,Low,441.6606242656708,57.34579488635063,38.265943974256516
Philippines,Women,1950-1959,High,833.0095033347607,74.0154305100441,40.68802219629288
Philippines,Women,1950-1959,Low,951.0315189361572,46.55246788263321,30.187885880470276
Philippines,Women,1960-1969,High,1587.3492030203342,205.19701954722404,131.46621224284172
Philippines,Women,1960-1969,Low,1416.868421137333,72.37873497605324,47.18509215116501
Poland,Men,1920-1929,High,13.942560740197877,0,NA
Poland,Men,1920-1929,Low,30.557737640288508,3.48064478667132,0
Poland,Men,1920-1929,NA,1.3232947730801072,0,NA
Poland,Men,1930-1939,High,80.68749974333426,1.5977320859626047,0
Poland,Men,1930-1939,Low,85.73171505985107,7.110175727880943,3.554813782446331
Poland,Men,1930-1939,NA,9.61964166653874,1.4392363986439989,1.4392363986439989
Poland,Men,1940-1949,High,126.57547310396998,6.528657931177747,2.9257380817612386
Poland,Men,1940-1949,Low,170.03666227970646,16.228959732339007,6.836873527802538
Poland,Men,1940-1949,NA,6.0414648539983205,0,NA
Poland,Men,1950-1959,High,230.85616075152464,27.39459146130983,10.59806553617426
Poland,Men,1950-1959,Low,323.82744680428436,68.81037951221127,42.90498701391725
Poland,Men,1950-1959,NA,10.026670418059325,0,NA
Poland,Men,1960-1969,High,185.75776104655773,9.973027469941911,8.47878281554165
Poland,Men,1960-1969,Low,254.77722706964798,46.24060624320819,25.004101192712056
Poland,Men,1960-1969,NA,4.042713955880458,0,NA
Poland,Men,1970-1979,High,105.04660049947887,30.036958670674494,18.87740007507233
Poland,Men,1970-1979,Low,207.88037239314562,41.660115924588126,27.03788740868626
Poland,Men,1970-1979,NA,14.288878908635752,4.806086761295205,2.93391142310918
Poland,Men,1980-1989,High,67.21091234188691,23.19767558997205,10.038941703520209
Poland,Men,1980-1989,Low,56.347510019092624,18.549381320102384,14.409226941638508
Poland,Men,1980-1989,NA,7.456382806320562,0,NA
Poland,Women,1920-1929,High,43.83955649034496,3.2058684529143875,1.8580163872127287
Poland,Women,1920-1929,Low,46.812530405941544,6.374135969969586,0
Poland,Women,1920-1929,NA,5.055953096898179,0,NA
Poland,Women,1930-1939,High,94.7934335323502,8.143286548035633,1.3478520657016588
Poland,Women,1930-1939,Low,159.99149699229085,9.906606461320735,3.3363660009002274
Poland,Women,1930-1939,NA,20.157645599344505,2.1881264027894076,0
Poland,Women,1940-1949,High,182.37156388359037,8.940248173308476,6.253627460079201
Poland,Women,1940-1949,Low,209.1087286414107,11.561290000876141,1.521964458378477
Poland,Women,1940-1949,NA,4.314544099779937,0,NA
Poland,Women,1950-1959,High,309.9968160074039,16.177645300275486,4.160124253172114
Poland,Women,1950-1959,Low,284.022283257446,22.841097886570083,13.59057330779126
Poland,Women,1950-1959,NA,16.5897863983443,4.097448166385334,1.813183732487687
Poland,Women,1960-1969,High,203.86248537518847,31.00113489394593,6.3841585863634975
Poland,Women,1960-1969,Low,280.9314993419824,22.236995954582397,15.000579618671736
Poland,Women,1960-1969,NA,14.177259277664348,0,NA
Poland,Women,1970-1979,High,135.5544076439205,18.509837137825826,8.652698867715742
Poland,Women,1970-1979,Low,160.13146237473492,16.37263426089649,5.0594211288559165
Poland,Women,1970-1979,NA,14.151607716947865,1.807187257104033,0
Poland,Women,1980-1989,High,86.02751428240782,5.451957173379981,0
Poland,Women,1980-1989,Low,45.25914649426136,13.229953159904028,7.002564484003528
Poland,Women,1980-1989,NA,9.089726255809978,0,NA
Portugal,Men,1910-1919,High,2.1505515355158167,0,NA
Portugal,Men,1910-1919,Low,1.2452154980144172,0,NA
Portugal,Men,1920-1929,High,4.765137866904027,0.558334706450097,0.3633315285044887
Portugal,Men,1920-1929,Low,18.791965437581197,1.794420838524644,0
Portugal,Men,1920-1929,NA,0.3593359906401332,0,NA
Portugal,Men,1930-1939,High,16.267128020968713,0.7697436789618877,0
Portugal,Men,1930-1939,Low,47.130282018532064,1.0127385737792451,0
Portugal,Men,1930-1939,NA,0.847496620507286,0,NA
Portugal,Men,1940-1949,High,24.257974811227022,2.986309562287765,1.1372244295328926
Portugal,Men,1940-1949,Low,84.83466453923359,4.04731351102307,0.4517665456239186
Portugal,Men,1940-1949,NA,1.1505523889650675,0,NA
Portugal,Men,1950-1959,High,38.03150217845688,3.7842598981560354,1.1555384436548763
Portugal,Men,1950-1959,Low,82.98695631468858,8.424656813267324,3.308007777198135
Portugal,Men,1950-1959,NA,1.3919441480151349,0,NA
Portugal,Men,1960-1969,High,61.19386067296681,9.815996426904558,5.172671584476646
Portugal,Men,1960-1969,Low,79.98961118148125,15.778379309884393,8.455856109647378
Portugal,Men,1960-1969,NA,5.644281557602934,0.9194146740043436,0.9194146740043436
Portugal,Men,1970-1979,High,36.91954696669698,7.958145864019206,3.453317683765391
Portugal,Men,1970-1979,Low,48.976780950312595,6.927035643537158,1.2394528712796458
Portugal,Men,1980-1989,High,7.689563847202962,3.1458800582456625,0.33766867012215585
Portugal,Men,1980-1989,Low,20.37364386844886,9.638107439656295,7.6213803765515
Portugal,Women,1910-1919,High,0.6856511623235235,0.38551261928552094,0
Portugal,Women,1910-1919,Low,1.7404386579781885,0,NA
Portugal,Women,1920-1929,High,13.444988853788523,2.1460694347602924,1.2694003612038216
Portugal,Women,1920-1929,Low,14.864606219275279,1.8560566072606832,0.29855228456628424
Portugal,Women,1930-1939,High,36.42691450657736,4.563403443804777,0.8252244600449998
Portugal,Women,1930-1939,Low,38.41433300795161,4.322840876053501,2.8599274297179793
Portugal,Women,1930-1939,NA,0.5927356039670766,0,NA
Portugal,Women,1940-1949,High,26.18865095687831,3.8463259838618695,0.6244130015251494
Portugal,Women,1940-1949,Low,99.2484980509406,4.69353845330839,1.0936059487142753
Portugal,Women,1940-1949,NA,3.271854843839362,0.8804741613468376,0.8804741613468376
Portugal,Women,1950-1959,High,42.93332916508235,6.995343879710109,3.662300610807897
Portugal,Women,1950-1959,Low,97.68886326875156,9.410700881244598,1.7191124085855058
Portugal,Women,1950-1959,NA,0.6990987814044161,0,NA
Portugal,Women,1960-1969,High,65.10392544326892,10.45227381914547,2.9348851601243773
Portugal,Women,1960-1969,Low,110.09427425619802,9.599846540774772,4.664416798832352
Portugal,Women,1960-1969,NA,2.5406229592251677,1.5362578640531055,1.5362578640531055
Portugal,Women,1970-1979,High,59.66895930866941,11.213067780305868,5.273592450000963
Portugal,Women,1970-1979,Low,37.78741285706138,1.404617332302955,0.6437855410014208
Portugal,Women,1970-1979,NA,0.6466883504300824,0.21695923713042475,0
Portugal,Women,1980-1989,High,16.585327001429636,2.1109873177171004,0.3077392098695615
Portugal,Women,1980-1989,Low,12.68332979526683,0.641066207954804,0
Portugal,Women,1980-1989,NA,0.26867894011994764,0,NA
Republic of Moldova,Men,1940-1949,High,65.09156313538551,2.574445068836212,0.832817018032074
Republic of Moldova,Men,1940-1949,Low,118.69089889526367,8.06267499923706,1.6800570487976074
Republic of Moldova,Men,1950-1959,High,196.36440587043762,6.660281002521515,3.2058419585227966
Republic of Moldova,Men,1950-1959,Low,443.23040094971657,28.812805950641632,8.458037972450256
Republic of Moldova,Men,1960-1969,High,233.50988095998764,20.03134298324585,5.5667449831962585
Republic of Moldova,Men,1960-1969,Low,270.42315155267715,27.603162109851837,7.267099976539612
Republic of Moldova,Men,1970-1979,High,17.176889926195145,1.268576979637146,0
Republic of Moldova,Men,1970-1979,Low,18.856334924697876,2.627550959587097,1.1418919563293457
Republic of Moldova,Women,1950-1959,High,442.5197742879391,22.531774938106537,6.081322014331818
Republic of Moldova,Women,1950-1959,Low,571.2541508376598,21.34598496556282,3.0762999653816223
Republic of Moldova,Women,1960-1969,High,908.8179944455624,49.291173189878464,12.848568081855774
Republic of Moldova,Women,1960-1969,Low,976.2894880473614,37.62436905503273,9.947806000709534
Republic of Moldova,Women,1970-1979,High,50.1833790242672,1.9429900348186493,0
Republic of Moldova,Women,1970-1979,Low,61.59151816368103,1.4292069673538208,0.4726409912109375
Romania,Men,1920-1929,High,91.23986887931824,16.6274756193161,1.6040315330028534
Romania,Men,1920-1929,Low,71.39284956455231,6.330003619194031,0.8907166123390198
Romania,Men,1920-1929,NA,5.2388389110565186,1.2028155326843262,0.4219105839729309
Romania,Men,1930-1939,High,340.4766403734684,47.877823144197464,5.313384145498276
Romania,Men,1930-1939,Low,241.5588385462761,31.752225756645203,4.540738165378571
Romania,Men,1930-1939,NA,10.840174227952957,4.299535244703293,1.2116710841655731
Romania,Men,1940-1949,High,395.4345396757126,61.39439597725868,11.109610795974731
Romania,Men,1940-1949,Low,339.7016135454178,58.45536705851555,13.719516605138779
Romania,Men,1940-1949,NA,4.963246703147888,2.823159694671631,1.2943777441978455
Romania,Men,1950-1959,High,508.53211680054665,72.35369655489922,22.890695244073868
Romania,Men,1950-1959,Low,471.38459807634354,79.14405989646912,26.102642118930817
Romania,Men,1950-1959,NA,6.919716775417328,3.838315725326538,2.983769655227661
Romania,Men,1960-1969,High,560.0832229852676,101.47394180297852,40.9509534239769
Romania,Men,1960-1969,Low,454.23528838157654,75.71518331766129,31.7515087723732
Romania,Men,1960-1969,NA,2.702693521976471,0.9465388655662537,0.9465388655662537
Romania,Men,1970-1979,High,25.222755432128906,5.948651731014252,2.495215654373169
Romania,Men,1970-1979,Low,99.5941811800003,35.040073215961456,21.994878709316254
Romania,Women,1920-1929,High,115.63173562288284,15.834072470664978,4.4302109479904175
Romania,Women,1920-1929,Low,64.34939861297607,12.839929819107056,3.234496772289276
Romania,Women,1920-1929,NA,22.091630518436432,3.709075093269348,1.0928055047988892
Romania,Women,1930-1939,High,450.9123606681824,60.800735116004944,11.483385622501373
Romania,Women,1930-1939,Low,322.3812987804413,44.123650789260864,7.77004212141037
Romania,Women,1930-1939,NA,59.15070015192032,9.085073471069336,2.019689440727234
Romania,Women,1940-1949,High,427.86753261089325,55.97085630893707,9.160180747509003
Romania,Women,1940-1949,Low,395.94543892145157,47.11095368862152,6.243185639381409
Romania,Women,1940-1949,NA,17.025378108024597,0.6130104660987854,0
Romania,Women,1950-1959,High,573.579021692276,59.87214094400406,9.461198389530182
Romania,Women,1950-1959,Low,502.2858476638794,40.96889567375183,4.819051265716553
Romania,Women,1950-1959,NA,12.249067604541779,0.884575605392456,0.884575605392456
Romania,Women,1960-1969,High,557.9261851906776,64.86408400535583,25.268051028251648
Romania,Women,1960-1969,Low,456.0230482816696,37.56348675489426,11.036047399044037
Romania,Women,1960-1969,NA,6.682159900665283,0.9906707406044006,0.9906707406044006
Romania,Women,1970-1979,High,21.317592918872833,3.694543957710266,3.694543957710266
Romania,Women,1970-1979,Low,97.12987595796585,7.52628618478775,2.742480158805847
Romania,Women,1970-1979,NA,1.6335880756378174,0,NA
Russia,Men,1910-1919,High,2.2482738396810475,0,NA
Russia,Men,1910-1919,Low,3.4100023848282035,0,NA
Russia,Men,1920-1929,High,166.62719055516723,4.580435156822205,0.45804351568222046
Russia,Men,1920-1929,Low,144.09003676841473,19.860842695631362,0
Russia,Men,1920-1929,NA,0.9160870313644409,0.9160870313644409,0
Russia,Men,1930-1939,High,458.2491438106687,27.68705051229537,0.9160870313644409
Russia,Men,1930-1939,Low,367.6388276168984,25.283201526843442,4.735708114781119
Russia,Men,1930-1939,NA,2.7482610940933228,0,NA
Russia,Men,1940-1949,High,605.0083693600712,50.90997396757072,4.434036225780602
Russia,Men,1940-1949,Low,529.126293047684,27.604332454572642,0
Russia,Men,1950-1959,High,937.9822015649085,33.129690719092224,9.920218157107598
Russia,Men,1950-1959,Low,911.5443270310556,42.073745261682944,8.244783282279968
Russia,Men,1960-1969,High,923.6734896296133,102.96952086077917,50.028725182415855
Russia,Men,1960-1969,Low,963.7668436089361,142.54218688129356,40.39142449627397
Russia,Men,1970-1979,High,57.16328659816838,5.285342778014979,0
Russia,Men,1970-1979,Low,83.50773448124471,14.749776460662645,10.417949482882705
Russia,Women,1910-1919,High,18.888895561808283,0,NA
Russia,Women,1910-1919,Low,13.634885900015092,8.670545205913527,3.552899409123711
Russia,Women,1920-1929,High,291.11614176646736,39.9224358958476,13.066040327415749
Russia,Women,1920-1929,Low,241.8663700869276,31.50038467836856,10.027632862634448
Russia,Women,1920-1929,NA,4.122391641139984,0.45804351568222046,0.45804351568222046
Russia,Women,1930-1939,High,971.2239955829847,42.98395048051293,6.870652735233307
Russia,Women,1930-1939,Low,729.966418743654,42.10156412788071,8.595841954875993
Russia,Women,1930-1939,NA,5.4965221881866455,1.3741305470466614,0
Russia,Women,1940-1949,High,1041.9148660263882,48.83658259930567,17.629745204414377
Russia,Women,1940-1949,Low,789.81823749516,62.36903185491393,14.585012876471808
Russia,Women,1940-1949,NA,3.6643481850624084,0,NA
Russia,Women,1950-1959,High,1557.449673175057,91.11565556619365,29.958604441114375
Russia,Women,1950-1959,Low,1115.8703349535072,51.011330110731365,11.580679736911037
Russia,Women,1950-1959,NA,1.8321740627288818,0,NA
Russia,Women,1960-1969,High,1160.5521414253524,78.90844884297212,35.96043299132617
Russia,Women,1960-1969,Low,1119.7624967734735,64.95974822110821,24.327594623568075
Russia,Women,1960-1969,NA,8.702826976776123,2.290217638015747,0
Russia,Women,1970-1979,High,124.38167704657701,15.538896125696056,9.531390777578963
Russia,Women,1970-1979,Low,135.39738494199156,11.051086743436755,6.884770893179848
Rwanda,Men,1960-1969,High,280.70295265316963,7.87555205821991,2.8654560446739197
Rwanda,Men,1960-1969,Low,347.8627330213785,10.192233920097351,7.187145948410034
Rwanda,Men,1970-1979,High,479.6974165290594,14.111318111419678,8.467871010303497
Rwanda,Men,1970-1979,Low,502.9707334935665,11.36842992901802,3.602015972137451
Rwanda,Men,1980-1989,High,318.9924662709236,18.208697110414505,11.366971015930176
Rwanda,Men,1980-1989,Low,551.9829239547253,34.29643827676773,20.357359141111374
Rwanda,Women,1960-1969,High,1.0569050312042236,0,NA
Rwanda,Women,1970-1979,High,1318.8243360891938,38.16535848379135,15.6583331823349
Rwanda,Women,1970-1979,Low,1173.3375279605389,29.32764671742916,19.203561812639236
Rwanda,Women,1980-1989,High,1023.4381056427956,48.55976282060146,33.46690575778484
Rwanda,Women,1980-1989,Low,1254.6853472217917,40.28649654984474,23.873650401830673
Sao Tome and Principe,Men,1940-1949,High,4.309699982404709,0,NA
Sao Tome and Principe,Men,1940-1949,Low,8.870994105935097,0,NA
Sao Tome and Principe,Men,1950-1959,High,108.25319078564644,1.436447024345398,1.436447024345398
Sao Tome and Principe,Men,1950-1959,Low,127.18265116214752,5.125423014163971,3.943555027246475
Sao Tome and Principe,Men,1960-1969,High,193.19262991845608,8.29174417257309,4.194783106446266
Sao Tome and Principe,Men,1960-1969,Low,154.4959861934185,16.29273582994938,7.697345942258835
Sao Tome and Principe,Men,1970-1979,High,87.68881683051586,3.866068050265312,2.027638077735901
Sao Tome and Principe,Men,1970-1979,Low,100.35728843510151,12.360697239637375,7.548517182469368
Sao Tome and Principe,Women,1950-1959,High,30.21190896630287,0.8017780184745789,0.8017780184745789
Sao Tome and Principe,Women,1950-1959,Low,20.57477778196335,0,NA
Sao Tome and Principe,Women,1960-1969,High,204.53566414117813,2.1424899101257324,0
Sao Tome and Principe,Women,1960-1969,Low,294.1695139557123,2.244414985179901,0
Sao Tome and Principe,Women,1970-1979,High,95.58708192408085,0.4060179889202118,0
Sao Tome and Principe,Women,1970-1979,Low,106.01416340470314,0.3227739930152893,0
Senegal,Men,1950-1959,High,22.141424924135208,0,NA
Senegal,Men,1950-1959,Low,9.705921918153763,0,NA
Senegal,Men,1960-1969,High,159.3961058780551,10.853853166103363,3.286336064338684
Senegal,Men,1960-1969,Low,229.89100324362516,9.186645060777664,3.5066710114479065
Senegal,Men,1960-1969,NA,1.319161057472229,0,NA
Senegal,Men,1970-1979,High,294.38549990952015,53.18189924955368,38.39189404249191
Senegal,Men,1970-1979,Low,358.83338052779436,16.461958199739456,8.39470911026001
Senegal,Men,1980-1989,High,122.54352615773678,40.29189886152744,27.743620842695236
Senegal,Men,1980-1989,Low,177.82644666731358,38.597843170166016,15.210261940956116
Senegal,Women,1960-1969,High,57.27011576294899,4.126643031835556,3.6567020416259766
Senegal,Women,1960-1969,Low,74.77028597146273,2.858607053756714,0
Senegal,Women,1970-1979,High,610.2160518914461,75.73548102378845,33.64664497971535
Senegal,Women,1970-1979,Low,1005.6912114545703,35.59000562876463,13.161269843578339
Senegal,Women,1980-1989,High,322.08439821749926,29.09491577744484,9.652737766504288
Senegal,Women,1980-1989,Low,624.9215153455734,42.49361491203308,8.518328815698624
Serbia,Men,1920-1929,High,0.19151875586407874,0,NA
Serbia,Men,1920-1929,Low,0.24345695953904478,0,NA
Serbia,Men,1930-1939,High,5.15265786294719,0.18450055677661759,0
Serbia,Men,1930-1939,Low,4.1724349427031076,0,NA
Serbia,Men,1930-1939,NA,0.4278916838100306,0.1906274759348232,0
Serbia,Men,1940-1949,High,12.631619220981872,0.7633734152272611,0
Serbia,Men,1940-1949,Low,7.484390834564066,0.6725951660105212,0.3009531507906935
Serbia,Men,1940-1949,NA,0.3241443172683738,0.0756281392936069,0.0756281392936069
Serbia,Men,1950-1959,High,21.01089651936202,2.15905055236086,1.1064306695889243
Serbia,Men,1950-1959,Low,19.249894794556404,1.7554029002567662,0.6524686924873482
Serbia,Men,1950-1959,NA,0.7074715759958066,0.07523828769767338,0.07523828769767338
Serbia,Men,1960-1969,High,31.2667652177064,4.351010374970809,2.316270717121963
Serbia,Men,1960-1969,Low,20.18900925079123,3.9322243721065138,1.835568680694204
Serbia,Men,1960-1969,NA,0.5164416265953853,0.35814230209208336,0
Serbia,Men,1970-1979,High,35.08968162133236,5.386531119457705,2.966563621680355
Serbia,Men,1970-1979,Low,18.676608536242355,5.446161076401125,3.2581214784697314
Serbia,Men,1970-1979,NA,1.2600150360991886,0.38652676573678946,0.38652676573678946
Serbia,Men,1980-1989,High,6.034140271301542,2.5916887633258767,1.8079545857326522
Serbia,Men,1980-1989,Low,12.357676847764717,4.997284192376735,3.003768294535557
Serbia,Men,1980-1989,NA,0.42974990818803604,0,NA
Serbia,Women,1920-1929,High,0.3282524895517831,0.22665076759409075,0.22665076759409075
Serbia,Women,1920-1929,Low,0.6557808740256768,0.07794628148733196,0
Serbia,Women,1930-1939,High,6.0582523296523645,0.29525815794966626,0
Serbia,Women,1930-1939,Low,4.857423042909432,0.3326081504190137,0.10167063352816363
Serbia,Women,1930-1939,NA,0.45562013224375786,0.23160676737894192,0
Serbia,Women,1940-1949,High,12.890992992350238,0.8501613713588236,0.3301154987265704
Serbia,Women,1940-1949,Low,12.916683247471603,0.5538271327317981,0.0743522430533794
Serbia,Women,1940-1949,NA,0.5635397541057969,0.2759964030478361,0.10160172195769235
Serbia,Women,1950-1959,High,24.96237192376759,2.1305027927648297,0.841289570864288
Serbia,Women,1950-1959,Low,13.057596256222682,0.6345677967711616,0
Serbia,Women,1950-1959,NA,0.35120580701795223,0.13380070137078892,0
Serbia,Women,1960-1969,High,28.84999247549087,2.6140156310546923,0.4645927458697585
Serbia,Women,1960-1969,Low,21.610496846304205,0.9352869823707666,0
Serbia,Women,1960-1969,NA,1.3062837148231283,0.41318831820361623,0.11580338368947096
Serbia,Women,1970-1979,High,19.76430312033788,2.647541875481511,1.4620025818020004
Serbia,Women,1970-1979,Low,40.449949305065175,4.319934495392113,2.2339129929592136
Serbia,Women,1970-1979,NA,0.2268053506447849,0.2268053506447849,0
Serbia,Women,1980-1989,High,7.732703984514139,2.2751364752387317,0.9312202637472282
Serbia,Women,1980-1989,Low,11.799902087114658,0.7179839494725027,0.3413940257603709
Sierra Leone,Men,1950-1959,High,8.222730994224548,0,NA
Sierra Leone,Men,1950-1959,Low,6.178200051188469,0,NA
Sierra Leone,Men,1960-1969,High,308.0321169048548,2.8522490859031677,2.1509780883789062
Sierra Leone,Men,1960-1969,Low,519.0923112332821,3.9345919489860535,0.7115139961242676
Sierra Leone,Men,1970-1979,High,550.1035750955343,15.293245047330856,10.381688892841339
Sierra Leone,Men,1970-1979,Low,759.4486077725887,8.200589001178741,6.436787009239197
Sierra Leone,Men,1980-1989,High,310.10983869433403,18.720176935195923,9.20356297492981
Sierra Leone,Men,1980-1989,Low,448.43774853646755,33.93483217060566,17.938874930143356
Sierra Leone,Women,1960-1969,High,10.327043890953064,0,NA
Sierra Leone,Women,1960-1969,Low,24.649981036782265,0,NA
Sierra Leone,Women,1970-1979,High,592.286044254899,13.36154019832611,2.559691071510315
Sierra Leone,Women,1970-1979,Low,2083.6162899285555,33.478611305356026,3.728502035140991
Sierra Leone,Women,1980-1989,High,506.64995914697647,25.30657207965851,8.381775140762329
Sierra Leone,Women,1980-1989,Low,1630.804611980915,27.889463886618614,5.860275864601135
Slovakia,Men,1910-1919,High,0.2643396650401719,0,NA
Slovakia,Men,1910-1919,Low,0.24933434745040373,0,NA
Slovakia,Men,1920-1929,High,1.715628507394877,0.3804600524001547,0
Slovakia,Men,1920-1929,Low,3.9554492374867785,0.23988352299353366,0.23988352299353366
Slovakia,Men,1920-1929,NA,0.4797670459870673,0,NA
Slovakia,Men,1930-1939,High,9.407155478073117,0.44811253983505495,0
Slovakia,Men,1930-1939,Low,9.047726917695849,1.1095054096300423,0.48677944391392103
Slovakia,Men,1930-1939,NA,0.4065115322583015,0,NA
Slovakia,Men,1940-1949,High,14.36824359187409,1.2896869393868915,0.648013196862177
Slovakia,Men,1940-1949,Low,24.565868973501807,2.288460716636621,2.0877207200953247
Slovakia,Men,1940-1949,NA,1.1126823254248013,0,NA
Slovakia,Men,1950-1959,High,28.805438852689708,2.89002742613663,2.1410550697705464
Slovakia,Men,1950-1959,Low,35.793979227174745,4.64061876902605,3.1262747042186145
Slovakia,Men,1950-1959,NA,0.7547783894615847,0,NA
Slovakia,Men,1960-1969,High,21.44226135542206,3.094059728786805,1.7160114274397547
Slovakia,Men,1960-1969,Low,53.78949787266264,9.8837019300733,6.136853716575802
Slovakia,Men,1960-1969,NA,0.2493035508495609,0,NA
Slovakia,Men,1970-1979,High,19.983858692408752,3.1612696093476416,2.9015090620031714
Slovakia,Men,1970-1979,Low,27.52789555261738,7.77374091777455,7.203199179230767
Slovakia,Men,1970-1979,NA,2.416687950445805,0.6632069381229257,0.6632069381229257
Slovakia,Men,1980-1989,High,9.756158257464186,2.431419675730922,1.371165276308247
Slovakia,Men,1980-1989,Low,7.823481837994784,0.7607015237673878,0.3191392384496723
Slovakia,Men,1980-1989,NA,0.46142046534117753,0,NA
Slovakia,Women,1910-1919,High,0.20095652850377377,0,NA
Slovakia,Women,1910-1919,Low,0.9987523646590581,0,NA
Slovakia,Women,1920-1929,High,3.4248154762291048,0,NA
Slovakia,Women,1920-1929,Low,9.547785233500566,1.6869289896271695,0.6682888476563491
Slovakia,Women,1920-1929,NA,0.5513078228182451,0,NA
Slovakia,Women,1930-1939,High,11.877748653252185,1.2697129595203762,1.043012975883995
Slovakia,Women,1930-1939,Low,14.296873839876675,0.5324332259457734,0
Slovakia,Women,1930-1939,NA,0.5144012061165313,0,NA
Slovakia,Women,1940-1949,High,23.885349888912423,2.0023944830878015,1.252062107446184
Slovakia,Women,1940-1949,Low,23.414656053325647,2.0913385820853847,0.19329011136223073
Slovakia,Women,1940-1949,NA,1.7014363652224898,0.2540799519328889,0.2540799519328889
Slovakia,Women,1950-1959,High,42.63092293526722,3.3212667106141307,2.3166969488525293
Slovakia,Women,1950-1959,Low,41.67733974581937,3.398983832300786,1.997252723389634
Slovakia,Women,1950-1959,NA,1.2532781159862214,0.23004440346347543,0
Slovakia,Women,1960-1969,High,22.09471212110059,3.975441161407451,2.2110665450290927
Slovakia,Women,1960-1969,Low,51.39589002155007,4.804340546980347,2.9829021871470367
Slovakia,Women,1960-1969,NA,0.9326497789777743,0.24431856727116497,0.24431856727116497
Slovakia,Women,1970-1979,High,11.981629087313632,2.647966074329691,0.8552890656070886
Slovakia,Women,1970-1979,Low,29.148002917853194,2.18057074377721,1.5325343357340824
Slovakia,Women,1970-1979,NA,1.7222969915333604,0.24454286665218028,0
Slovakia,Women,1980-1989,High,5.642877996388435,1.9736976892924858,1.362266371572268
Slovakia,Women,1980-1989,Low,12.01106189258725,1.190249447110908,0.5550152877843573
Slovakia,NA,1930-1939,High,0.25434792787243943,0,NA
Slovakia,NA,1940-1949,High,0.25461300620077765,0,NA
Slovakia,NA,1950-1959,High,0.2591320356913478,0,NA
Slovakia,NA,1950-1959,Low,0.25434792787243943,0,NA
Slovakia,NA,1960-1969,High,0.25434792787243943,0,NA
Slovakia,NA,1960-1969,Low,0.24930984670638345,0,NA
Slovenia,Men,1910-1919,High,0.1075011868858411,0,NA
Slovenia,Men,1910-1919,Low,0.1405112237849515,0,NA
Slovenia,Men,1920-1929,High,1.30741454164919,0.2626254859747279,0.17033621244705355
Slovenia,Men,1920-1929,Low,1.9263162867490404,0.1405112237849515,0.1405112237849515
Slovenia,Men,1920-1929,NA,0.09091130485465815,0,NA
Slovenia,Men,1930-1939,High,5.626422030843713,0.6418910086746719,0.3677791254376812
Slovenia,Men,1930-1939,Low,4.559762249392071,0.5833037328944215,0.5833037328944215
Slovenia,Men,1930-1939,NA,0.1405112237849515,0,NA
Slovenia,Men,1940-1949,High,6.980279472240623,0.4730577000030909,0.09228927352767435
Slovenia,Men,1940-1949,Low,12.945951352988047,1.1228000708007526,0.6381554255517967
Slovenia,Men,1940-1949,NA,0.09228927352767435,0,NA
Slovenia,Men,1950-1959,High,13.029783688557256,1.2341522228909962,0.6575214101646871
Slovenia,Men,1950-1959,Low,15.328461863549894,1.2487529285619008,0.4067000965723935
Slovenia,Men,1950-1959,NA,0.12821509005129172,0.12821509005129172,0
Slovenia,Men,1960-1969,High,9.890680493802435,1.2220468510717044,0.4185288112611474
Slovenia,Men,1960-1969,Low,21.012684395271013,3.1281422592646972,1.9410013985531283
Slovenia,Men,1960-1969,NA,0.29553907277717784,0,NA
Slovenia,Men,1970-1979,High,7.4172529355096515,1.4999735184287903,0.2922275281129316
Slovenia,Men,1970-1979,Low,10.60528036613881,3.1095245523766515,1.0571007233267729
Slovenia,Men,1970-1979,NA,0.15515675517520933,0.15515675517520933,0
Slovenia,Men,1980-1989,High,3.647986016516901,1.528491501571839,0.1637000088196654
Slovenia,Men,1980-1989,Low,2.5608213815226044,0.7825770032417871,0.2922275281129316
Slovenia,Women,1910-1919,High,0.2306912792247342,0,NA
Slovenia,Women,1910-1919,Low,0.6282239153630744,0.09929348163106422,0.09929348163106422
Slovenia,Women,1920-1929,High,1.9510689865408608,0.1983171808455566,0.1983171808455566
Slovenia,Women,1920-1929,Low,3.324845259523215,0.41354033052088734,0.09929348163106422
Slovenia,Women,1920-1929,NA,0.23219444894508268,0,NA
Slovenia,Women,1930-1939,High,7.4177951426178,0.5516537436965079,0.24957787955192767
Slovenia,Women,1930-1939,Low,10.207000176813803,0.5543623802158075,0.24038531374255623
Slovenia,Women,1940-1949,High,12.11574508160861,0.48448428912771924,0.13264296326320313
Slovenia,Women,1940-1949,Low,9.559309832259359,0.5963504140303488,0
Slovenia,Women,1940-1949,NA,0.11565988562769469,0,NA
Slovenia,Women,1950-1959,High,15.067337188374335,1.502144060786395,0.39091610896499596
Slovenia,Women,1950-1959,Low,17.391852022637472,0.7925203613855398,0.23432882994905846
Slovenia,Women,1960-1969,High,9.575071412750152,1.0640331847381104,0.5643602230893574
Slovenia,Women,1960-1969,Low,18.88705455866903,0.3528939428917228,0.22332589555232296
Slovenia,Women,1970-1979,High,8.631460431526447,1.2369810334398954,0.434583009013763
Slovenia,Women,1970-1979,Low,9.384839015245518,0.2591360946787997,0
Slovenia,Women,1970-1979,NA,0.28571351581737403,0.13904950205979283,0
Slovenia,Women,1980-1989,High,2.658952397931272,0.43390753380653013,0.210025740988808
Slovenia,Women,1980-1989,Low,2.049214574355392,0,NA
South Africa,Men,1950-1959,High,61.30092005431652,6.03228896856308,2.823459029197693
South Africa,Men,1950-1959,Low,70.78486201167107,5.6065821051597595,5.6065821051597595
South Africa,Men,1960-1969,High,265.5860110446811,32.44620269536972,16.45062792301178
South Africa,Men,1960-1969,Low,186.58454328775406,23.080643072724342,18.132291093468666
South Africa,Men,1970-1979,High,453.8939446657896,44.734235882759094,27.556105971336365
South Africa,Men,1970-1979,Low,238.39917185157537,33.13386881351471,26.414676815271378
South Africa,Men,1980-1989,High,78.32353012263775,10.52943503856659,6.745486080646515
South Africa,Men,1980-1989,Low,72.29273635149002,18.037503883242607,15.50340487062931
South Africa,Women,1960-1969,High,390.11819395422935,24.947222217917442,7.576377093791962
South Africa,Women,1960-1969,Low,225.73604661226273,13.8021951764822,7.657505050301552
South Africa,Women,1970-1979,High,1274.2200414463878,71.99490994215012,40.283500015735626
South Africa,Women,1970-1979,Low,595.594740614295,29.17026098072529,14.497928857803345
South Africa,Women,1980-1989,High,264.9947993904352,18.768615067005157,12.92533902823925
South Africa,Women,1980-1989,Low,144.94559831917286,8.497168004512787,5.067546010017395
Spain,Men,1910-1919,High,1.71618186516298,1.71618186516298,0
Spain,Men,1910-1919,Low,1.9078487932517874,0,NA
Spain,Men,1910-1919,NA,1.751807738166633,0,NA
Spain,Men,1920-1929,High,56.4288625635769,6.784744515917396,2.7911503332077814
Spain,Men,1920-1929,Low,61.070422792123665,10.388660900754488,1.8802715141674753
Spain,Men,1920-1929,NA,8.481438258737882,2.5354685586446806,0
Spain,Men,1930-1939,High,96.11820816917555,13.504920909305127,8.072793910791631
Spain,Men,1930-1939,Low,128.46698106141324,18.11792395530297,6.5845272251022635
Spain,Men,1930-1939,NA,7.041256116678397,0,NA
Spain,Men,1940-1949,High,117.55402951872195,11.955351050678829,8.448602246746134
Spain,Men,1940-1949,Low,233.78171719767005,34.62472954514065,21.901691616732293
Spain,Men,1940-1949,NA,26.023244180585138,2.0237973819661192,2.0237973819661192
Spain,Men,1950-1959,High,221.484569440722,26.639640179267886,12.328332331561114
Spain,Men,1950-1959,Low,263.9712594749875,49.472268149996424,24.257311875702143
Spain,Men,1950-1959,NA,28.509621560997957,0,NA
Spain,Men,1960-1969,High,299.14116563355753,78.7527654301029,30.572002832218615
Spain,Men,1960-1969,Low,425.1917530844411,74.49605722603714,27.58182319033
Spain,Men,1960-1969,NA,27.91907837681444,8.619521269972097,5.183146967160951
Spain,Men,1970-1979,High,204.38572628866658,67.55270397407585,27.005588153160687
Spain,Men,1970-1979,Low,239.2835148972656,58.28925829350864,18.298439275634237
Spain,Men,1970-1979,NA,13.454095511254764,4.0790147952729825,1.8822342837903392
Spain,Men,1980-1989,High,85.01353822035506,40.1276515916919,10.723749114957059
Spain,Men,1980-1989,Low,97.32379966171499,31.844959804996904,13.312029566635715
Spain,Men,1980-1989,NA,3.7299461129445177,3.7299461129445177,1.850784906273546
Spain,Women,1908-1909,High,1.7549999952316284,1.7549999952316284,1.7549999952316284
Spain,Women,1908-1909,NA,1.257999986410141,0,NA
Spain,Women,1910-1919,High,9.952932791036972,1.8487507176985218,0
Spain,Women,1910-1919,Low,4.350313092457782,0.164000004529953,0
Spain,Women,1910-1919,NA,75.2515920017122,5.407999962568283,1.3039999604225159
Spain,Women,1920-1929,High,127.35080018140364,22.32091829274225,8.58855323724515
Spain,Women,1920-1929,Low,110.0351811489325,8.606100254808553,6.2031002576695755
Spain,Women,1920-1929,NA,600.4083002304588,67.90036602849432,25.144000083208084
Spain,Women,1930-1939,High,262.1641625877867,28.810449148191424,6.943595198864614
Spain,Women,1930-1939,Low,232.31815491638656,21.507639450644007,9.435013948606326
Spain,Women,1930-1939,NA,1090.6821543724564,108.37186279023086,42.65658604668573
Spain,Women,1940-1949,High,319.1269290234841,47.27763121710997,24.94442646274004
Spain,Women,1940-1949,Low,350.01643964169983,23.845016454735244,10.582923420317215
Spain,Women,1940-1949,NA,1006.5626388625503,87.52463195442704,40.475631810422215
Spain,Women,1950-1959,High,467.0078565656703,78.64974686424303,28.170919636465015
Spain,Women,1950-1959,Low,524.5045918754981,47.13401543725318,22.89221384744667
Spain,Women,1950-1959,NA,903.5421379641289,104.37200036644936,41.20300006866455
Spain,Women,1960-1969,High,691.1180931466373,126.17857736267895,55.70554447225405
Spain,Women,1960-1969,Low,765.3261859165318,71.85967805661157,25.99604238819603
Spain,Women,1960-1969,NA,1044.248738775031,151.66780982575312,58.95080940089122
Spain,Women,1970-1979,High,216.06247993517604,64.47328914393286,15.481299734946845
Spain,Women,1970-1979,Low,320.4384755766389,67.67240191739079,18.415844341750727
Spain,Women,1970-1979,NA,169.70122641951227,38.29717607065703,14.58495266892794
Spain,Women,1980-1989,High,121.51332578257788,58.290632575369685,8.490527963896426
Spain,Women,1980-1989,Low,65.74841166194668,16.596740785533854,4.210952798705392
Swaziland,Men,1950-1959,High,81.40798789262772,2.027835965156555,0
Swaziland,Men,1950-1959,Low,68.90694583952427,1.6155950427055359,1.6155950427055359
Swaziland,Men,1950-1959,NA,0.646336019039154,0,NA
Swaziland,Men,1960-1969,High,294.1648468449712,14.009670048952103,8.933310061693192
Swaziland,Men,1960-1969,Low,303.5487340912223,28.042517870664597,16.775962948799133
Swaziland,Men,1960-1969,NA,2.2928069829940796,0.5301250219345093,0.5301250219345093
Swaziland,Men,1970-1979,High,79.72965086996555,6.896895945072174,5.03364098072052
Swaziland,Men,1970-1979,Low,61.66810484230518,6.884097993373871,5.3585399985313416
Swaziland,Women,1950-1959,High,113.13327085971832,2.6190690398216248,0.9347720146179199
Swaziland,Women,1950-1959,Low,119.223783031106,5.255167067050934,1.343932032585144
Swaziland,Women,1960-1969,High,442.0789322927594,21.48529401421547,7.980260968208313
Swaziland,Women,1960-1969,Low,467.4697446525097,17.839408971369267,1.7524930015206337
Swaziland,Women,1970-1979,High,86.17166861891747,5.319986015558243,2.057261973619461
Swaziland,Women,1970-1979,Low,94.72885396331549,3.8258860111236572,2.4976109862327576
Sweden,Men,1910-1919,High,0.3176978847788625,0,NA
Sweden,Men,1910-1919,Low,1.3087380138806708,0.31496396634484825,0
Sweden,Men,1910-1919,NA,0.599615327785628,0,NA
Sweden,Men,1920-1929,High,11.0231105139967,2.068368600606565,0.7641482425467103
Sweden,Men,1920-1929,Low,10.688978915104311,1.3069455690097413,0.3370759738569973
Sweden,Men,1930-1939,High,22.469226951433672,0.39593657495356993,0
Sweden,Men,1930-1939,Low,27.631201782320947,2.1374575512242906,0.3260858551869408
Sweden,Men,1930-1939,NA,0.37111204718648594,0,NA
Sweden,Men,1940-1949,High,53.72534548399198,5.203332165386529,1.0165769763107892
Sweden,Men,1940-1949,Low,64.72650081396789,7.248218512901003,1.6808428969336173
Sweden,Men,1940-1949,NA,0.6382090011274091,0,NA
Sweden,Men,1950-1959,High,41.30145632972956,6.162551126321928,0.9872340651169704
Sweden,Men,1950-1959,Low,72.3557539316339,11.705797743332889,3.126448364408148
Sweden,Men,1950-1959,NA,0.9205968991599676,0.5004812694235667,0
Sweden,Men,1960-1969,High,50.78521646248289,10.85406621628716,3.8855628990388293
Sweden,Men,1960-1969,Low,85.6268430567097,13.325447384989682,6.207203899407197
Sweden,Men,1970-1979,High,38.660397238344004,9.101307041570138,1.9112390170026288
Sweden,Men,1970-1979,Low,50.05592744919728,9.451813077526353,3.1113644602621378
Sweden,Men,1970-1979,NA,0.5289326495659665,0,NA
Sweden,Men,1980-1989,High,13.190490854377309,4.68073130728326,0.5974345394970726
Sweden,Men,1980-1989,Low,10.200611588456514,1.3843952285904066,1.3843952285904066
Sweden,Men,1980-1989,NA,1.293847892328042,0,NA
Sweden,Women,1910-1919,High,2.3508117811257314,0,NA
Sweden,Women,1910-1919,Low,3.4543089287851494,0,NA
Sweden,Women,1920-1929,High,10.254720637575398,3.2659380951566757,0.5060949103343262
Sweden,Women,1920-1929,Low,12.611418695781996,1.382998062033213,0.6318518929924348
Sweden,Women,1920-1929,NA,0.6310289680169703,0,NA
Sweden,Women,1930-1939,High,26.506477855416144,1.2861599475438776,0.4743636339471422
Sweden,Women,1930-1939,Low,33.20434031184308,2.0419857440775395,0.6519742435854621
Sweden,Women,1930-1939,NA,0.5472109174845894,0,NA
Sweden,Women,1940-1949,High,57.02527902387881,6.513894921760922,1.466994562502336
Sweden,Women,1940-1949,Low,67.67534700235282,6.890512834174519,1.071105584603501
Sweden,Women,1940-1949,NA,1.1340121320948437,1.1340121320948437,0
Sweden,Women,1950-1959,High,47.27889293722329,6.015056229372066,2.3077276881250626
Sweden,Women,1950-1959,Low,58.378916998278314,3.2035203949863664,0.48684405242054396
Sweden,Women,1950-1959,NA,0.42047160866785305,0.42047160866785305,0
Sweden,Women,1960-1969,High,60.76971393844316,7.64199758281454,0.4826735380547049
Sweden,Women,1960-1969,Low,81.45730352360926,7.988652826874674,0.4051222296456167
Sweden,Women,1960-1969,NA,1.8453412548307568,0,NA
Sweden,Women,1970-1979,High,36.77794655798884,4.208705619370875,0.8617977142255526
Sweden,Women,1970-1979,Low,40.341710811450234,5.570878100951235,2.79424285154092
Sweden,Women,1970-1979,NA,2.1638927419991205,0,NA
Sweden,Women,1980-1989,High,18.371497346443768,3.029070966294732,0.5507337795599412
Sweden,Women,1980-1989,Low,9.203345995133411,3.514078072832284,2.1638927419991205
Switzerland,Men,1910-1919,High,0.8591339875023767,0.4996369348369516,0
Switzerland,Men,1910-1919,Low,2.527024543770139,1.0024021712894253,0.4414961369258421
Switzerland,Men,1910-1919,NA,0.17298182194586254,0,NA
Switzerland,Men,1920-1929,High,8.260196197737393,0.8687688347731886,0.17550541546651388
Switzerland,Men,1920-1929,Low,7.75034761101808,1.563478483079761,0.3594970526654251
Switzerland,Men,1930-1939,High,17.682162271797097,3.4640224698644744,0.6995321227031202
Switzerland,Men,1930-1939,Low,24.608901727002465,1.5367871894072387,0.35271322794189963
Switzerland,Men,1940-1949,High,36.66140371666032,6.843085819832288,0.17110925665709686
Switzerland,Men,1940-1949,Low,43.6059085346732,8.414789963430374,2.7862094757416855
Switzerland,Men,1950-1959,High,39.249352186955385,7.491608154075804,2.0247374235694213
Switzerland,Men,1950-1959,Low,65.08627501459789,11.674802770825542,3.366145575454139
Switzerland,Men,1960-1969,High,43.301583438174205,11.656929499629582,1.8317413180687687
Switzerland,Men,1960-1969,Low,66.68695727711112,15.880965943606066,2.001206493939721
Switzerland,Men,1970-1979,High,24.80786884216215,6.039968118683364,1.4276603124688627
Switzerland,Men,1970-1979,Low,46.416216311461994,12.28347025672653,0.9389680380168386
Switzerland,Men,1970-1979,NA,0.9174767136824578,0,NA
Switzerland,Men,1980-1989,High,9.429711387462715,5.274912803130926,0.438760792569596
Switzerland,Men,1980-1989,Low,17.833836939521895,5.914304980289458,0.8868569484471571
Switzerland,Men,1980-1989,NA,0.9483034013248037,0.44809615587756113,0.44809615587756113
Switzerland,Women,1910-1919,High,1.4268320548282905,0.5751500716706062,0.5751500716706062
Switzerland,Women,1910-1919,Low,2.3328669769339445,0,NA
Switzerland,Women,1920-1929,High,9.535468321788127,1.3544116325645792,0.5281957058835811
Switzerland,Women,1920-1929,Low,10.08042118929238,1.2847876373329186,0.8737129102594778
Switzerland,Women,1920-1929,NA,0.42027124611136557,0.42027124611136557,0.42027124611136557
Switzerland,Women,1930-1939,High,23.475881742370316,5.487957983054454,2.5187780310371295
Switzerland,Women,1930-1939,Low,30.04262135268097,5.712231593195096,2.4640227469995413
Switzerland,Women,1940-1949,High,41.96850862476724,7.487675317868179,1.5645069293954794
Switzerland,Women,1940-1949,Low,48.06516329646607,8.221562566164899,1.7632312512305894
Switzerland,Women,1940-1949,NA,0.45920265288204476,0,NA
Switzerland,Women,1950-1959,High,38.45172610328055,6.286969857396453,0.6528655620583947
Switzerland,Women,1950-1959,Low,72.37754693035997,16.850507339396405,3.5265411880473465
Switzerland,Women,1950-1959,NA,0.1501146312656445,0.1501146312656445,0.1501146312656445
Switzerland,Women,1960-1969,High,55.69542067051955,12.83741572116764,1.5847775218787632
Switzerland,Women,1960-1969,Low,71.06364066947405,12.768890132529691,3.1265535068565526
Switzerland,Women,1960-1969,NA,0.30351487664789545,0,NA
Switzerland,Women,1970-1979,High,22.454866523352823,5.90556055089754,0.7505765999010077
Switzerland,Women,1970-1979,Low,42.965252339465195,9.323483693504018,2.6338985859244524
Switzerland,Women,1970-1979,NA,0.9473904193594898,0.4729621411631797,0
Switzerland,Women,1980-1989,High,7.835307639406585,1.8378868012910559,0.4464905726742643
Switzerland,Women,1980-1989,Low,12.091655777580327,3.161239490276561,0.4371886764471391
Switzerland,Women,1980-1989,NA,0.9713772244314427,0.4729621411631797,0
Tanzania,Men,1960-1969,High,206.7900504283607,9.753659918904305,3.455978035926819
Tanzania,Men,1960-1969,Low,43.2895497456193,0.11716199666261673,0
Tanzania,Men,1970-1979,High,611.7509566508234,18.24973401427269,13.041103035211563
Tanzania,Men,1970-1979,Low,178.4678974300623,8.525397062301636,3.496746003627777
Tanzania,Men,1980-1989,High,54.456769704818726,1.0152909755706787,0
Tanzania,Men,1980-1989,Low,19.339053221046925,0,NA
Tanzania,Women,1960-1969,High,546.5112294256687,4.475402042269707,0
Tanzania,Women,1960-1969,Low,200.1527384892106,6.896568924188614,1.211501032114029
Tanzania,Women,1970-1979,High,1992.115534067154,59.295420065522194,16.41586898267269
Tanzania,Women,1970-1979,Low,883.0464217066765,16.842251010239124,2.149591937661171
Tanzania,Women,1970-1979,NA,1.0860450267791748,0,NA
Tanzania,Women,1980-1989,High,242.344885610044,3.6296589970588684,1.922862946987152
Tanzania,Women,1980-1989,Low,137.1497792750597,5.178743988275528,1.1145239919424057
The UK,Men,1910-1919,High,8.188793969517505,1.1827459427181566,1.1827459427181566
The UK,Men,1910-1919,Low,15.052140996062008,1.2597934614698687,0
The UK,Men,1920-1929,High,191.70971433850343,37.155666774119126,10.81651692736456
The UK,Men,1920-1929,Low,169.1454115883082,18.925201440169012,6.562142947560915
The UK,Men,1920-1929,NA,8.616388661652877,0,0
The UK,Men,1930-1939,High,513.0546257790331,74.3499487541722,27.724918388661266
The UK,Men,1930-1939,Low,409.37410784671124,76.24356051911025,21.49700183453573
The UK,Men,1930-1939,NA,14.36816329808503,2.234399959157514,0
The UK,Men,1940-1949,High,771.8923818597966,116.18182318295165,33.66552333011964
The UK,Men,1940-1949,Low,760.9390994058471,93.55101166276812,27.353935910122054
The UK,Men,1940-1949,NA,2.628865137696266,0.18352331221103668,0.09832975268363953
The UK,Men,1950-1959,High,822.9014516237171,170.7631053042271,41.51999869643629
The UK,Men,1950-1959,Low,742.2755637444707,143.88286564462845,40.35989394575617
The UK,Men,1950-1959,NA,15.993041966227594,1.7614388069336968,1.5772273292964059
The UK,Men,1960-1969,High,978.8034303637933,209.49314509671308,43.59167163711641
The UK,Men,1960-1969,Low,1011.3993659767198,210.98510780725775,57.5238563929352
The UK,Men,1960-1969,NA,30.2407507753436,7.182344153005289,3.7477562956509445
The UK,Men,1970-1979,High,292.33619306390256,72.76720497531785,17.01329000358146
The UK,Men,1970-1979,Low,331.92287669839334,101.30023561443906,12.419463437845977
The UK,Men,1970-1979,NA,1.3492709182487488,1.3492709182487488,1.3492709182487488
The UK,Men,1980-1989,High,99.49359439522235,56.64309279933411,4.55627662788558
The UK,Men,1980-1989,Low,68.19926837089413,30.119981895771723,11.281097852327719
The UK,Women,1905-1909,High,1.8294540554807242,1.8294540554807242,1.8294540554807242
The UK,Women,1910-1919,High,13.28817806669116,3.3293442079043416,1.216963515649482
The UK,Women,1910-1919,Low,18.93770057208063,1.3042184192929653,0
The UK,Women,1920-1929,High,180.0951959317827,46.41508957296034,11.334300801443376
The UK,Women,1920-1929,Low,250.70640858008983,31.231028195110703,8.47603609406297
The UK,Women,1920-1929,NA,3.7925142604387645,2.380997196166817,1.4855800195614393
The UK,Women,1930-1939,High,518.0196915667874,91.20303298100094,23.93887426566736
The UK,Women,1930-1939,Low,562.9027972626072,72.84034051430157,23.495866624217342
The UK,Women,1930-1939,NA,6.6856509149074554,0,0
The UK,Women,1940-1949,High,793.4738956240168,88.36938199141636,21.75863266156027
The UK,Women,1940-1949,Low,975.8885951241257,106.4813495052117,28.975911112393277
The UK,Women,1940-1949,NA,16.981962418353874,0.09384535998106003,0
The UK,Women,1950-1959,High,903.7738439141363,167.16313337703872,28.83615005198208
The UK,Women,1950-1959,Low,950.2327838703005,82.66185783792565,14.095851624146647
The UK,Women,1950-1959,NA,15.894268386005308,0.309955358505249,0
The UK,Women,1960-1969,High,1140.4814320597777,192.784514621366,37.06311771225413
The UK,Women,1960-1969,Low,1160.6420125317256,134.25539259194176,27.609993976504803
The UK,Women,1960-1969,NA,35.51229202326209,3.2867386714907667,1.8643814699145338
The UK,Women,1970-1979,High,230.98686492991976,44.054642597308,3.2331135302398266
The UK,Women,1970-1979,Low,339.24266195914174,43.105120949905974,3.185361590789057
The UK,Women,1970-1979,NA,10.897432812503624,0,0
The UK,Women,1980-1989,High,135.57263247784337,22.258864360890144,1.1237915773487543
The UK,Women,1980-1989,Low,77.74458378815214,9.284253027060927,2.151720228478794
The UK,Women,1980-1989,NA,0.9201185183199669,0,NA
The US,Men,1960-1969,High,3910627.7692560293,1009453.7087221486,267501.14830033155
The US,Men,1960-1969,Low,3177651.9353919015,566923.7501818269,115288.05011685677
The US,Men,1960-1969,NA,7669543.831027224,1975021.1945580265,614020.2828419512
The US,Men,1970-1979,High,459388.0519789236,65736.27393263181,44237.33779340254
The US,Men,1970-1979,Low,2179358.744725578,373073.4498260405,138694.6519794821
The US,Men,1970-1979,NA,3572671.606844781,831174.0007080226,239861.48801708827
The US,Women,1950-1959,High,9736002.66429999,2189844.7848000005,590455.0717999999
The US,Women,1950-1959,Low,7618525.713100015,1238071.4153000002,258915.7498
The US,Women,1950-1959,NA,3278879.1243,420785.6458999999,93985.61789999998
The US,Women,1960-1969,High,3471664.400009532,438604.04772204673,124594.53108389373
The US,Women,1960-1969,Low,3496993.3151908587,285726.0755729667,75171.61914554732
The US,Women,1960-1969,NA,8963989.130802115,1452417.6065795168,310273.3003122987
The US,Women,1970-1979,High,628202.1429500282,207442.2190350523,60037.34069546462
The US,Women,1970-1979,Low,2261995.8293548413,284314.67711308855,26607.57445096693
The US,Women,1970-1979,NA,3154101.953870752,690927.7085824956,274036.17237809376
Timor-Leste,Men,1950-1959,High,33.320210576057434,1.6672850549221039,1.1723450422286987
Timor-Leste,Men,1950-1959,Low,74.95369479060173,6.2677039206027985,1.230017989873886
Timor-Leste,Men,1960-1969,High,305.2715667784214,21.85674238204956,11.738546252250671
Timor-Leste,Men,1960-1969,Low,410.5789526104927,38.279220297932625,20.69041520357132
Timor-Leste,Men,1970-1979,High,366.3955525010824,33.37197798490524,20.268587797880173
Timor-Leste,Men,1970-1979,Low,467.01327234506607,59.38597099483013,33.098041862249374
Timor-Leste,Men,1980-1989,High,88.24231694638729,18.342272013425827,16.20917299389839
Timor-Leste,Men,1980-1989,Low,90.0852403640747,19.11319088935852,13.105033934116364
Timor-Leste,Women,1960-1969,High,223.1047620922327,15.586799040436745,11.820539072155952
Timor-Leste,Women,1960-1969,Low,389.7323898077011,25.771206125617027,17.09731215238571
Timor-Leste,Women,1970-1979,High,1294.1243888288736,92.31803926825523,57.70746327936649
Timor-Leste,Women,1970-1979,Low,1219.3203547298908,74.3704091757536,52.88410799205303
Timor-Leste,Women,1980-1989,High,236.45363026857376,29.986546829342842,22.679280072450638
Timor-Leste,Women,1980-1989,Low,311.9999725520611,32.24915574491024,23.53087194263935
Togo,Men,1950-1959,High,120.96298961341381,2.0924739837646484,2.0924739837646484
Togo,Men,1950-1959,Low,84.97081662714481,0.6732239723205566,0.6732239723205566
Togo,Men,1960-1969,High,393.5448372513056,8.010952040553093,4.407691046595573
Togo,Men,1960-1969,Low,262.6199255734682,7.222951054573059,2.655445098876953
Togo,Men,1970-1979,High,500.83513106405735,39.01166719198227,16.10264301300049
Togo,Men,1970-1979,Low,361.75698275864124,21.1632719039917,15.8660489320755
Togo,Women,1960-1969,High,394.3261218369007,11.798996984958649,6.2455750703811646
Togo,Women,1960-1969,Low,526.9346788078547,6.431196868419647,0
Togo,Women,1970-1979,High,961.7145049721003,44.50956600904465,12.777322053909302
Togo,Women,1970-1979,Low,1122.9792773127556,23.278952807188034,6.249094009399414
Togo,Women,1970-1979,NA,2.0420080423355103,0,NA
Turkey,Men,1910-1919,High,0.966517984867096,0,NA
Turkey,Men,1920-1929,High,3.0498130321502686,1.4114810228347778,0
Turkey,Men,1920-1929,Low,3.1840280890464783,0,NA
Turkey,Men,1930-1939,High,16.471854031085968,0,NA
Turkey,Men,1930-1939,Low,12.943558007478714,0,NA
Turkey,Men,1940-1949,High,76.82039725780487,2.4004820585250854,0
Turkey,Men,1940-1949,Low,158.99690094590187,3.6130728721618652,0
Turkey,Men,1950-1959,High,199.76699739694595,4.728874027729034,0
Turkey,Men,1950-1959,Low,393.17263343930244,6.220847010612488,0
Turkey,Men,1960-1969,High,109.4681921005249,1.401606023311615,0
Turkey,Men,1960-1969,Low,176.62327826023102,5.902796059846878,0
Turkey,Men,1960-1969,NA,1.336972951889038,0,NA
Turkey,Women,1940-1949,High,75.37075054645538,4.353605002164841,4.353605002164841
Turkey,Women,1940-1949,Low,53.51319855451584,1.5204099416732788,0
Turkey,Women,1950-1959,High,1001.719481498003,48.03703173995018,23.61575284600258
Turkey,Women,1950-1959,Low,706.995398670435,19.87907361984253,5.596873879432678
Turkey,Women,1960-1969,High,182.10468858480453,16.920049875974655,11.108364909887314
Turkey,Women,1960-1969,Low,679.616511464119,33.83243289589882,9.927446097135544
Uganda,Men,1960-1969,High,223.2610262259841,0,NA
Uganda,Men,1960-1969,Low,248.89573757722974,9.561697959899902,4.499083042144775
Uganda,Men,1970-1979,High,308.77526933699846,5.562768071889877,5.562768071889877
Uganda,Men,1970-1979,Low,639.3250137940049,18.610761016607285,6.617299050092697
Uganda,Men,1980-1989,High,76.44014716148376,0.8952059745788574,0
Uganda,Men,1980-1989,Low,125.63399222120643,6.460496976971626,6.269358977675438
Uganda,Women,1960-1969,High,331.1539196819067,3.138435035943985,0
Uganda,Women,1960-1969,Low,400.292994428426,6.0222038477659225,0.9302899837493896
Uganda,Women,1970-1979,High,1673.2846797853708,42.70163041353226,15.958474040031433
Uganda,Women,1970-1979,Low,1700.7553788237274,32.07346187531948,8.152492821216583
Uganda,Women,1980-1989,High,198.21325509995222,1.4144840240478516,1.4144840240478516
Uganda,Women,1980-1989,Low,521.9185018315911,6.852383971214294,3.0433379411697388
Ukraine,Men,1910-1919,High,2.504341246306936,0,NA
Ukraine,Men,1910-1919,Low,0.39286727422648937,0,NA
Ukraine,Men,1920-1929,High,10.584384353084548,0.27094960557448644,0
Ukraine,Men,1920-1929,Low,26.195303384420615,1.8711111926090496,0
Ukraine,Men,1920-1929,NA,8.549613718829363,1.9672522814555293,1.9672522814555293
Ukraine,Men,1930-1939,High,89.95427395974586,3.3021688309178643,0.5289827365621846
Ukraine,Men,1930-1939,Low,95.56217376536503,1.1209664022331012,0
Ukraine,Men,1930-1939,NA,7.148877365345765,0,NA
Ukraine,Men,1940-1949,High,74.2209591175841,0.5404019299218987,0
Ukraine,Men,1940-1949,Low,110.0848317806124,2.1681547266909362,1.6277527967690375
Ukraine,Men,1940-1949,NA,10.103266602456813,0,NA
Ukraine,Men,1950-1959,High,267.9983559990962,21.775883309638257,8.372749943532707
Ukraine,Men,1950-1959,Low,277.52431114649346,15.207986258285704,3.4135701225191184
Ukraine,Men,1950-1959,NA,12.288078146177241,0,NA
Ukraine,Men,1960-1969,High,552.5763978052478,57.50448686769094,12.006568075280768
Ukraine,Men,1960-1969,Low,578.9426877255052,82.60713507098636,37.23609896608474
Ukraine,Men,1960-1969,NA,1.7008525751934656,0.8059615157947064,0
Ukraine,Men,1970-1979,High,155.446193433887,21.765435317543137,5.796616077423096
Ukraine,Men,1970-1979,Low,204.29297101541874,38.7334951889967,18.402870768024115
Ukraine,Women,1910-1919,High,1.6791098981774155,1.0796337136672207,0
Ukraine,Women,1910-1919,Low,0.28076221172099736,0,NA
Ukraine,Women,1920-1929,High,27.709052352504937,2.917381994188002,1.1304166274181604
Ukraine,Women,1920-1929,Low,70.90763424069297,14.419578992409932,4.350952902325815
Ukraine,Women,1920-1929,NA,20.634442171582563,0,NA
Ukraine,Women,1930-1939,High,136.28464098437286,12.50847219746312,1.3156771903115327
Ukraine,Women,1930-1939,Low,169.95454011657426,27.55756797167411,16.11731809348555
Ukraine,Women,1930-1939,NA,5.137689994443306,0.7144183847603358,0
Ukraine,Women,1940-1949,High,139.96595811175968,11.117299688672064,8.202772997197343
Ukraine,Women,1940-1949,Low,132.15877507142235,5.7667134388824515,0
Ukraine,Women,1940-1949,NA,10.404631396635509,1.1747243810205532,1.1747243810205532
Ukraine,Women,1950-1959,High,454.95189592899385,29.706972981748116,7.427818327113194
Ukraine,Women,1950-1959,Low,407.6304140562662,15.851538735454707,9.255481478139572
Ukraine,Women,1950-1959,NA,9.106531452025095,0,NA
Ukraine,Women,1960-1969,High,1435.7219441813231,83.73623320806058,21.616165015578595
Ukraine,Women,1960-1969,Low,935.7604177578606,60.594037521552536,22.115017185000283
Ukraine,Women,1960-1969,NA,2.175204294314767,0,NA
Ukraine,Women,1970-1979,High,390.8155840638234,37.76269209384918,11.27556997537613
Ukraine,Women,1970-1979,Low,261.30942291935924,17.637939463694465,6.129147811148016
Ukraine,Women,1970-1979,NA,1.6034448618289332,0,NA
Uruguay,Men,1970-1979,NA,196657.2670135498,38653.16000366211,13201.666442871094
Uruguay,Men,1980-1989,NA,9949.762924194336,2881.9413452148438,752.4571838378906
Uruguay,Women,1970-1979,NA,213383.0750427246,25924.44270324707,7855.752593994141
Uruguay,Women,1980-1989,NA,11512.895294189453,1697.0152893066406,1697.0152893066406
Zambia,Men,1950-1959,High,36.19275985658169,0,NA
Zambia,Men,1950-1959,Low,21.941059947013855,1.422842025756836,0
Zambia,Men,1960-1969,High,423.77968633174896,3.3936790227890015,1.9334449768066406
Zambia,Men,1960-1969,Low,632.5314896702766,16.318532168865204,12.54278215765953
Zambia,Men,1970-1979,High,873.3066426366568,23.854758881032467,15.030038982629776
Zambia,Men,1970-1979,Low,1197.5474837496877,40.11850084364414,26.254826933145523
Zambia,Men,1980-1989,High,459.3065876364708,40.62812614440918,27.618897050619125
Zambia,Men,1980-1989,Low,570.8137832432985,22.402748256921768,11.503030121326447
Zambia,Women,1960-1969,High,104.25944359600544,1.361371010541916,0
Zambia,Women,1960-1969,Low,71.39619493484497,1.5360119938850403,0
Zambia,Women,1970-1979,High,1425.1354928016663,37.760561883449554,19.408876061439514
Zambia,Women,1970-1979,Low,902.6501255594194,9.433386832475662,1.3637660145759583
Zambia,Women,1980-1989,High,692.3439174816012,11.862818028777838,5.585835099220276
Zambia,Women,1980-1989,Low,654.1581261605024,5.079098999500275,1.9539920091629028
Zimbabwe,Men,1960-1969,High,436.0858113691211,12.29284093528986,6.25439590960741
Zimbabwe,Men,1960-1969,Low,369.4418898075819,6.7022329568862915,1.818727970123291
Zimbabwe,Men,1970-1979,High,1015.0197828188539,41.74381102621555,16.58850994706154
Zimbabwe,Men,1970-1979,Low,672.907723903656,41.11519706249237,15.132161110639572
Zimbabwe,Men,1980-1989,High,111.83848513662815,9.07541012763977,8.607345134019852
Zimbabwe,Men,1980-1989,Low,66.50575730204582,9.3416448533535,6.161334872245789
Zimbabwe,Women,1960-1969,High,251.27978973835707,10.146499991416931,4.144625127315521
Zimbabwe,Women,1960-1969,Low,204.16856659948826,9.014460921287537,5.38067989051342
Zimbabwe,Women,1970-1979,High,1006.833030641079,44.742131903767586,22.999445855617523
Zimbabwe,Women,1970-1979,Low,1092.0738665685058,22.955055102705956,6.648769915103912
Zimbabwe,Women,1980-1989,High,140.07487835735083,1.7075710594654083,1.4220560491085052
Zimbabwe,Women,1980-1989,Low,89.0107616186142,2.9057130813598633,2.3498620986938477
Albania,Men,1950-1959,All,328.5141856521368,15.908088952302933,2.165116995573044
Albania,Men,1960-1969,All,1543.0768755227327,116.58545525372028,37.392282113432884
Albania,Men,1970-1979,All,1192.1252193003893,194.16073071956635,86.13952395319939
Albania,Men,1980-1989,All,294.23118621110916,88.23286345601082,55.69524343311787
Albania,Women,1950-1959,All,854.3733241856098,0,0
Albania,Women,1960-1969,All,3976.0499863624573,33.10125911235809,25.33387814462185
Albania,Women,1970-1979,All,3166.0165965259075,201.958475664258,99.88842013478279
Albania,Women,1980-1989,All,816.6901139765978,82.01154600083828,58.13617756962776
Angola,Men,1960-1969,All,587.8031021729112,12.36538701504469,2.6690340116620064
Angola,Men,1970-1979,All,950.8570578694344,21.656768038868904,14.218050092458725
Angola,Men,1980-1989,All,127.05933208018541,2.6444619596004486,2.1536909490823746
Angola,Women,1960-1969,All,656.0982070788741,16.379360243678093,4.727845072746277
Angola,Women,1970-1979,All,2667.67845556885,74.18022939562798,27.253086745738983
Angola,Women,1980-1989,All,317.8991920799017,7.28241591155529,4.237132966518402
Armenia,Men,1960-1969,All,238.8802669197321,10.25415712594986,7.453136086463928
Armenia,Men,1970-1979,All,727.5438997596502,89.13348844647408,64.32582327723503
Armenia,Men,1980-1989,All,84.74497444927692,16.567342817783356,12.191972732543945
Armenia,Women,1960-1969,All,533.4846439361572,40.31241066753864,30.734785705804825
Armenia,Women,1970-1979,All,1602.5802320986986,152.56017427146435,101.08970250189304
Armenia,Women,1980-1989,All,220.81743241846561,23.624302864074707,22.1556678712368
Austria,Men,1910-1919,All,1.5005857343024545,0,0
Austria,Men,1920-1929,All,11.897196522115271,1.1245254526864361,0.4560692801909738
Austria,Men,1930-1939,All,39.273958155047055,3.7755145618463533,0.8121740206177708
Austria,Men,1940-1949,All,88.02492807354218,13.445019798990842,1.074294920618864
Austria,Men,1950-1959,All,115.02464584038938,15.81548276705965,3.3880178987047134
Austria,Men,1960-1969,All,505422.95511455496,114670.67567475673,42296.49428172373
Austria,Men,1970-1979,All,243559.84348152735,98181.44633663948,39533.17175192391
Austria,Men,1980-1989,All,24.94722843200354,9.564196046092382,2.061924480774361
Austria,Women,1910-1919,All,0.2392949953451513,0.2392949953451513,0
Austria,Women,1920-1929,All,17.455274340430996,4.945873685043477,1.1591161691879535
Austria,Women,1930-1939,All,51.303164851806386,4.619523183667042,0.6645800726634139
Austria,Women,1940-1949,All,112.31228117286742,11.843225081117435,1.8566125340376463
Austria,Women,1950-1959,All,102.2721040430628,13.11954071754636,4.057717318193485
Austria,Women,1960-1969,All,493438.2070846474,89316.48789392193,23609.718359918377
Austria,Women,1970-1979,All,247254.50703318766,57777.150951996504,13961.548300240232
Austria,Women,1980-1989,All,20.747572389277224,4.754490257215762,1.9191676357009744
Azerbaijan,Men,1940-1949,All,55.427993297576904,1.5364990234375,1.5364990234375
Azerbaijan,Men,1950-1959,All,449.51672314479947,21.552620977163315,8.13412594795227
Azerbaijan,Men,1960-1969,All,620.6650545112789,33.22515883296728,9.840272046625614
Azerbaijan,Men,1970-1979,All,121.53444807976484,11.34042401611805,6.55595900118351
Azerbaijan,Women,1950-1959,All,564.874494727701,49.6004980430007,30.60096602141857
Azerbaijan,Women,1960-1969,All,2459.2785618565977,257.5254532471299,156.87386447191238
Azerbaijan,Women,1970-1979,All,436.54326409101486,91.9690191745758,72.67990219593048
Belarus,Men,1930-1939,All,36.739164769649506,3.3782618045806885,1.9054919481277466
Belarus,Men,1940-1949,All,270.2671581208706,12.894564777612686,5.445317357778549
Belarus,Men,1950-1959,All,667.1236820816994,43.73286411166191,16.93270567059517
Belarus,Men,1960-1969,All,904.8744875490665,86.71158429980278,30.490175247192383
Belarus,Men,1970-1979,All,848.3213179111481,114.68878209590912,50.06676024198532
Belarus,Men,1980-1989,All,251.32667607069016,52.73440483212471,20.279148817062378
Belarus,Women,1920-1929,All,0,0,0
Belarus,Women,1930-1939,All,93.34049940109253,9.373580753803253,5.907589972019196
Belarus,Women,1940-1949,All,495.61848905682564,49.60606813430786,30.394411027431488
Belarus,Women,1950-1959,All,949.8639652431011,56.88664051890373,29.49931687116623
Belarus,Women,1960-1969,All,992.8756651878357,72.00317952036858,40.653721392154694
Belarus,Women,1970-1979,All,945.6316964328289,65.6569250524044,28.869921267032623
Belarus,Women,1980-1989,All,241.65619763731956,25.301928967237473,7.585155606269836
Belgium,Men,1910-1919,All,2.7795330841065926,0.6946354532343122,0
Belgium,Men,1920-1929,All,59.52826254131213,12.732908384475266,3.0496409328383933
Belgium,Men,1930-1939,All,405.2234119591677,92.56017806449083,13.065576188364185
Belgium,Men,1940-1949,All,607.6755623568779,171.31858030643593,36.946241043606285
Belgium,Men,1950-1959,All,799.1404931602419,162.4621462192942,51.647298708063786
Belgium,Men,1960-1969,All,897.9687258072549,179.53160234166523,60.05003660123673
Belgium,Men,1970-1979,All,393.1064167451856,94.43467807655415,33.24962826666071
Belgium,Men,1980-1989,All,28.628036483408966,8.27824878318928,3.6488879998519224
Belgium,Women,1910-1919,All,3.191480853108251,0.38610324075339797,0.38610324075339797
Belgium,Women,1920-1929,All,71.80150636244409,14.669275614556435,3.4129746853125766
Belgium,Women,1930-1939,All,428.8944450629137,107.25401209262375,38.34840358001158
Belgium,Women,1940-1949,All,618.3544385551038,140.1830058871982,27.329666007350454
Belgium,Women,1950-1959,All,849.5231048465853,134.21086046518155,22.02356639254781
Belgium,Women,1960-1969,All,914.1843824163352,122.604823588271,31.092994797932803
Belgium,Women,1970-1979,All,352.84066437786976,54.65777445113645,14.976986399361023
Belgium,Women,1980-1989,All,34.596441598864935,3.770460690232497,1.5229720003968836
Benin,Men,1950-1959,All,280.3134890496731,3.0373740196228027,2.5732840299606323
Benin,Men,1960-1969,All,735.6024503409863,12.967486888170242,5.12220698595047
Benin,Men,1970-1979,All,1269.543239414692,30.593993932008743,12.075853854417801
Benin,Men,1980-1989,All,606.15606389939785,32.41713687777519,15.906890988349915
Benin,Women,1960-1969,All,399.42381289601326,7.640955924987793,2.235559046268463
Benin,Women,1970-1979,All,2721.988722473383,34.14619895815849,6.094448953866959
Benin,Women,1980-1989,All,1346.0204818844795,25.491806864738464,3.65654194355011
Bolivia,Men,1940-1949,All,328.413363147527,18.59465876966715,5.459482911974192
Bolivia,Men,1950-1959,All,782.3049668520689,36.795510075986385,22.09868696331978
Bolivia,Men,1960-1969,All,1157.2001610212028,77.77073791995645,52.48517683520913
Bolivia,Men,1970-1979,All,434.31149953603745,30.159065913408995,21.469552014023066
Bolivia,Women,1950-1959,All,519.0810641087592,28.784748889505863,13.19400805234909
Bolivia,Women,1960-1969,All,3640.7520195133984,144.12983602285385,79.106610044837
Bolivia,Women,1970-1979,All,1431.4139359481633,82.22396720200777,52.87815126776695
Brazil,Men,1930-1939,All,109.4040060043335,5.2648850083351135,1.1629780530929565
Brazil,Men,1940-1949,All,435.5034250617027,30.144303113222122,12.194484144449234
Brazil,Men,1950-1959,All,570.3019177317619,45.410837560892105,22.181245297193527
Brazil,Men,1960-1969,All,67.99163842201233,11.048951148986816,7.00387915968895
Brazil,Women,1940-1949,All,864.325347930193,74.59393164515495,38.427643835544586
Brazil,Women,1950-1959,All,3071.10867318511,275.0548537671566,170.65692600607872
Brazil,Women,1960-1969,All,464.1682267189026,41.77390080690384,26.93700474500656
Bulgaria,Men,1910-1919,All,0,0,0
Bulgaria,Men,1920-1929,All,264.06950456920555,27.961216866970062,8.940317273139954
Bulgaria,Men,1930-1939,All,768.6942879419453,44.00461403118368,18.818407511579945
Bulgaria,Men,1940-1949,All,1039.6910411994686,91.94055453896848,44.234011390320504
Bulgaria,Men,1950-1959,All,1031.3936102156977,118.09745874168645,72.03714419586368
Bulgaria,Men,1960-1969,All,1345.962631434632,241.14785291407492,165.22920169014083
Bulgaria,Men,1970-1979,All,59.74601213353553,19.141497278019386,13.564198725218123
Bulgaria,Men,1980-1989,All,15.635077685010929,7.518724002427373,5.869233807209845
Bulgaria,Women,1910-1919,All,0.4217489160410679,0,0
Bulgaria,Women,1920-1929,All,204.88778523601667,19.972677289653674,7.047987341880798
Bulgaria,Women,1930-1939,All,1081.2684579439333,79.69794739054558,19.857203440892405
Bulgaria,Women,1940-1949,All,1158.1146053834273,64.27577953613303,22.714108781593012
Bulgaria,Women,1950-1959,All,977.9054125539603,64.66977779148428,32.7944502609647
Bulgaria,Women,1960-1969,All,1462.826347270302,123.72773622823321,75.95215823353392
Bulgaria,Women,1970-1979,All,63.62260258230632,6.727313707185745,3.462666991825044
Bulgaria,Women,1980-1989,All,11.427957586548697,3.0663167739524226,1.6867905625320692
Burkina Faso,Men,1950-1959,All,685.1291385293007,5.667812883853912,0
Burkina Faso,Men,1960-1969,All,1292.798672914505,14.615866035223007,3.525950014591217
Burkina Faso,Men,1970-1979,All,965.528952986002,59.89623060822487,28.48507884144783
Burkina Faso,Women,1960-1969,All,2478.0721056759357,22.211295902729034,5.565903961658478
Burkina Faso,Women,1970-1979,All,2440.7886349856853,21.36584198474884,4.32669797539711
Burundi,Men,1950-1959,All,224.33037933707237,3.705298960208893,2.1693519949913025
Burundi,Men,1960-1969,All,925.3987625539303,18.289682924747467,13.333866029977798
Burundi,Men,1970-1979,All,1217.1928009912372,31.81349901854992,15.515702947974205
Burundi,Men,1980-1989,All,363.35219540446997,7.9572319984436035,6.163185015320778
Burundi,Women,1960-1969,All,659.7770813554525,21.171140134334564,12.631900012493134
Burundi,Women,1970-1979,All,3109.8123297430575,108.80008997768164,66.3683689236641
Burundi,Women,1980-1989,All,951.1026751510799,49.92807672917843,36.67003479599953
Cambodia,Men,1960-1969,All,577.4832527451217,16.62361215054989,0.20888599753379822
Cambodia,Men,1970-1979,All,1130.0488433018327,52.767148926854134,20.494847029447556
Cambodia,Women,1960-1969,All,1988.5392011851072,134.87208051979542,81.60160765051842
Cambodia,Women,1970-1979,All,3797.296459328383,300.3789236024022,190.99789586663246
Cameroon,Men,1950-1959,All,266.6305958107114,7.614521145820618,0
Cameroon,Men,1960-1969,All,680.1728655695915,13.04430291056633,4.093715995550156
Cameroon,Men,1970-1979,All,1035.5621761232615,45.38421609997749,28.322494089603424
Cameroon,Men,1980-1989,All,560.4734507873654,54.347157672047615,36.42099666595459
Cameroon,Women,1950-1959,All,331.52170053869486,10.225433021783829,0
Cameroon,Women,1960-1969,All,894.967583745718,26.007947027683258,6.287065953016281
Cameroon,Women,1970-1979,All,2093.565221376717,71.94938313961029,11.234263062477112
Cameroon,Women,1980-1989,All,1232.4355299472809,51.99093468487263,29.846672669053078
Canada,Men,1920-1929,All,85843.45866394043,13073.099502563477,1090.4057006835938
Canada,Men,1930-1939,All,774332.2808876038,97197.41606521606,20507.116214752197
Canada,Men,1940-1949,All,1907271.4878349304,326143.15061569214,36314.17026901245
Canada,Men,1950-1959,All,3228273.5260505676,594771.7284355164,107129.7562789917
Canada,Men,1960-1969,All,3617015.1292037964,848311.8776550293,233503.6995162964
Canada,Men,1970-1979,All,1388848.2120437622,347379.32191467285,100127.17234802246
Canada,Women,1920-1929,All,71770.12577056885,11455.706954956055,5370.993469238281
Canada,Women,1930-1939,All,712334.5053138733,98640.16576004028,34236.13059234619
Canada,Women,1940-1949,All,1816361.4957351685,297868.138961792,69174.42074203491
Canada,Women,1950-1959,All,3155323.5253448486,607232.138343811,144370.05558776855
Canada,Women,1960-1969,All,3736705.209163666,734258.5129051208,173850.19705963135
Canada,Women,1970-1979,All,1503274.780822754,310395.27672576904,92886.19934082031
Central African Republic,Men,1930-1939,All,93.88475209474564,8.356956839561462,0
Central African Republic,Men,1940-1949,All,191.49138808250427,11.555493950843811,0.9617509841918945
Central African Republic,Men,1950-1959,All,307.578795671463,34.21770656108856,14.896046757698059
Central African Republic,Men,1960-1969,All,4.22738391160965,1.3355449438095093,0
Central African Republic,Women,1940-1949,All,429.8717858195305,35.7845533490181,1.7760739922523499
Central African Republic,Women,1950-1959,All,1153.2001330852509,88.97860312461853,12.101257860660553
Central African Republic,Women,1960-1969,All,7.122570097446442,0,0
Chad,Men,1950-1959,All,210.8514457717538,3.8345229625701904,0
Chad,Men,1960-1969,All,676.4504020698369,11.646891865879297,3.496074914932251
Chad,Men,1970-1979,All,1029.8918107114732,23.468298062682152,12.541879087686539
Chad,Men,1980-1989,All,81.16114082932472,2.0375190377235413,1.1144510507583618
Chad,Women,1960-1969,All,1260.2718228287995,10.579611957073212,1.3155770003795624
Chad,Women,1970-1979,All,3463.731108367443,41.41648814827204,13.467222183942795
Chad,Women,1980-1989,All,184.51047740131617,3.617248058319092,0
Colombia,Men,1950-1959,All,2053.643430452794,192.41354942088947,100.92954135406762
Colombia,Men,1960-1969,All,6041.131425769767,664.1625071601011,326.0969784539193
Colombia,Men,1970-1979,All,6606.339651990682,1155.393532663118,647.2609744830988
Colombia,Men,1980-1989,All,459.6540920853149,123.30869099963456,62.450494394637644
Colombia,Women,1960-1969,All,3909.8328774806578,215.31916788499802,107.96887047588825
Colombia,Women,1970-1979,All,8917.887988902861,633.9361604382284,335.9286412601359
Colombia,Women,1980-1989,All,545.7602286688052,43.808229476213455,29.15866531431675
Comoros,Men,1950-1959,All,95.51179520785809,4.487784057855606,0
Comoros,Men,1960-1969,All,285.574264973402,19.742037922143936,5.178890943527222
Comoros,Men,1970-1979,All,404.34211453795433,55.59620897471905,19.064977064728737
Comoros,Women,1960-1969,All,421.8276901394129,22.558059990406036,0
Comoros,Women,1970-1979,All,945.7597319111228,98.77916097640991,29.248331904411316
Congo,Men,1950-1959,All,322.89270807802677,3.9953390657901764,2.16990002989769
Congo,Men,1960-1969,All,804.192331187427,29.553126648068428,16.128791868686676
Congo,Men,1970-1979,All,874.5173803344369,42.5123797506094,21.490956842899323
Congo,Women,1960-1969,All,1252.8704171180725,27.300314091145992,6.011194959282875
Congo,Women,1970-1979,All,1763.2193431705236,45.91437205672264,9.532908022403717
Croatia,Men,1930-1939,All,6.566838854793101,0.328248709451592,0.16200383232386084
Croatia,Men,1940-1949,All,13.209737280418544,0.6014465763638741,0.34584761917635953
Croatia,Men,1950-1959,All,30.20443842352026,3.505065803107609,1.4762174939995218
Croatia,Men,1960-1969,All,29.170928246354528,5.504044478257878,2.590681944816917
Croatia,Men,1970-1979,All,25.126654473257673,6.146267140828392,2.613097135973892
Croatia,Men,1980-1989,All,10.28003864416032,4.032753142349909,1.9895747570231537
Croatia,Women,1920-1929,All,1.1268429069007508,0.3399288307424815,0.26823139103569993
Croatia,Women,1930-1939,All,7.312959758536866,0.7623744574281826,0.34112758243660624
Croatia,Women,1940-1949,All,20.76413475137171,1.1926126725362023,0.5559832152310404
Croatia,Women,1950-1959,All,32.41087850229902,2.7180918601838,0.6467556673370409
Croatia,Women,1960-1969,All,32.68150087268792,4.216072769091239,1.5198965705702698
Croatia,Women,1970-1979,All,25.94483310704944,2.504714263860647,0.9487714371025042
Croatia,Women,1980-1989,All,12.887639600017437,1.5857021128923654,0.8970555731707301
Cyprus,Men,1920-1929,All,1.4631082157248314,0.067306271373202,0.041393190434479976
Cyprus,Men,1930-1939,All,4.621573385487015,0.14231713075762498,0.025913080938722022
Cyprus,Men,1940-1949,All,6.782566055394981,0.17704078518009836,0.06018949477459934
Cyprus,Men,1950-1959,All,10.090450641390337,0.6262035963857331,0.2414966102557603
Cyprus,Men,1960-1969,All,10.499628229694117,0.8485839622789908,0.19228991451615274
Cyprus,Men,1970-1979,All,6.577350879653548,1.236632042435101,0.3916471165020683
Cyprus,Men,1980-1989,All,2.2284133480420465,0.7561355512405825,0.35727995562968573
Cyprus,Women,1920-1929,All,0.9711905048652143,0.02858461199354423,0.02858461199354423
Cyprus,Women,1930-1939,All,4.001123269852784,0.26079260345370514,0.060445612147574934
Cyprus,Women,1940-1949,All,8.004274706300654,0.8806518130659895,0.27301085196585273
Cyprus,Women,1950-1959,All,11.05494856148913,0.5805613255324125,0.34576399505284505
Cyprus,Women,1960-1969,All,12.84457230095708,0.8993116650853298,0.4092489456135887
Cyprus,Women,1970-1979,All,6.192186136261049,0.676930841262855,0.2886818629853951
Cyprus,Women,1980-1989,All,2.399213200923583,0.45980743689371906,0.3448875745889417
Czechia,Men,1920-1929,All,0.19732239365790605,0,0
Czechia,Men,1930-1939,All,7.913935026301111,0.19845804260842925,0
Czechia,Men,1940-1949,All,37.65486101340034,2.4283197108199417,0.1991610295287316
Czechia,Men,1950-1959,All,63.89255120521643,7.010466426283699,2.4052166649472895
Czechia,Men,1960-1969,All,89.40530678868339,9.202113096245625,2.806860102785329
Czechia,Men,1970-1979,All,79.94618711375819,13.374659920890473,5.51102014468551
Czechia,Men,1980-1989,All,28.007977782691302,12.93863297238369,4.951554521201373
Czechia,Women,1920-1929,All,0.15729203467495623,0,0
Czechia,Women,1930-1939,All,17.310383221747987,0.6787945646669336,0.5114608691112466
Czechia,Women,1940-1949,All,50.00181733851903,2.088938254468964,0.643809277818832
Czechia,Women,1950-1959,All,78.7767327980929,4.53086027780726,0.84209629538378294
Czechia,Women,1960-1969,All,77.84889116293621,5.585054790689412,1.678660473882747
Czechia,Women,1970-1979,All,80.488717680566,6.461754560678266,2.7275318350640987
Czechia,Women,1980-1989,All,30.047913629293852,4.76106496354225,1.6764071628301735
Democratic Republic of the Congo,Men,1950-1959,All,501.43474362045527,11.175409823656082,4.923533856868744
Democratic Republic of the Congo,Men,1960-1969,All,1227.7839441001415,26.95258989185095,9.33739584684372
Democratic Republic of the Congo,Men,1970-1979,All,1494.44780433923,49.772636480629444,21.26552477478981
Democratic Republic of the Congo,Women,1960-1969,All,1477.2658855691552,36.87807121127844,8.590913206338882
Democratic Republic of the Congo,Women,1970-1979,All,3442.2068576589227,124.13735104352236,38.35234638303518
Denmark,Men,1910-1919,All,1.338668741194212,0,0
Denmark,Men,1920-1929,All,9.711401939337659,1.6565155846136497,0
Denmark,Men,1930-1939,All,32.31070057006647,3.20996059436135,0.3395407051596635
Denmark,Men,1940-1949,All,62.298026524339775,8.285600059802471,1.9028442683798286
Denmark,Men,1950-1959,All,70.45528474079613,11.717013049690603,1.6383533082617934
Denmark,Men,1960-1969,All,80.6299052320135,15.789740615900413,2.72560010704649
Denmark,Men,1970-1979,All,44.79560662302395,10.285373081100754,1.2809968766587927
Denmark,Men,1980-1989,All,13.876439429690993,3.811502086076831,1.057811674698499
Denmark,Women,1910-1919,All,2.3333575234572237,0,0
Denmark,Women,1920-1929,All,16.899379709719,2.310954060168548,0
Denmark,Women,1930-1939,All,30.614748288450627,2.195604788942748,0
Denmark,Women,1940-1949,All,74.77249971557866,5.811372356217658,1.152422950903052
Denmark,Women,1950-1959,All,67.68603705530765,9.599783719664131,0.3874999284803877
Denmark,Women,1960-1969,All,73.37214059381337,12.051851021661143,1.264931762894987
Denmark,Women,1970-1979,All,52.45847522279078,5.905068804259912,1.278458916842908
Denmark,Women,1980-1989,All,12.46300725631907,1.9690935509275356,0.21203572748557953
Dominican Republic,Men,1940-1949,All,202.1419182419777,11.652209848165512,5.599792927503586
Dominican Republic,Men,1950-1959,All,402.0390889123082,19.556089758872986,5.073319911956787
Dominican Republic,Men,1960-1969,All,462.1676457822323,49.46901843696833,18.280549705028534
Dominican Republic,Women,1950-1959,All,3246.8239121586084,150.3057405501604,33.94088500738144
Dominican Republic,Women,1960-1969,All,4526.133694544435,218.85070533305407,86.36964636296034
Estonia,Men,1920-1929,All,136.80380203109303,15.955404269618422,0.09591398959978026
Estonia,Men,1930-1939,All,427.15619203484613,47.34912475642365,9.54861051570923
Estonia,Men,1940-1949,All,556.1020427769847,53.85518708281784,15.477086091826147
Estonia,Men,1950-1959,All,692.9024021236619,74.34745032496562,22.63159633370462
Estonia,Men,1960-1969,All,703.2705735609009,108.307138369472,41.882197876684415
Estonia,Men,1970-1979,All,34.531231248571586,5.4524735045219535,3.6616487867270546
Estonia,Men,1980-1989,All,3.7519451298688007,0.997036129113912,0.23924211490383707
Estonia,Women,1905-1909,All,0.08397144248467825,0,0
Estonia,Women,1910-1919,All,0.43301334026003424,0.05073090471803354,0.05073090471803354
Estonia,Women,1920-1929,All,317.9685501892925,47.55132110915848,11.63162118598143
Estonia,Women,1930-1939,All,685.1407234092674,63.508982701389215,18.665003622190024
Estonia,Women,1940-1949,All,701.5104173740655,53.48339418780576,17.838621460802763
Estonia,Women,1950-1959,All,831.4833370283225,52.75322744731535,16.58026886683025
Estonia,Women,1960-1969,All,769.2208032609408,59.18561767242302,28.33478526230909
Estonia,Women,1970-1979,All,31.10268084244515,5.039971754046335,2.5805023587950515
Estonia,Women,1980-1989,All,3.5916325056587355,0.543826401920485,0.15263693670242695
Ethiopia,Men,1950-1959,All,230.65338778775185,5.617526967078447,0.11693500354886055
Ethiopia,Men,1960-1969,All,1326.8006746871397,28.76701385062188,9.113387893885374
Ethiopia,Men,1970-1979,All,2405.735856012441,123.72666844166815,71.80012887436897
Ethiopia,Men,1980-1989,All,658.3772516744211,56.96646801568568,32.015613032504916
Ethiopia,Women,1960-1969,All,537.319930090569,17.120449971407652,3.095925986766815
Ethiopia,Women,1970-1979,All,2847.9074528068304,95.1117888558656,46.33205768093467
Ethiopia,Women,1980-1989,All,853.1294285347685,44.05188695341349,20.195851150900126
Finland,Men,1910-1919,All,1.5624821267625588,0.20407167788795455,0
Finland,Men,1920-1929,All,9.337110473042552,0.36736254411207625,0.36736254411207625
Finland,Men,1930-1939,All,30.012414932486898,3.010715708683586,0.7332376337291961
Finland,Men,1940-1949,All,58.553005812477814,6.461903553217125,1.8715458408194614
Finland,Men,1950-1959,All,75.3426120139453,12.989600214214235,4.578315992061105
Finland,Men,1960-1969,All,75.37460156552108,17.585361193911986,5.646530600919835
Finland,Men,1970-1979,All,39.5308969471574,10.555607128632714,2.944315807462015
Finland,Men,1980-1989,All,14.413573480120306,4.176083194347687,0.246750907251144
Finland,Women,1905-1909,All,0.1850568161203512,0,0
Finland,Women,1910-1919,All,3.397675099004708,0.47963759277340934,0
Finland,Women,1920-1929,All,16.179615541273908,3.061211930196926,1.9442457336506145
Finland,Women,1930-1939,All,45.18937725051835,4.940929853257224,2.066644767390379
Finland,Women,1940-1949,All,67.79005037262306,7.840334154736384,2.3618897276624597
Finland,Women,1950-1959,All,77.63210571544828,11.921708093819174,2.0563306284552656
Finland,Women,1960-1969,All,70.88743424253819,11.078325686945526,2.4060447153424604
Finland,Women,1970-1979,All,35.489657676619714,6.625222864003817,1.3912141165808052
Finland,Women,1980-1989,All,15.974184660383909,2.757900192734798,0.6265509004276524
France,Men,1910-1919,All,19.24811788560698,3.8557199038316696,3.8557199038316696
France,Men,1920-1929,All,683597.7488786168,125800.14278088449,31845.48515164909
France,Men,1930-1939,All,2071222.1293472429,231627.57159468468,96333.81574936214
France,Men,1940-1949,All,3607125.4339907276,477560.74243199185,175065.94691897623
France,Men,1950-1959,All,3546659.447436268,510178.9772048453,149423.55741000373
France,Men,1960-1969,All,4192792.4143134793,919509.7090820535,331208.2774962172
France,Men,1970-1979,All,474715.53575853835,130334.12373465614,40648.171122834996
France,Men,1980-1989,All,162.55509228417677,39.6699735154304,4.140785904809533
France,Women,1910-1919,All,13.816765687917204,0,0
France,Women,1920-1929,All,916977.2673369527,176958.5354612646,53411.82016517769
France,Women,1930-1939,All,2603884.0452643125,293885.05293433764,98841.68911057943
France,Women,1940-1949,All,3250512.8580557858,389889.6512700934,113829.59506927407
France,Women,1950-1959,All,4318504.541732979,474441.2250031469,146391.57690110925
France,Women,1960-1969,All,4366281.785453523,561266.2972307904,169718.53059378875
France,Women,1970-1979,All,417183.1836410914,55553.73040790466,32527.547216533974
France,Women,1980-1989,All,186.54912239590925,29.309753225288553,0
Gabon,Men,1950-1959,All,359.45340021699667,3.7617340311408043,1.8054150268435478
Gabon,Men,1960-1969,All,927.6354630626738,28.95063977316022,5.6198070123791695
Gabon,Men,1970-1979,All,951.2282325439155,101.08275387063622,46.52310810983181
Gabon,Women,1960-1969,All,1003.4713263548911,33.9897702857852,7.039410009980202
Gabon,Women,1970-1979,All,1299.347015734762,67.36980257183313,20.568635150790215
Gambia,Men,1960-1969,All,366.3948544859886,8.012613080441952,2.667541041970253
Gambia,Men,1970-1979,All,693.3050748184323,40.63968097418547,23.95933609455824
Gambia,Men,1980-1989,All,519.8482968434691,76.44312408566475,50.936871945858
Gambia,Women,1970-1979,All,1698.8359351232648,47.37404723465443,4.193906933069229
Gambia,Women,1980-1989,All,1484.886725999415,70.13911785185337,15.529302954673767
Georgia,Men,1920-1929,All,71.656488835811615,1.7641822695732117,0
Georgia,Men,1930-1939,All,308.5012591481209,16.302612900733948,6.562252640724182
Georgia,Men,1940-1949,All,390.7599359154701,19.34600430727005,6.624896049499512
Georgia,Men,1950-1959,All,723.5530977845192,54.72877812385559,38.15564447641373
Georgia,Men,1960-1969,All,971.3759053349495,133.29703617095947,96.25907641649246
Georgia,Men,1970-1979,All,121.15392965078354,40.791034281253815,29.036712050437927
Georgia,Women,1920-1929,All,103.75141191482544,21.533201456069946,13.569902122020721
Georgia,Women,1930-1939,All,402.52130913734436,54.3150799870491,31.21602690219879
Georgia,Women,1940-1949,All,527.9985379576683,66.56222361326218,44.95763236284256
Georgia,Women,1950-1959,All,829.8899347186089,82.60961139202118,58.326393365859985
Georgia,Women,1960-1969,All,1103.2973411679268,151.30071133375168,118.96113121509552
Georgia,Women,1970-1979,All,164.56218671798706,23.923002004623413,15.76935338973999
Germany,Men,1910-1919,All,9.83927489316298,0.8364813518962251,0
Germany,Men,1920-1929,All,292.11838330560045,48.65972699270186,11.624000042676926
Germany,Men,1930-1939,All,1148.926667010007,194.01345358098678,48.92891796878201
Germany,Men,1940-1949,All,1594.6901827718693,305.1530470719455,57.67734252736038
Germany,Men,1950-1959,All,2017.2432787113503,459.6248452439761,139.5551040954934
Germany,Men,1960-1969,All,2412.225137171468,750.4416105358839,284.5837554349315
Germany,Men,1970-1979,All,712.3950030432114,246.18560361168676,75.63993712456194
Germany,Men,1980-1989,All,228.11744657026105,109.801711781194,11.859640632415903
Germany,Women,1910-1919,All,64.72519460963026,13.503500985762244,2.2184715925489087
Germany,Women,1920-1929,All,596.818720981928,129.69296286089147,62.86377383349285
Germany,Women,1930-1939,All,1264.0041812505679,201.6139485352907,74.43147908219962
Germany,Women,1940-1949,All,1667.3308274046667,267.6504059436239,40.39839408535009
Germany,Women,1950-1959,All,2162.891457273342,321.9846986683664,63.956434094877814
Germany,Women,1960-1969,All,2376.857983778702,410.6417184594204,109.79309749642434
Germany,Women,1970-1979,All,706.6646016827891,132.56018330923703,25.562271434893177
Germany,Women,1980-1989,All,196.5026014539506,34.924337683958754,5.218618962578603
Ghana,Men,1950-1959,All,225.86422239989042,4.8228490352630615,1.2825920581817627
Ghana,Men,1960-1969,All,657.8238594904542,26.377671867609024,16.75840899348259
Ghana,Men,1970-1979,All,920.2777289226651,74.94788686186075,40.72611504793167
Ghana,Women,1960-1969,All,866.4950331896544,18.726781904697418,1.6427769660949707
Ghana,Women,1970-1979,All,2315.713397756219,98.02317696809769,25.233801931142807
Guatemala,Men,1950-1959,All,538.3276972845197,21.756762266159058,10.483093112707138
Guatemala,Men,1960-1969,All,1460.4513810873032,73.3021747469902,48.50641688704491
Guatemala,Men,1970-1979,All,2012.7178544700146,179.36287128925323,114.12446531653404
Guatemala,Men,1980-1989,All,45.942998856306076,4.42321389913559,2.9360379576683044
Guatemala,Women,1960-1969,All,2023.4142799153924,96.51498487591743,64.64199087023735
Guatemala,Women,1970-1979,All,5451.013408616185,341.69298511743546,247.3451390489936
Guatemala,Women,1980-1989,All,159.39114451408386,19.559267044067383,14.142692148685455
Guinea,Men,1950-1959,All,37.48622089624405,0,0
Guinea,Men,1960-1969,All,514.9631527066231,10.80215185880661,5.648013889789581
Guinea,Men,1970-1979,All,776.7586435973644,33.52304118871689,12.145040035247803
Guinea,Men,1980-1989,All,362.83226132392883,54.58718377351761,28.869542717933655
Guinea,Women,1960-1969,All,171.20818531513214,11.052172005176544,2.9341059923171997
Guinea,Women,1970-1979,All,1917.0154011845589,86.9888456761837,11.531073987483978
Guinea,Women,1980-1989,All,1077.7308624982834,53.625752568244934,7.617838144302368
Guyana,Men,1950-1959,All,45.783998906612396,1.2589679956436157,0.3057270050048828
Guyana,Men,1960-1969,All,882.3270278610289,113.1315223351121,54.3787377178669
Guyana,Men,1970-1979,All,405.83908692374825,62.366573847830296,30.380207240581512
Guyana,Women,1950-1959,All,55.34624323248863,3.405602991580963,3.405602991580963
Guyana,Women,1960-1969,All,1243.5201258026063,93.0060611218214,40.37229600548744
Guyana,Women,1970-1979,All,611.2035672999918,47.084379345178604,25.93302831053734
Haiti,Men,1950-1959,All,1103.4326798170805,21.24785378575325,11.740760833024979
Haiti,Men,1960-1969,All,1908.811610415578,61.27212505042553,28.70745912194252
Haiti,Men,1970-1979,All,2240.205023393035,155.89410388469696,91.89026209712029
Haiti,Men,1980-1989,All,601.2607690244913,78.82580864429474,47.30022397637367
Haiti,Women,1950-1959,All,451.74409724771976,0,0
Haiti,Women,1960-1969,All,1207.19438187778,23.009856700897217,7.362075865268707
Haiti,Women,1970-1979,All,2723.255693383515,161.90804733335972,66.558139488101
Haiti,Women,1980-1989,All,724.8711986765265,78.20657228678465,41.944796681404114
Honduras,Men,1950-1959,All,747.4833490550518,33.668733805418015,15.310035020112991
Honduras,Men,1960-1969,All,1129.7754527106881,70.67024165391922,31.31704691052437
Honduras,Men,1970-1979,All,1000.3492941781878,112.39065320044756,60.38987697660923
Honduras,Women,1960-1969,All,3107.073646299541,139.87202207744122,81.5007162541151
Honduras,Women,1970-1979,All,3647.3026805222034,167.57294736802578,105.4088725745678
Hungary,Men,1910-1919,All,3.000307221507626,0.35682898148893827,0
Hungary,Men,1920-1929,All,201.74853191014324,23.639562305039924,2.966844789936866
Hungary,Men,1930-1939,All,720.3297648069895,83.36429190822913,20.399623792129113
Hungary,Men,1940-1949,All,1115.113192097378,135.21804152377442,35.012683205121306
Hungary,Men,1950-1959,All,1439.8145690332317,197.7436797814271,99.0551201295379
Hungary,Men,1960-1969,All,1242.9246605422315,289.2937708978904,148.14452948280322
Hungary,Men,1970-1979,All,99.09139237389827,33.595982794155965,15.414151393119479
Hungary,Men,1980-1989,All,34.75914778217468,11.009310321364651,6.39046661442006
Hungary,Women,1910-1919,All,2.476038189181537,0.7477323564533194,0
Hungary,Women,1920-1929,All,379.73980872310244,63.7017857621008,14.664825606535672
Hungary,Women,1930-1939,All,1128.2317396504336,124.09971768126192,28.728418516058483
Hungary,Women,1940-1949,All,1389.699377529339,137.26365338711838,38.688007580466966
Hungary,Women,1950-1959,All,1629.9973247666906,138.4077991520837,41.51864090374145
Hungary,Women,1960-1969,All,1312.9542639062531,126.89386417445351,49.78676074974385
Hungary,Women,1970-1979,All,97.16392969666273,22.889605278831326,10.418293898381492
Hungary,Women,1980-1989,All,28.07809437762799,8.091840462343356,1.5149742577332468
Iceland,Men,1920-1929,All,0.05070291908255253,0.024876760683612442,0.024876760683612442
Iceland,Men,1930-1939,All,0.29756351623741484,0.05070291908255253,0.02582615839894009
Iceland,Men,1940-1949,All,0.9842701440652604,0.0709469066281514,0.05070291908255253
Iceland,Men,1950-1959,All,1.645202417554749,0.08274676906723943,0.05787000838362699
Iceland,Men,1960-1969,All,2.549017151144561,0.23918872055802964,0.15470460052137458
Iceland,Men,1970-1979,All,2.216883127546114,0.1848726849390805,0.030958691446741238
Iceland,Men,1980-1989,All,1.1950400040940732,0.061917382893482475,0
Iceland,Women,1920-1929,All,0.09396936930546396,0,0
Iceland,Women,1930-1939,All,0.382501715845156,0,0
Iceland,Women,1940-1949,All,1.1269315977183654,0.01721874247310673,0
Iceland,Women,1950-1959,All,1.4389926339624046,0.03653535824632437,0
Iceland,Women,1960-1969,All,2.0662194538731757,0.16272382979888889,0.01721874247310673
Iceland,Women,1970-1979,All,2.3623419236201935,0.23021582106534577,0.0609599966151535
Iceland,Women,1980-1989,All,1.1127202048471014,0.03047999830757675,0
India,Men,1960-1969,All,16751.711625630618,1186.605664918432,239.92655251943506
India,Men,1970-1979,All,25427.14372580638,2240.236054864712,733.2760533966357
India,Men,1980-1989,All,3804.345656899037,449.3492092406377,188.61202429234982
India,Women,1960-1969,All,54201.0236464499,1893.6483469102532,401.69245999574196
India,Women,1970-1979,All,166293.24610657443,6307.910655487794,1688.2486075924244
India,Women,1980-1989,All,22862.37458909664,1203.3147202139953,393.28805866092443
Indonesia,Men,1960-1969,All,2405.343784876168,49.32892003655434,0
Indonesia,Men,1970-1979,All,3580.7717634811997,145.89698007702827,0
Indonesia,Men,1980-1989,All,1035.7240513786674,58.76325500011444,0
Indonesia,Women,1960-1969,All,2934.9266050830483,166.28337686508894,59.28438998013735
Indonesia,Women,1970-1979,All,14282.767852000892,797.0971416383982,320.8020378947258
Indonesia,Women,1980-1989,All,4363.434472560883,259.31954707205296,93.33196991682053
Ireland,Men,1910-1919,All,0.4384764004947215,0,0
Ireland,Men,1920-1929,All,5.369225507876951,1.1408171030310186,0.789631774587761
Ireland,Men,1930-1939,All,18.33821649250712,2.6421927944280204,1.4646654187209491
Ireland,Men,1940-1949,All,32.816165326162505,5.766640700984757,2.470008818914039
Ireland,Men,1950-1959,All,47.00852151003792,7.452079350882775,5.400885488322768
Ireland,Men,1960-1969,All,55.68148856089942,15.362335874973823,8.202942533326523
Ireland,Men,1970-1979,All,37.79695357503954,9.158746858029202,2.867849757914766
Ireland,Men,1980-1989,All,15.171699565695139,6.286070886984074,2.487461865792289
Ireland,Women,1905-1909,All,0.09664917128765182,0.09664917128765182,0
Ireland,Women,1910-1919,All,0.1776369557960038,0.08098778450835198,0
Ireland,Women,1920-1929,All,5.977599224899731,1.0700164108022379,0.6024109703271407
Ireland,Women,1930-1939,All,15.47458166779241,2.77386113261554,1.6385041366399284
Ireland,Women,1940-1949,All,36.81470473223681,4.150466314053671,2.438725235208363
Ireland,Women,1950-1959,All,49.23537414329878,6.359285520215474,3.2907767018488694
Ireland,Women,1960-1969,All,61.770506823758225,7.204747174853822,3.859564158967919
Ireland,Women,1970-1979,All,40.52253039607034,5.450203331344313,0.7475310140104794
Ireland,Women,1980-1989,All,16.142326180870715,2.786736864158973,1.3484307549848658
Ireland,NA,1920-1929,All,0.08812220135806825,0.08812220135806825,0
Ireland,NA,1930-1939,All,0.6621929783815972,0.08812220135806825,0.08812220135806825
Ireland,NA,1940-1949,All,0.9694207384665603,0,0
Ireland,NA,1950-1959,All,0.7819830240875945,0.1620844909036947,0
Ireland,NA,1960-1969,All,0.517579715543178,0.19342831286601836,0
Italy,Men,1920-1929,All,7.352603002986669,0,0
Italy,Men,1930-1939,All,135.22376200916955,7.392594624511759,2.07586867810015
Italy,Men,1940-1949,All,268.8426493250629,29.284563924858595,12.20501381365672
Italy,Men,1950-1959,All,346.2828999059461,53.19549804084987,18.68810497036992
Italy,Men,1960-1969,All,439.3530534177278,128.60489432821024,52.96920265795274
Italy,Men,1970-1979,All,438.8827986066602,160.03191162578048,83.81078136839918
Italy,Men,1980-1989,All,159.99975830700043,89.51509072999181,43.68767521496064
Italy,Women,1920-1929,All,31.733677458247513,1.7025834276938383,0
Italy,Women,1930-1939,All,206.23674031707478,10.649801105467617,3.908976354446807
Italy,Women,1940-1949,All,319.9931157516006,37.82349574660443,19.17246973910106
Italy,Women,1950-1959,All,373.86619557710674,62.05064454956827,18.839072675961113
Italy,Women,1960-1969,All,500.9090013791766,129.89729116735936,43.39206852391228
Italy,Women,1970-1979,All,428.83466593623314,115.10205878180182,54.94076294974099
Italy,Women,1980-1989,All,164.9236870802357,67.52425295709206,21.34229051947633
Ivory Coast,Men,1950-1959,All,320.8088727667928,2.6789150536060333,0.28783300518989563
Ivory Coast,Men,1960-1969,All,750.3562077693641,24.98884218931198,9.604297190904617
Ivory Coast,Men,1970-1979,All,816.2229712456465,56.732207801193,35.95120196789503
Ivory Coast,Women,1960-1969,All,1056.568683348596,33.324902944266796,8.309975914657116
Ivory Coast,Women,1970-1979,All,1596.3905682340264,58.03644199669361,18.968683943152428
Kazakhstan,Men,1930-1939,All,32.537100315093994,3.8642882108688354,2.5761921405792236
Kazakhstan,Men,1940-1949,All,430.15183237195015,55.2367388010025,27.974417090415955
Kazakhstan,Men,1950-1959,All,901.8471495509148,106.69653704762459,68.2811042368412
Kazakhstan,Men,1960-1969,All,1342.3805575668812,188.80583563447,110.74880847334862
Kazakhstan,Men,1970-1979,All,1337.0871295928955,263.46692276000977,161.9007830619812
Kazakhstan,Men,1980-1989,All,482.41135597229004,92.04630470275879,59.88554763793945
Kazakhstan,Women,1920-1929,All,0,0,0
Kazakhstan,Women,1930-1939,All,49.296634554862976,12.114172458648682,8.652980327606201
Kazakhstan,Women,1940-1949,All,519.7100614607334,106.16243594884872,74.93280482292175
Kazakhstan,Women,1950-1959,All,2064.7805595993996,208.0494000017643,146.90889811515808
Kazakhstan,Women,1960-1969,All,2033.9618168473244,249.95569211244583,179.57358440756798
Kazakhstan,Women,1970-1979,All,1365.4499627947807,214.05218368768692,153.09008449316025
Kazakhstan,Women,1980-1989,All,529.6089179515839,70.24619030952454,51.30339741706848
Kenya,Men,1950-1959,All,44.48548178374767,0,0
Kenya,Men,1960-1969,All,1589.6098713092506,43.328406400978565,27.05542029440403
Kenya,Men,1970-1979,All,2630.135606534779,136.04004235565662,78.33085724711418
Kenya,Women,1960-1969,All,2430.216847706586,45.82332210242748,16.290035158395767
Kenya,Women,1970-1979,All,6484.567681636661,197.67399983853102,117.87662881612778
Kyrgyzstan,Men,1960-1969,All,400.56160320341587,7.5780841410160065,3.163049042224884
Kyrgyzstan,Men,1970-1979,All,463.32761915028095,25.398121803998947,9.966235041618347
Kyrgyzstan,Women,1960-1969,All,1316.350007660687,35.71616995334625,15.43285208940506
Kyrgyzstan,Women,1970-1979,All,1434.9391829818487,67.1536670923233,20.658304899930954
Latvia,Men,1920-1929,All,0.06384950446650173,0,0
Latvia,Men,1930-1939,All,2.766331087577736,0.294417240578392,0
Latvia,Men,1940-1949,All,6.903642968673013,0.7479745873240322,0.14937481292367316
Latvia,Men,1950-1959,All,9.04083392528149,0.39850553993290294,0.20948016131700475
Latvia,Men,1960-1969,All,14.80028868847684,1.656111191734153,0.2437259445379958
Latvia,Men,1970-1979,All,12.519098872510515,2.3043570596583027,0.5534898940696529
Latvia,Men,1980-1989,All,4.440516638508702,1.4858049222432124,0.835129969145596
Latvia,Women,1920-1929,All,0.4026397403601103,0.04312523681573022,0
Latvia,Women,1930-1939,All,5.789041568415552,0.7139160015936625,0.28343533685191513
Latvia,Women,1940-1949,All,10.856294070118437,0.2019495075422113,0.045292622060401744
Latvia,Women,1950-1959,All,16.674123265349902,1.2831674187703754,0.13226849885931635
Latvia,Women,1960-1969,All,15.633517171563737,0.8931659881226768,0.35973297862564246
Latvia,Women,1970-1979,All,14.081054806294024,1.5233925843346463,0.7942138827306571
Latvia,Women,1980-1989,All,4.420049485451743,0.48824151866562104,0.07065939329619342
Lesotho,Men,1950-1959,All,125.25855159014463,8.381916016340256,1.7230689823627472
Lesotho,Men,1960-1969,All,317.98785020411015,28.006248891353607,13.285595029592514
Lesotho,Men,1970-1979,All,492.0114233866334,84.62202908098698,62.61602208018303
Lesotho,Women,1960-1969,All,513.9902535527945,24.625321954488754,6.806510865688324
Lesotho,Women,1970-1979,All,1291.1750093847513,58.511891186237335,16.03162395954132
Liberia,Men,1950-1959,All,2.3239190578460693,0,0
Liberia,Men,1960-1969,All,427.26267405599356,3.9681249260902405,2.9503849148750305
Liberia,Men,1970-1979,All,738.4341689050198,13.960081733763218,5.614432901144028
Liberia,Men,1980-1989,All,495.76280080899596,7.347383230924606,5.407448202371597
Liberia,Women,1960-1969,All,7.937137842178345,0,0
Liberia,Women,1970-1979,All,1391.5690507888794,14.90107099711895,5.735615074634552
Liberia,Women,1980-1989,All,1015.0328864902258,14.861042976379395,3.8439010977745056
Lithuania,Men,1920-1929,All,40.33559033175793,9.2769719660282135,5.8700598776340485
Lithuania,Men,1930-1939,All,358.7744230155182,58.17013443657741,18.323597987434212
Lithuania,Men,1940-1949,All,529.3393682880717,77.69363904208565,29.271662415412695
Lithuania,Men,1950-1959,All,714.7194569117598,104.36401648682167,51.764742780347774
Lithuania,Men,1960-1969,All,977.7084653238684,137.9149700232266,72.66179876526198
Lithuania,Men,1970-1979,All,173.48503092352786,37.24393031264888,21.856766160812153
Lithuania,Men,1980-1989,All,3.928541163360647,1.1427345922495602,0.10870843142845144
Lithuania,Women,1920-1929,All,68.01672739163351,24.724238618543662,16.985756075196136
Lithuania,Women,1930-1939,All,548.3130698078247,97.91563976854772,52.185161188244656
Lithuania,Women,1940-1949,All,798.2486315153267,111.13820090851576,59.950657988130004
Lithuania,Women,1950-1959,All,745.2438007199871,104.73467924954838,54.90883069231182
Lithuania,Women,1960-1969,All,932.7114071673082,91.44067160299406,55.09533448152761
Lithuania,Women,1970-1979,All,154.07752567350775,22.018030923940707,15.008039557433044
Lithuania,Women,1980-1989,All,7.413591144103046,1.1017868941052211,0.28297729411047357
Madagascar,Men,1940-1949,All,33.05383188277483,0.4851909875869751,0
Madagascar,Men,1950-1959,All,997.0774592608213,33.626638263463974,7.760789006948471
Madagascar,Men,1960-1969,All,1497.9954289644957,60.27881442010403,14.866111993789673
Madagascar,Men,1970-1979,All,775.3510208874941,51.40321330726147,22.042494028806686
Madagascar,Women,1950-1959,All,204.05947319418192,7.272434026002884,0.7221069931983948
Madagascar,Women,1960-1969,All,3362.2117164731026,160.2761639803648,35.34963792562485
Madagascar,Women,1970-1979,All,1774.7856914326549,63.81937327235937,15.996388107538223
Malawi,Men,1960-1969,All,693.2154000066221,14.899880981072783,7.134339010342956
Malawi,Men,1970-1979,All,1379.6086716596037,41.147338174283504,27.243134170770645
Malawi,Men,1980-1989,All,232.22698608320206,4.338176906108856,0.7783510088920593
Malawi,Women,1960-1969,All,1143.9368411712348,14.447461068630219,0
Malawi,Women,1970-1979,All,4549.929079328664,48.172203061170876,5.7904180362820625
Malawi,Women,1980-1989,All,825.7747633643448,10.45146997179836,4.4229409378021955
Maldives,Men,1960-1969,All,209.69363597035408,17.885199010372162,6.591217041015625
Maldives,Men,1970-1979,All,908.0691218972206,90.27057495713234,36.79741579294205
Maldives,Men,1980-1989,All,216.42768415808678,34.39693105220795,11.126897990703583
Maldives,Women,1960-1969,All,427.6316739618778,20.55859485268593,1.5543240308761597
Maldives,Women,1970-1979,All,1673.80586078763,78.41181565821171,25.497860699892044
Maldives,Women,1980-1989,All,524.6408587694168,30.94517296552658,5.5297379195690155
Mali,Men,1950-1959,All,33.8210876993835,0.8538650274276733,0
Mali,Men,1960-1969,All,651.1126949074678,8.778611905872822,2.4425169825553894
Mali,Men,1970-1979,All,918.0008002319373,17.858475900255144,6.213287000544369
Mali,Men,1980-1989,All,440.46887424821034,27.88483666628599,6.141789939254522
Mali,Women,1960-1969,All,130.804602466058,2.8253989219665527,0
Mali,Women,1970-1979,All,1758.8448263001628,40.25837874785066,3.571818015538156
Mali,Women,1980-1989,All,1014.0823473474011,30.151425087824464,4.471686890348792
Mauritania,Men,1940-1949,All,142.27330781519413,6.3127098977565765,2.0264649391174316
Mauritania,Men,1950-1959,All,346.5920907706022,14.881890252232552,6.267010197043419
Mauritania,Men,1960-1969,All,330.1983895599842,50.53345113992691,34.764741986989975
Mauritania,Women,1950-1959,All,900.9104759916663,61.486690267920494,16.363664016127586
Mauritania,Women,1960-1969,All,1165.0413864329457,92.66380898654461,40.460167944431305
Moldova,Men,1940-1949,All,183.93522763252258,12.890522718429565,5.506673991680145
Moldova,Men,1950-1959,All,614.7301008701324,52.734904050827026,26.44754409790039
Moldova,Men,1960-1969,All,715.4200202226639,81.10621649026871,38.9071529507637
Moldova,Men,1970-1979,All,817.4024903774261,146.86852204799652,79.18142509460449
Moldova,Men,1980-1989,All,601.8026766777039,153.55347418785095,75.59320163726807
Moldova,Women,1940-1949,All,321.84440037608147,36.81081873178482,25.347400903701782
Moldova,Women,1950-1959,All,832.4510671794415,67.87750717997551,35.12784123420715
Moldova,Women,1960-1969,All,869.4715163111687,60.469977140426636,23.761848986148834
Moldova,Women,1970-1979,All,863.5663085579872,65.14116716384888,22.370446622371674
Moldova,Women,1980-1989,All,570.060931801796,45.93628740310669,16.741535663604736
Montenegro,Men,1920-1929,All,0.02379352400231305,0,0
Montenegro,Men,1930-1939,All,0.44012621088787257,0.050398527287078276,0.02632729204701778
Montenegro,Men,1940-1949,All,1.1358376218789346,0.11134127237426594,0.023630857109260495
Montenegro,Men,1950-1959,All,3.4898019272866287,0.23696189878509027,0.15317919068198638
Montenegro,Men,1960-1969,All,4.338615987022343,0.6778771750523451,0.57476218247294375
Montenegro,Men,1970-1979,All,4.516747356003298,0.943345235511859,0.5150469660652524
Montenegro,Men,1980-1989,All,1.8668184607445037,0.7284627117708563,0.566055972275738
Montenegro,Women,1930-1939,All,0.5729127796011826,0.05057780837574577,0.05057780837574577
Montenegro,Women,1940-1949,All,1.7614485941966773,0.14889443535074265,0.08513483121869925
Montenegro,Women,1950-1959,All,3.190013661809034,0.31425424395317303,0.22606644822735178
Montenegro,Women,1960-1969,All,4.258863298448123,0.39124282187560533,0.27971106943928803
Montenegro,Women,1970-1979,All,4.313623216085825,0.5752126558899961,0.4929957201625552
Montenegro,Women,1980-1989,All,2.415806280693408,0.3249893989938243,0.25733423899884833
Mozambique,Men,1940-1949,All,72.66325694322586,0.36555299162864685,0
Mozambique,Men,1950-1959,All,362.606396228075,8.143738120794296,0
Mozambique,Men,1960-1969,All,469.57534459233284,12.622864067554474,2.2799799740314484
Mozambique,Men,1970-1979,All,596.2222704440355,18.239657074213028,4.569623023271561
Mozambique,Women,1960-1969,All,1801.3878876566887,68.68186485767365,7.833584040403366
Mozambique,Women,1970-1979,All,2156.2702420949936,94.20021599531174,13.086128026247025
Myanmar,Men,1960-1969,All,431.4663050323725,38.05110111087561,20.71459397673607
Myanmar,Men,1970-1979,All,1337.3728058114648,191.5080777555704,113.57485960423946
Myanmar,Men,1980-1989,All,169.52868527173996,42.731738686561584,26.405260995030403
Myanmar,Women,1960-1969,All,1172.4347187578678,209.104196511209,166.65231334418058
Myanmar,Women,1970-1979,All,3634.848659105599,667.1508254036307,543.1217501685023
Myanmar,Women,1980-1989,All,495.6452495083213,125.78390695899725,95.19606789946556
Namibia,Men,1940-1949,All,30.007630616426468,0,0
Namibia,Men,1950-1959,All,288.3263971656561,0,0
Namibia,Men,1960-1969,All,538.74982444942,47.358965307474136,32.973721355199814
Namibia,Men,1970-1979,All,715.5984247475863,87.20890508592129,72.92281301319599
Namibia,Women,1940-1949,All,0,0,0
Namibia,Women,1950-1959,All,0,0,0
Namibia,Women,1960-1969,All,948.6380737945437,53.186948135495186,29.94730706512928
Namibia,Women,1970-1979,All,1784.9808735251427,102.40309976786375,66.42122757434845
Nepal,Men,1960-1969,All,289.33176843822,1.4446489810943604,0
Nepal,Men,1970-1979,All,931.6549328565598,20.058617934584618,4.226532995700836
Nepal,Men,1980-1989,All,201.89066189527512,12.050430059432983,7.204100072383881
Nepal,Women,1960-1969,All,703.5416402369738,22.836997106671333,8.69674301147461
Nepal,Women,1970-1979,All,2886.2920075953007,81.48669901490211,29.274465143680573
Nepal,Women,1980-1989,All,482.4064873158932,12.720008969306946,4.875418961048126
Netherlands,Men,1910-1919,All,2.4835180275358137,0,0
Netherlands,Men,1920-1929,All,23.992584524821098,4.397933410268827,0.5431343707799741
Netherlands,Men,1930-1939,All,288.3513974608493,27.604047244228504,5.9772329728099525
Netherlands,Men,1940-1949,All,1631.6100882756186,250.73863910543093,76.47110514285791
Netherlands,Men,1950-1959,All,2039.2533124622892,423.01785784866667,118.70548400945555
Netherlands,Men,1960-1969,All,2165.8170929411112,609.3870695126955,209.30020782514708
Netherlands,Men,1970-1979,All,894.4700679572895,260.40029150559826,77.6907267570329
Netherlands,Men,1980-1989,All,32.96258591605874,14.436072797145243,3.106727533774233
Netherlands,Women,1910-1919,All,5.163200263839496,0.3262507555381511,0.3262507555381511
Netherlands,Women,1920-1929,All,34.195787800232274,5.649783345380879,2.6542776368178433
Netherlands,Women,1930-1939,All,327.5919752372141,41.977216591024394,20.610477208903035
Netherlands,Women,1940-1949,All,1609.352968209695,186.7839802818084,59.89403783509354
Netherlands,Women,1950-1959,All,1995.9037167940114,336.7276874577275,59.566154656745724
Netherlands,Women,1960-1969,All,2128.9891843721134,429.107631986564,97.83616916269762
Netherlands,Women,1970-1979,All,871.2882621086783,181.42578106219008,43.40588423544622
Netherlands,Women,1980-1989,All,34.52559713200952,4.6685605451323795,1.675996495344691
Nicaragua,Men,1930-1939,All,23.649081349372864,0,0
Nicaragua,Men,1940-1949,All,283.5258277654648,22.340118259191513,8.73542395234108
Nicaragua,Men,1950-1959,All,485.0348890721798,20.194717347621918,11.606494188308716
Nicaragua,Men,1960-1969,All,188.54020950198174,8.449391067028046,4.313322007656097
Nicaragua,Women,1940-1949,All,305.08526796102524,10.359664261341095,5.174831032752991
Nicaragua,Women,1950-1959,All,2461.0115637779236,85.8110231757164,50.143184661865234
Nicaragua,Women,1960-1969,All,1076.2960591316223,51.43886482715607,28.4417964220047
Niger,Men,1950-1959,All,330.2854665592313,2.433050900697708,0.2589789927005768
Niger,Men,1960-1969,All,742.8430782184005,7.963207125663757,3.4616810381412506
Niger,Men,1970-1979,All,770.8739924952388,37.00288398563862,11.900669008493423
Niger,Women,1960-1969,All,1125.8119981214404,16.943046987056732,2.8825120329856873
Niger,Women,1970-1979,All,2082.7958328202367,41.57622626423836,12.441766083240509
Nigeria,Men,1950-1959,All,67.37517300248146,1.6130279898643494,0.7965199947357178
Nigeria,Men,1960-1969,All,1499.3573521748185,22.023808032274246,9.728236019611359
Nigeria,Men,1970-1979,All,2858.6794158816338,114.93374621868134,56.328611344099045
Nigeria,Men,1980-1989,All,1606.8181040883064,159.28712104260921,90.55496291816235
Nigeria,Women,1960-1969,All,733.4056651368737,22.297059193253517,2.313679039478302
Nigeria,Women,1970-1979,All,7690.952420666814,263.1094769388437,85.1481791138649
Nigeria,Women,1980-1989,All,4680.446800969541,237.90776386857033,118.48175823688507
Norway,Men,1910-1919,All,2.3496341168877777,0.44252113405037363,0.2173218514683981
Norway,Men,1920-1929,All,11.00375853016285,1.6143372897600052,1.1577561210813592
Norway,Men,1930-1939,All,92.73311537736505,8.132121531456425,2.4817386154541623
Norway,Men,1940-1949,All,431.4034206957965,47.08044953330023,14.390082042446231
Norway,Men,1950-1959,All,1193.1571850225146,168.3332312422463,42.37210725346351
Norway,Men,1960-1969,All,1622.808036762739,286.35741256568906,92.35569965331779
Norway,Men,1970-1979,All,465.90554637098046,113.30390357720911,36.32523617678699
Norway,Men,1980-1989,All,14.707735455365594,4.903866184726027,1.399715968650355
Norway,Women,1905-1909,All,0.5408512460648822,0.24382885643944263,0.24382885643944263
Norway,Women,1910-1919,All,3.8638020508176396,0.9764149706579488,0.6751627601050743
Norway,Women,1920-1929,All,20.347088668806897,1.2656421457434206,0.24382885643944263
Norway,Women,1930-1939,All,126.05277736200154,17.608742940581514,4.347295397108688
Norway,Women,1940-1949,All,366.4815212726564,54.81254239551452,14.27124184048268
Norway,Women,1950-1959,All,1155.5622052984072,135.77904419739997,21.838884071459
Norway,Women,1960-1969,All,1539.626653175513,179.07106460789353,41.70778156897792
Norway,Women,1970-1979,All,459.30631163818884,61.27158605512544,19.7572033508279
Norway,Women,1980-1989,All,10.472733091415336,2.099585145384708,0.22365501286974165
Peru,Men,1930-1939,All,55.32881951332092,2.551699936389923,2.2940099239349365
Peru,Men,1940-1949,All,312.01268443465233,18.60685022175312,5.228190079331398
Peru,Men,1950-1959,All,457.62057852745056,51.15885375440121,30.892433404922485
Peru,Men,1960-1969,All,86.87670589983463,18.16645011305809,11.365401953458786
Peru,Women,1940-1949,All,1260.850544244051,61.24871772527695,39.07610687613487
Peru,Women,1950-1959,All,6205.498307615519,342.2362003028393,225.3995605558157
Peru,Women,1960-1969,All,1345.1303301155567,100.81573861837387,84.98109556734562
Philippines,Men,1940-1949,All,82.16399785876274,1.7533119916915894,1.7533119916915894
Philippines,Men,1950-1959,All,795.5647457242012,71.13604727387428,41.41505327820778
Philippines,Men,1960-1969,All,945.5813822746277,124.13094568252563,75.36454686522484
Philippines,Women,1950-1959,All,1784.041022270918,120.56789839267731,70.87590807676315
Philippines,Women,1960-1969,All,3004.217624157667,277.5757545232773,178.65130439400673
Poland,Men,1920-1929,All,44.500298380486385,3.48064478667132,0
Poland,Men,1930-1939,All,166.41921480318533,8.707907813843548,3.554813782446331
Poland,Men,1940-1949,All,296.61213538367645,22.757617663516754,9.762611609563777
Poland,Men,1950-1959,All,554.683607555809,96.2049709735211,53.50305255009151
Poland,Men,1960-1969,All,440.5349881162057,56.2136337131501,33.482884008253706
Poland,Men,1970-1979,All,312.92697289262446,71.69707459526262,45.91528748375859
Poland,Men,1980-1989,All,123.55842236097953,41.747056910074434,24.448168645158717
Poland,Women,1920-1929,All,90.6520868962865,9.580004422883974,1.8580163872127287
Poland,Women,1930-1939,All,254.78493052464106,18.049893009356367,4.684218066601886
Poland,Women,1940-1949,All,391.48029252500106,20.501538174184617,7.775591918457678
Poland,Women,1950-1959,All,594.01909926485,39.01874318684557,17.750697560963374
Poland,Women,1960-1969,All,484.7939847171708,53.23813084852833,21.384738205035234
Poland,Women,1970-1979,All,295.68587001865546,34.882471398722316,13.712119996571658
Poland,Women,1980-1989,All,131.28666077666918,18.68191033328401,7.002564484003528
Portugal,Men,1910-1919,All,3.395767033530234,0,0
Portugal,Men,1920-1929,All,23.557103304485224,2.352755544974741,0.3633315285044887
Portugal,Men,1930-1939,All,63.39741003950078,1.7824822527411328,0
Portugal,Men,1940-1949,All,109.09263935046062,7.033623073310835,1.5889909751568112
Portugal,Men,1950-1959,All,121.01845849314546,12.20891671142336,4.4635462208530114
Portugal,Men,1960-1969,All,141.18347185444804,25.59437573678895,13.628527694124024
Portugal,Men,1970-1979,All,85.89632791700957,14.885181507556364,4.692770555045037
Portugal,Men,1980-1989,All,28.06320771565182,12.783987497901958,7.959049046673655
Portugal,Women,1910-1919,All,2.426089820301712,0.38551261928552094,0
Portugal,Women,1920-1929,All,28.309595073063804,4.002126042020976,1.5679526457701058
Portugal,Women,1930-1939,All,74.84124751452897,8.886244319858278,3.685151889762979
Portugal,Women,1940-1949,All,125.4371490078189,8.539864437170259,1.7180189502394247
Portugal,Women,1950-1959,All,140.6221924338339,16.406044760954707,5.381413019393403
Portugal,Women,1960-1969,All,175.19819969946695,20.05212035992024,7.59930195895673
Portugal,Women,1970-1979,All,97.45637216573078,12.617685112608823,5.917377991002384
Portugal,Women,1980-1989,All,29.26865679669647,2.7520535256719043,0.3077392098695615
Republic of Moldova,Men,1940-1949,All,183.78246203064919,10.637120068073273,2.5128740668296814
Republic of Moldova,Men,1950-1959,All,639.5948068201542,35.47308695316315,11.663879930973053
Republic of Moldova,Men,1960-1969,All,503.9330325126648,47.63450509309769,12.83384495973587
Republic of Moldova,Men,1970-1979,All,36.03322485089302,3.896127939224243,1.1418919563293457
Republic of Moldova,Women,1950-1959,All,1013.7739251255989,43.87775990366936,9.15762197971344
Republic of Moldova,Women,1960-1969,All,1885.1074824929237,86.9155422449112,22.796374082565308
Republic of Moldova,Women,1970-1979,All,111.77489718794823,3.37219700217247,0.4726409912109375
Romania,Men,1920-1929,All,162.63271844387054,22.957479238510132,2.494748145341873
Romania,Men,1930-1939,All,582.0354789197445,79.63004890084267,9.854122310876846
Romania,Men,1940-1949,All,735.1361532211304,119.84976303577423,24.82912740111351
Romania,Men,1950-1959,All,979.9167148768902,151.49775645136833,48.993337363004684
Romania,Men,1960-1969,All,1014.3185113668442,177.1891251206398,72.7024621963501
Romania,Men,1970-1979,All,124.81693661212921,40.98872494697571,24.490094363689423
Romania,Women,1920-1929,All,179.98113423585892,28.674002289772034,7.664707720279694
Romania,Women,1930-1939,All,773.2936594486237,104.92438590526581,19.253427743911743
Romania,Women,1940-1949,All,823.8129715323448,103.0818099975586,15.403366386890411
Romania,Women,1950-1959,All,1075.8648693561554,100.84103661775589,14.280249655246735
Romania,Women,1960-1969,All,1013.9492334723473,102.42757076025009,36.304098427295685
Romania,Women,1970-1979,All,118.44746887683868,11.220830142498016,6.437024116516113
Russia,Men,1910-1919,All,5.658276224509251,0,0
Russia,Men,1920-1929,All,310.71722732358194,24.441277852453567,0.45804351568222046
Russia,Men,1930-1939,All,825.8879714275672,52.97025203913881,5.6517951461455596
Russia,Men,1940-1949,All,1134.1346624077553,78.51430642214336,4.434036225780602
Russia,Men,1950-1959,All,1849.526528595964,75.20343598077517,18.165001439387567
Russia,Men,1960-1969,All,1887.4403332385496,245.51170774207273,90.42014967868982
Russia,Men,1970-1979,All,140.6710210794131,20.035119238677623,10.417949482882705
Russia,Women,1910-1919,All,32.523781461823376,8.670545205913527,3.552899409123711
Russia,Women,1920-1929,All,532.982511853395,71.42282057421616,23.093673190050197
Russia,Women,1930-1939,All,1701.1904143266388,85.08551460839364,15.4664946901093
Russia,Women,1940-1949,All,1831.7331035215482,111.2056144542196,32.214758080886185
Russia,Women,1950-1959,All,2673.320008128564,142.12698567692502,41.53928417802541
Russia,Women,1960-1969,All,2280.314638198826,143.86819706408033,60.28802761489425
Russia,Women,1970-1979,All,259.77906198856857,26.58998286913281,16.41616167075881
Rwanda,Men,1960-1969,All,628.5656856745481,18.06778597831726,10.052601993083954
Rwanda,Men,1970-1979,All,982.6681500226259,25.4797480404377,12.069886982440948
Rwanda,Men,1980-1989,All,870.9753902256489,52.505135387182236,31.72433015704155
Rwanda,Women,1960-1969,All,1.0569050312042236,0,0
Rwanda,Women,1970-1979,All,2492.1618640497327,67.49300520122051,34.861894994974136
Rwanda,Women,1980-1989,All,2278.1234528645873,88.8462593704462,57.34055615961552
Sao Tome and Principe,Men,1940-1949,All,13.180694088339806,0,0
Sao Tome and Principe,Men,1950-1959,All,235.43584194779396,6.561870038509369,5.380002051591873
Sao Tome and Principe,Men,1960-1969,All,347.6886161118746,24.58448000252247,11.892129048705101
Sao Tome and Principe,Men,1970-1979,All,188.04610526561737,16.226765289902687,9.576155260205269
Sao Tome and Principe,Women,1950-1959,All,50.78668674826622,0.8017780184745789,0.8017780184745789
Sao Tome and Principe,Women,1960-1969,All,498.70517809689045,4.3869048953056335,0
Sao Tome and Principe,Women,1970-1979,All,201.601245328784,0.7287919819355011,0
Senegal,Men,1950-1959,All,31.84734684228897,0,0
Senegal,Men,1960-1969,All,389.28710912168026,20.040498226881027,6.793007075786591
Senegal,Men,1970-1979,All,653.2188804373145,69.64385744929314,46.78660315275192
Senegal,Men,1980-1989,All,300.36997282505035,78.88974203169346,42.95388278365135
Senegal,Women,1960-1969,All,132.04040173441172,6.98525008559227,3.6567020416259766
Senegal,Women,1970-1979,All,1615.9072633460164,111.32548665255308,46.807914823293686
Senegal,Women,1980-1989,All,947.0059135630727,71.58853068947792,18.17106658220291
Serbia,Men,1920-1929,All,0.4349757154031235,0,0
Serbia,Men,1930-1939,All,9.325092805650296,0.18450055677661759,0
Serbia,Men,1940-1949,All,20.11601005554594,1.4359685812377823,0.3009531507906935
Serbia,Men,1950-1959,All,40.260791313918425,3.914453452617626,1.7588993620762725
Serbia,Men,1960-1969,All,51.45577446849763,8.283234747077323,4.1518393978161665
Serbia,Men,1970-1979,All,53.766290157574716,10.83269219585883,6.2246851001500865
Serbia,Men,1980-1989,All,18.39181711906626,7.588972955702611,4.811722880268209
Serbia,Women,1920-1929,All,0.9840333635774599,0.3045970490814227,0.22665076759409075
Serbia,Women,1930-1939,All,10.915675372561797,0.62786630836868,0.10167063352816363
Serbia,Women,1940-1949,All,25.80767623982184,1.4039885040906217,0.4044677417799498
Serbia,Women,1950-1959,All,38.01996817999027,2.7650705895359913,0.841289570864288
Serbia,Women,1960-1969,All,50.46048932179507,3.549302613425459,0.4645927458697585
Serbia,Women,1970-1979,All,60.21425242540305,6.967476370873625,3.695915574761214
Serbia,Women,1980-1989,All,19.5326060716288,2.9931204247112344,1.2726142895075991
Sierra Leone,Men,1950-1959,All,14.400931045413017,0,0
Sierra Leone,Men,1960-1969,All,827.1244281381369,6.786841034889221,2.862492084503174
Sierra Leone,Men,1970-1979,All,1309.552182868123,23.493834048509598,16.818475902080536
Sierra Leone,Men,1980-1989,All,758.5475872308016,52.65500910580158,27.142437905073166
Sierra Leone,Women,1960-1969,All,34.97702492773533,0,0
Sierra Leone,Women,1970-1979,All,2675.9023341834545,46.84015150368214,6.288193106651306
Sierra Leone,Women,1980-1989,All,2137.4545711278915,53.19603596627712,14.242051005363464
Slovakia,Men,1910-1919,All,0.5136740124905756,0,0
Slovakia,Men,1920-1929,All,5.671077744881655,0.6203435753936883,0.23988352299353366
Slovakia,Men,1930-1939,All,18.454882395768966,1.5576179494650972,0.48677944391392103
Slovakia,Men,1940-1949,All,38.9341125653759,3.5781476560235124,2.7357339169575017
Slovakia,Men,1950-1959,All,64.59941807986445,7.53064619516268,5.267329773989161
Slovakia,Men,1960-1969,All,75.2317592280847,12.977761658860105,7.852865144015556
Slovakia,Men,1970-1979,All,47.51175424502613,10.935010527122191,10.104708241233938
Slovakia,Men,1980-1989,All,17.57964009545897,3.1921211994983096,1.6903045147579192
Slovakia,Women,1910-1919,All,1.199708893162832,0,0
Slovakia,Women,1920-1929,All,12.97260070972967,1.6869289896271695,0.6682888476563491
Slovakia,Women,1930-1939,All,26.174622493128858,1.8021461854661496,1.043012975883995
Slovakia,Women,1940-1949,All,47.30000594223807,4.093733065173186,1.4453522188084147
Slovakia,Women,1950-1959,All,84.30826268108659,6.720250542914917,4.313949672242163
Slovakia,Women,1960-1969,All,73.49060214265066,8.779781708387798,5.193968732176129
Slovakia,Women,1970-1979,All,41.129632005166826,4.828536818106901,2.387823401341171
Slovakia,Women,1980-1989,All,17.653939888975685,3.1639471364033938,1.9172816593566253
Slovakia,NA,1930-1939,All,0.25434792787243943,0,0
Slovakia,NA,1940-1949,All,0.25461300620077765,0,0
Slovakia,NA,1950-1959,All,0.5134799635637872,0,0
Slovakia,NA,1960-1969,All,0.5036577745788229,0,0
Slovenia,Men,1910-1919,All,0.2480124106707926,0,0
Slovenia,Men,1920-1929,All,3.2337308283982305,0.4031367097596794,0.31084743623200506
Slovenia,Men,1930-1939,All,10.186184280235784,1.2251947415690934,0.9510828583321027
Slovenia,Men,1940-1949,All,19.92623082522867,1.5958577708038435,0.7304446990794711
Slovenia,Men,1950-1959,All,28.35824555210715,2.482905151452897,1.0642215067370806
Slovenia,Men,1960-1969,All,30.903364889073448,4.350189110336402,2.3595302098142756
Slovenia,Men,1970-1979,All,18.022533301648462,4.609498070805442,1.3493282514397045
Slovenia,Men,1980-1989,All,6.2088073980395055,2.311068504813626,0.455927536932597
Slovenia,Women,1910-1919,All,0.8589151945878086,0.09929348163106422,0.09929348163106422
Slovenia,Women,1920-1929,All,5.275914246064076,0.611857511366444,0.2976106624766208
Slovenia,Women,1930-1939,All,17.624795319431605,1.1060161239123154,0.4899631932944839
Slovenia,Women,1940-1949,All,21.675054913867967,1.080834703158068,0.13264296326320313
Slovenia,Women,1950-1959,All,32.459189211011804,2.294664422171935,0.6252449389140544
Slovenia,Women,1960-1969,All,28.46212597141918,1.4169271276298332,0.7876861186416804
Slovenia,Women,1970-1979,All,18.016299446771967,1.4961171281186951,0.434583009013763
Slovenia,Women,1980-1989,All,4.708166972286664,0.43390753380653013,0.210025740988808
South Africa,Men,1950-1959,All,132.0857820659876,11.63887107372284,8.430041134357452
South Africa,Men,1960-1969,All,452.17055433243513,55.52684576809406,34.582919016480446
South Africa,Men,1970-1979,All,692.293116517365,77.8681046962738,53.97078278660774
South Africa,Men,1980-1989,All,150.61626647412777,28.566938921809196,22.248890951275826
South Africa,Women,1960-1969,All,615.8542405664921,38.74941739439964,15.233882144093513
South Africa,Women,1970-1979,All,1869.8147820606828,101.1651709228754,54.78142887353897
South Africa,Women,1980-1989,All,409.9403977096081,27.265783071517944,17.992885038256645
Spain,Men,1910-1919,All,3.6240306584147675,1.71618186516298,0
Spain,Men,1920-1929,All,117.49928535570056,17.173405416671883,4.671421847375257
Spain,Men,1930-1939,All,224.58518923058878,31.622844864608098,14.657321135893895
Spain,Men,1940-1949,All,351.335746716392,46.58008059581948,30.350293863478427
Spain,Men,1950-1959,All,485.4558289157095,76.11190832926431,36.58564420726326
Spain,Men,1960-1969,All,724.3329187179986,153.24882265614002,58.153826022548614
Spain,Men,1970-1979,All,443.66924118593215,125.84196226758449,45.304027428794925
Spain,Men,1980-1989,All,182.33733788207005,71.9726113966888,24.035778681592774
Spain,Women,1908-1909,All,1.7549999952316284,1.7549999952316284,1.7549999952316284
Spain,Women,1910-1919,All,14.303245883494753,2.012750722228475,0
Spain,Women,1920-1929,All,237.38598133033614,30.9270185475508,14.791653494914726
Spain,Women,1930-1939,All,494.48231750417324,50.31808859883543,16.37860914747094
Spain,Women,1940-1949,All,669.143368665184,71.12264767184521,35.527349883057255
Spain,Women,1950-1959,All,991.5124484411684,125.78376230149621,51.063133483911685
Spain,Women,1960-1969,All,1456.4442790631692,198.03825541929052,81.70158686045008
Spain,Women,1970-1979,All,536.5009555118149,132.14569106132365,33.89714407669757
Spain,Women,1980-1989,All,187.26173744452456,74.88737336090354,12.701480762601818
Swaziland,Men,1950-1959,All,150.31493373215199,3.643431007862091,1.6155950427055359
Swaziland,Men,1960-1969,All,597.7135809361935,42.0521879196167,25.709273010492325
Swaziland,Men,1970-1979,All,141.39775571227074,13.780993938446045,10.392180979251862
Swaziland,Women,1950-1959,All,232.35705389082432,7.874236106872559,2.278704047203064
Swaziland,Women,1960-1969,All,909.5486769452691,39.324702985584736,9.732753969728947
Swaziland,Women,1970-1979,All,180.90052258223295,9.1458720266819,4.554872959852219
Sweden,Men,1910-1919,All,1.6264358986595333,0.31496396634484825,0
Sweden,Men,1920-1929,All,21.712089429101013,3.3753141696163063,1.1012242164037076
Sweden,Men,1930-1939,All,50.10042873375462,2.5333941261778605,0.3260858551869408
Sweden,Men,1940-1949,All,118.45184629795986,12.451550678287532,2.6974198732444066
Sweden,Men,1950-1959,All,113.65721026136346,17.868348869654817,4.113682429525118
Sweden,Men,1960-1969,All,136.4120595191926,24.17951360127684,10.092766798446027
Sweden,Men,1970-1979,All,88.71632468754129,18.55312011909649,5.0226034772647665
Sweden,Men,1980-1989,All,23.391102442833823,6.065126535873667,1.9818297680874792
Sweden,Women,1910-1919,All,5.805120709910881,0,0
Sweden,Women,1920-1929,All,22.866139333357395,4.648936157189889,1.137946803326761
Sweden,Women,1930-1939,All,59.71081816725923,3.328145691621417,1.1263378775326043
Sweden,Women,1940-1949,All,124.70062602623163,13.404407755935441,2.538100147105837
Sweden,Women,1950-1959,All,105.6578099355016,9.218576624358432,2.7945717405456065
Sweden,Women,1960-1969,All,142.2270174620524,15.630650409689213,0.8877957677003216
Sweden,Women,1970-1979,All,77.11965736943907,9.77958372032211,3.6560405657664727
Sweden,Women,1980-1989,All,27.57484334157718,6.543149039127016,2.7146265215590617
Switzerland,Men,1910-1919,All,3.3861585312725158,1.502039106126377,0.4414961369258421
Switzerland,Men,1920-1929,All,16.01054380875547,2.4322473178529496,0.535002468131939
Switzerland,Men,1930-1939,All,42.29106399879956,5.000809659271713,1.0522453506450198
Switzerland,Men,1940-1949,All,80.26731225133352,15.257875783262662,2.9573187323987824
Switzerland,Men,1950-1959,All,104.33562720155328,19.166410924901346,5.39088299902356
Switzerland,Men,1960-1969,All,109.98854071528532,27.537895443235648,3.8329478120084897
Switzerland,Men,1970-1979,All,71.22408515362415,18.323438375409893,2.3666283504857013
Switzerland,Men,1980-1989,All,27.263548326984612,11.189217783420384,1.3256177410167531
Switzerland,Women,1910-1919,All,3.759699031762235,0.5751500716706062,0.5751500716706062
Switzerland,Women,1920-1929,All,19.615889511080507,2.6391992698974978,1.401908616143059
Switzerland,Women,1930-1939,All,53.51850309505129,11.20018957624955,4.982800778036671
Switzerland,Women,1940-1949,All,90.0336719212333,15.709237884033078,3.327738180626069
Switzerland,Women,1950-1959,All,110.82927303364052,23.137477196792858,4.179406750105741
Switzerland,Women,1960-1969,All,126.75906133999361,25.60630585369733,4.711331028735316
Switzerland,Women,1970-1979,All,65.42011886281801,15.229044244401559,3.38447518582546
Switzerland,Women,1980-1989,All,19.92696341698691,4.999126291567617,0.8836792491214034
Tanzania,Men,1960-1969,All,250.07960017398,9.870821915566921,3.455978035926819
Tanzania,Men,1970-1979,All,790.2188540808856,26.775131076574326,16.53784903883934
Tanzania,Men,1980-1989,All,73.79582292586565,1.0152909755706787,0
Tanzania,Women,1960-1969,All,746.6639679148793,11.37197096645832,1.211501032114029
Tanzania,Women,1970-1979,All,2875.1619557738304,76.13767107576132,18.565460920333862
Tanzania,Women,1980-1989,All,379.4946648851037,8.808402985334396,3.037386938929558
The UK,Men,1910-1919,All,23.240934965579513,2.4425394041880253,1.1827459427181566
The UK,Men,1920-1929,All,360.85512592681164,56.08086821428814,17.378659874925475
The UK,Men,1930-1939,All,922.4287336257444,150.59350927328245,49.221920223196996
The UK,Men,1940-1949,All,1532.8314812656436,209.73283484571976,61.019459240241694
The UK,Men,1950-1959,All,1565.1770153681878,314.64597094885556,81.87989264219246
The UK,Men,1960-1969,All,1990.202796340513,420.4782529039708,101.11552803005162
The UK,Men,1970-1979,All,624.2590697622959,174.06744058975693,29.432753441427437
The UK,Men,1980-1989,All,167.6928627661165,86.76307469510584,15.837374480213299
The UK,Women,1905-1909,All,1.8294540554807242,1.8294540554807242,1.8294540554807242
The UK,Women,1910-1919,All,32.22587863877179,4.633562627197307,1.216963515649482
The UK,Women,1920-1929,All,430.80160451187254,77.64611776807104,19.810336895506346
The UK,Women,1930-1939,All,1080.9224888293948,164.04337349530252,47.4347408898847
The UK,Women,1940-1949,All,1769.3624907481426,194.85073149662804,50.73454377395355
The UK,Women,1950-1959,All,1854.0066277844367,249.82499121496437,42.93200167612873
The UK,Women,1960-1969,All,2301.1234445915034,327.03990721330774,64.67311168875894
The UK,Women,1970-1979,All,570.2295268890615,87.15976354721397,6.418475121028884
The UK,Women,1980-1989,All,213.3172162659955,31.54311738795107,3.2755118058275485
The US,Men,1960-1969,All,7088279.70464793,1576377.4589039753,382789.1984171883
The US,Men,1970-1979,All,2638746.796704502,438809.7237586723,182931.98977288464
The US,Women,1950-1959,All,17354528.377400003,3427916.200100001,849370.8215999999
The US,Women,1960-1969,All,6968657.715200391,724330.1232950134,199766.15022944106
The US,Women,1970-1979,All,2890197.9723048694,491756.89614814083,86644.91514643155
Timor-Leste,Men,1950-1959,All,108.27390536665916,7.934988975524902,2.402363032102585
Timor-Leste,Men,1960-1969,All,715.8505193889141,60.135962679982185,32.42896145582199
Timor-Leste,Men,1970-1979,All,833.4088248461485,92.75794897973537,53.36662966012955
Timor-Leste,Men,1980-1989,All,178.327557310462,37.45546290278435,29.314206928014755
Timor-Leste,Women,1960-1969,All,612.8371518999338,41.35800516605377,28.917851224541664
Timor-Leste,Women,1970-1979,All,2513.4447435587645,166.68844844400883,110.59157127141953
Timor-Leste,Women,1980-1989,All,548.4536028206348,62.23570257425308,46.21015201508999
Togo,Men,1950-1959,All,205.93380624055862,2.765697956085205,2.765697956085205
Togo,Men,1960-1969,All,656.1647628247738,15.233903095126152,7.0631361454725266
Togo,Men,1970-1979,All,862.5921138226986,60.17493909597397,31.96869194507599
Togo,Women,1960-1969,All,921.2608006447554,18.230193853378296,6.2455750703811646
Togo,Women,1970-1979,All,2084.693782284856,67.78851881623268,19.026416063308716
Turkey,Men,1910-1919,All,0.966517984867096,0,0
Turkey,Men,1920-1929,All,6.233841121196747,1.4114810228347778,0
Turkey,Men,1930-1939,All,29.415412038564682,0,0
Turkey,Men,1940-1949,All,235.81729820370674,6.013554930686951,0
Turkey,Men,1950-1959,All,592.9396308362484,10.949721038341522,0
Turkey,Men,1960-1969,All,286.0914703607559,7.304402083158493,0
Turkey,Women,1940-1949,All,128.88394910097122,5.8740149438381195,4.353605002164841
Turkey,Women,1950-1959,All,1708.714880168438,67.91610535979271,29.212626725435257
Turkey,Women,1960-1969,All,861.7212000489235,50.752482771873474,21.035811007022858
Uganda,Men,1960-1969,All,472.15676380321383,9.561697959899902,4.499083042144775
Uganda,Men,1970-1979,All,948.1002831310034,24.173529088497162,12.180067121982574
Uganda,Men,1980-1989,All,202.0741393826902,7.355702951550484,6.269358977675438
Uganda,Women,1960-1969,All,731.4469141103327,9.160638883709908,0.9302899837493896
Uganda,Women,1970-1979,All,3374.040058609098,74.77509228885174,24.110966861248016
Uganda,Women,1980-1989,All,720.1317569315434,8.266867995262146,4.45782196521759
Ukraine,Men,1910-1919,All,2.8972085205334253,0,0
Ukraine,Men,1920-1929,All,36.779687737505164,2.142060798183536,0
Ukraine,Men,1930-1939,All,185.51644772511088,4.4231352331509655,0.5289827365621846
Ukraine,Men,1940-1949,All,184.3057908981965,2.708556656612835,1.6277527967690375
Ukraine,Men,1950-1959,All,545.5226671455896,36.98386956792396,11.786320066051825
Ukraine,Men,1960-1969,All,1131.5190855307528,140.1116219386773,49.24266704136551
Ukraine,Men,1970-1979,All,359.73916444930575,60.498930506539836,24.19948684544721
Ukraine,Women,1910-1919,All,1.9598721098984129,1.0796337136672207,0
Ukraine,Women,1920-1929,All,98.61668659319791,17.336960986597933,5.481369529743976
Ukraine,Women,1930-1939,All,306.2391811009471,40.06604016913723,17.432995283797084
Ukraine,Women,1940-1949,All,272.124733183182,16.884013127554518,8.202772997197343
Ukraine,Women,1950-1959,All,862.58230998526,45.55851171720282,16.683299805252766
Ukraine,Women,1960-1969,All,2371.4823619391836,144.33027072961312,43.73118220057888
Ukraine,Women,1970-1979,All,652.1250069831826,55.40063155754365,17.404717786524145
Zambia,Men,1950-1959,All,58.13381980359554,1.422842025756836,0
Zambia,Men,1960-1969,All,1056.3111760020256,19.712211191654205,14.476227134466171
Zambia,Men,1970-1979,All,2070.8541263863444,63.97325972467661,41.2848659157753
Zambia,Men,1980-1989,All,1030.1203708797693,63.03087440133095,39.12192717194557
Zambia,Women,1960-1969,All,175.6556385308504,2.897383004426956,0
Zambia,Women,1970-1979,All,2327.7856183610857,47.19394871592522,20.772642076015472
Zambia,Women,1980-1989,All,1346.5020436421037,16.941917028278112,7.539827108383179
Zimbabwe,Men,1960-1969,All,805.527701176703,18.99507389217615,8.073123879730701
Zimbabwe,Men,1970-1979,All,1687.9275067225099,82.85900808870792,31.72067105770111
Zimbabwe,Men,1980-1989,All,178.34424243867397,18.41705498099327,14.76868000626564
Zimbabwe,Women,1960-1969,All,455.4483563378453,19.160960912704468,9.525305017828941
Zimbabwe,Women,1970-1979,All,2098.9068972095847,67.69718700647354,29.648215770721436
Zimbabwe,Women,1980-1989,All,229.08563997596502,4.613284140825272,3.771918147802353
