"","country","sex","bc_cate","education","TotalN","ChildlessN","NeverInUnionN","prop_childless","prop_neverinunion"
"1","Albania","Men","1950-1959","High",339,NA,NA,NA,NA
"2","Albania","Men","1950-1959","Low",522,NA,NA,NA,NA
"3","Albania","Men","1960-1969","High",1766,21,17,1.2,81
"4","Albania","Men","1960-1969","Low",2286,13,5,0.6,38.5
"5","Albania","Men","1970-1979","High",1457,107,60,7.3,56.1
"6","Albania","Men","1970-1979","Low",1787,107,45,6,42.1
"7","Albania","Men","1980-1989","High",298,35,24,11.7,68.6
"8","Albania","Men","1980-1989","Low",503,38,29,7.6,76.3
"9","Albania","Women","1950-1959","High",161,8,2,5,25
"10","Albania","Women","1950-1959","Low",168,8,1,4.8,12.5
"11","Albania","Women","1960-1969","High",789,59,19,7.5,32.2
"12","Albania","Women","1960-1969","Low",811,60,12,7.4,20
"13","Albania","Women","1970-1979","High",585,73,32,12.5,43.8
"14","Albania","Women","1970-1979","Low",615,74,30,12,40.5
"15","Albania","Women","1980-1989","High",121,46,32,38,69.6
"16","Albania","Women","1980-1989","Low",195,43,27,22.1,62.8
"17","Angola","Men","1960-1969","High",274,7,3,2.6,42.9
"18","Angola","Men","1960-1969","Low",368,17,5,4.6,29.4
"19","Angola","Men","1970-1979","High",1093,29,13,2.7,44.8
"20","Angola","Men","1970-1979","Low",1524,52,13,3.4,25
"21","Angola","Men","1980-1989","High",99,2,1,2,50
"22","Angola","Men","1980-1989","Low",263,6,5,2.3,83.3
"23","Angola","Women","1960-1969","High",284,9,1,3.2,11.1
"24","Angola","Women","1960-1969","Low",327,15,6,4.6,40
"25","Angola","Women","1970-1979","High",426,12,6,2.8,50
"26","Angola","Women","1970-1979","Low",533,21,8,3.9,38.1
"27","Angola","Women","1980-1989","High",49,3,3,6.1,100
"28","Angola","Women","1980-1989","Low",91,7,5,7.7,71.4
"29","Armenia","Men","1960-1969","High",214,18,14,8.4,77.8
"30","Armenia","Men","1960-1969","Low",314,15,9,4.8,60
"31","Armenia","Men","1970-1979","High",799,83,59,10.4,71.1
"32","Armenia","Men","1970-1979","Low",824,47,25,5.7,53.2
"33","Armenia","Men","1980-1989","High",96,12,11,12.5,91.7
"34","Armenia","Men","1980-1989","Low",123,11,9,8.9,81.8
"35","Armenia","Women","1960-1969","High",109,5,5,4.6,100
"36","Armenia","Women","1960-1969","Low",130,7,4,5.4,57.1
"37","Armenia","Women","1970-1979","High",293,37,25,12.6,67.6
"38","Armenia","Women","1970-1979","Low",434,43,31,9.9,72.1
"39","Armenia","Women","1980-1989","High",25,4,3,16,75
"40","Armenia","Women","1980-1989","Low",57,11,9,19.3,81.8
"41","Austria","Men","1910-1919","High",1,NA,NA,NA,NA
"42","Austria","Men","1910-1919","Low",3,NA,NA,NA,NA
"43","Austria","Men","1910-1919","Medium",2,NA,NA,NA,NA
"44","Austria","Men","1920-1929","High",6,NA,NA,NA,NA
"45","Austria","Men","1920-1929","Low",18,2,NA,11.1,NA
"46","Austria","Men","1920-1929","Medium",24,2,1,8.3,50
"47","Austria","Men","1930-1939","High",19,1,1,5.3,100
"48","Austria","Men","1930-1939","Low",43,10,2,23.3,20
"49","Austria","Men","1930-1939","Medium",73,6,2,8.2,33.3
"50","Austria","Men","1930-1939",NA,1,NA,NA,NA,NA
"51","Austria","Men","1940-1949","High",38,7,2,18.4,28.6
"52","Austria","Men","1940-1949","Low",46,11,1,23.9,9.1
"53","Austria","Men","1940-1949","Medium",212,35,3,16.5,8.6
"54","Austria","Men","1940-1949",NA,1,NA,NA,NA,NA
"55","Austria","Men","1950-1959","High",46,10,2,21.7,20
"56","Austria","Men","1950-1959","Low",47,13,6,27.7,46.2
"57","Austria","Men","1950-1959","Medium",303,46,5,15.2,10.9
"58","Austria","Men","1950-1959",NA,1,NA,NA,NA,NA
"59","Austria","Men","1960-1969","High",190,53,11,27.9,20.8
"60","Austria","Men","1960-1969","Low",110,39,15,35.5,38.5
"61","Austria","Men","1960-1969","Medium",769,183,56,23.8,30.6
"62","Austria","Men","1960-1969",NA,1,1,NA,100,NA
"63","Austria","Men","1970-1979","High",105,42,13,40,31
"64","Austria","Men","1970-1979","Low",36,20,5,55.6,25
"65","Austria","Men","1970-1979","Medium",378,122,32,32.3,26.2
"66","Austria","Men","1970-1979",NA,1,NA,NA,NA,NA
"67","Austria","Men","1980-1989","High",15,7,1,46.7,14.3
"68","Austria","Men","1980-1989","Low",6,2,1,33.3,50
"69","Austria","Men","1980-1989","Medium",64,32,10,50,31.2
"70","Austria","Women","1910-1919","Medium",2,2,NA,100,NA
"71","Austria","Women","1920-1929","High",2,2,2,100,100
"72","Austria","Women","1920-1929","Low",29,8,NA,27.6,NA
"73","Austria","Women","1920-1929","Medium",24,4,1,16.7,25
"74","Austria","Women","1930-1939","High",6,3,1,50,33.3
"75","Austria","Women","1930-1939","Low",88,6,1,6.8,16.7
"76","Austria","Women","1930-1939","Medium",85,9,2,10.6,22.2
"77","Austria","Women","1940-1949","High",32,6,NA,18.8,NA
"78","Austria","Women","1940-1949","Low",128,12,3,9.4,25
"79","Austria","Women","1940-1949","Medium",212,27,6,12.7,22.2
"80","Austria","Women","1950-1959","High",41,14,5,34.1,35.7
"81","Austria","Women","1950-1959","Low",79,8,3,10.1,37.5
"82","Austria","Women","1950-1959","Medium",293,37,9,12.6,24.3
"83","Austria","Women","1950-1959",NA,1,NA,NA,NA,NA
"84","Austria","Women","1960-1969","High",245,60,13,24.5,21.7
"85","Austria","Women","1960-1969","Low",232,35,9,15.1,25.7
"86","Austria","Women","1960-1969","Medium",1028,145,30,14.1,20.7
"87","Austria","Women","1970-1979","High",128,46,10,35.9,21.7
"88","Austria","Women","1970-1979","Low",93,13,4,14,30.8
"89","Austria","Women","1970-1979","Medium",531,100,23,18.8,23
"90","Austria","Women","1980-1989","High",20,7,2,35,28.6
"91","Austria","Women","1980-1989","Low",7,1,1,14.3,100
"92","Austria","Women","1980-1989","Medium",44,8,1,18.2,12.5
"93","Azerbaijan","Men","1950-1959","High",213,20,12,9.4,60
"94","Azerbaijan","Men","1950-1959","Low",380,41,23,10.8,56.1
"95","Azerbaijan","Men","1960-1969","High",816,90,62,11,68.9
"96","Azerbaijan","Men","1960-1969","Low",1650,191,124,11.6,64.9
"97","Azerbaijan","Men","1970-1979","High",150,29,25,19.3,86.2
"98","Azerbaijan","Men","1970-1979","Low",286,56,38,19.6,67.9
"99","Azerbaijan","Women","1940-1949","High",26,1,1,3.8,100
"100","Azerbaijan","Women","1940-1949","Low",27,NA,NA,NA,NA
"101","Azerbaijan","Women","1950-1959","High",204,7,2,3.4,28.6
"102","Azerbaijan","Women","1950-1959","Low",237,10,2,4.2,20
"103","Azerbaijan","Women","1960-1969","High",300,10,2,3.3,20
"104","Azerbaijan","Women","1960-1969","Low",323,12,6,3.7,50
"105","Azerbaijan","Women","1960-1969",NA,1,NA,NA,NA,NA
"106","Azerbaijan","Women","1970-1979","High",41,2,1,4.9,50
"107","Azerbaijan","Women","1970-1979","Low",79,13,7,16.5,53.8
"108","Azerbaijan","Women","1970-1979",NA,1,1,NA,100,NA
"109","Belarus","Men","1930-1939","High",14,2,1,14.3,50
"110","Belarus","Men","1930-1939","Low",16,NA,NA,NA,NA
"111","Belarus","Men","1930-1939","Medium",23,3,2,13,66.7
"112","Belarus","Men","1940-1949","High",95,4,1,4.2,25
"113","Belarus","Men","1940-1949","Low",36,2,2,5.6,100
"114","Belarus","Men","1940-1949","Medium",168,14,7,8.3,50
"115","Belarus","Men","1950-1959","High",165,15,6,9.1,40
"116","Belarus","Men","1950-1959","Low",38,9,7,23.7,77.8
"117","Belarus","Men","1950-1959","Medium",463,36,17,7.8,47.2
"118","Belarus","Men","1960-1969","High",163,18,9,11,50
"119","Belarus","Men","1960-1969","Low",21,8,3,38.1,37.5
"120","Belarus","Men","1960-1969","Medium",540,70,30,13,42.9
"121","Belarus","Men","1970-1979","High",264,43,17,16.3,39.5
"122","Belarus","Men","1970-1979","Low",24,13,7,54.2,53.8
"123","Belarus","Men","1970-1979","Medium",531,78,40,14.7,51.3
"124","Belarus","Men","1980-1989","High",95,20,9,21.1,45
"125","Belarus","Men","1980-1989","Low",4,1,1,25,100
"126","Belarus","Men","1980-1989","Medium",149,37,16,24.8,43.2
"127","Belarus","Women","1920-1929","Medium",1,NA,NA,NA,NA
"128","Belarus","Women","1930-1939","High",37,6,2,16.2,33.3
"129","Belarus","Women","1930-1939","Low",54,4,3,7.4,75
"130","Belarus","Women","1930-1939","Medium",65,10,7,15.4,70
"131","Belarus","Women","1940-1949","High",154,25,17,16.2,68
"132","Belarus","Women","1940-1949","Low",110,11,8,10,72.7
"133","Belarus","Women","1940-1949","Medium",336,36,21,10.7,58.3
"134","Belarus","Women","1950-1959","High",276,25,13,9.1,52
"135","Belarus","Women","1950-1959","Low",46,4,3,8.7,75
"136","Belarus","Women","1950-1959","Medium",693,56,31,8.1,55.4
"137","Belarus","Women","1960-1969","High",260,45,28,17.3,62.2
"138","Belarus","Women","1960-1969","Low",18,2,1,11.1,50
"139","Belarus","Women","1960-1969","Medium",666,48,31,7.2,64.6
"140","Belarus","Women","1970-1979","High",377,39,19,10.3,48.7
"141","Belarus","Women","1970-1979","Low",21,2,NA,9.5,NA
"142","Belarus","Women","1970-1979","Medium",643,54,25,8.4,46.3
"143","Belarus","Women","1980-1989","High",126,14,6,11.1,42.9
"144","Belarus","Women","1980-1989","Low",6,NA,NA,NA,NA
"145","Belarus","Women","1980-1989","Medium",140,15,5,10.7,33.3
"146","Belgium","Men","1910-1919","Low",4,1,NA,25,NA
"147","Belgium","Men","1910-1919","Medium",1,NA,NA,NA,NA
"148","Belgium","Men","1920-1929","High",12,4,1,33.3,25
"149","Belgium","Men","1920-1929","Low",54,7,3,13,42.9
"150","Belgium","Men","1920-1929","Medium",16,4,NA,25,NA
"151","Belgium","Men","1930-1939","High",107,23,6,21.5,26.1
"152","Belgium","Men","1930-1939","Low",248,61,11,24.6,18
"153","Belgium","Men","1930-1939","Medium",127,28,1,22,3.6
"154","Belgium","Men","1930-1939",NA,2,NA,NA,NA,NA
"155","Belgium","Men","1940-1949","High",213,52,5,24.4,9.6
"156","Belgium","Men","1940-1949","Low",304,91,26,29.9,28.6
"157","Belgium","Men","1940-1949","Medium",199,44,11,22.1,25
"158","Belgium","Men","1940-1949",NA,3,2,2,66.7,100
"159","Belgium","Men","1950-1959","High",301,43,14,14.3,32.6
"160","Belgium","Men","1950-1959","Low",316,74,26,23.4,35.1
"161","Belgium","Men","1950-1959","Medium",335,70,17,20.9,24.3
"162","Belgium","Men","1950-1959",NA,5,NA,NA,NA,NA
"163","Belgium","Men","1960-1969","High",377,65,19,17.2,29.2
"164","Belgium","Men","1960-1969","Low",264,60,23,22.7,38.3
"165","Belgium","Men","1960-1969","Medium",382,81,25,21.2,30.9
"166","Belgium","Men","1960-1969",NA,6,2,1,33.3,50
"167","Belgium","Men","1970-1979","High",206,40,13,19.4,32.5
"168","Belgium","Men","1970-1979","Low",88,33,12,37.5,36.4
"169","Belgium","Men","1970-1979","Medium",158,31,10,19.6,32.3
"170","Belgium","Men","1970-1979",NA,2,NA,NA,NA,NA
"171","Belgium","Men","1980-1989","High",24,9,5,37.5,55.6
"172","Belgium","Men","1980-1989","Low",6,2,NA,33.3,NA
"173","Belgium","Men","1980-1989","Medium",23,5,1,21.7,20
"174","Belgium","Women","1910-1919","High",1,1,1,100,100
"175","Belgium","Women","1910-1919","Low",4,NA,NA,NA,NA
"176","Belgium","Women","1910-1919","Medium",2,NA,NA,NA,NA
"177","Belgium","Women","1920-1929","High",8,1,NA,12.5,NA
"178","Belgium","Women","1920-1929","Low",79,15,5,19,33.3
"179","Belgium","Women","1920-1929","Medium",14,2,NA,14.3,NA
"180","Belgium","Women","1930-1939","High",75,27,12,36,44.4
"181","Belgium","Women","1930-1939","Low",329,72,26,21.9,36.1
"182","Belgium","Women","1930-1939","Medium",117,27,9,23.1,33.3
"183","Belgium","Women","1930-1939",NA,1,NA,NA,NA,NA
"184","Belgium","Women","1940-1949","High",191,47,9,24.6,19.1
"185","Belgium","Women","1940-1949","Low",357,69,13,19.3,18.8
"186","Belgium","Women","1940-1949","Medium",172,39,7,22.7,17.9
"187","Belgium","Women","1940-1949",NA,1,NA,NA,NA,NA
"188","Belgium","Women","1950-1959","High",315,52,6,16.5,11.5
"189","Belgium","Women","1950-1959","Low",367,54,13,14.7,24.1
"190","Belgium","Women","1950-1959","Medium",329,52,10,15.8,19.2
"191","Belgium","Women","1950-1959",NA,3,1,NA,33.3,NA
"192","Belgium","Women","1960-1969","High",477,74,22,15.5,29.7
"193","Belgium","Women","1960-1969","Low",258,29,6,11.2,20.7
"194","Belgium","Women","1960-1969","Medium",412,47,9,11.4,19.1
"195","Belgium","Women","1960-1969",NA,2,NA,NA,NA,NA
"196","Belgium","Women","1970-1979","High",237,40,10,16.9,25
"197","Belgium","Women","1970-1979","Low",68,8,4,11.8,50
"198","Belgium","Women","1970-1979","Medium",163,22,5,13.5,22.7
"199","Belgium","Women","1970-1979",NA,2,NA,NA,NA,NA
"200","Belgium","Women","1980-1989","High",37,4,2,10.8,50
"201","Belgium","Women","1980-1989","Low",5,1,1,20,100
"202","Belgium","Women","1980-1989","Medium",22,3,NA,13.6,NA
"203","Benin","Men","1960-1969","High",95,3,2,3.2,66.7
"204","Benin","Men","1960-1969","Low",303,4,1,1.3,25
"205","Benin","Men","1970-1979","High",665,20,6,3,30
"206","Benin","Men","1970-1979","Low",2087,22,3,1.1,13.6
"207","Benin","Men","1980-1989","High",346,13,1,3.8,7.7
"208","Benin","Men","1980-1989","Low",1015,14,2,1.4,14.3
"209","Benin","Women","1950-1959","High",108,1,NA,0.9,NA
"210","Benin","Women","1950-1959","Low",175,2,2,1.1,100
"211","Benin","Women","1960-1969","High",352,5,1,1.4,20
"212","Benin","Women","1960-1969","Low",381,9,5,2.4,55.6
"213","Benin","Women","1970-1979","High",629,18,8,2.9,44.4
"214","Benin","Women","1970-1979","Low",635,14,4,2.2,28.6
"215","Benin","Women","1980-1989","High",218,15,8,6.9,53.3
"216","Benin","Women","1980-1989","Low",378,19,9,5,47.4
"217","Bolivia","Men","1950-1959","High",239,13,8,5.4,61.5
"218","Bolivia","Men","1950-1959","Low",272,12,3,4.4,25
"219","Bolivia","Men","1960-1969","High",1744,98,63,5.6,64.3
"220","Bolivia","Men","1960-1969","Low",1856,40,18,2.2,45
"221","Bolivia","Men","1970-1979","High",628,63,42,10,66.7
"222","Bolivia","Men","1970-1979","Low",790,19,11,2.4,57.9
"223","Bolivia","Women","1940-1949","High",152,11,6,7.2,54.5
"224","Bolivia","Women","1940-1949","Low",210,6,1,2.9,16.7
"225","Bolivia","Women","1950-1959","High",386,19,11,4.9,57.9
"226","Bolivia","Women","1950-1959","Low",423,18,9,4.3,50
"227","Bolivia","Women","1960-1969","High",535,40,31,7.5,77.5
"228","Bolivia","Women","1960-1969","Low",597,35,21,5.9,60
"229","Bolivia","Women","1970-1979","High",196,18,12,9.2,66.7
"230","Bolivia","Women","1970-1979","Low",238,15,9,6.3,60
"231","Brazil","Men","1940-1949","High",316,38,21,12,55.3
"232","Brazil","Men","1940-1949","Low",501,30,16,6,53.3
"233","Brazil","Men","1950-1959","High",1419,166,110,11.7,66.3
"234","Brazil","Men","1950-1959","Low",1554,89,50,5.7,56.2
"235","Brazil","Men","1950-1959",NA,2,NA,NA,NA,NA
"236","Brazil","Men","1960-1969","High",195,28,18,14.4,64.3
"237","Brazil","Men","1960-1969","Low",273,12,8,4.4,66.7
"238","Brazil","Women","1930-1939","High",42,NA,NA,NA,NA
"239","Brazil","Women","1930-1939","Low",60,5,1,8.3,20
"240","Brazil","Women","1940-1949","High",187,9,3,4.8,33.3
"241","Brazil","Women","1940-1949","Low",209,15,7,7.2,46.7
"242","Brazil","Women","1950-1959","High",263,24,9,9.1,37.5
"243","Brazil","Women","1950-1959","Low",294,18,12,6.1,66.7
"244","Brazil","Women","1960-1969","High",37,5,3,13.5,60
"245","Brazil","Women","1960-1969","Low",38,8,4,21.1,50
"246","Bulgaria","Men","1910-1919","Medium",1,NA,NA,NA,NA
"247","Bulgaria","Men","1920-1929","High",50,4,2,8,50
"248","Bulgaria","Men","1920-1929","Low",158,16,4,10.1,25
"249","Bulgaria","Men","1920-1929","Medium",61,6,3,9.8,50
"250","Bulgaria","Men","1920-1929",NA,8,2,2,25,100
"251","Bulgaria","Men","1930-1939","High",165,6,3,3.6,50
"252","Bulgaria","Men","1930-1939","Low",385,23,10,6,43.5
"253","Bulgaria","Men","1930-1939","Medium",237,13,6,5.5,46.2
"254","Bulgaria","Men","1930-1939",NA,8,1,NA,12.5,NA
"255","Bulgaria","Men","1940-1949","High",171,12,5,7,41.7
"256","Bulgaria","Men","1940-1949","Low",372,39,21,10.5,53.8
"257","Bulgaria","Men","1940-1949","Medium",517,31,13,6,41.9
"258","Bulgaria","Men","1940-1949",NA,3,NA,NA,NA,NA
"259","Bulgaria","Men","1950-1959","High",225,24,15,10.7,62.5
"260","Bulgaria","Men","1950-1959","Low",252,29,21,11.5,72.4
"261","Bulgaria","Men","1950-1959","Medium",636,65,36,10.2,55.4
"262","Bulgaria","Men","1950-1959",NA,11,3,3,27.3,100
"263","Bulgaria","Men","1960-1969","High",228,51,34,22.4,66.7
"264","Bulgaria","Men","1960-1969","Low",299,41,27,13.7,65.9
"265","Bulgaria","Men","1960-1969","Medium",956,164,110,17.2,67.1
"266","Bulgaria","Men","1960-1969",NA,6,NA,NA,NA,NA
"267","Bulgaria","Men","1970-1979","High",41,13,7,31.7,53.8
"268","Bulgaria","Men","1970-1979","Low",35,10,9,28.6,90
"269","Bulgaria","Men","1970-1979","Medium",103,33,23,32,69.7
"270","Bulgaria","Men","1980-1989","High",12,7,4,58.3,57.1
"271","Bulgaria","Men","1980-1989","Low",12,6,5,50,83.3
"272","Bulgaria","Men","1980-1989","Medium",22,11,10,50,90.9
"273","Bulgaria","Women","1910-1919","Low",2,NA,NA,NA,NA
"274","Bulgaria","Women","1920-1929","High",15,1,1,6.7,100
"275","Bulgaria","Women","1920-1929","Low",147,15,4,10.2,26.7
"276","Bulgaria","Women","1920-1929","Medium",33,2,NA,6.1,NA
"277","Bulgaria","Women","1920-1929",NA,4,1,1,25,100
"278","Bulgaria","Women","1930-1939","High",123,15,3,12.2,20
"279","Bulgaria","Women","1930-1939","Low",516,37,8,7.2,21.6
"280","Bulgaria","Women","1930-1939","Medium",269,13,6,4.8,46.2
"281","Bulgaria","Women","1930-1939",NA,29,3,NA,10.3,NA
"282","Bulgaria","Women","1940-1949","High",257,28,13,10.9,46.4
"283","Bulgaria","Women","1940-1949","Low",460,11,2,2.4,18.2
"284","Bulgaria","Women","1940-1949","Medium",512,23,6,4.5,26.1
"285","Bulgaria","Women","1940-1949",NA,17,2,1,11.8,50
"286","Bulgaria","Women","1950-1959","High",323,27,20,8.4,74.1
"287","Bulgaria","Women","1950-1959","Low",303,14,5,4.6,35.7
"288","Bulgaria","Women","1950-1959","Medium",640,36,16,5.6,44.4
"289","Bulgaria","Women","1950-1959",NA,10,1,1,10,100
"290","Bulgaria","Women","1960-1969","High",586,74,48,12.6,64.9
"291","Bulgaria","Women","1960-1969","Low",351,16,9,4.6,56.2
"292","Bulgaria","Women","1960-1969","Medium",1115,73,42,6.5,57.5
"293","Bulgaria","Women","1960-1969",NA,13,5,4,38.5,80
"294","Bulgaria","Women","1970-1979","High",64,9,4,14.1,44.4
"295","Bulgaria","Women","1970-1979","Low",56,1,NA,1.8,NA
"296","Bulgaria","Women","1970-1979","Medium",95,9,6,9.5,66.7
"297","Bulgaria","Women","1980-1989","High",8,3,1,37.5,33.3
"298","Bulgaria","Women","1980-1989","Low",9,1,NA,11.1,NA
"299","Bulgaria","Women","1980-1989","Medium",19,5,4,26.3,80
"300","Burkina Faso","Men","1960-1969","High",305,7,4,2.3,57.1
"301","Burkina Faso","Men","1960-1969","Low",2222,14,NA,0.6,NA
"302","Burkina Faso","Men","1970-1979","High",340,9,4,2.6,44.4
"303","Burkina Faso","Men","1970-1979","Low",2103,15,NA,0.7,NA
"304","Burkina Faso","Women","1950-1959","High",128,1,NA,0.8,NA
"305","Burkina Faso","Women","1950-1959","Low",563,4,NA,0.7,NA
"306","Burkina Faso","Women","1960-1969","High",258,5,4,1.9,80
"307","Burkina Faso","Women","1960-1969","Low",1004,11,NA,1.1,NA
"308","Burkina Faso","Women","1970-1979","High",328,26,17,7.9,65.4
"309","Burkina Faso","Women","1970-1979","Low",652,29,11,4.4,37.9
"310","Burundi","Men","1960-1969","High",181,1,NA,0.6,NA
"311","Burundi","Men","1960-1969","Low",470,18,12,3.8,66.7
"312","Burundi","Men","1970-1979","High",1303,52,30,4,57.7
"313","Burundi","Men","1970-1979","Low",1803,72,41,4,56.9
"314","Burundi","Men","1980-1989","High",423,23,17,5.4,73.9
"315","Burundi","Men","1980-1989","Low",505,28,21,5.5,75
"316","Burundi","Women","1950-1959","High",97,1,1,1,100
"317","Burundi","Women","1950-1959","Low",114,4,3,3.5,75
"318","Burundi","Women","1960-1969","High",366,10,8,2.7,80
"319","Burundi","Women","1960-1969","Low",558,10,6,1.8,60
"320","Burundi","Women","1970-1979","High",528,16,8,3,50
"321","Burundi","Women","1970-1979","Low",688,21,10,3.1,47.6
"322","Burundi","Women","1980-1989","High",147,11,8,7.5,72.7
"323","Burundi","Women","1980-1989","Low",205,3,2,1.5,66.7
"324","Cambodia","Men","1960-1969","High",846,61,43,7.2,70.5
"325","Cambodia","Men","1960-1969","Low",1129,67,41,5.9,61.2
"326","Cambodia","Men","1970-1979","High",1602,141,89,8.8,63.1
"327","Cambodia","Men","1970-1979","Low",2095,160,104,7.6,65
"328","Cambodia","Women","1960-1969","High",260,5,NA,1.9,NA
"329","Cambodia","Women","1960-1969","Low",310,11,1,3.5,9.1
"330","Cambodia","Women","1970-1979","High",504,32,10,6.3,31.2
"331","Cambodia","Women","1970-1979","Low",605,25,10,4.1,40
"332","Cameroon","Men","1950-1959","High",148,6,NA,4.1,NA
"333","Cameroon","Men","1950-1959","Low",220,7,NA,3.2,NA
"334","Cameroon","Men","1960-1969","High",478,12,3,2.5,25
"335","Cameroon","Men","1960-1969","Low",483,17,3,3.5,17.6
"336","Cameroon","Men","1970-1979","High",826,29,8,3.5,27.6
"337","Cameroon","Men","1970-1979","Low",1267,46,3,3.6,6.5
"338","Cameroon","Men","1980-1989","High",473,34,22,7.2,64.7
"339","Cameroon","Men","1980-1989","Low",741,28,12,3.8,42.9
"340","Cameroon","Women","1950-1959","High",107,1,NA,0.9,NA
"341","Cameroon","Women","1950-1959","Low",187,6,NA,3.2,NA
"342","Cameroon","Women","1960-1969","High",342,7,NA,2,NA
"343","Cameroon","Women","1960-1969","Low",368,11,6,3,54.5
"344","Cameroon","Women","1970-1979","High",492,22,15,4.5,68.2
"345","Cameroon","Women","1970-1979","Low",527,31,19,5.9,61.3
"346","Cameroon","Women","1970-1979",NA,1,NA,NA,NA,NA
"347","Cameroon","Women","1980-1989","High",206,22,11,10.7,50
"348","Cameroon","Women","1980-1989","Low",343,33,25,9.6,75.8
"349","Canada","Men","1920-1929","High",34,6,2,17.6,33.3
"350","Canada","Men","1920-1929","Low",77,19,5,24.7,26.3
"351","Canada","Men","1920-1929","Medium",66,12,1,18.2,8.3
"352","Canada","Men","1920-1929",NA,4,1,NA,25,NA
"353","Canada","Men","1930-1939","High",412,59,17,14.3,28.8
"354","Canada","Men","1930-1939","Low",686,122,33,17.8,27
"355","Canada","Men","1930-1939","Medium",642,117,35,18.2,29.9
"356","Canada","Men","1930-1939",NA,43,11,4,25.6,36.4
"357","Canada","Men","1940-1949","High",1023,211,45,20.6,21.3
"358","Canada","Men","1940-1949","Low",846,185,51,21.9,27.6
"359","Canada","Men","1940-1949","Medium",1315,274,51,20.8,18.6
"360","Canada","Men","1940-1949",NA,43,14,3,32.6,21.4
"361","Canada","Men","1950-1959","High",1403,390,106,27.8,27.2
"362","Canada","Men","1950-1959","Low",622,174,60,28,34.5
"363","Canada","Men","1950-1959","Medium",1870,448,119,24,26.6
"364","Canada","Men","1950-1959",NA,51,15,3,29.4,20
"365","Canada","Men","1960-1969","High",1670,499,169,29.9,33.9
"366","Canada","Men","1960-1969","Low",459,142,45,30.9,31.7
"367","Canada","Men","1960-1969","Medium",1709,527,157,30.8,29.8
"368","Canada","Men","1960-1969",NA,63,16,4,25.4,25
"369","Canada","Men","1970-1979","High",654,200,65,30.6,32.5
"370","Canada","Men","1970-1979","Low",112,33,18,29.5,54.5
"371","Canada","Men","1970-1979","Medium",563,169,57,30,33.7
"372","Canada","Men","1970-1979",NA,26,6,2,23.1,33.3
"373","Canada","Women","1920-1929","High",54,12,7,22.2,58.3
"374","Canada","Women","1920-1929","Low",140,24,9,17.1,37.5
"375","Canada","Women","1920-1929","Medium",105,17,8,16.2,47.1
"376","Canada","Women","1920-1929",NA,11,2,NA,18.2,NA
"377","Canada","Women","1930-1939","High",537,99,52,18.4,52.5
"378","Canada","Women","1930-1939","Low",971,90,21,9.3,23.3
"379","Canada","Women","1930-1939","Medium",874,108,28,12.4,25.9
"380","Canada","Women","1930-1939",NA,52,12,4,23.1,33.3
"381","Canada","Women","1940-1949","High",1384,289,88,20.9,30.4
"382","Canada","Women","1940-1949","Low",1050,104,28,9.9,26.9
"383","Canada","Women","1940-1949","Medium",1578,214,60,13.6,28
"384","Canada","Women","1940-1949",NA,60,11,2,18.3,18.2
"385","Canada","Women","1950-1959","High",2145,546,155,25.5,28.4
"386","Canada","Women","1950-1959","Low",657,83,23,12.6,27.7
"387","Canada","Women","1950-1959","Medium",2089,400,90,19.1,22.5
"388","Canada","Women","1950-1959",NA,57,15,4,26.3,26.7
"389","Canada","Women","1960-1969","High",2426,662,191,27.3,28.9
"390","Canada","Women","1960-1969","Low",351,57,15,16.2,26.3
"391","Canada","Women","1960-1969","Medium",1817,410,103,22.6,25.1
"392","Canada","Women","1960-1969",NA,58,11,2,19,18.2
"393","Canada","Women","1970-1979","High",1031,260,88,25.2,33.8
"394","Canada","Women","1970-1979","Low",81,13,4,16,30.8
"395","Canada","Women","1970-1979","Medium",489,89,32,18.2,36
"396","Canada","Women","1970-1979",NA,26,2,1,7.7,50
"397","Central African Republic","Men","1940-1949","High",46,4,NA,8.7,NA
"398","Central African Republic","Men","1940-1949","Low",382,32,2,8.4,6.2
"399","Central African Republic","Men","1950-1959","High",339,13,3,3.8,23.1
"400","Central African Republic","Men","1950-1959","Low",814,79,10,9.7,12.7
"401","Central African Republic","Men","1960-1969","High",3,NA,NA,NA,NA
"402","Central African Republic","Men","1960-1969","Low",4,NA,NA,NA,NA
"403","Central African Republic","Women","1930-1939","High",34,1,NA,2.9,NA
"404","Central African Republic","Women","1930-1939","Low",59,8,NA,13.6,NA
"405","Central African Republic","Women","1940-1949","High",82,2,NA,2.4,NA
"406","Central African Republic","Women","1940-1949","Low",115,11,1,9.6,9.1
"407","Central African Republic","Women","1950-1959","High",146,11,5,7.5,45.5
"408","Central African Republic","Women","1950-1959","Low",165,25,10,15.2,40
"409","Central African Republic","Women","1960-1969","High",1,NA,NA,NA,NA
"410","Central African Republic","Women","1960-1969","Low",3,1,NA,33.3,NA
"411","Chad","Men","1960-1969","High",201,2,NA,1,NA
"412","Chad","Men","1960-1969","Low",1060,11,2,1,18.2
"413","Chad","Men","1970-1979","High",626,13,4,2.1,30.8
"414","Chad","Men","1970-1979","Low",2955,26,7,0.9,26.9
"415","Chad","Men","1970-1979",NA,2,NA,NA,NA,NA
"416","Chad","Men","1980-1989","High",37,1,NA,2.7,NA
"417","Chad","Men","1980-1989","Low",127,NA,NA,NA,NA
"418","Chad","Women","1950-1959","High",71,NA,NA,NA,NA
"419","Chad","Women","1950-1959","Low",148,2,NA,1.4,NA
"420","Chad","Women","1960-1969","High",265,4,1,1.5,25
"421","Chad","Women","1960-1969","Low",420,6,2,1.4,33.3
"422","Chad","Women","1960-1969",NA,1,NA,NA,NA,NA
"423","Chad","Women","1970-1979","High",449,21,12,4.7,57.1
"424","Chad","Women","1970-1979","Low",604,5,1,0.8,20
"425","Chad","Women","1970-1979",NA,4,NA,NA,NA,NA
"426","Chad","Women","1980-1989","High",25,1,1,4,100
"427","Chad","Women","1980-1989","Low",52,1,NA,1.9,NA
"428","Colombia","Men","1960-1969","High",1866,139,69,7.4,49.6
"429","Colombia","Men","1960-1969","Low",1897,57,26,3,45.6
"430","Colombia","Men","1970-1979","High",4330,386,210,8.9,54.4
"431","Colombia","Men","1970-1979","Low",4474,119,56,2.7,47.1
"432","Colombia","Men","1980-1989","High",222,28,18,12.6,64.3
"433","Colombia","Men","1980-1989","Low",454,22,13,4.8,59.1
"434","Colombia","Women","1950-1959","High",942,76,39,8.1,51.3
"435","Colombia","Women","1950-1959","Low",1182,127,65,10.7,51.2
"436","Colombia","Women","1960-1969","High",2917,330,148,11.3,44.8
"437","Colombia","Women","1960-1969","Low",3227,375,200,11.6,53.3
"438","Colombia","Women","1970-1979","High",3114,520,259,16.7,49.8
"439","Colombia","Women","1970-1979","Low",3145,448,256,14.2,57.1
"440","Colombia","Women","1980-1989","High",125,32,20,25.6,62.5
"441","Colombia","Women","1980-1989","Low",343,50,27,14.6,54
"442","Comoros","Men","1960-1969","High",179,15,NA,8.4,NA
"443","Comoros","Men","1960-1969","Low",254,11,NA,4.3,NA
"444","Comoros","Men","1960-1969",NA,1,NA,NA,NA,NA
"445","Comoros","Men","1970-1979","High",444,79,25,17.8,31.6
"446","Comoros","Men","1970-1979","Low",510,29,8,5.7,27.6
"447","Comoros","Men","1970-1979",NA,4,NA,NA,NA,NA
"448","Comoros","Women","1950-1959","High",50,3,NA,6,NA
"449","Comoros","Women","1950-1959","Low",50,3,NA,6,NA
"450","Comoros","Women","1960-1969","High",129,8,1,6.2,12.5
"451","Comoros","Women","1960-1969","Low",151,7,3,4.6,42.9
"452","Comoros","Women","1960-1969",NA,2,NA,NA,NA,NA
"453","Comoros","Women","1970-1979","High",179,30,15,16.8,50
"454","Comoros","Women","1970-1979","Low",222,26,11,11.7,42.3
"455","Comoros","Women","1970-1979",NA,1,1,NA,100,NA
"456","Congo","Men","1960-1969","High",631,18,2,2.9,11.1
"457","Congo","Men","1960-1969","Low",837,12,2,1.4,16.7
"458","Congo","Men","1970-1979","High",787,28,5,3.6,17.9
"459","Congo","Men","1970-1979","Low",1113,18,5,1.6,27.8
"460","Congo","Women","1950-1959","High",172,2,NA,1.2,NA
"461","Congo","Women","1950-1959","Low",194,4,3,2.1,75
"462","Congo","Women","1960-1969","High",410,9,3,2.2,33.3
"463","Congo","Women","1960-1969","Low",493,23,15,4.7,65.2
"464","Congo","Women","1970-1979","High",372,16,10,4.3,62.5
"465","Congo","Women","1970-1979","Low",543,28,14,5.2,50
"466","Croatia","Men","1930-1939","High",10,1,NA,10,NA
"467","Croatia","Men","1930-1939","Low",12,1,1,8.3,100
"468","Croatia","Men","1930-1939","Medium",10,1,NA,10,NA
"469","Croatia","Men","1940-1949","High",19,2,1,10.5,50
"470","Croatia","Men","1940-1949","Low",11,NA,NA,NA,NA
"471","Croatia","Men","1940-1949","Medium",45,3,2,6.7,66.7
"472","Croatia","Men","1950-1959","High",41,5,2,12.2,40
"473","Croatia","Men","1950-1959","Low",23,5,4,21.7,80
"474","Croatia","Men","1950-1959","Medium",99,13,4,13.1,30.8
"475","Croatia","Men","1960-1969","High",19,6,2,31.6,33.3
"476","Croatia","Men","1960-1969","Low",13,6,5,46.2,83.3
"477","Croatia","Men","1960-1969","Medium",98,24,10,24.5,41.7
"478","Croatia","Men","1970-1979","High",19,4,NA,21.1,NA
"479","Croatia","Men","1970-1979","Low",11,5,4,45.5,80
"480","Croatia","Men","1970-1979","Medium",79,22,10,27.8,45.5
"481","Croatia","Men","1980-1989","High",14,5,3,35.7,60
"482","Croatia","Men","1980-1989","Low",2,1,1,50,100
"483","Croatia","Men","1980-1989","Medium",40,18,7,45,38.9
"484","Croatia","Women","1920-1929","Low",5,1,1,20,100
"485","Croatia","Women","1920-1929","Medium",2,1,NA,50,NA
"486","Croatia","Women","1930-1939","High",5,3,2,60,66.7
"487","Croatia","Women","1930-1939","Low",30,3,1,10,33.3
"488","Croatia","Women","1930-1939","Medium",10,2,1,20,50
"489","Croatia","Women","1940-1949","High",35,2,NA,5.7,NA
"490","Croatia","Women","1940-1949","Low",48,5,2,10.4,40
"491","Croatia","Women","1940-1949","Medium",52,3,2,5.8,66.7
"492","Croatia","Women","1950-1959","High",41,8,3,19.5,37.5
"493","Croatia","Women","1950-1959","Low",57,9,1,15.8,11.1
"494","Croatia","Women","1950-1959","Medium",100,4,2,4,50
"495","Croatia","Women","1960-1969","High",36,8,3,22.2,37.5
"496","Croatia","Women","1960-1969","Low",35,5,1,14.3,20
"497","Croatia","Women","1960-1969","Medium",126,14,7,11.1,50
"498","Croatia","Women","1970-1979","High",43,8,2,18.6,25
"499","Croatia","Women","1970-1979","Low",18,1,NA,5.6,NA
"500","Croatia","Women","1970-1979","Medium",110,13,8,11.8,61.5
"501","Croatia","Women","1980-1989","High",26,4,2,15.4,50
"502","Croatia","Women","1980-1989","Low",6,1,1,16.7,100
"503","Croatia","Women","1980-1989","Medium",48,6,3,12.5,50
"504","Cyprus","Men","1920-1929","High",3,NA,NA,NA,NA
"505","Cyprus","Men","1920-1929","Low",26,1,NA,3.8,NA
"506","Cyprus","Men","1920-1929","Medium",2,1,1,50,100
"507","Cyprus","Men","1930-1939","High",16,3,NA,18.8,NA
"508","Cyprus","Men","1930-1939","Low",59,1,1,1.7,100
"509","Cyprus","Men","1930-1939","Medium",20,NA,NA,NA,NA
"510","Cyprus","Men","1940-1949","High",27,2,NA,7.4,NA
"511","Cyprus","Men","1940-1949","Low",58,1,1,1.7,100
"512","Cyprus","Men","1940-1949","Medium",47,2,1,4.3,50
"513","Cyprus","Men","1950-1959","High",29,4,2,13.8,50
"514","Cyprus","Men","1950-1959","Low",36,1,1,2.8,100
"515","Cyprus","Men","1950-1959","Medium",64,5,1,7.8,20
"516","Cyprus","Men","1960-1969","High",38,3,NA,7.9,NA
"517","Cyprus","Men","1960-1969","Low",12,1,NA,8.3,NA
"518","Cyprus","Men","1960-1969","Medium",78,10,3,12.8,30
"519","Cyprus","Men","1970-1979","High",29,7,1,24.1,14.3
"520","Cyprus","Men","1970-1979","Low",8,2,1,25,50
"521","Cyprus","Men","1970-1979","Medium",34,5,2,14.7,40
"522","Cyprus","Men","1980-1989","High",17,8,3,47.1,37.5
"523","Cyprus","Men","1980-1989","Low",2,1,1,50,100
"524","Cyprus","Men","1980-1989","Medium",7,1,1,14.3,100
"525","Cyprus","Women","1920-1929","High",1,NA,NA,NA,NA
"526","Cyprus","Women","1920-1929","Low",24,1,1,4.2,100
"527","Cyprus","Women","1920-1929","Medium",1,NA,NA,NA,NA
"528","Cyprus","Women","1930-1939","High",2,1,NA,50,NA
"529","Cyprus","Women","1930-1939","Low",68,2,1,2.9,50
"530","Cyprus","Women","1930-1939","Medium",7,NA,NA,NA,NA
"531","Cyprus","Women","1940-1949","High",13,2,NA,15.4,NA
"532","Cyprus","Women","1940-1949","Low",106,16,6,15.1,37.5
"533","Cyprus","Women","1940-1949","Medium",30,3,1,10,33.3
"534","Cyprus","Women","1950-1959","High",41,6,3,14.6,50
"535","Cyprus","Women","1950-1959","Low",69,5,4,7.2,80
"536","Cyprus","Women","1950-1959","Medium",79,5,3,6.3,60
"537","Cyprus","Women","1960-1969","High",57,10,5,17.5,50
"538","Cyprus","Women","1960-1969","Low",29,2,1,6.9,50
"539","Cyprus","Women","1960-1969","Medium",98,6,3,6.1,50
"540","Cyprus","Women","1970-1979","High",43,9,2,20.9,22.2
"541","Cyprus","Women","1970-1979","Low",7,1,1,14.3,100
"542","Cyprus","Women","1970-1979","Medium",26,2,1,7.7,50
"543","Cyprus","Women","1980-1989","High",19,6,4,31.6,66.7
"544","Cyprus","Women","1980-1989","Low",1,NA,NA,NA,NA
"545","Cyprus","Women","1980-1989","Medium",4,NA,NA,NA,NA
"546","Czechia","Men","1920-1929","High",23,3,1,13,33.3
"547","Czechia","Men","1920-1929","Low",42,12,4,28.6,33.3
"548","Czechia","Men","1920-1929","Medium",101,21,7,20.8,33.3
"549","Czechia","Men","1930-1939","High",76,8,2,10.5,25
"550","Czechia","Men","1930-1939","Low",146,42,18,28.8,42.9
"551","Czechia","Men","1930-1939","Medium",323,52,26,16.1,50
"552","Czechia","Men","1930-1939",NA,4,NA,NA,NA,NA
"553","Czechia","Men","1940-1949","High",136,24,11,17.6,45.8
"554","Czechia","Men","1940-1949","Low",133,41,24,30.8,58.5
"555","Czechia","Men","1940-1949","Medium",550,85,38,15.5,44.7
"556","Czechia","Men","1940-1949",NA,16,5,3,31.2,60
"557","Czechia","Men","1950-1959","High",166,24,8,14.5,33.3
"558","Czechia","Men","1950-1959","Low",127,49,33,38.6,67.3
"559","Czechia","Men","1950-1959","Medium",665,146,82,22,56.2
"560","Czechia","Men","1950-1959",NA,16,3,3,18.8,100
"561","Czechia","Men","1960-1969","High",216,53,29,24.5,54.7
"562","Czechia","Men","1960-1969","Low",126,49,33,38.9,67.3
"563","Czechia","Men","1960-1969","Medium",659,142,77,21.5,54.2
"564","Czechia","Men","1960-1969",NA,15,3,3,20,100
"565","Czechia","Men","1970-1979","High",45,11,3,24.4,27.3
"566","Czechia","Men","1970-1979","Low",8,2,2,25,100
"567","Czechia","Men","1970-1979","Medium",183,40,18,21.9,45
"568","Czechia","Men","1970-1979",NA,5,2,2,40,100
"569","Czechia","Men","1980-1989","High",21,12,4,57.1,33.3
"570","Czechia","Men","1980-1989","Low",2,1,NA,50,NA
"571","Czechia","Men","1980-1989","Medium",65,29,13,44.6,44.8
"572","Czechia","Women","1920-1929","High",7,2,NA,28.6,NA
"573","Czechia","Women","1920-1929","Low",145,27,13,18.6,48.1
"574","Czechia","Women","1920-1929","Medium",108,27,11,25,40.7
"575","Czechia","Women","1920-1929",NA,1,NA,NA,NA,NA
"576","Czechia","Women","1930-1939","High",34,6,4,17.6,66.7
"577","Czechia","Women","1930-1939","Low",265,41,20,15.5,48.8
"578","Czechia","Women","1930-1939","Medium",352,50,18,14.2,36
"579","Czechia","Women","1930-1939",NA,6,1,NA,16.7,NA
"580","Czechia","Women","1940-1949","High",98,19,8,19.4,42.1
"581","Czechia","Women","1940-1949","Low",232,34,15,14.7,44.1
"582","Czechia","Women","1940-1949","Medium",657,58,18,8.8,31
"583","Czechia","Women","1940-1949",NA,23,6,3,26.1,50
"584","Czechia","Women","1950-1959","High",143,13,3,9.1,23.1
"585","Czechia","Women","1950-1959","Low",201,27,14,13.4,51.9
"586","Czechia","Women","1950-1959","Medium",759,72,19,9.5,26.4
"587","Czechia","Women","1950-1959",NA,16,3,3,18.8,100
"588","Czechia","Women","1960-1969","High",162,18,10,11.1,55.6
"589","Czechia","Women","1960-1969","Low",129,21,11,16.3,52.4
"590","Czechia","Women","1960-1969","Medium",809,86,30,10.6,34.9
"591","Czechia","Women","1960-1969",NA,15,3,NA,20,NA
"592","Czechia","Women","1970-1979","High",51,11,4,21.6,36.4
"593","Czechia","Women","1970-1979","Low",10,1,1,10,100
"594","Czechia","Women","1970-1979","Medium",203,20,6,9.9,30
"595","Czechia","Women","1970-1979",NA,1,NA,NA,NA,NA
"596","Czechia","Women","1980-1989","High",35,6,2,17.1,33.3
"597","Czechia","Women","1980-1989","Low",2,NA,NA,NA,NA
"598","Czechia","Women","1980-1989","Medium",64,16,5,25,31.2
"599","Democratic Republic of the Congo","Men","1960-1969","High",735,23,8,3.1,34.8
"600","Democratic Republic of the Congo","Men","1960-1969","Low",858,20,NA,2.3,NA
"601","Democratic Republic of the Congo","Men","1970-1979","High",1626,59,26,3.6,44.1
"602","Democratic Republic of the Congo","Men","1970-1979","Low",1890,53,6,2.8,11.3
"603","Democratic Republic of the Congo","Women","1950-1959","High",253,2,NA,0.8,NA
"604","Democratic Republic of the Congo","Women","1950-1959","Low",264,7,3,2.7,42.9
"605","Democratic Republic of the Congo","Women","1960-1969","High",558,8,2,1.4,25
"606","Democratic Republic of the Congo","Women","1960-1969","Low",720,24,8,3.3,33.3
"607","Democratic Republic of the Congo","Women","1970-1979","High",623,20,9,3.2,45
"608","Democratic Republic of the Congo","Women","1970-1979","Low",854,28,11,3.3,39.3
"609","Denmark","Men","1910-1919","High",1,NA,NA,NA,NA
"610","Denmark","Men","1910-1919","Low",1,NA,NA,NA,NA
"611","Denmark","Men","1910-1919","Medium",2,NA,NA,NA,NA
"612","Denmark","Men","1920-1929","High",12,2,NA,16.7,NA
"613","Denmark","Men","1920-1929","Low",12,3,NA,25,NA
"614","Denmark","Men","1920-1929","Medium",15,1,NA,6.7,NA
"615","Denmark","Men","1920-1929",NA,1,NA,NA,NA,NA
"616","Denmark","Men","1930-1939","High",45,1,NA,2.2,NA
"617","Denmark","Men","1930-1939","Low",30,3,1,10,33.3
"618","Denmark","Men","1930-1939","Medium",48,4,NA,8.3,NA
"619","Denmark","Men","1930-1939",NA,2,NA,NA,NA,NA
"620","Denmark","Men","1940-1949","High",106,9,NA,8.5,NA
"621","Denmark","Men","1940-1949","Low",45,12,4,26.7,33.3
"622","Denmark","Men","1940-1949","Medium",103,10,3,9.7,30
"623","Denmark","Men","1940-1949",NA,1,NA,NA,NA,NA
"624","Denmark","Men","1950-1959","High",131,24,5,18.3,20.8
"625","Denmark","Men","1950-1959","Low",45,10,2,22.2,20
"626","Denmark","Men","1950-1959","Medium",105,13,1,12.4,7.7
"627","Denmark","Men","1950-1959",NA,3,2,1,66.7,50
"628","Denmark","Men","1960-1969","High",139,21,4,15.1,19
"629","Denmark","Men","1960-1969","Low",44,12,2,27.3,16.7
"630","Denmark","Men","1960-1969","Medium",103,23,5,22.3,21.7
"631","Denmark","Men","1960-1969",NA,2,NA,NA,NA,NA
"632","Denmark","Men","1970-1979","High",72,13,5,18.1,38.5
"633","Denmark","Men","1970-1979","Low",19,6,NA,31.6,NA
"634","Denmark","Men","1970-1979","Medium",54,11,1,20.4,9.1
"635","Denmark","Men","1970-1979",NA,2,NA,NA,NA,NA
"636","Denmark","Men","1980-1989","High",16,3,NA,18.8,NA
"637","Denmark","Men","1980-1989","Low",2,NA,NA,NA,NA
"638","Denmark","Men","1980-1989","Medium",19,5,1,26.3,20
"639","Denmark","Women","1910-1919","Low",5,NA,NA,NA,NA
"640","Denmark","Women","1910-1919","Medium",2,NA,NA,NA,NA
"641","Denmark","Women","1920-1929","High",13,4,NA,30.8,NA
"642","Denmark","Women","1920-1929","Low",24,2,NA,8.3,NA
"643","Denmark","Women","1920-1929","Medium",22,3,NA,13.6,NA
"644","Denmark","Women","1930-1939","High",35,6,NA,17.1,NA
"645","Denmark","Women","1930-1939","Low",47,3,NA,6.4,NA
"646","Denmark","Women","1930-1939","Medium",25,3,NA,12,NA
"647","Denmark","Women","1930-1939",NA,3,NA,NA,NA,NA
"648","Denmark","Women","1940-1949","High",119,17,NA,14.3,NA
"649","Denmark","Women","1940-1949","Low",72,6,1,8.3,16.7
"650","Denmark","Women","1940-1949","Medium",81,3,NA,3.7,NA
"651","Denmark","Women","1940-1949",NA,3,NA,NA,NA,NA
"652","Denmark","Women","1950-1959","High",140,25,2,17.9,8
"653","Denmark","Women","1950-1959","Low",44,7,NA,15.9,NA
"654","Denmark","Women","1950-1959","Medium",68,8,NA,11.8,NA
"655","Denmark","Women","1950-1959",NA,5,2,1,40,50
"656","Denmark","Women","1960-1969","High",133,19,2,14.3,10.5
"657","Denmark","Women","1960-1969","Low",27,4,NA,14.8,NA
"658","Denmark","Women","1960-1969","Medium",79,12,2,15.2,16.7
"659","Denmark","Women","1960-1969",NA,3,2,NA,66.7,NA
"660","Denmark","Women","1970-1979","High",108,16,3,14.8,18.8
"661","Denmark","Women","1970-1979","Low",11,NA,NA,NA,NA
"662","Denmark","Women","1970-1979","Medium",37,6,1,16.2,16.7
"663","Denmark","Women","1970-1979",NA,1,NA,NA,NA,NA
"664","Denmark","Women","1980-1989","High",26,4,1,15.4,25
"665","Denmark","Women","1980-1989","Low",5,1,NA,20,NA
"666","Denmark","Women","1980-1989","Medium",7,1,NA,14.3,NA
"667","Denmark","Women","1980-1989",NA,1,NA,NA,NA,NA
"668","Dominican Republic","Men","1950-1959","High",1544,92,27,6,29.3
"669","Dominican Republic","Men","1950-1959","Low",1701,47,5,2.8,10.6
"670","Dominican Republic","Men","1950-1959",NA,2,NA,NA,NA,NA
"671","Dominican Republic","Men","1960-1969","High",1739,98,50,5.6,51
"672","Dominican Republic","Men","1960-1969","Low",2737,87,21,3.2,24.1
"673","Dominican Republic","Men","1960-1969",NA,1,NA,NA,NA,NA
"674","Dominican Republic","Women","1940-1949","High",104,5,3,4.8,60
"675","Dominican Republic","Women","1940-1949","Low",146,13,6,8.9,46.2
"676","Dominican Republic","Women","1940-1949",NA,1,NA,NA,NA,NA
"677","Dominican Republic","Women","1950-1959","High",194,8,2,4.1,25
"678","Dominican Republic","Women","1950-1959","Low",237,22,6,9.3,27.3
"679","Dominican Republic","Women","1960-1969","High",218,25,9,11.5,36
"680","Dominican Republic","Women","1960-1969","Low",238,37,14,15.5,37.8
"681","Dominican Republic","Women","1960-1969",NA,3,NA,NA,NA,NA
"682","Estonia","Men","1920-1929","High",29,3,NA,10.3,NA
"683","Estonia","Men","1920-1929","Low",86,11,2,12.8,18.2
"684","Estonia","Men","1920-1929","Medium",34,4,NA,11.8,NA
"685","Estonia","Men","1930-1939","High",115,11,2,9.6,18.2
"686","Estonia","Men","1930-1939","Low",254,34,6,13.4,17.6
"687","Estonia","Men","1930-1939","Medium",140,5,2,3.6,40
"688","Estonia","Men","1930-1939",NA,1,NA,NA,NA,NA
"689","Estonia","Men","1940-1949","High",192,9,2,4.7,22.2
"690","Estonia","Men","1940-1949","Low",196,28,9,14.3,32.1
"691","Estonia","Men","1940-1949","Medium",248,23,6,9.3,26.1
"692","Estonia","Men","1950-1959","High",195,13,3,6.7,23.1
"693","Estonia","Men","1950-1959","Low",132,27,10,20.5,37
"694","Estonia","Men","1950-1959","Medium",434,40,13,9.2,32.5
"695","Estonia","Men","1960-1969","High",179,23,5,12.8,21.7
"696","Estonia","Men","1960-1969","Low",69,16,9,23.2,56.2
"697","Estonia","Men","1960-1969","Medium",495,73,29,14.7,39.7
"698","Estonia","Men","1970-1979","High",75,12,4,16,33.3
"699","Estonia","Men","1970-1979","Low",18,7,3,38.9,42.9
"700","Estonia","Men","1970-1979","Medium",101,22,9,21.8,40.9
"701","Estonia","Men","1980-1989","High",19,10,2,52.6,20
"702","Estonia","Men","1980-1989","Low",5,NA,NA,NA,NA
"703","Estonia","Men","1980-1989","Medium",33,7,2,21.2,28.6
"704","Estonia","Women","1905-1909","Medium",1,NA,NA,NA,NA
"705","Estonia","Women","1910-1919","High",3,NA,NA,NA,NA
"706","Estonia","Women","1910-1919","Low",3,1,1,33.3,100
"707","Estonia","Women","1910-1919","Medium",1,NA,NA,NA,NA
"708","Estonia","Women","1920-1929","High",69,8,3,11.6,37.5
"709","Estonia","Women","1920-1929","Low",251,39,10,15.5,25.6
"710","Estonia","Women","1920-1929","Medium",103,15,4,14.6,26.7
"711","Estonia","Women","1930-1939","High",223,33,11,14.8,33.3
"712","Estonia","Women","1930-1939","Low",472,41,14,8.7,34.1
"713","Estonia","Women","1930-1939","Medium",340,31,6,9.1,19.4
"714","Estonia","Women","1940-1949","High",351,39,15,11.1,38.5
"715","Estonia","Women","1940-1949","Low",246,22,7,8.9,31.8
"716","Estonia","Women","1940-1949","Medium",474,22,6,4.6,27.3
"717","Estonia","Women","1950-1959","High",527,36,11,6.8,30.6
"718","Estonia","Women","1950-1959","Low",112,8,3,7.1,37.5
"719","Estonia","Women","1950-1959","Medium",637,34,9,5.3,26.5
"720","Estonia","Women","1960-1969","High",502,40,19,8,47.5
"721","Estonia","Women","1960-1969","Low",59,5,3,8.5,60
"722","Estonia","Women","1960-1969","Medium",607,43,14,7.1,32.6
"723","Estonia","Women","1970-1979","High",89,14,3,15.7,21.4
"724","Estonia","Women","1970-1979","Low",16,3,2,18.8,66.7
"725","Estonia","Women","1970-1979","Medium",114,5,1,4.4,20
"726","Estonia","Women","1980-1989","High",33,5,1,15.2,20
"727","Estonia","Women","1980-1989","Low",5,NA,NA,NA,NA
"728","Estonia","Women","1980-1989","Medium",26,5,2,19.2,40
"729","Ethiopia","Men","1960-1969","High",128,11,6,8.6,54.5
"730","Ethiopia","Men","1960-1969","Low",366,6,NA,1.6,NA
"731","Ethiopia","Men","1970-1979","High",881,101,59,11.5,58.4
"732","Ethiopia","Men","1970-1979","Low",1894,36,10,1.9,27.8
"733","Ethiopia","Men","1980-1989","High",296,36,22,12.2,61.1
"734","Ethiopia","Men","1980-1989","Low",631,21,8,3.3,38.1
"735","Ethiopia","Women","1950-1959","High",96,5,2,5.2,40
"736","Ethiopia","Women","1950-1959","Low",121,1,NA,0.8,NA
"737","Ethiopia","Women","1960-1969","High",619,32,17,5.2,53.1
"738","Ethiopia","Women","1960-1969","Low",697,10,NA,1.4,NA
"739","Ethiopia","Women","1970-1979","High",1091,134,81,12.3,60.4
"740","Ethiopia","Women","1970-1979","Low",1321,33,12,2.5,36.4
"741","Ethiopia","Women","1980-1989","High",230,50,30,21.7,60
"742","Ethiopia","Women","1980-1989","Low",396,23,10,5.8,43.5
"743","Finland","Men","1910-1919","Low",6,1,NA,16.7,NA
"744","Finland","Men","1910-1919","Medium",2,NA,NA,NA,NA
"745","Finland","Men","1920-1929","High",2,NA,NA,NA,NA
"746","Finland","Men","1920-1929","Low",33,1,1,3,100
"747","Finland","Men","1920-1929","Medium",13,1,1,7.7,100
"748","Finland","Men","1920-1929",NA,1,NA,NA,NA,NA
"749","Finland","Men","1930-1939","High",31,3,NA,9.7,NA
"750","Finland","Men","1930-1939","Low",90,8,3,8.9,37.5
"751","Finland","Men","1930-1939","Medium",23,3,1,13,33.3
"752","Finland","Men","1930-1939",NA,1,NA,NA,NA,NA
"753","Finland","Men","1940-1949","High",89,6,1,6.7,16.7
"754","Finland","Men","1940-1949","Low",102,13,5,12.7,38.5
"755","Finland","Men","1940-1949","Medium",86,11,3,12.8,27.3
"756","Finland","Men","1950-1959","High",113,16,5,14.2,31.2
"757","Finland","Men","1950-1959","Low",86,17,7,19.8,41.2
"758","Finland","Men","1950-1959","Medium",124,22,8,17.7,36.4
"759","Finland","Men","1960-1969","High",108,19,3,17.6,15.8
"760","Finland","Men","1960-1969","Low",39,13,4,33.3,30.8
"761","Finland","Men","1960-1969","Medium",143,31,12,21.7,38.7
"762","Finland","Men","1960-1969",NA,1,1,1,100,100
"763","Finland","Men","1970-1979","High",87,18,4,20.7,22.2
"764","Finland","Men","1970-1979","Low",10,3,1,30,33.3
"765","Finland","Men","1970-1979","Medium",53,17,5,32.1,29.4
"766","Finland","Men","1970-1979",NA,2,1,1,50,100
"767","Finland","Men","1980-1989","High",26,11,1,42.3,9.1
"768","Finland","Men","1980-1989","Low",2,1,NA,50,NA
"769","Finland","Men","1980-1989","Medium",25,4,NA,16,NA
"770","Finland","Women","1905-1909","Low",1,NA,NA,NA,NA
"771","Finland","Women","1910-1919","High",2,1,NA,50,NA
"772","Finland","Women","1910-1919","Low",12,NA,NA,NA,NA
"773","Finland","Women","1910-1919","Medium",3,1,NA,33.3,NA
"774","Finland","Women","1920-1929","High",10,2,2,20,100
"775","Finland","Women","1920-1929","Low",58,10,4,17.2,40
"776","Finland","Women","1920-1929","Medium",10,2,2,20,100
"777","Finland","Women","1930-1939","High",30,5,3,16.7,60
"778","Finland","Women","1930-1939","Low",123,12,4,9.8,33.3
"779","Finland","Women","1930-1939","Medium",44,5,3,11.4,60
"780","Finland","Women","1930-1939",NA,1,NA,NA,NA,NA
"781","Finland","Women","1940-1949","High",82,13,4,15.9,30.8
"782","Finland","Women","1940-1949","Low",122,11,4,9,36.4
"783","Finland","Women","1940-1949","Medium",95,12,3,12.6,25
"784","Finland","Women","1950-1959","High",140,25,6,17.9,24
"785","Finland","Women","1950-1959","Low",60,9,NA,15,NA
"786","Finland","Women","1950-1959","Medium",116,15,3,12.9,20
"787","Finland","Women","1960-1969","High",177,24,7,13.6,29.2
"788","Finland","Women","1960-1969","Low",12,1,1,8.3,100
"789","Finland","Women","1960-1969","Medium",104,21,2,20.2,9.5
"790","Finland","Women","1970-1979","High",102,17,5,16.7,29.4
"791","Finland","Women","1970-1979","Low",4,1,NA,25,NA
"792","Finland","Women","1970-1979","Medium",42,7,1,16.7,14.3
"793","Finland","Women","1980-1989","High",40,9,3,22.5,33.3
"794","Finland","Women","1980-1989","Low",1,NA,NA,NA,NA
"795","Finland","Women","1980-1989","Medium",23,3,NA,13,NA
"796","France","Men","1910-1919","High",1,NA,NA,NA,NA
"797","France","Men","1910-1919","Low",5,1,1,20,100
"798","France","Men","1910-1919","Medium",1,NA,NA,NA,NA
"799","France","Men","1920-1929","High",34,7,2,20.6,28.6
"800","France","Men","1920-1929","Low",157,30,11,19.1,36.7
"801","France","Men","1920-1929","Medium",42,6,2,14.3,33.3
"802","France","Men","1930-1939","High",98,6,1,6.1,16.7
"803","France","Men","1930-1939","Low",354,51,28,14.4,54.9
"804","France","Men","1930-1939","Medium",250,34,15,13.6,44.1
"805","France","Men","1930-1939",NA,1,NA,NA,NA,NA
"806","France","Men","1940-1949","High",228,26,8,11.4,30.8
"807","France","Men","1940-1949","Low",398,60,30,15.1,50
"808","France","Men","1940-1949","Medium",413,64,21,15.5,32.8
"809","France","Men","1950-1959","High",286,51,11,17.8,21.6
"810","France","Men","1950-1959","Low",324,59,21,18.2,35.6
"811","France","Men","1950-1959","Medium",530,84,28,15.8,33.3
"812","France","Men","1950-1959",NA,1,NA,NA,NA,NA
"813","France","Men","1960-1969","High",344,77,19,22.4,24.7
"814","France","Men","1960-1969","Low",227,63,33,27.8,52.4
"815","France","Men","1960-1969","Medium",644,118,41,18.3,34.7
"816","France","Men","1970-1979","High",118,31,5,26.3,16.1
"817","France","Men","1970-1979","Low",22,6,4,27.3,66.7
"818","France","Men","1970-1979","Medium",146,32,11,21.9,34.4
"819","France","Men","1980-1989","High",31,8,1,25.8,12.5
"820","France","Men","1980-1989","Low",1,NA,NA,NA,NA
"821","France","Men","1980-1989","Medium",38,13,2,34.2,15.4
"822","France","Women","1910-1919","Low",7,NA,NA,NA,NA
"823","France","Women","1910-1919","Medium",1,NA,NA,NA,NA
"824","France","Women","1920-1929","High",15,8,4,53.3,50
"825","France","Women","1920-1929","Low",252,38,13,15.1,34.2
"826","France","Women","1920-1929","Medium",58,14,5,24.1,35.7
"827","France","Women","1920-1929",NA,1,NA,NA,NA,NA
"828","France","Women","1930-1939","High",86,19,12,22.1,63.2
"829","France","Women","1930-1939","Low",650,70,25,10.8,35.7
"830","France","Women","1930-1939","Medium",188,28,10,14.9,35.7
"831","France","Women","1940-1949","High",209,50,15,23.9,30
"832","France","Women","1940-1949","Low",559,49,18,8.8,36.7
"833","France","Women","1940-1949","Medium",433,61,21,14.1,34.4
"834","France","Women","1950-1959","High",369,66,19,17.9,28.8
"835","France","Women","1950-1959","Low",523,56,17,10.7,30.4
"836","France","Women","1950-1959","Medium",573,69,31,12,44.9
"837","France","Women","1960-1969","High",500,105,35,21,33.3
"838","France","Women","1960-1969","Low",297,27,9,9.1,33.3
"839","France","Women","1960-1969","Medium",675,94,30,13.9,31.9
"840","France","Women","1970-1979","High",156,23,5,14.7,21.7
"841","France","Women","1970-1979","Low",41,11,3,26.8,27.3
"842","France","Women","1970-1979","Medium",116,16,4,13.8,25
"843","France","Women","1980-1989","High",42,8,NA,19,NA
"844","France","Women","1980-1989","Low",4,NA,NA,NA,NA
"845","France","Women","1980-1989","Medium",31,5,NA,16.1,NA
"846","Gabon","Men","1960-1969","High",465,21,4,4.5,19
"847","Gabon","Men","1960-1969","Low",767,34,3,4.4,8.8
"848","Gabon","Men","1970-1979","High",637,33,10,5.2,30.3
"849","Gabon","Men","1970-1979","Low",749,29,6,3.9,20.7
"850","Gabon","Men","1970-1979",NA,1,NA,NA,NA,NA
"851","Gabon","Women","1950-1959","High",216,4,2,1.9,50
"852","Gabon","Women","1950-1959","Low",229,8,3,3.5,37.5
"853","Gabon","Women","1950-1959",NA,1,NA,NA,NA,NA
"854","Gabon","Women","1960-1969","High",501,11,1,2.2,9.1
"855","Gabon","Women","1960-1969","Low",516,34,10,6.6,29.4
"856","Gabon","Women","1960-1969",NA,1,NA,NA,NA,NA
"857","Gabon","Women","1970-1979","High",331,23,9,6.9,39.1
"858","Gabon","Women","1970-1979","Low",591,67,33,11.3,49.3
"859","Gabon","Women","1970-1979",NA,1,NA,NA,NA,NA
"860","Gambia","Men","1970-1979","High",540,19,2,3.5,10.5
"861","Gambia","Men","1970-1979","Low",1193,24,1,2,4.2
"862","Gambia","Men","1980-1989","High",596,41,11,6.9,26.8
"863","Gambia","Men","1980-1989","Low",947,18,4,1.9,22.2
"864","Gambia","Women","1960-1969","High",189,10,5,5.3,50
"865","Gambia","Women","1960-1969","Low",228,2,NA,0.9,NA
"866","Gambia","Women","1970-1979","High",350,28,21,8,75
"867","Gambia","Women","1970-1979","Low",375,11,4,2.9,36.4
"868","Gambia","Women","1980-1989","High",230,45,34,19.6,75.6
"869","Gambia","Women","1980-1989","Low",294,26,13,8.8,50
"870","Georgia","Men","1920-1929","High",23,2,NA,8.7,NA
"871","Georgia","Men","1920-1929","Low",48,3,2,6.2,66.7
"872","Georgia","Men","1920-1929","Medium",50,NA,NA,NA,NA
"873","Georgia","Men","1930-1939","High",113,10,5,8.8,50
"874","Georgia","Men","1930-1939","Low",189,12,7,6.3,58.3
"875","Georgia","Men","1930-1939","Medium",207,7,2,3.4,28.6
"876","Georgia","Men","1940-1949","High",144,4,2,2.8,50
"877","Georgia","Men","1940-1949","Low",69,8,1,11.6,12.5
"878","Georgia","Men","1940-1949","Medium",263,16,5,6.1,31.2
"879","Georgia","Men","1950-1959","High",264,23,18,8.7,78.3
"880","Georgia","Men","1950-1959","Low",40,2,1,5,50
"881","Georgia","Men","1950-1959","Medium",490,33,21,6.7,63.6
"882","Georgia","Men","1960-1969","High",258,43,34,16.7,79.1
"883","Georgia","Men","1960-1969","Low",36,10,8,27.8,80
"884","Georgia","Men","1960-1969","Medium",625,79,55,12.6,69.6
"885","Georgia","Men","1970-1979","High",42,16,12,38.1,75
"886","Georgia","Men","1970-1979","Low",3,NA,NA,NA,NA
"887","Georgia","Men","1970-1979","Medium",65,21,14,32.3,66.7
"888","Georgia","Women","1920-1929","High",31,10,5,32.3,50
"889","Georgia","Women","1920-1929","Low",103,13,8,12.6,61.5
"890","Georgia","Women","1920-1929","Medium",84,14,10,16.7,71.4
"891","Georgia","Women","1930-1939","High",126,22,15,17.5,68.2
"892","Georgia","Women","1930-1939","Low",280,28,16,10,57.1
"893","Georgia","Women","1930-1939","Medium",323,39,20,12.1,51.3
"894","Georgia","Women","1940-1949","High",194,36,27,18.6,75
"895","Georgia","Women","1940-1949","Low",128,14,8,10.9,57.1
"896","Georgia","Women","1940-1949","Medium",396,38,23,9.6,60.5
"897","Georgia","Women","1950-1959","High",274,36,30,13.1,83.3
"898","Georgia","Women","1950-1959","Low",83,8,4,9.6,50
"899","Georgia","Women","1950-1959","Medium",662,57,36,8.6,63.2
"900","Georgia","Women","1960-1969","High",332,69,56,20.8,81.2
"901","Georgia","Women","1960-1969","Low",54,5,5,9.3,100
"902","Georgia","Women","1960-1969","Medium",760,81,60,10.7,74.1
"903","Georgia","Women","1970-1979","High",57,11,7,19.3,63.6
"904","Georgia","Women","1970-1979","Low",16,NA,NA,NA,NA
"905","Georgia","Women","1970-1979","Medium",101,12,8,11.9,66.7
"906","Germany","Men","1910-1919","High",2,1,NA,50,NA
"907","Germany","Men","1910-1919","Medium",5,NA,NA,NA,NA
"908","Germany","Men","1920-1929","High",95,11,1,11.6,9.1
"909","Germany","Men","1920-1929","Low",29,11,4,37.9,36.4
"910","Germany","Men","1920-1929","Medium",124,23,8,18.5,34.8
"911","Germany","Men","1920-1929",NA,7,NA,NA,NA,NA
"912","Germany","Men","1930-1939","High",337,47,6,13.9,12.8
"913","Germany","Men","1930-1939","Low",70,23,10,32.9,43.5
"914","Germany","Men","1930-1939","Medium",491,111,27,22.6,24.3
"915","Germany","Men","1930-1939",NA,13,2,2,15.4,100
"916","Germany","Men","1940-1949","High",465,98,12,21.1,12.2
"917","Germany","Men","1940-1949","Low",67,24,8,35.8,33.3
"918","Germany","Men","1940-1949","Medium",610,134,38,22,28.4
"919","Germany","Men","1940-1949",NA,12,1,NA,8.3,NA
"920","Germany","Men","1950-1959","High",497,91,25,18.3,27.5
"921","Germany","Men","1950-1959","Low",57,18,7,31.6,38.9
"922","Germany","Men","1950-1959","Medium",729,191,64,26.2,33.5
"923","Germany","Men","1950-1959",NA,11,2,NA,18.2,NA
"924","Germany","Men","1960-1969","High",519,147,41,28.3,27.9
"925","Germany","Men","1960-1969","Low",84,28,19,33.3,67.9
"926","Germany","Men","1960-1969","Medium",861,276,126,32.1,45.7
"927","Germany","Men","1960-1969",NA,16,8,6,50,75
"928","Germany","Men","1970-1979","High",872,246,87,28.2,35.4
"929","Germany","Men","1970-1979","Low",185,55,25,29.7,45.5
"930","Germany","Men","1970-1979","Medium",1374,426,171,31,40.1
"931","Germany","Men","1970-1979",NA,10,6,NA,60,NA
"932","Germany","Men","1980-1989","High",28,13,NA,46.4,NA
"933","Germany","Men","1980-1989","Low",6,3,NA,50,NA
"934","Germany","Men","1980-1989","Medium",29,14,3,48.3,21.4
"935","Germany","Women","1910-1919","Low",8,2,NA,25,NA
"936","Germany","Women","1910-1919","Medium",12,1,1,8.3,100
"937","Germany","Women","1910-1919",NA,1,NA,NA,NA,NA
"938","Germany","Women","1920-1929","High",38,17,11,44.7,64.7
"939","Germany","Women","1920-1929","Low",143,35,22,24.5,62.9
"940","Germany","Women","1920-1929","Medium",176,42,22,23.9,52.4
"941","Germany","Women","1920-1929",NA,3,NA,NA,NA,NA
"942","Germany","Women","1930-1939","High",115,23,12,20,52.2
"943","Germany","Women","1930-1939","Low",261,51,21,19.5,41.2
"944","Germany","Women","1930-1939","Medium",495,99,41,20,41.4
"945","Germany","Women","1930-1939",NA,7,1,NA,14.3,NA
"946","Germany","Women","1940-1949","High",219,41,6,18.7,14.6
"947","Germany","Women","1940-1949","Low",162,39,8,24.1,20.5
"948","Germany","Women","1940-1949","Medium",701,107,19,15.3,17.8
"949","Germany","Women","1940-1949",NA,19,4,NA,21.1,NA
"950","Germany","Women","1950-1959","High",390,62,19,15.9,30.6
"951","Germany","Women","1950-1959","Low",153,23,7,15,30.4
"952","Germany","Women","1950-1959","Medium",953,141,29,14.8,20.6
"953","Germany","Women","1950-1959",NA,16,5,2,31.2,40
"954","Germany","Women","1960-1969","High",486,84,24,17.3,28.6
"955","Germany","Women","1960-1969","Low",171,25,8,14.6,32
"956","Germany","Women","1960-1969","Medium",1122,163,53,14.5,32.5
"957","Germany","Women","1960-1969",NA,21,5,3,23.8,60
"958","Germany","Women","1970-1979","High",893,176,49,19.7,27.8
"959","Germany","Women","1970-1979","Low",264,28,13,10.6,46.4
"960","Germany","Women","1970-1979","Medium",1693,266,62,15.7,23.3
"961","Germany","Women","1970-1979",NA,12,5,2,41.7,40
"962","Germany","Women","1980-1989","High",30,10,1,33.3,10
"963","Germany","Women","1980-1989","Low",3,NA,NA,NA,NA
"964","Germany","Women","1980-1989","Medium",32,4,1,12.5,25
"965","Ghana","Men","1960-1969","High",427,10,1,2.3,10
"966","Ghana","Men","1960-1969","Low",455,6,1,1.3,16.7
"967","Ghana","Men","1970-1979","High",1112,56,18,5,32.1
"968","Ghana","Men","1970-1979","Low",1168,24,4,2.1,16.7
"969","Ghana","Women","1950-1959","High",38,NA,NA,NA,NA
"970","Ghana","Women","1950-1959","Low",197,4,1,2,25
"971","Ghana","Women","1960-1969","High",330,10,7,3,70
"972","Ghana","Women","1960-1969","Low",338,11,9,3.3,81.8
"973","Ghana","Women","1970-1979","High",322,33,17,10.2,51.5
"974","Ghana","Women","1970-1979","Low",580,30,17,5.2,56.7
"975","Guatemala","Men","1960-1969","High",981,65,45,6.6,69.2
"976","Guatemala","Men","1960-1969","Low",1083,37,26,3.4,70.3
"977","Guatemala","Men","1970-1979","High",2650,216,160,8.2,74.1
"978","Guatemala","Men","1970-1979","Low",2910,153,120,5.3,78.4
"979","Guatemala","Men","1980-1989","High",42,7,5,16.7,71.4
"980","Guatemala","Men","1980-1989","Low",73,9,6,12.3,66.7
"981","Guatemala","Women","1950-1959","High",242,11,6,4.5,54.5
"982","Guatemala","Women","1950-1959","Low",347,13,7,3.7,53.8
"983","Guatemala","Women","1960-1969","High",678,39,26,5.8,66.7
"984","Guatemala","Women","1960-1969","Low",809,39,21,4.8,53.8
"985","Guatemala","Women","1970-1979","High",609,64,49,10.5,76.6
"986","Guatemala","Women","1970-1979","Low",1364,129,79,9.5,61.2
"987","Guatemala","Women","1980-1989","High",20,2,1,10,50
"988","Guatemala","Women","1980-1989","Low",26,3,3,11.5,100
"989","Guinea","Men","1960-1969","High",20,NA,NA,NA,NA
"990","Guinea","Men","1960-1969","Low",157,9,2,5.7,22.2
"991","Guinea","Men","1970-1979","High",199,14,3,7,21.4
"992","Guinea","Men","1970-1979","Low",1797,70,6,3.9,8.6
"993","Guinea","Men","1980-1989","High",159,13,6,8.2,46.2
"994","Guinea","Men","1980-1989","Low",921,41,3,4.5,7.3
"995","Guinea","Women","1950-1959","High",11,NA,NA,NA,NA
"996","Guinea","Women","1950-1959","Low",28,NA,NA,NA,NA
"997","Guinea","Women","1960-1969","High",143,2,1,1.4,50
"998","Guinea","Women","1960-1969","Low",410,9,4,2.2,44.4
"999","Guinea","Women","1970-1979","High",263,16,8,6.1,50
"1000","Guinea","Women","1970-1979","Low",519,16,6,3.1,37.5
"1001","Guinea","Women","1980-1989","High",152,25,14,16.4,56
"1002","Guinea","Women","1980-1989","Low",213,20,10,9.4,50
"1003","Guyana","Men","1950-1959","High",24,3,3,12.5,100
"1004","Guyana","Men","1950-1959","Low",29,NA,NA,NA,NA
"1005","Guyana","Men","1960-1969","High",605,46,26,7.6,56.5
"1006","Guyana","Men","1960-1969","Low",607,35,13,5.8,37.1
"1007","Guyana","Men","1960-1969",NA,1,NA,NA,NA,NA
"1008","Guyana","Men","1970-1979","High",275,27,17,9.8,63
"1009","Guyana","Men","1970-1979","Low",344,16,7,4.7,43.8
"1010","Guyana","Men","1970-1979",NA,1,NA,NA,NA,NA
"1011","Guyana","Women","1950-1959","High",24,2,1,8.3,50
"1012","Guyana","Women","1950-1959","Low",24,1,NA,4.2,NA
"1013","Guyana","Women","1960-1969","High",441,52,22,11.8,42.3
"1014","Guyana","Women","1960-1969","Low",442,50,26,11.3,52
"1015","Guyana","Women","1960-1969",NA,4,1,1,25,100
"1016","Guyana","Women","1970-1979","High",176,30,17,17,56.7
"1017","Guyana","Women","1970-1979","Low",246,32,16,13,50
"1018","Guyana","Women","1970-1979",NA,1,NA,NA,NA,NA
"1019","Haiti","Men","1950-1959","High",135,NA,NA,NA,NA
"1020","Haiti","Men","1950-1959","Low",381,NA,NA,NA,NA
"1021","Haiti","Men","1960-1969","High",588,20,6,3.4,30
"1022","Haiti","Men","1960-1969","Low",700,6,1,0.9,16.7
"1023","Haiti","Men","1970-1979","High",1308,124,56,9.5,45.2
"1024","Haiti","Men","1970-1979","Low",1442,33,14,2.3,42.4
"1025","Haiti","Men","1980-1989","High",249,44,23,17.7,52.3
"1026","Haiti","Men","1980-1989","Low",509,17,11,3.3,64.7
"1027","Haiti","Women","1950-1959","High",538,10,4,1.9,40
"1028","Haiti","Women","1950-1959","Low",692,18,10,2.6,55.6
"1029","Haiti","Women","1960-1969","High",922,30,15,3.3,50
"1030","Haiti","Women","1960-1969","Low",1028,34,19,3.3,55.9
"1031","Haiti","Women","1970-1979","High",912,69,35,7.6,50.7
"1032","Haiti","Women","1970-1979","Low",1375,79,61,5.7,77.2
"1033","Haiti","Women","1980-1989","High",195,33,20,16.9,60.6
"1034","Haiti","Women","1980-1989","Low",377,40,27,10.6,67.5
"1035","Honduras","Men","1960-1969","High",1465,78,47,5.3,60.3
"1036","Honduras","Men","1960-1969","Low",1564,50,31,3.2,62
"1037","Honduras","Men","1960-1969",NA,1,NA,NA,NA,NA
"1038","Honduras","Men","1970-1979","High",934,64,41,6.9,64.1
"1039","Honduras","Men","1970-1979","Low",2710,100,61,3.7,61
"1040","Honduras","Women","1950-1959","High",329,15,6,4.6,40
"1041","Honduras","Women","1950-1959","Low",383,20,10,5.2,50
"1042","Honduras","Women","1950-1959",NA,1,NA,NA,NA,NA
"1043","Honduras","Women","1960-1969","High",533,32,12,6,37.5
"1044","Honduras","Women","1960-1969","Low",642,45,28,7,62.2
"1045","Honduras","Women","1970-1979","High",247,28,15,11.3,53.6
"1046","Honduras","Women","1970-1979","Low",935,91,47,9.7,51.6
"1047","Hungary","Men","1910-1919","Low",5,1,NA,20,NA
"1048","Hungary","Men","1910-1919","Medium",1,NA,NA,NA,NA
"1049","Hungary","Men","1920-1929","High",46,3,1,6.5,33.3
"1050","Hungary","Men","1920-1929","Low",103,8,1,7.8,12.5
"1051","Hungary","Men","1920-1929","Medium",83,14,1,16.9,7.1
"1052","Hungary","Men","1930-1939","High",128,15,3,11.7,20
"1053","Hungary","Men","1930-1939","Low",315,30,7,9.5,23.3
"1054","Hungary","Men","1930-1939","Medium",363,40,6,11,15
"1055","Hungary","Men","1940-1949","High",222,22,4,9.9,18.2
"1056","Hungary","Men","1940-1949","Low",253,31,13,12.3,41.9
"1057","Hungary","Men","1940-1949","Medium",726,76,9,10.5,11.8
"1058","Hungary","Men","1950-1959","High",208,15,5,7.2,33.3
"1059","Hungary","Men","1950-1959","Low",238,55,32,23.1,58.2
"1060","Hungary","Men","1950-1959","Medium",1005,115,47,11.4,40.9
"1061","Hungary","Men","1960-1969","High",181,40,16,22.1,40
"1062","Hungary","Men","1960-1969","Low",152,38,22,25,57.9
"1063","Hungary","Men","1960-1969","Medium",841,168,80,20,47.6
"1064","Hungary","Men","1970-1979","High",20,5,2,25,40
"1065","Hungary","Men","1970-1979","Low",20,10,6,50,60
"1066","Hungary","Men","1970-1979","Medium",127,39,16,30.7,41
"1067","Hungary","Men","1980-1989","High",14,6,3,42.9,50
"1068","Hungary","Men","1980-1989","Low",7,4,4,57.1,100
"1069","Hungary","Men","1980-1989","Medium",39,10,5,25.6,50
"1070","Hungary","Men","1980-1989",NA,1,NA,NA,NA,NA
"1071","Hungary","Women","1910-1919","Low",6,2,NA,33.3,NA
"1072","Hungary","Women","1910-1919","Medium",1,NA,NA,NA,NA
"1073","Hungary","Women","1920-1929","High",21,3,NA,14.3,NA
"1074","Hungary","Women","1920-1929","Low",318,46,10,14.5,21.7
"1075","Hungary","Women","1920-1929","Medium",107,23,7,21.5,30.4
"1076","Hungary","Women","1920-1929",NA,1,NA,NA,NA,NA
"1077","Hungary","Women","1930-1939","High",106,19,6,17.9,31.6
"1078","Hungary","Women","1930-1939","Low",813,69,11,8.5,15.9
"1079","Hungary","Women","1930-1939","Medium",406,53,16,13.1,30.2
"1080","Hungary","Women","1940-1949","High",218,25,9,11.5,36
"1081","Hungary","Women","1940-1949","Low",638,45,10,7.1,22.2
"1082","Hungary","Women","1940-1949","Medium",780,74,16,9.5,21.6
"1083","Hungary","Women","1940-1949",NA,2,NA,NA,NA,NA
"1084","Hungary","Women","1950-1959","High",312,33,12,10.6,36.4
"1085","Hungary","Women","1950-1959","Low",475,27,7,5.7,25.9
"1086","Hungary","Women","1950-1959","Medium",1021,87,21,8.5,24.1
"1087","Hungary","Women","1960-1969","High",304,34,15,11.2,44.1
"1088","Hungary","Women","1960-1969","Low",245,23,9,9.4,39.1
"1089","Hungary","Women","1960-1969","Medium",878,70,22,8,31.4
"1090","Hungary","Women","1960-1969",NA,1,1,1,100,100
"1091","Hungary","Women","1970-1979","High",47,17,8,36.2,47.1
"1092","Hungary","Women","1970-1979","Low",22,2,2,9.1,100
"1093","Hungary","Women","1970-1979","Medium",129,26,8,20.2,30.8
"1094","Hungary","Women","1970-1979",NA,1,1,1,100,100
"1095","Hungary","Women","1980-1989","High",12,4,1,33.3,25
"1096","Hungary","Women","1980-1989","Low",6,1,NA,16.7,NA
"1097","Hungary","Women","1980-1989","Medium",39,12,2,30.8,16.7
"1098","Iceland","Men","1920-1929","Low",2,1,1,50,100
"1099","Iceland","Men","1920-1929","Medium",2,1,1,50,100
"1100","Iceland","Men","1930-1939","High",2,NA,NA,NA,NA
"1101","Iceland","Men","1930-1939","Low",6,1,1,16.7,100
"1102","Iceland","Men","1930-1939","Medium",7,1,NA,14.3,NA
"1103","Iceland","Men","1940-1949","High",11,NA,NA,NA,NA
"1104","Iceland","Men","1940-1949","Low",12,2,1,16.7,50
"1105","Iceland","Men","1940-1949","Medium",24,1,1,4.2,100
"1106","Iceland","Men","1950-1959","High",30,1,1,3.3,100
"1107","Iceland","Men","1950-1959","Low",17,2,2,11.8,100
"1108","Iceland","Men","1950-1959","Medium",32,1,NA,3.1,NA
"1109","Iceland","Men","1960-1969","High",35,1,1,2.9,100
"1110","Iceland","Men","1960-1969","Low",20,3,3,15,100
"1111","Iceland","Men","1960-1969","Medium",32,4,1,12.5,25
"1112","Iceland","Men","1970-1979","High",27,3,1,11.1,33.3
"1113","Iceland","Men","1970-1979","Low",9,2,NA,22.2,NA
"1114","Iceland","Men","1970-1979","Medium",24,NA,NA,NA,NA
"1115","Iceland","Men","1980-1989","High",24,2,NA,8.3,NA
"1116","Iceland","Men","1980-1989","Low",4,NA,NA,NA,NA
"1117","Iceland","Men","1980-1989","Medium",7,NA,NA,NA,NA
"1118","Iceland","Women","1920-1929","High",1,NA,NA,NA,NA
"1119","Iceland","Women","1920-1929","Low",3,NA,NA,NA,NA
"1120","Iceland","Women","1930-1939","High",1,NA,NA,NA,NA
"1121","Iceland","Women","1930-1939","Low",14,NA,NA,NA,NA
"1122","Iceland","Women","1930-1939","Medium",2,NA,NA,NA,NA
"1123","Iceland","Women","1940-1949","High",16,1,NA,6.2,NA
"1124","Iceland","Women","1940-1949","Low",26,NA,NA,NA,NA
"1125","Iceland","Women","1940-1949","Medium",11,NA,NA,NA,NA
"1126","Iceland","Women","1950-1959","High",42,1,NA,2.4,NA
"1127","Iceland","Women","1950-1959","Low",17,NA,NA,NA,NA
"1128","Iceland","Women","1950-1959","Medium",16,1,NA,6.2,NA
"1129","Iceland","Women","1960-1969","High",41,4,1,9.8,25
"1130","Iceland","Women","1960-1969","Low",19,1,NA,5.3,NA
"1131","Iceland","Women","1960-1969","Medium",16,2,NA,12.5,NA
"1132","Iceland","Women","1970-1979","High",49,5,2,10.2,40
"1133","Iceland","Women","1970-1979","Low",12,NA,NA,NA,NA
"1134","Iceland","Women","1970-1979","Medium",12,2,NA,16.7,NA
"1135","Iceland","Women","1980-1989","High",25,1,NA,4,NA
"1136","Iceland","Women","1980-1989","Low",2,NA,NA,NA,NA
"1137","Iceland","Women","1980-1989","Medium",7,NA,NA,NA,NA
"1138","India","Men","1960-1969","High",23325,1003,372,4.3,37.1
"1139","India","Men","1960-1969","Low",28171,865,168,3.1,19.4
"1140","India","Men","1970-1979","High",76976,3789,1592,4.9,42
"1141","India","Men","1970-1979","Low",86018,3001,778,3.5,25.9
"1142","India","Men","1980-1989","High",9223,744,370,8.1,49.7
"1143","India","Men","1980-1989","Low",16016,793,238,5,30
"1144","India","Women","1960-1969","High",7723,508,106,6.6,20.9
"1145","India","Women","1960-1969","Low",8434,542,127,6.4,23.4
"1146","India","Women","1970-1979","High",12153,1178,436,9.7,37
"1147","India","Women","1970-1979","Low",12996,1087,380,8.4,35
"1148","India","Women","1980-1989","High",1456,213,92,14.6,43.2
"1149","India","Women","1980-1989","Low",2857,302,123,10.6,40.7
"1150","Indonesia","Men","1960-1969","High",1368,94,40,6.9,42.6
"1151","Indonesia","Men","1960-1969","Low",1402,74,26,5.3,35.1
"1152","Indonesia","Men","1960-1969",NA,3,1,NA,33.3,NA
"1153","Indonesia","Men","1970-1979","High",5274,440,199,8.3,45.2
"1154","Indonesia","Men","1970-1979","Low",8605,426,180,5,42.3
"1155","Indonesia","Men","1970-1979",NA,15,3,2,20,66.7
"1156","Indonesia","Men","1980-1989","High",1808,156,65,8.6,41.7
"1157","Indonesia","Men","1980-1989","Low",2402,122,56,5.1,45.9
"1158","Indonesia","Men","1980-1989",NA,9,1,NA,11.1,NA
"1159","Indonesia","Women","1960-1969","High",988,17,NA,1.7,NA
"1160","Indonesia","Women","1960-1969","Low",1334,33,NA,2.5,NA
"1161","Indonesia","Women","1960-1969",NA,7,NA,NA,NA,NA
"1162","Indonesia","Women","1970-1979","High",1656,64,NA,3.9,NA
"1163","Indonesia","Women","1970-1979","Low",1919,73,NA,3.8,NA
"1164","Indonesia","Women","1970-1979",NA,7,NA,NA,NA,NA
"1165","Indonesia","Women","1980-1989","High",457,26,NA,5.7,NA
"1166","Indonesia","Women","1980-1989","Low",586,30,NA,5.1,NA
"1167","Indonesia","Women","1980-1989",NA,1,NA,NA,NA,NA
"1168","Ireland","Men","1910-1919","Low",4,NA,NA,NA,NA
"1169","Ireland","Men","1920-1929","High",8,1,1,12.5,100
"1170","Ireland","Men","1920-1929","Low",31,11,8,35.5,72.7
"1171","Ireland","Men","1920-1929","Medium",7,1,NA,14.3,NA
"1172","Ireland","Men","1930-1939","High",37,5,2,13.5,40
"1173","Ireland","Men","1930-1939","Low",99,31,21,31.3,67.7
"1174","Ireland","Men","1930-1939","Medium",18,1,1,5.6,100
"1175","Ireland","Men","1930-1939",NA,1,NA,NA,NA,NA
"1176","Ireland","Men","1940-1949","High",82,12,5,14.6,41.7
"1177","Ireland","Men","1940-1949","Low",139,41,30,29.5,73.2
"1178","Ireland","Men","1940-1949","Medium",42,6,NA,14.3,NA
"1179","Ireland","Men","1940-1949",NA,2,1,1,50,100
"1180","Ireland","Men","1950-1959","High",98,21,11,21.4,52.4
"1181","Ireland","Men","1950-1959","Low",138,40,32,29,80
"1182","Ireland","Men","1950-1959","Medium",70,20,15,28.6,75
"1183","Ireland","Men","1950-1959",NA,3,NA,NA,NA,NA
"1184","Ireland","Men","1960-1969","High",118,30,11,25.4,36.7
"1185","Ireland","Men","1960-1969","Low",121,48,38,39.7,79.2
"1186","Ireland","Men","1960-1969","Medium",84,32,15,38.1,46.9
"1187","Ireland","Men","1960-1969",NA,1,NA,NA,NA,NA
"1188","Ireland","Men","1970-1979","High",109,30,10,27.5,33.3
"1189","Ireland","Men","1970-1979","Low",22,9,5,40.9,55.6
"1190","Ireland","Men","1970-1979","Medium",56,16,5,28.6,31.2
"1191","Ireland","Men","1970-1979",NA,1,1,NA,100,NA
"1192","Ireland","Men","1980-1989","High",45,25,6,55.6,24
"1193","Ireland","Men","1980-1989","Low",10,1,NA,10,NA
"1194","Ireland","Men","1980-1989","Medium",28,10,7,35.7,70
"1195","Ireland","Men","1980-1989",NA,1,1,1,100,100
"1196","Ireland","Women","1905-1909","Low",1,1,NA,100,NA
"1197","Ireland","Women","1910-1919","Low",1,1,NA,100,NA
"1198","Ireland","Women","1910-1919","Medium",1,NA,NA,NA,NA
"1199","Ireland","Women","1920-1929","High",4,1,1,25,100
"1200","Ireland","Women","1920-1929","Low",35,7,4,20,57.1
"1201","Ireland","Women","1920-1929","Medium",7,2,1,28.6,50
"1202","Ireland","Women","1930-1939","High",21,4,1,19,25
"1203","Ireland","Women","1930-1939","Low",85,13,8,15.3,61.5
"1204","Ireland","Women","1930-1939","Medium",19,3,1,15.8,33.3
"1205","Ireland","Women","1930-1939",NA,1,NA,NA,NA,NA
"1206","Ireland","Women","1940-1949","High",59,14,12,23.7,85.7
"1207","Ireland","Women","1940-1949","Low",142,18,11,12.7,61.1
"1208","Ireland","Women","1940-1949","Medium",59,8,5,13.6,62.5
"1209","Ireland","Women","1940-1949",NA,2,1,NA,50,NA
"1210","Ireland","Women","1950-1959","High",117,34,18,29.1,52.9
"1211","Ireland","Women","1950-1959","Low",123,15,7,12.2,46.7
"1212","Ireland","Women","1950-1959","Medium",91,16,11,17.6,68.8
"1213","Ireland","Women","1960-1969","High",175,32,20,18.3,62.5
"1214","Ireland","Women","1960-1969","Low",91,10,4,11,40
"1215","Ireland","Women","1960-1969","Medium",114,20,12,17.5,60
"1216","Ireland","Women","1960-1969",NA,3,NA,NA,NA,NA
"1217","Ireland","Women","1970-1979","High",173,36,6,20.8,16.7
"1218","Ireland","Women","1970-1979","Low",30,4,2,13.3,50
"1219","Ireland","Women","1970-1979","Medium",66,8,1,12.1,12.5
"1220","Ireland","Women","1970-1979",NA,1,NA,NA,NA,NA
"1221","Ireland","Women","1980-1989","High",72,17,7,23.6,41.2
"1222","Ireland","Women","1980-1989","Low",11,3,2,27.3,66.7
"1223","Ireland","Women","1980-1989","Medium",36,5,3,13.9,60
"1224","Ireland",NA,"1920-1929","Low",1,1,NA,100,NA
"1225","Ireland",NA,"1930-1939","High",2,NA,NA,NA,NA
"1226","Ireland",NA,"1930-1939","Low",3,1,1,33.3,100
"1227","Ireland",NA,"1940-1949","High",2,NA,NA,NA,NA
"1228","Ireland",NA,"1940-1949","Low",2,NA,NA,NA,NA
"1229","Ireland",NA,"1940-1949","Medium",1,NA,NA,NA,NA
"1230","Ireland",NA,"1950-1959","High",2,NA,NA,NA,NA
"1231","Ireland",NA,"1950-1959","Low",1,1,NA,100,NA
"1232","Ireland",NA,"1950-1959","Medium",1,NA,NA,NA,NA
"1233","Ireland",NA,"1960-1969","High",1,NA,NA,NA,NA
"1234","Ireland",NA,"1960-1969","Medium",1,1,NA,100,NA
"1235","Italy","Men","1920-1929","Low",4,NA,NA,NA,NA
"1236","Italy","Men","1920-1929","Medium",1,NA,NA,NA,NA
"1237","Italy","Men","1930-1939","High",6,1,NA,16.7,NA
"1238","Italy","Men","1930-1939","Low",56,3,1,5.4,33.3
"1239","Italy","Men","1930-1939","Medium",12,NA,NA,NA,NA
"1240","Italy","Men","1930-1939",NA,1,NA,NA,NA,NA
"1241","Italy","Men","1940-1949","High",20,5,2,25,40
"1242","Italy","Men","1940-1949","Low",109,11,4,10.1,36.4
"1243","Italy","Men","1940-1949","Medium",25,2,1,8,50
"1244","Italy","Men","1950-1959","High",35,5,2,14.3,40
"1245","Italy","Men","1950-1959","Low",95,17,8,17.9,47.1
"1246","Italy","Men","1950-1959","Medium",67,10,2,14.9,20
"1247","Italy","Men","1950-1959",NA,1,NA,NA,NA,NA
"1248","Italy","Men","1960-1969","High",41,10,3,24.4,30
"1249","Italy","Men","1960-1969","Low",94,26,16,27.7,61.5
"1250","Italy","Men","1960-1969","Medium",92,30,6,32.6,20
"1251","Italy","Men","1960-1969",NA,2,NA,NA,NA,NA
"1252","Italy","Men","1970-1979","High",57,26,10,45.6,38.5
"1253","Italy","Men","1970-1979","Low",66,22,12,33.3,54.5
"1254","Italy","Men","1970-1979","Medium",99,36,21,36.4,58.3
"1255","Italy","Men","1970-1979",NA,1,NA,NA,NA,NA
"1256","Italy","Men","1980-1989","High",22,10,7,45.5,70
"1257","Italy","Men","1980-1989","Low",23,11,7,47.8,63.6
"1258","Italy","Men","1980-1989","Medium",38,25,10,65.8,40
"1259","Italy","Men","1980-1989",NA,1,1,1,100,100
"1260","Italy","Women","1920-1929","Low",19,NA,NA,NA,NA
"1261","Italy","Women","1920-1929","Medium",3,2,1,66.7,50
"1262","Italy","Women","1930-1939","High",3,NA,NA,NA,NA
"1263","Italy","Women","1930-1939","Low",101,5,2,5,40
"1264","Italy","Women","1930-1939","Medium",13,1,NA,7.7,NA
"1265","Italy","Women","1930-1939",NA,2,NA,NA,NA,NA
"1266","Italy","Women","1940-1949","High",13,3,3,23.1,100
"1267","Italy","Women","1940-1949","Low",131,14,5,10.7,35.7
"1268","Italy","Women","1940-1949","Medium",42,7,4,16.7,57.1
"1269","Italy","Women","1950-1959","High",32,7,1,21.9,14.3
"1270","Italy","Women","1950-1959","Low",122,15,7,12.3,46.7
"1271","Italy","Women","1950-1959","Medium",66,14,3,21.2,21.4
"1272","Italy","Women","1950-1959",NA,1,1,NA,100,NA
"1273","Italy","Women","1960-1969","High",35,8,2,22.9,25
"1274","Italy","Women","1960-1969","Low",120,31,12,25.8,38.7
"1275","Italy","Women","1960-1969","Medium",115,33,10,28.7,30.3
"1276","Italy","Women","1960-1969",NA,2,1,1,50,100
"1277","Italy","Women","1970-1979","High",42,13,4,31,30.8
"1278","Italy","Women","1970-1979","Low",62,18,10,29,55.6
"1279","Italy","Women","1970-1979","Medium",115,28,14,24.3,50
"1280","Italy","Women","1970-1979",NA,1,NA,NA,NA,NA
"1281","Italy","Women","1980-1989","High",23,9,2,39.1,22.2
"1282","Italy","Women","1980-1989","Low",17,6,3,35.3,50
"1283","Italy","Women","1980-1989","Medium",42,21,7,50,33.3
"1284","Italy","Women","1980-1989",NA,1,NA,NA,NA,NA
"1285","Ivory Coast","Men","1960-1969","High",333,14,6,4.2,42.9
"1286","Ivory Coast","Men","1960-1969","Low",775,18,3,2.3,16.7
"1287","Ivory Coast","Men","1970-1979","High",556,36,18,6.5,50
"1288","Ivory Coast","Men","1970-1979","Low",1071,24,5,2.2,20.8
"1289","Ivory Coast","Men","1970-1979",NA,1,NA,NA,NA,NA
"1290","Ivory Coast","Women","1950-1959","High",160,1,1,0.6,100
"1291","Ivory Coast","Women","1950-1959","Low",174,2,NA,1.1,NA
"1292","Ivory Coast","Women","1960-1969","High",348,12,4,3.4,33.3
"1293","Ivory Coast","Women","1960-1969","Low",405,10,5,2.5,50
"1294","Ivory Coast","Women","1970-1979","High",393,31,20,7.9,64.5
"1295","Ivory Coast","Women","1970-1979","Low",399,20,12,5,60
"1296","Kazakhstan","Men","1930-1939","High",9,NA,NA,NA,NA
"1297","Kazakhstan","Men","1930-1939","Low",18,2,2,11.1,100
"1298","Kazakhstan","Men","1930-1939","Medium",8,2,1,25,50
"1299","Kazakhstan","Men","1940-1949","High",58,12,7,20.7,58.3
"1300","Kazakhstan","Men","1940-1949","Low",130,24,13,18.5,54.2
"1301","Kazakhstan","Men","1940-1949","Medium",103,19,10,18.4,52.6
"1302","Kazakhstan","Men","1950-1959","High",762,70,46,9.2,65.7
"1303","Kazakhstan","Men","1950-1959","Low",948,79,48,8.3,60.8
"1304","Kazakhstan","Men","1950-1959","Medium",307,44,28,14.3,63.6
"1305","Kazakhstan","Men","1960-1969","High",411,52,30,12.7,57.7
"1306","Kazakhstan","Men","1960-1969","Low",910,96,58,10.5,60.4
"1307","Kazakhstan","Men","1960-1969","Medium",410,49,29,12,59.2
"1308","Kazakhstan","Men","1970-1979","High",308,54,34,17.5,63
"1309","Kazakhstan","Men","1970-1979","Low",455,102,67,22.4,65.7
"1310","Kazakhstan","Men","1970-1979","Medium",450,83,46,18.4,55.4
"1311","Kazakhstan","Men","1980-1989","High",139,29,20,20.9,69
"1312","Kazakhstan","Men","1980-1989","Low",148,21,15,14.2,71.4
"1313","Kazakhstan","Men","1980-1989","Medium",148,33,19,22.3,57.6
"1314","Kazakhstan","Women","1920-1929","Low",1,1,NA,100,NA
"1315","Kazakhstan","Women","1930-1939","High",15,1,1,6.7,100
"1316","Kazakhstan","Women","1930-1939","Low",64,18,14,28.1,77.8
"1317","Kazakhstan","Women","1930-1939","Medium",27,7,4,25.9,57.1
"1318","Kazakhstan","Women","1940-1949","High",233,40,27,17.2,67.5
"1319","Kazakhstan","Women","1940-1949","Low",422,60,41,14.2,68.3
"1320","Kazakhstan","Women","1940-1949","Medium",226,57,39,25.2,68.4
"1321","Kazakhstan","Women","1950-1959","High",434,64,45,14.7,70.3
"1322","Kazakhstan","Women","1950-1959","Low",621,78,56,12.6,71.8
"1323","Kazakhstan","Women","1950-1959","Medium",626,105,76,16.8,72.4
"1324","Kazakhstan","Women","1950-1959",NA,1,NA,NA,NA,NA
"1325","Kazakhstan","Women","1960-1969","High",525,100,82,19,82
"1326","Kazakhstan","Women","1960-1969","Low",572,78,54,13.6,69.2
"1327","Kazakhstan","Women","1960-1969","Medium",769,110,75,14.3,68.2
"1328","Kazakhstan","Women","1970-1979","High",639,135,103,21.1,76.3
"1329","Kazakhstan","Women","1970-1979","Low",506,58,36,11.5,62.1
"1330","Kazakhstan","Women","1970-1979","Medium",648,88,62,13.6,70.5
"1331","Kazakhstan","Women","1980-1989","High",319,49,35,15.4,71.4
"1332","Kazakhstan","Women","1980-1989","Low",177,13,9,7.3,69.2
"1333","Kazakhstan","Women","1980-1989","Medium",175,27,21,15.4,77.8
"1334","Kenya","Men","1960-1969","High",1034,20,9,1.9,45
"1335","Kenya","Men","1960-1969","Low",1486,25,4,1.7,16
"1336","Kenya","Men","1970-1979","High",1919,75,45,3.9,60
"1337","Kenya","Men","1970-1979","Low",4766,72,25,1.5,34.7
"1338","Kenya","Women","1950-1959","High",19,NA,NA,NA,NA
"1339","Kenya","Women","1950-1959","Low",24,NA,NA,NA,NA
"1340","Kenya","Women","1960-1969","High",859,19,13,2.2,68.4
"1341","Kenya","Women","1960-1969","Low",866,32,17,3.7,53.1
"1342","Kenya","Women","1970-1979","High",990,46,27,4.6,58.7
"1343","Kenya","Women","1970-1979","Low",1626,99,66,6.1,66.7
"1344","Kyrgyzstan","Men","1960-1969","High",584,14,7,2.4,50
"1345","Kyrgyzstan","Men","1960-1969","Low",725,21,5,2.9,23.8
"1346","Kyrgyzstan","Men","1970-1979","High",585,26,7,4.4,26.9
"1347","Kyrgyzstan","Men","1970-1979","Low",881,22,9,2.5,40.9
"1348","Kyrgyzstan","Women","1960-1969","High",188,3,NA,1.6,NA
"1349","Kyrgyzstan","Women","1960-1969","Low",199,6,4,3,66.7
"1350","Kyrgyzstan","Women","1970-1979","High",146,5,2,3.4,40
"1351","Kyrgyzstan","Women","1970-1979","Low",348,19,7,5.5,36.8
"1352","Latvia","Men","1920-1929","High",1,NA,NA,NA,NA
"1353","Latvia","Men","1930-1939","High",5,NA,NA,NA,NA
"1354","Latvia","Men","1930-1939","Low",9,NA,NA,NA,NA
"1355","Latvia","Men","1930-1939","Medium",4,1,NA,25,NA
"1356","Latvia","Men","1940-1949","High",9,1,NA,11.1,NA
"1357","Latvia","Men","1940-1949","Low",9,1,NA,11.1,NA
"1358","Latvia","Men","1940-1949","Medium",20,3,1,15,33.3
"1359","Latvia","Men","1950-1959","High",16,1,1,6.2,100
"1360","Latvia","Men","1950-1959","Low",3,1,NA,33.3,NA
"1361","Latvia","Men","1950-1959","Medium",30,2,1,6.7,50
"1362","Latvia","Men","1960-1969","High",20,3,NA,15,NA
"1363","Latvia","Men","1960-1969","Low",5,2,NA,40,NA
"1364","Latvia","Men","1960-1969","Medium",35,3,1,8.6,33.3
"1365","Latvia","Men","1970-1979","High",15,3,NA,20,NA
"1366","Latvia","Men","1970-1979","Low",8,2,1,25,50
"1367","Latvia","Men","1970-1979","Medium",30,9,3,30,33.3
"1368","Latvia","Men","1980-1989","High",5,2,NA,40,NA
"1369","Latvia","Men","1980-1989","Low",3,2,1,66.7,50
"1370","Latvia","Men","1980-1989","Medium",9,1,1,11.1,100
"1371","Latvia","Women","1920-1929","Low",5,1,NA,20,NA
"1372","Latvia","Women","1920-1929","Medium",2,NA,NA,NA,NA
"1373","Latvia","Women","1930-1939","High",13,NA,NA,NA,NA
"1374","Latvia","Women","1930-1939","Low",16,2,1,12.5,50
"1375","Latvia","Women","1930-1939","Medium",29,7,2,24.1,28.6
"1376","Latvia","Women","1940-1949","High",27,NA,NA,NA,NA
"1377","Latvia","Women","1940-1949","Low",28,3,1,10.7,33.3
"1378","Latvia","Women","1940-1949","Medium",54,1,NA,1.9,NA
"1379","Latvia","Women","1950-1959","High",38,3,1,7.9,33.3
"1380","Latvia","Women","1950-1959","Low",12,2,1,16.7,50
"1381","Latvia","Women","1950-1959","Medium",84,8,NA,9.5,NA
"1382","Latvia","Women","1960-1969","High",46,3,1,6.5,33.3
"1383","Latvia","Women","1960-1969","Low",3,NA,NA,NA,NA
"1384","Latvia","Women","1960-1969","Medium",70,6,3,8.6,50
"1385","Latvia","Women","1970-1979","High",47,5,2,10.6,40
"1386","Latvia","Women","1970-1979","Low",11,3,2,27.3,66.7
"1387","Latvia","Women","1970-1979","Medium",28,3,1,10.7,33.3
"1388","Latvia","Women","1980-1989","High",17,2,1,11.8,50
"1389","Latvia","Women","1980-1989","Low",5,2,NA,40,NA
"1390","Latvia","Women","1980-1989","Medium",9,1,NA,11.1,NA
"1391","Lesotho","Men","1960-1969","High",158,9,5,5.7,55.6
"1392","Lesotho","Men","1960-1969","Low",346,13,1,3.8,7.7
"1393","Lesotho","Men","1970-1979","High",493,30,8,6.1,26.7
"1394","Lesotho","Men","1970-1979","Low",803,25,8,3.1,32
"1395","Lesotho","Women","1950-1959","High",65,4,1,6.2,25
"1396","Lesotho","Women","1950-1959","Low",76,5,3,6.6,60
"1397","Lesotho","Women","1960-1969","High",151,12,9,7.9,75
"1398","Lesotho","Women","1960-1969","Low",183,20,9,10.9,45
"1399","Lesotho","Women","1970-1979","High",214,34,20,15.9,58.8
"1400","Lesotho","Women","1970-1979","Low",279,52,44,18.6,84.6
"1401","Liberia","Men","1960-1969","High",4,NA,NA,NA,NA
"1402","Liberia","Men","1960-1969","Low",6,NA,NA,NA,NA
"1403","Liberia","Men","1970-1979","High",520,6,3,1.2,50
"1404","Liberia","Men","1970-1979","Low",1049,8,1,0.8,12.5
"1405","Liberia","Men","1980-1989","High",431,6,2,1.4,33.3
"1406","Liberia","Men","1980-1989","Low",677,8,2,1.2,25
"1407","Liberia","Women","1950-1959","Low",3,NA,NA,NA,NA
"1408","Liberia","Women","1960-1969","High",231,NA,NA,NA,NA
"1409","Liberia","Women","1960-1969","Low",256,5,3,2,60
"1410","Liberia","Women","1970-1979","High",389,5,3,1.3,60
"1411","Liberia","Women","1970-1979","Low",452,6,3,1.3,50
"1412","Liberia","Women","1980-1989","High",187,1,NA,0.5,NA
"1413","Liberia","Women","1980-1989","Low",309,4,3,1.3,75
"1414","Lithuania","Men","1920-1929","High",18,NA,NA,NA,NA
"1415","Lithuania","Men","1920-1929","Low",117,30,14,25.6,46.7
"1416","Lithuania","Men","1920-1929","Medium",27,7,2,25.9,28.6
"1417","Lithuania","Men","1930-1939","High",116,15,2,12.9,13.3
"1418","Lithuania","Men","1930-1939","Low",449,99,43,22,43.4
"1419","Lithuania","Men","1930-1939","Medium",194,23,8,11.9,34.8
"1420","Lithuania","Men","1940-1949","High",117,9,5,7.7,55.6
"1421","Lithuania","Men","1940-1949","Low",283,59,20,20.8,33.9
"1422","Lithuania","Men","1940-1949","Medium",320,42,17,13.1,40.5
"1423","Lithuania","Men","1940-1949",NA,1,NA,NA,NA,NA
"1424","Lithuania","Men","1950-1959","High",209,19,9,9.1,47.4
"1425","Lithuania","Men","1950-1959","Low",171,54,31,31.6,57.4
"1426","Lithuania","Men","1950-1959","Medium",620,79,35,12.7,44.3
"1427","Lithuania","Men","1960-1969","High",221,18,5,8.1,27.8
"1428","Lithuania","Men","1960-1969","Low",119,34,17,28.6,50
"1429","Lithuania","Men","1960-1969","Medium",666,92,57,13.8,62
"1430","Lithuania","Men","1960-1969",NA,2,1,1,50,100
"1431","Lithuania","Men","1970-1979","High",45,8,2,17.8,25
"1432","Lithuania","Men","1970-1979","Low",41,11,10,26.8,90.9
"1433","Lithuania","Men","1970-1979","Medium",133,28,16,21.1,57.1
"1434","Lithuania","Men","1980-1989","High",6,3,1,50,33.3
"1435","Lithuania","Men","1980-1989","Low",8,4,1,50,25
"1436","Lithuania","Men","1980-1989","Medium",6,2,NA,33.3,NA
"1437","Lithuania","Women","1920-1929","High",14,3,2,21.4,66.7
"1438","Lithuania","Women","1920-1929","Low",119,34,20,28.6,58.8
"1439","Lithuania","Women","1920-1929","Medium",27,11,6,40.7,54.5
"1440","Lithuania","Women","1930-1939","High",103,23,11,22.3,47.8
"1441","Lithuania","Women","1930-1939","Low",550,107,60,19.5,56.1
"1442","Lithuania","Women","1930-1939","Medium",251,40,18,15.9,45
"1443","Lithuania","Women","1940-1949","High",214,29,18,13.6,62.1
"1444","Lithuania","Women","1940-1949","Low",292,44,19,15.1,43.2
"1445","Lithuania","Women","1940-1949","Medium",511,58,29,11.4,50
"1446","Lithuania","Women","1940-1949",NA,1,NA,NA,NA,NA
"1447","Lithuania","Women","1950-1959","High",353,57,31,16.1,54.4
"1448","Lithuania","Women","1950-1959","Low",94,21,9,22.3,42.9
"1449","Lithuania","Women","1950-1959","Medium",650,65,33,10,50.8
"1450","Lithuania","Women","1950-1959",NA,1,NA,NA,NA,NA
"1451","Lithuania","Women","1960-1969","High",373,43,23,11.5,53.5
"1452","Lithuania","Women","1960-1969","Low",60,6,3,10,50
"1453","Lithuania","Women","1960-1969","Medium",737,67,35,9.1,52.2
"1454","Lithuania","Women","1970-1979","High",107,17,11,15.9,64.7
"1455","Lithuania","Women","1970-1979","Low",27,2,1,7.4,50
"1456","Lithuania","Women","1970-1979","Medium",147,16,11,10.9,68.8
"1457","Lithuania","Women","1980-1989","High",33,8,1,24.2,12.5
"1458","Lithuania","Women","1980-1989","Low",10,NA,NA,NA,NA
"1459","Lithuania","Women","1980-1989","Medium",18,1,1,5.6,100
"1460","Madagascar","Men","1950-1959","High",91,5,1,5.5,20
"1461","Madagascar","Men","1950-1959","Low",95,5,NA,5.3,NA
"1462","Madagascar","Men","1960-1969","High",1301,76,24,5.8,31.6
"1463","Madagascar","Men","1960-1969","Low",1981,92,9,4.6,9.8
"1464","Madagascar","Men","1960-1969",NA,6,NA,NA,NA,NA
"1465","Madagascar","Men","1970-1979","High",680,35,12,5.1,34.3
"1466","Madagascar","Men","1970-1979","Low",1066,34,6,3.2,17.6
"1467","Madagascar","Men","1970-1979",NA,1,NA,NA,NA,NA
"1468","Madagascar","Women","1940-1949","High",19,1,NA,5.3,NA
"1469","Madagascar","Women","1940-1949","Low",23,NA,NA,NA,NA
"1470","Madagascar","Women","1950-1959","High",482,13,6,2.7,46.2
"1471","Madagascar","Women","1950-1959","Low",494,19,2,3.8,10.5
"1472","Madagascar","Women","1950-1959",NA,2,NA,NA,NA,NA
"1473","Madagascar","Women","1960-1969","High",649,28,10,4.3,35.7
"1474","Madagascar","Women","1960-1969","Low",819,37,9,4.5,24.3
"1475","Madagascar","Women","1960-1969",NA,1,NA,NA,NA,NA
"1476","Madagascar","Women","1970-1979","High",319,27,13,8.5,48.1
"1477","Madagascar","Women","1970-1979","Low",468,28,9,6,32.1
"1478","Malawi","Men","1960-1969","High",517,7,NA,1.4,NA
"1479","Malawi","Men","1960-1969","Low",610,8,NA,1.3,NA
"1480","Malawi","Men","1970-1979","High",2114,23,5,1.1,21.7
"1481","Malawi","Men","1970-1979","Low",2490,38,5,1.5,13.2
"1482","Malawi","Men","1980-1989","High",331,7,5,2.1,71.4
"1483","Malawi","Men","1980-1989","Low",509,9,2,1.8,22.2
"1484","Malawi","Women","1960-1969","High",326,8,4,2.5,50
"1485","Malawi","Women","1960-1969","Low",350,4,2,1.1,50
"1486","Malawi","Women","1970-1979","High",647,16,8,2.5,50
"1487","Malawi","Women","1970-1979","Low",719,20,11,2.8,55
"1488","Malawi","Women","1980-1989","High",117,2,2,1.7,100
"1489","Malawi","Women","1980-1989","Low",118,1,NA,0.8,NA
"1490","Maldives","Men","1960-1969","High",148,11,2,7.4,18.2
"1491","Maldives","Men","1960-1969","Low",213,5,1,2.3,20
"1492","Maldives","Men","1970-1979","High",403,16,3,4,18.8
"1493","Maldives","Men","1970-1979","Low",1363,61,18,4.5,29.5
"1494","Maldives","Men","1980-1989","High",70,6,1,8.6,16.7
"1495","Maldives","Men","1980-1989","Low",489,29,6,5.9,20.7
"1496","Maldives","Women","1960-1969","High",101,9,2,8.9,22.2
"1497","Maldives","Women","1960-1969","Low",103,6,3,5.8,50
"1498","Maldives","Women","1970-1979","High",369,37,15,10,40.5
"1499","Maldives","Women","1970-1979","Low",550,52,18,9.5,34.6
"1500","Maldives","Women","1980-1989","High",40,7,1,17.5,14.3
"1501","Maldives","Women","1980-1989","Low",200,28,10,14,35.7
"1502","Mali","Men","1960-1969","High",14,1,NA,7.1,NA
"1503","Mali","Men","1960-1969","Low",109,2,NA,1.8,NA
"1504","Mali","Men","1970-1979","High",288,10,3,3.5,30
"1505","Mali","Men","1970-1979","Low",1435,40,5,2.8,12.5
"1506","Mali","Men","1980-1989","High",172,9,1,5.2,11.1
"1507","Mali","Men","1980-1989","Low",823,30,4,3.6,13.3
"1508","Mali","Women","1950-1959","High",9,1,NA,11.1,NA
"1509","Mali","Women","1950-1959","Low",29,NA,NA,NA,NA
"1510","Mali","Women","1960-1969","High",173,2,NA,1.2,NA
"1511","Mali","Women","1960-1969","Low",456,8,2,1.8,25
"1512","Mali","Women","1970-1979","High",248,6,2,2.4,33.3
"1513","Mali","Women","1970-1979","Low",662,18,5,2.7,27.8
"1514","Mali","Women","1980-1989","High",127,10,5,7.9,50
"1515","Mali","Women","1980-1989","Low",300,20,4,6.7,20
"1516","Mauritania","Men","1950-1959","High",121,9,2,7.4,22.2
"1517","Mauritania","Men","1950-1959","Low",753,52,15,6.9,28.8
"1518","Mauritania","Men","1960-1969","High",229,23,10,10,43.5
"1519","Mauritania","Men","1960-1969","Low",949,79,39,8.3,49.4
"1520","Mauritania","Men","1960-1969",NA,1,NA,NA,NA,NA
"1521","Mauritania","Women","1940-1949","High",34,1,NA,2.9,NA
"1522","Mauritania","Women","1940-1949","Low",106,4,1,3.8,25
"1523","Mauritania","Women","1950-1959","High",103,2,NA,1.9,NA
"1524","Mauritania","Women","1950-1959","Low",231,12,6,5.2,50
"1525","Mauritania","Women","1960-1969","High",143,31,18,21.7,58.1
"1526","Mauritania","Women","1960-1969","Low",186,26,21,14,80.8
"1527","Mauritania","Women","1960-1969",NA,1,NA,NA,NA,NA
"1528","Moldova","Men","1940-1949","High",136,3,1,2.2,33.3
"1529","Moldova","Men","1940-1949","Low",140,14,6,10,42.9
"1530","Moldova","Men","1940-1949","Medium",125,12,5,9.6,41.7
"1531","Moldova","Men","1950-1959","High",284,20,9,7,45
"1532","Moldova","Men","1950-1959","Low",209,24,17,11.5,70.8
"1533","Moldova","Men","1950-1959","Medium",450,37,15,8.2,40.5
"1534","Moldova","Men","1960-1969","High",217,11,4,5.1,36.4
"1535","Moldova","Men","1960-1969","Low",137,30,16,21.9,53.3
"1536","Moldova","Men","1960-1969","Medium",385,44,20,11.4,45.5
"1537","Moldova","Men","1970-1979","High",157,20,11,12.7,55
"1538","Moldova","Men","1970-1979","Low",180,41,23,22.8,56.1
"1539","Moldova","Men","1970-1979","Medium",235,40,20,17,50
"1540","Moldova","Men","1980-1989","High",105,24,12,22.9,50
"1541","Moldova","Men","1980-1989","Low",119,34,17,28.6,50
"1542","Moldova","Men","1980-1989","Medium",102,26,13,25.5,50
"1543","Moldova","Women","1940-1949","High",231,19,9,8.2,47.4
"1544","Moldova","Women","1940-1949","Low",412,57,43,13.8,75.4
"1545","Moldova","Women","1940-1949","Medium",151,15,11,9.9,73.3
"1546","Moldova","Women","1950-1959","High",520,40,23,7.7,57.5
"1547","Moldova","Women","1950-1959","Low",483,49,25,10.1,51
"1548","Moldova","Women","1950-1959","Medium",594,45,22,7.6,48.9
"1549","Moldova","Women","1960-1969","High",375,29,9,7.7,31
"1550","Moldova","Women","1960-1969","Low",215,14,7,6.5,50
"1551","Moldova","Women","1960-1969","Medium",492,33,15,6.7,45.5
"1552","Moldova","Women","1970-1979","High",287,18,6,6.3,33.3
"1553","Moldova","Women","1970-1979","Low",237,25,10,10.5,40
"1554","Moldova","Women","1970-1979","Medium",299,20,6,6.7,30
"1555","Moldova","Women","1980-1989","High",194,19,11,9.8,57.9
"1556","Moldova","Women","1980-1989","Low",190,15,3,7.9,20
"1557","Moldova","Women","1980-1989","Medium",164,10,2,6.1,20
"1558","Montenegro","Men","1920-1929","Low",1,NA,NA,NA,NA
"1559","Montenegro","Men","1930-1939","High",2,1,1,50,100
"1560","Montenegro","Men","1930-1939","Low",2,1,NA,50,NA
"1561","Montenegro","Men","1930-1939","Medium",14,1,1,7.1,100
"1562","Montenegro","Men","1940-1949","High",4,NA,NA,NA,NA
"1563","Montenegro","Men","1940-1949","Low",10,2,2,20,100
"1564","Montenegro","Men","1940-1949","Medium",26,4,NA,15.4,NA
"1565","Montenegro","Men","1940-1949",NA,1,NA,NA,NA,NA
"1566","Montenegro","Men","1950-1959","High",16,NA,NA,NA,NA
"1567","Montenegro","Men","1950-1959","Low",17,4,2,23.5,50
"1568","Montenegro","Men","1950-1959","Medium",85,11,8,12.9,72.7
"1569","Montenegro","Men","1960-1969","High",14,1,NA,7.1,NA
"1570","Montenegro","Men","1960-1969","Low",14,2,2,14.3,100
"1571","Montenegro","Men","1960-1969","Medium",88,30,25,34.1,83.3
"1572","Montenegro","Men","1960-1969",NA,1,NA,NA,NA,NA
"1573","Montenegro","Men","1970-1979","High",22,7,4,31.8,57.1
"1574","Montenegro","Men","1970-1979","Low",5,1,1,20,100
"1575","Montenegro","Men","1970-1979","Medium",86,29,17,33.7,58.6
"1576","Montenegro","Men","1970-1979",NA,1,NA,NA,NA,NA
"1577","Montenegro","Men","1980-1989","High",13,8,5,61.5,62.5
"1578","Montenegro","Men","1980-1989","Low",3,2,2,66.7,100
"1579","Montenegro","Men","1980-1989","Medium",34,15,13,44.1,86.7
"1580","Montenegro","Men","1980-1989",NA,1,NA,NA,NA,NA
"1581","Montenegro","Women","1930-1939","Low",18,NA,NA,NA,NA
"1582","Montenegro","Women","1930-1939","Medium",6,2,2,33.3,100
"1583","Montenegro","Women","1940-1949","High",6,1,1,16.7,100
"1584","Montenegro","Women","1940-1949","Low",26,1,1,3.8,100
"1585","Montenegro","Women","1940-1949","Medium",26,5,2,19.2,40
"1586","Montenegro","Women","1950-1959","High",12,2,2,16.7,100
"1587","Montenegro","Women","1950-1959","Low",19,3,3,15.8,100
"1588","Montenegro","Women","1950-1959","Medium",64,7,3,10.9,42.9
"1589","Montenegro","Women","1960-1969","High",14,3,2,21.4,66.7
"1590","Montenegro","Women","1960-1969","Low",16,1,1,6.2,100
"1591","Montenegro","Women","1960-1969","Medium",84,14,10,16.7,71.4
"1592","Montenegro","Women","1960-1969",NA,1,NA,NA,NA,NA
"1593","Montenegro","Women","1970-1979","High",19,8,6,42.1,75
"1594","Montenegro","Women","1970-1979","Low",5,NA,NA,NA,NA
"1595","Montenegro","Women","1970-1979","Medium",74,10,9,13.5,90
"1596","Montenegro","Women","1980-1989","High",15,4,4,26.7,100
"1597","Montenegro","Women","1980-1989","Low",4,1,NA,25,NA
"1598","Montenegro","Women","1980-1989","Medium",27,5,3,18.5,60
"1599","Montenegro","Women","1980-1989",NA,1,NA,NA,NA,NA
"1600","Mozambique","Men","1960-1969","High",737,35,6,4.7,17.1
"1601","Mozambique","Men","1960-1969","Low",1003,37,3,3.7,8.1
"1602","Mozambique","Men","1970-1979","High",1000,40,13,4,32.5
"1603","Mozambique","Men","1970-1979","Low",1157,53,3,4.6,5.7
"1604","Mozambique","Women","1940-1949","High",39,NA,NA,NA,NA
"1605","Mozambique","Women","1940-1949","Low",41,1,NA,2.4,NA
"1606","Mozambique","Women","1950-1959","High",144,4,NA,2.8,NA
"1607","Mozambique","Women","1950-1959","Low",215,5,NA,2.3,NA
"1608","Mozambique","Women","1960-1969","High",209,4,NA,1.9,NA
"1609","Mozambique","Women","1960-1969","Low",272,14,5,5.1,35.7
"1610","Mozambique","Women","1970-1979","High",221,5,4,2.3,80
"1611","Mozambique","Women","1970-1979","Low",340,14,4,4.1,28.6
"1612","Myanmar","Men","1960-1969","High",559,116,97,20.8,83.6
"1613","Myanmar","Men","1960-1969","Low",626,72,54,11.5,75
"1614","Myanmar","Men","1970-1979","High",1259,313,253,24.9,80.8
"1615","Myanmar","Men","1970-1979","Low",2388,323,254,13.5,78.6
"1616","Myanmar","Men","1970-1979",NA,1,NA,NA,NA,NA
"1617","Myanmar","Men","1980-1989","High",170,52,39,30.6,75
"1618","Myanmar","Men","1980-1989","Low",303,61,41,20.1,67.2
"1619","Myanmar","Women","1960-1969","High",183,18,11,9.8,61.1
"1620","Myanmar","Women","1960-1969","Low",236,13,4,5.5,30.8
"1621","Myanmar","Women","1970-1979","High",522,89,53,17,59.6
"1622","Myanmar","Women","1970-1979","Low",802,95,54,11.8,56.8
"1623","Myanmar","Women","1980-1989","High",55,17,11,30.9,64.7
"1624","Myanmar","Women","1980-1989","Low",120,27,13,22.5,48.1
"1625","Namibia","Men","1940-1949","High",21,NA,NA,NA,NA
"1626","Namibia","Men","1940-1949","Low",21,NA,NA,NA,NA
"1627","Namibia","Men","1950-1959","High",243,NA,NA,NA,NA
"1628","Namibia","Men","1950-1959","Low",269,NA,NA,NA,NA
"1629","Namibia","Men","1950-1959",NA,1,NA,NA,NA,NA
"1630","Namibia","Men","1960-1969","High",561,39,20,7,51.3
"1631","Namibia","Men","1960-1969","Low",720,12,9,1.7,75
"1632","Namibia","Men","1970-1979","High",902,67,42,7.4,62.7
"1633","Namibia","Men","1970-1979","Low",944,31,15,3.3,48.4
"1634","Namibia","Men","1970-1979",NA,2,NA,NA,NA,NA
"1635","Namibia","Women","1940-1949","High",13,NA,NA,NA,NA
"1636","Namibia","Women","1940-1949","Low",16,NA,NA,NA,NA
"1637","Namibia","Women","1950-1959","High",167,NA,NA,NA,NA
"1638","Namibia","Women","1950-1959","Low",167,NA,NA,NA,NA
"1639","Namibia","Women","1960-1969","High",248,18,11,7.3,61.1
"1640","Namibia","Women","1960-1969","Low",333,25,17,7.5,68
"1641","Namibia","Women","1970-1979","High",349,43,31,12.3,72.1
"1642","Namibia","Women","1970-1979","Low",405,55,48,13.6,87.3
"1643","Nepal","Men","1960-1969","High",156,7,2,4.5,28.6
"1644","Nepal","Men","1960-1969","Low",556,14,5,2.5,35.7
"1645","Nepal","Men","1970-1979","High",994,37,16,3.7,43.2
"1646","Nepal","Men","1970-1979","Low",1845,30,8,1.6,26.7
"1647","Nepal","Men","1980-1989","High",159,7,4,4.4,57.1
"1648","Nepal","Men","1980-1989","Low",341,8,1,2.3,12.5
"1649","Nepal","Women","1960-1969","High",140,1,NA,0.7,NA
"1650","Nepal","Women","1960-1969","Low",151,1,NA,0.7,NA
"1651","Nepal","Women","1970-1979","High",459,12,4,2.6,33.3
"1652","Nepal","Women","1970-1979","Low",475,5,NA,1.1,NA
"1653","Nepal","Women","1980-1989","High",65,6,4,9.2,66.7
"1654","Nepal","Women","1980-1989","Low",122,6,3,4.9,50
"1655","Netherlands","Men","1910-1919","High",2,NA,NA,NA,NA
"1656","Netherlands","Men","1910-1919","Low",4,NA,NA,NA,NA
"1657","Netherlands","Men","1920-1929","High",6,1,NA,16.7,NA
"1658","Netherlands","Men","1920-1929","Low",36,7,2,19.4,28.6
"1659","Netherlands","Men","1920-1929","Medium",6,1,NA,16.7,NA
"1660","Netherlands","Men","1930-1939","High",100,11,3,11,27.3
"1661","Netherlands","Men","1930-1939","Low",205,25,8,12.2,32
"1662","Netherlands","Men","1930-1939","Medium",114,7,2,6.1,28.6
"1663","Netherlands","Men","1930-1939",NA,23,2,NA,8.7,NA
"1664","Netherlands","Men","1940-1949","High",626,74,11,11.8,14.9
"1665","Netherlands","Men","1940-1949","Low",734,105,38,14.3,36.2
"1666","Netherlands","Men","1940-1949","Medium",604,80,19,13.2,23.8
"1667","Netherlands","Men","1940-1949",NA,48,10,NA,20.8,NA
"1668","Netherlands","Men","1950-1959","High",790,149,30,18.9,20.1
"1669","Netherlands","Men","1950-1959","Low",662,137,47,20.7,34.3
"1670","Netherlands","Men","1950-1959","Medium",690,122,22,17.7,18
"1671","Netherlands","Men","1950-1959",NA,40,5,3,12.5,60
"1672","Netherlands","Men","1960-1969","High",714,161,40,22.5,24.8
"1673","Netherlands","Men","1960-1969","Low",619,171,67,27.6,39.2
"1674","Netherlands","Men","1960-1969","Medium",769,203,62,26.4,30.5
"1675","Netherlands","Men","1960-1969",NA,31,10,3,32.3,30
"1676","Netherlands","Men","1970-1979","High",396,103,29,26,28.2
"1677","Netherlands","Men","1970-1979","Low",196,64,24,32.7,37.5
"1678","Netherlands","Men","1970-1979","Medium",300,79,18,26.3,22.8
"1679","Netherlands","Men","1970-1979",NA,9,1,1,11.1,100
"1680","Netherlands","Men","1980-1989","High",15,6,NA,40,NA
"1681","Netherlands","Men","1980-1989","Low",8,5,2,62.5,40
"1682","Netherlands","Men","1980-1989","Medium",15,5,1,33.3,20
"1683","Netherlands","Women","1910-1919","High",1,NA,NA,NA,NA
"1684","Netherlands","Women","1910-1919","Low",10,2,2,20,100
"1685","Netherlands","Women","1910-1919","Medium",2,NA,NA,NA,NA
"1686","Netherlands","Women","1920-1929","High",6,6,3,100,50
"1687","Netherlands","Women","1920-1929","Low",67,6,3,9,50
"1688","Netherlands","Women","1920-1929","Medium",7,1,1,14.3,100
"1689","Netherlands","Women","1920-1929",NA,1,NA,NA,NA,NA
"1690","Netherlands","Women","1930-1939","High",68,20,7,29.4,35
"1691","Netherlands","Women","1930-1939","Low",327,34,15,10.4,44.1
"1692","Netherlands","Women","1930-1939","Medium",68,6,3,8.8,50
"1693","Netherlands","Women","1930-1939",NA,21,4,2,19,50
"1694","Netherlands","Women","1940-1949","High",315,77,24,24.4,31.2
"1695","Netherlands","Women","1940-1949","Low",1112,87,27,7.8,31
"1696","Netherlands","Women","1940-1949","Medium",429,49,6,11.4,12.2
"1697","Netherlands","Women","1940-1949",NA,38,8,3,21.1,37.5
"1698","Netherlands","Women","1950-1959","High",590,138,22,23.4,15.9
"1699","Netherlands","Women","1950-1959","Low",1012,112,15,11.1,13.4
"1700","Netherlands","Women","1950-1959","Medium",761,98,19,12.9,19.4
"1701","Netherlands","Women","1950-1959",NA,35,3,NA,8.6,NA
"1702","Netherlands","Women","1960-1969","High",679,159,27,23.4,17
"1703","Netherlands","Women","1960-1969","Low",695,85,26,12.2,30.6
"1704","Netherlands","Women","1960-1969","Medium",925,132,23,14.3,17.4
"1705","Netherlands","Women","1960-1969",NA,19,5,1,26.3,20
"1706","Netherlands","Women","1970-1979","High",417,89,18,21.3,20.2
"1707","Netherlands","Women","1970-1979","Low",181,31,8,17.1,25.8
"1708","Netherlands","Women","1970-1979","Medium",301,53,12,17.6,22.6
"1709","Netherlands","Women","1970-1979",NA,9,3,1,33.3,33.3
"1710","Netherlands","Women","1980-1989","High",29,3,NA,10.3,NA
"1711","Netherlands","Women","1980-1989","Low",6,2,2,33.3,100
"1712","Netherlands","Women","1980-1989","Medium",11,1,NA,9.1,NA
"1713","Nicaragua","Men","1940-1949","High",114,3,2,2.6,66.7
"1714","Nicaragua","Men","1940-1949","Low",180,5,3,2.8,60
"1715","Nicaragua","Men","1950-1959","High",1141,53,34,4.6,64.2
"1716","Nicaragua","Men","1950-1959","Low",1300,34,18,2.6,52.9
"1717","Nicaragua","Men","1950-1959",NA,1,NA,NA,NA,NA
"1718","Nicaragua","Men","1960-1969","High",361,29,20,8,69
"1719","Nicaragua","Men","1960-1969","Low",711,18,7,2.5,38.9
"1720","Nicaragua","Women","1930-1939","High",13,NA,NA,NA,NA
"1721","Nicaragua","Women","1930-1939","Low",13,NA,NA,NA,NA
"1722","Nicaragua","Women","1940-1949","High",135,6,1,4.4,16.7
"1723","Nicaragua","Women","1940-1949","Low",149,13,8,8.7,61.5
"1724","Nicaragua","Women","1940-1949",NA,1,NA,NA,NA,NA
"1725","Nicaragua","Women","1950-1959","High",235,9,6,3.8,66.7
"1726","Nicaragua","Women","1950-1959","Low",256,10,5,3.9,50
"1727","Nicaragua","Women","1960-1969","High",89,5,4,5.6,80
"1728","Nicaragua","Women","1960-1969","Low",98,7,2,7.1,28.6
"1729","Niger","Men","1960-1969","High",177,6,1,3.4,16.7
"1730","Niger","Men","1960-1969","Low",926,11,2,1.2,18.2
"1731","Niger","Men","1970-1979","High",360,27,15,7.5,55.6
"1732","Niger","Men","1970-1979","Low",1697,27,4,1.6,14.8
"1733","Niger","Men","1970-1979",NA,5,NA,NA,NA,NA
"1734","Niger","Women","1950-1959","High",65,NA,NA,NA,NA
"1735","Niger","Women","1950-1959","Low",240,3,1,1.2,33.3
"1736","Niger","Women","1950-1959",NA,2,NA,NA,NA,NA
"1737","Niger","Women","1960-1969","High",173,7,3,4,42.9
"1738","Niger","Women","1960-1969","Low",544,3,2,0.6,66.7
"1739","Niger","Women","1960-1969",NA,1,NA,NA,NA,NA
"1740","Niger","Women","1970-1979","High",248,25,11,10.1,44
"1741","Niger","Women","1970-1979","Low",534,17,7,3.2,41.2
"1742","Niger","Women","1970-1979",NA,4,NA,NA,NA,NA
"1743","Nigeria","Men","1960-1969","High",295,11,2,3.7,18.2
"1744","Nigeria","Men","1960-1969","Low",508,16,1,3.1,6.2
"1745","Nigeria","Men","1970-1979","High",2708,173,75,6.4,43.4
"1746","Nigeria","Men","1970-1979","Low",5206,113,22,2.2,19.5
"1747","Nigeria","Men","1980-1989","High",1964,153,87,7.8,56.9
"1748","Nigeria","Men","1980-1989","Low",2673,56,14,2.1,25
"1749","Nigeria","Women","1950-1959","High",32,NA,NA,NA,NA
"1750","Nigeria","Women","1950-1959","Low",50,2,1,4,50
"1751","Nigeria","Women","1960-1969","High",728,17,5,2.3,29.4
"1752","Nigeria","Women","1960-1969","Low",784,12,7,1.5,58.3
"1753","Nigeria","Women","1970-1979","High",1383,65,30,4.7,46.2
"1754","Nigeria","Women","1970-1979","Low",1401,54,31,3.9,57.4
"1755","Nigeria","Women","1980-1989","High",316,41,29,13,70.7
"1756","Nigeria","Women","1980-1989","Low",1229,102,60,8.3,58.8
"1757","Norway","Men","1910-1919","Low",7,1,1,14.3,100
"1758","Norway","Men","1910-1919","Medium",3,1,NA,33.3,NA
"1759","Norway","Men","1920-1929","High",49,2,NA,4.1,NA
"1760","Norway","Men","1920-1929","Low",49,6,2,12.2,33.3
"1761","Norway","Men","1920-1929","Medium",83,13,6,15.7,46.2
"1762","Norway","Men","1920-1929",NA,1,NA,NA,NA,NA
"1763","Norway","Men","1930-1939","High",196,17,2,8.7,11.8
"1764","Norway","Men","1930-1939","Low",213,32,21,15,65.6
"1765","Norway","Men","1930-1939","Medium",406,56,14,13.8,25
"1766","Norway","Men","1930-1939",NA,3,1,NA,33.3,NA
"1767","Norway","Men","1940-1949","High",459,39,10,8.5,25.6
"1768","Norway","Men","1940-1949","Low",288,41,18,14.2,43.9
"1769","Norway","Men","1940-1949","Medium",721,87,22,12.1,25.3
"1770","Norway","Men","1940-1949",NA,9,2,1,22.2,50
"1771","Norway","Men","1950-1959","High",518,75,16,14.5,21.3
"1772","Norway","Men","1950-1959","Low",237,44,13,18.6,29.5
"1773","Norway","Men","1950-1959","Medium",849,113,34,13.3,30.1
"1774","Norway","Men","1950-1959",NA,8,3,2,37.5,66.7
"1775","Norway","Men","1960-1969","High",632,124,41,19.6,33.1
"1776","Norway","Men","1960-1969","Low",272,58,20,21.3,34.5
"1777","Norway","Men","1960-1969","Medium",868,141,41,16.2,29.1
"1778","Norway","Men","1960-1969",NA,17,3,1,17.6,33.3
"1779","Norway","Men","1970-1979","High",268,64,20,23.9,31.2
"1780","Norway","Men","1970-1979","Low",62,18,3,29,16.7
"1781","Norway","Men","1970-1979","Medium",262,61,23,23.3,37.7
"1782","Norway","Men","1970-1979",NA,9,1,NA,11.1,NA
"1783","Norway","Men","1980-1989","High",35,11,2,31.4,18.2
"1784","Norway","Men","1980-1989","Low",2,1,1,50,100
"1785","Norway","Men","1980-1989","Medium",23,7,1,30.4,14.3
"1786","Norway","Women","1905-1909","Low",1,1,1,100,100
"1787","Norway","Women","1905-1909","Medium",1,NA,NA,NA,NA
"1788","Norway","Women","1910-1919","High",2,1,1,50,100
"1789","Norway","Women","1910-1919","Low",10,2,1,20,50
"1790","Norway","Women","1910-1919","Medium",3,1,1,33.3,100
"1791","Norway","Women","1920-1929","High",27,9,1,33.3,11.1
"1792","Norway","Women","1920-1929","Low",90,18,6,20,33.3
"1793","Norway","Women","1920-1929","Medium",102,13,7,12.7,53.8
"1794","Norway","Women","1930-1939","High",138,21,9,15.2,42.9
"1795","Norway","Women","1930-1939","Low",296,24,5,8.1,20.8
"1796","Norway","Women","1930-1939","Medium",400,53,14,13.2,26.4
"1797","Norway","Women","1940-1949","High",390,64,19,16.4,29.7
"1798","Norway","Women","1940-1949","Low",301,25,2,8.3,8
"1799","Norway","Women","1940-1949","Medium",656,65,18,9.9,27.7
"1800","Norway","Women","1940-1949",NA,7,2,1,28.6,50
"1801","Norway","Women","1950-1959","High",660,94,15,14.2,16
"1802","Norway","Women","1950-1959","Low",292,31,2,10.6,6.5
"1803","Norway","Women","1950-1959","Medium",708,70,16,9.9,22.9
"1804","Norway","Women","1950-1959",NA,6,1,NA,16.7,NA
"1805","Norway","Women","1960-1969","High",844,118,36,14,30.5
"1806","Norway","Women","1960-1969","Low",284,29,5,10.2,17.2
"1807","Norway","Women","1960-1969","Medium",703,75,14,10.7,18.7
"1808","Norway","Women","1960-1969",NA,19,6,3,31.6,50
"1809","Norway","Women","1970-1979","High",345,60,17,17.4,28.3
"1810","Norway","Women","1970-1979","Low",58,5,1,8.6,20
"1811","Norway","Women","1970-1979","Medium",210,27,7,12.9,25.9
"1812","Norway","Women","1970-1979",NA,11,NA,NA,NA,NA
"1813","Norway","Women","1980-1989","High",31,7,1,22.6,14.3
"1814","Norway","Women","1980-1989","Low",1,NA,NA,NA,NA
"1815","Norway","Women","1980-1989","Medium",7,1,NA,14.3,NA
"1816","Peru","Men","1940-1949","High",606,40,24,6.6,60
"1817","Peru","Men","1940-1949","Low",681,15,11,2.2,73.3
"1818","Peru","Men","1950-1959","High",2567,202,136,7.9,67.3
"1819","Peru","Men","1950-1959","Low",3543,69,42,1.9,60.9
"1820","Peru","Men","1960-1969","High",560,55,45,9.8,81.8
"1821","Peru","Men","1960-1969","Low",777,21,13,2.7,61.9
"1822","Peru","Women","1930-1939","High",21,NA,NA,NA,NA
"1823","Peru","Women","1930-1939","Low",40,2,1,5,50
"1824","Peru","Women","1940-1949","High",126,8,3,6.3,37.5
"1825","Peru","Women","1940-1949","Low",177,8,2,4.5,25
"1826","Peru","Women","1950-1959","High",213,28,18,13.1,64.3
"1827","Peru","Women","1950-1959","Low",265,15,6,5.7,40
"1828","Peru","Women","1960-1969","High",20,4,2,20,50
"1829","Peru","Women","1960-1969","Low",79,7,6,8.9,85.7
"1830","Philippines","Men","1950-1959","High",806,71,39,8.8,54.9
"1831","Philippines","Men","1950-1959","Low",962,40,25,4.2,62.5
"1832","Philippines","Men","1960-1969","High",918,125,84,13.6,67.2
"1833","Philippines","Men","1960-1969","Low",2090,141,85,6.7,60.3
"1834","Philippines","Women","1940-1949","High",37,NA,NA,NA,NA
"1835","Philippines","Women","1940-1949","Low",47,2,2,4.3,100
"1836","Philippines","Women","1950-1959","High",385,34,17,8.8,50
"1837","Philippines","Women","1950-1959","Low",411,32,19,7.8,59.4
"1838","Philippines","Women","1960-1969","High",439,60,35,13.7,58.3
"1839","Philippines","Women","1960-1969","Low",498,62,40,12.4,64.5
"1840","Poland","Men","1920-1929","High",1,NA,NA,NA,NA
"1841","Poland","Men","1920-1929","Low",17,2,NA,11.8,NA
"1842","Poland","Men","1920-1929","Medium",8,NA,NA,NA,NA
"1843","Poland","Men","1930-1939","High",135,8,2,5.9,25
"1844","Poland","Men","1930-1939","Low",342,40,18,11.7,45
"1845","Poland","Men","1930-1939","Medium",434,44,15,10.1,34.1
"1846","Poland","Men","1930-1939",NA,5,1,NA,20,NA
"1847","Poland","Men","1940-1949","High",249,25,8,10,32
"1848","Poland","Men","1940-1949","Low",348,54,31,15.5,57.4
"1849","Poland","Men","1940-1949","Medium",946,101,44,10.7,43.6
"1850","Poland","Men","1940-1949",NA,7,1,NA,14.3,NA
"1851","Poland","Men","1950-1959","High",246,28,11,11.4,39.3
"1852","Poland","Men","1950-1959","Low",388,103,77,26.5,74.8
"1853","Poland","Men","1950-1959","Medium",1463,219,121,15,55.3
"1854","Poland","Men","1950-1959",NA,7,2,2,28.6,100
"1855","Poland","Men","1960-1969","High",210,31,14,14.8,45.2
"1856","Poland","Men","1960-1969","Low",174,65,51,37.4,78.5
"1857","Poland","Men","1960-1969","Medium",1071,159,107,14.8,67.3
"1858","Poland","Men","1960-1969",NA,5,1,1,20,100
"1859","Poland","Men","1970-1979","High",224,53,21,23.7,39.6
"1860","Poland","Men","1970-1979","Low",130,45,36,34.6,80
"1861","Poland","Men","1970-1979","Medium",620,108,62,17.4,57.4
"1862","Poland","Men","1970-1979",NA,2,NA,NA,NA,NA
"1863","Poland","Men","1980-1989","High",18,4,2,22.2,50
"1864","Poland","Men","1980-1989","Low",11,3,3,27.3,100
"1865","Poland","Men","1980-1989","Medium",24,11,6,45.8,54.5
"1866","Poland","Women","1920-1929","Low",48,5,1,10.4,20
"1867","Poland","Women","1920-1929","Medium",9,NA,NA,NA,NA
"1868","Poland","Women","1930-1939","High",161,20,5,12.4,25
"1869","Poland","Women","1930-1939","Low",814,67,20,8.2,29.9
"1870","Poland","Women","1930-1939","Medium",679,84,30,12.4,35.7
"1871","Poland","Women","1930-1939",NA,6,2,NA,33.3,NA
"1872","Poland","Women","1940-1949","High",252,50,32,19.8,64
"1873","Poland","Women","1940-1949","Low",738,50,11,6.8,22
"1874","Poland","Women","1940-1949","Medium",1248,132,60,10.6,45.5
"1875","Poland","Women","1940-1949",NA,3,NA,NA,NA,NA
"1876","Poland","Women","1950-1959","High",405,68,35,16.8,51.5
"1877","Poland","Women","1950-1959","Low",573,38,16,6.6,42.1
"1878","Poland","Women","1950-1959","Medium",1847,185,84,10,45.4
"1879","Poland","Women","1950-1959",NA,7,NA,NA,NA,NA
"1880","Poland","Women","1960-1969","High",354,60,39,16.9,65
"1881","Poland","Women","1960-1969","Low",200,17,10,8.5,58.8
"1882","Poland","Women","1960-1969","Medium",1244,103,56,8.3,54.4
"1883","Poland","Women","1960-1969",NA,4,1,1,25,100
"1884","Poland","Women","1970-1979","High",384,62,37,16.1,59.7
"1885","Poland","Women","1970-1979","Low",99,11,5,11.1,45.5
"1886","Poland","Women","1970-1979","Medium",773,72,30,9.3,41.7
"1887","Poland","Women","1970-1979",NA,5,NA,NA,NA,NA
"1888","Poland","Women","1980-1989","High",34,3,NA,8.8,NA
"1889","Poland","Women","1980-1989","Low",7,2,1,28.6,50
"1890","Poland","Women","1980-1989","Medium",22,4,2,18.2,50
"1891","Poland","Women","1980-1989",NA,1,NA,NA,NA,NA
"1892","Portugal","Men","1910-1919","Low",11,NA,NA,NA,NA
"1893","Portugal","Men","1920-1929","High",4,2,1,50,50
"1894","Portugal","Men","1920-1929","Low",58,3,NA,5.2,NA
"1895","Portugal","Men","1920-1929","Medium",3,NA,NA,NA,NA
"1896","Portugal","Men","1920-1929",NA,1,NA,NA,NA,NA
"1897","Portugal","Men","1930-1939","High",5,NA,NA,NA,NA
"1898","Portugal","Men","1930-1939","Low",134,4,NA,3,NA
"1899","Portugal","Men","1930-1939","Medium",10,1,NA,10,NA
"1900","Portugal","Men","1930-1939",NA,1,NA,NA,NA,NA
"1901","Portugal","Men","1940-1949","High",24,3,1,12.5,33.3
"1902","Portugal","Men","1940-1949","Low",162,13,4,8,30.8
"1903","Portugal","Men","1940-1949","Medium",22,NA,NA,NA,NA
"1904","Portugal","Men","1950-1959","High",25,4,2,16,50
"1905","Portugal","Men","1950-1959","Low",139,20,11,14.4,55
"1906","Portugal","Men","1950-1959","Medium",25,2,NA,8,NA
"1907","Portugal","Men","1960-1969","High",40,12,6,30,50
"1908","Portugal","Men","1960-1969","Low",129,30,16,23.3,53.3
"1909","Portugal","Men","1960-1969","Medium",47,2,2,4.3,100
"1910","Portugal","Men","1970-1979","High",32,7,NA,21.9,NA
"1911","Portugal","Men","1970-1979","Low",43,7,1,16.3,14.3
"1912","Portugal","Men","1970-1979","Medium",32,11,4,34.4,36.4
"1913","Portugal","Men","1970-1979",NA,2,2,NA,100,NA
"1914","Portugal","Men","1980-1989","High",12,5,1,41.7,20
"1915","Portugal","Men","1980-1989","Low",8,4,3,50,75
"1916","Portugal","Men","1980-1989","Medium",11,3,1,27.3,33.3
"1917","Portugal","Men","1980-1989",NA,1,NA,NA,NA,NA
"1918","Portugal","Women","1910-1919","High",1,1,NA,100,NA
"1919","Portugal","Women","1910-1919","Low",7,NA,NA,NA,NA
"1920","Portugal","Women","1920-1929","Low",128,18,6,14.1,33.3
"1921","Portugal","Women","1920-1929","Medium",2,1,1,50,100
"1922","Portugal","Women","1930-1939","High",10,1,NA,10,NA
"1923","Portugal","Women","1930-1939","Low",231,27,13,11.7,48.1
"1924","Portugal","Women","1930-1939","Medium",8,2,NA,25,NA
"1925","Portugal","Women","1940-1949","High",25,5,3,20,60
"1926","Portugal","Women","1940-1949","Low",292,26,8,8.9,30.8
"1927","Portugal","Women","1940-1949","Medium",18,3,NA,16.7,NA
"1928","Portugal","Women","1950-1959","High",35,8,2,22.9,25
"1929","Portugal","Women","1950-1959","Low",232,24,9,10.3,37.5
"1930","Portugal","Women","1950-1959","Medium",28,8,3,28.6,37.5
"1931","Portugal","Women","1950-1959",NA,1,NA,NA,NA,NA
"1932","Portugal","Women","1960-1969","High",63,16,6,25.4,37.5
"1933","Portugal","Women","1960-1969","Low",202,19,8,9.4,42.1
"1934","Portugal","Women","1960-1969","Medium",58,11,3,19,27.3
"1935","Portugal","Women","1960-1969",NA,1,NA,NA,NA,NA
"1936","Portugal","Women","1970-1979","High",57,17,7,29.8,41.2
"1937","Portugal","Women","1970-1979","Low",64,3,1,4.7,33.3
"1938","Portugal","Women","1970-1979","Medium",39,8,4,20.5,50
"1939","Portugal","Women","1970-1979",NA,1,NA,NA,NA,NA
"1940","Portugal","Women","1980-1989","High",23,4,1,17.4,25
"1941","Portugal","Women","1980-1989","Low",9,NA,NA,NA,NA
"1942","Portugal","Women","1980-1989","Medium",15,2,NA,13.3,NA
"1943","Portugal","Women","1980-1989",NA,1,NA,NA,NA,NA
"1944","Republic of Moldova","Men","1950-1959","High",471,24,5,5.1,20.8
"1945","Republic of Moldova","Men","1950-1959","Low",537,18,3,3.4,16.7
"1946","Republic of Moldova","Men","1960-1969","High",797,49,13,6.1,26.5
"1947","Republic of Moldova","Men","1960-1969","Low",1089,44,13,4,29.5
"1948","Republic of Moldova","Men","1970-1979","High",55,3,NA,5.5,NA
"1949","Republic of Moldova","Men","1970-1979","Low",61,2,1,3.3,50
"1950","Republic of Moldova","Women","1940-1949","High",68,3,1,4.4,33.3
"1951","Republic of Moldova","Women","1940-1949","Low",109,8,2,7.3,25
"1952","Republic of Moldova","Women","1950-1959","High",219,8,4,3.7,50
"1953","Republic of Moldova","Women","1950-1959","Low",412,23,8,5.6,34.8
"1954","Republic of Moldova","Women","1960-1969","High",244,23,6,9.4,26.1
"1955","Republic of Moldova","Women","1960-1969","Low",255,27,7,10.6,25.9
"1956","Republic of Moldova","Women","1970-1979","High",9,NA,NA,NA,NA
"1957","Republic of Moldova","Women","1970-1979","Low",25,3,1,12,33.3
"1958","Romania","Men","1920-1929","High",16,4,1,25,25
"1959","Romania","Men","1920-1929","Low",179,22,6,12.3,27.3
"1960","Romania","Men","1920-1929","Medium",52,11,NA,21.2,NA
"1961","Romania","Men","1930-1939","High",59,10,2,16.9,20
"1962","Romania","Men","1930-1939","Low",498,78,18,15.7,23.1
"1963","Romania","Men","1930-1939","Medium",275,40,4,14.5,10
"1964","Romania","Men","1940-1949","High",92,20,5,21.7,25
"1965","Romania","Men","1940-1949","Low",397,65,22,16.4,33.8
"1966","Romania","Men","1940-1949","Medium",495,89,19,18,21.3
"1967","Romania","Men","1950-1959","High",156,21,5,13.5,23.8
"1968","Romania","Men","1950-1959","Low",258,62,30,24,48.4
"1969","Romania","Men","1950-1959","Medium",811,121,39,14.9,32.2
"1970","Romania","Men","1960-1969","High",128,22,5,17.2,22.7
"1971","Romania","Men","1960-1969","Low",221,50,30,22.6,60
"1972","Romania","Men","1960-1969","Medium",814,138,55,17,39.9
"1973","Romania","Men","1970-1979","High",18,4,2,22.2,50
"1974","Romania","Men","1970-1979","Low",27,12,9,44.4,75
"1975","Romania","Men","1970-1979","Medium",91,29,16,31.9,55.2
"1976","Romania","Women","1920-1929","High",8,1,1,12.5,100
"1977","Romania","Women","1920-1929","Low",241,38,9,15.8,23.7
"1978","Romania","Women","1920-1929","Medium",32,10,4,31.2,40
"1979","Romania","Women","1930-1939","High",38,13,3,34.2,23.1
"1980","Romania","Women","1930-1939","Low",864,113,25,13.1,22.1
"1981","Romania","Women","1930-1939","Medium",169,34,6,20.1,17.6
"1982","Romania","Women","1940-1949","High",73,14,5,19.2,35.7
"1983","Romania","Women","1940-1949","Low",661,68,7,10.3,10.3
"1984","Romania","Women","1940-1949","Medium",292,48,10,16.4,20.8
"1985","Romania","Women","1950-1959","High",104,16,4,15.4,25
"1986","Romania","Women","1950-1959","Low",543,45,8,8.3,17.8
"1987","Romania","Women","1950-1959","Medium",566,53,6,9.4,11.3
"1988","Romania","Women","1960-1969","High",130,24,13,18.5,54.2
"1989","Romania","Women","1960-1969","Low",290,28,7,9.7,25
"1990","Romania","Women","1960-1969","Medium",630,53,19,8.4,35.8
"1991","Romania","Women","1970-1979","High",14,3,3,21.4,100
"1992","Romania","Women","1970-1979","Low",26,2,1,7.7,50
"1993","Romania","Women","1970-1979","Medium",78,6,3,7.7,50
"1994","Russia","Men","1910-1919","Low",2,NA,NA,NA,NA
"1995","Russia","Men","1920-1929","High",43,1,NA,2.3,NA
"1996","Russia","Men","1920-1929","Low",128,13,1,10.2,7.7
"1997","Russia","Men","1920-1929","Medium",41,4,NA,9.8,NA
"1998","Russia","Men","1920-1929",NA,11,2,NA,18.2,NA
"1999","Russia","Men","1930-1939","High",156,9,1,5.8,11.1
"2000","Russia","Men","1930-1939","Low",252,24,3,9.5,12.5
"2001","Russia","Men","1930-1939","Medium",149,19,3,12.8,15.8
"2002","Russia","Men","1930-1939",NA,24,1,NA,4.2,NA
"2003","Russia","Men","1940-1949","High",247,18,4,7.3,22.2
"2004","Russia","Men","1940-1949","Low",120,10,1,8.3,10
"2005","Russia","Men","1940-1949","Medium",231,20,1,8.7,5
"2006","Russia","Men","1940-1949",NA,32,5,NA,15.6,NA
"2007","Russia","Men","1950-1959","High",348,21,9,6,42.9
"2008","Russia","Men","1950-1959","Low",83,10,5,12,50
"2009","Russia","Men","1950-1959","Medium",469,42,9,9,21.4
"2010","Russia","Men","1950-1959",NA,56,6,2,10.7,33.3
"2011","Russia","Men","1960-1969","High",389,45,20,11.6,44.4
"2012","Russia","Men","1960-1969","Low",39,11,5,28.2,45.5
"2013","Russia","Men","1960-1969","Medium",537,86,36,16,41.9
"2014","Russia","Men","1960-1969",NA,60,6,1,10,16.7
"2015","Russia","Men","1970-1979","High",19,2,NA,10.5,NA
"2016","Russia","Men","1970-1979","Medium",8,3,2,37.5,66.7
"2017","Russia","Women","1910-1919","High",1,NA,NA,NA,NA
"2018","Russia","Women","1910-1919","Low",9,3,1,33.3,33.3
"2019","Russia","Women","1920-1929","High",87,18,5,20.7,27.8
"2020","Russia","Women","1920-1929","Low",336,43,16,12.8,37.2
"2021","Russia","Women","1920-1929","Medium",104,19,6,18.3,31.6
"2022","Russia","Women","1920-1929",NA,7,2,NA,28.6,NA
"2023","Russia","Women","1930-1939","High",402,37,8,9.2,21.6
"2024","Russia","Women","1930-1939","Low",629,45,11,7.2,24.4
"2025","Russia","Women","1930-1939","Medium",275,23,5,8.4,21.7
"2026","Russia","Women","1930-1939",NA,31,4,2,12.9,50
"2027","Russia","Women","1940-1949","High",518,47,19,9.1,40.4
"2028","Russia","Women","1940-1949","Low",251,23,5,9.2,21.7
"2029","Russia","Women","1940-1949","Medium",348,38,10,10.9,26.3
"2030","Russia","Women","1940-1949",NA,33,4,2,12.1,50
"2031","Russia","Women","1950-1959","High",832,63,26,7.6,41.3
"2032","Russia","Women","1950-1959","Low",107,9,1,8.4,11.1
"2033","Russia","Women","1950-1959","Medium",676,40,11,5.9,27.5
"2034","Russia","Women","1950-1959",NA,100,9,4,9,44.4
"2035","Russia","Women","1960-1969","High",718,56,24,7.8,42.9
"2036","Russia","Women","1960-1969","Low",34,3,2,8.8,66.7
"2037","Russia","Women","1960-1969","Medium",603,38,12,6.3,31.6
"2038","Russia","Women","1960-1969",NA,74,6,3,8.1,50
"2039","Russia","Women","1970-1979","High",43,6,3,14,50
"2040","Russia","Women","1970-1979","Low",1,NA,NA,NA,NA
"2041","Russia","Women","1970-1979","Medium",12,NA,NA,NA,NA
"2042","Rwanda","Men","1960-1969","Low",1,NA,NA,NA,NA
"2043","Rwanda","Men","1970-1979","High",1120,33,14,2.9,42.4
"2044","Rwanda","Men","1970-1979","Low",1401,42,27,3,64.3
"2045","Rwanda","Men","1980-1989","High",1015,47,33,4.6,70.2
"2046","Rwanda","Men","1980-1989","Low",1223,41,26,3.4,63.4
"2047","Rwanda","Women","1960-1969","High",292,7,3,2.4,42.9
"2048","Rwanda","Women","1960-1969","Low",352,11,8,3.1,72.7
"2049","Rwanda","Women","1970-1979","High",475,13,8,2.7,61.5
"2050","Rwanda","Women","1970-1979","Low",498,11,4,2.2,36.4
"2051","Rwanda","Women","1980-1989","High",317,20,12,6.3,60
"2052","Rwanda","Women","1980-1989","Low",540,35,20,6.5,57.1
"2053","Sao Tome and Principe","Men","1950-1959","High",11,1,1,9.1,100
"2054","Sao Tome and Principe","Men","1950-1959","Low",28,NA,NA,NA,NA
"2055","Sao Tome and Principe","Men","1960-1969","High",188,1,NA,0.5,NA
"2056","Sao Tome and Principe","Men","1960-1969","Low",341,3,NA,0.9,NA
"2057","Sao Tome and Principe","Men","1970-1979","High",89,1,NA,1.1,NA
"2058","Sao Tome and Principe","Men","1970-1979","Low",131,1,NA,0.8,NA
"2059","Sao Tome and Principe","Women","1940-1949","High",4,NA,NA,NA,NA
"2060","Sao Tome and Principe","Women","1940-1949","Low",13,NA,NA,NA,NA
"2061","Sao Tome and Principe","Women","1950-1959","High",81,1,1,1.2,100
"2062","Sao Tome and Principe","Women","1950-1959","Low",154,7,5,4.5,71.4
"2063","Sao Tome and Principe","Women","1960-1969","High",191,8,3,4.2,37.5
"2064","Sao Tome and Principe","Women","1960-1969","Low",201,17,10,8.5,58.8
"2065","Sao Tome and Principe","Women","1970-1979","High",80,4,2,5,50
"2066","Sao Tome and Principe","Women","1970-1979","Low",115,12,8,10.4,66.7
"2067","Senegal","Men","1960-1969","High",33,2,1,6.1,50
"2068","Senegal","Men","1960-1969","Low",92,1,NA,1.1,NA
"2069","Senegal","Men","1970-1979","High",470,39,15,8.3,38.5
"2070","Senegal","Men","1970-1979","Low",1102,38,11,3.4,28.9
"2071","Senegal","Men","1980-1989","High",277,23,9,8.3,39.1
"2072","Senegal","Men","1980-1989","Low",635,36,6,5.7,16.7
"2073","Senegal","Women","1950-1959","High",13,NA,NA,NA,NA
"2074","Senegal","Women","1950-1959","Low",13,NA,NA,NA,NA
"2075","Senegal","Women","1960-1969","High",141,11,4,7.8,36.4
"2076","Senegal","Women","1960-1969","Low",246,7,3,2.8,42.9
"2077","Senegal","Women","1960-1969",NA,1,NA,NA,NA,NA
"2078","Senegal","Women","1970-1979","High",243,30,20,12.3,66.7
"2079","Senegal","Women","1970-1979","Low",347,14,7,4,50
"2080","Senegal","Women","1980-1989","High",126,32,18,25.4,56.2
"2081","Senegal","Women","1980-1989","Low",184,34,14,18.5,41.2
"2082","Serbia","Men","1920-1929","High",2,NA,NA,NA,NA
"2083","Serbia","Men","1920-1929","Low",3,NA,NA,NA,NA
"2084","Serbia","Men","1930-1939","High",11,1,NA,9.1,NA
"2085","Serbia","Men","1930-1939","Low",31,1,NA,3.2,NA
"2086","Serbia","Men","1930-1939","Medium",20,1,NA,5,NA
"2087","Serbia","Men","1930-1939",NA,1,NA,NA,NA,NA
"2088","Serbia","Men","1940-1949","High",26,4,NA,15.4,NA
"2089","Serbia","Men","1940-1949","Low",45,6,4,13.3,66.7
"2090","Serbia","Men","1940-1949","Medium",57,4,1,7,25
"2091","Serbia","Men","1950-1959","High",44,5,1,11.4,20
"2092","Serbia","Men","1950-1959","Low",47,5,3,10.6,60
"2093","Serbia","Men","1950-1959","Medium",129,19,10,14.7,52.6
"2094","Serbia","Men","1950-1959",NA,2,1,NA,50,NA
"2095","Serbia","Men","1960-1969","High",32,4,2,12.5,50
"2096","Serbia","Men","1960-1969","Low",37,9,5,24.3,55.6
"2097","Serbia","Men","1960-1969","Medium",114,28,12,24.6,42.9
"2098","Serbia","Men","1970-1979","High",28,7,3,25,42.9
"2099","Serbia","Men","1970-1979","Low",21,8,5,38.1,62.5
"2100","Serbia","Men","1970-1979","Medium",94,19,10,20.2,52.6
"2101","Serbia","Men","1970-1979",NA,1,NA,NA,NA,NA
"2102","Serbia","Men","1980-1989","High",19,8,5,42.1,62.5
"2103","Serbia","Men","1980-1989","Low",5,1,1,20,100
"2104","Serbia","Men","1980-1989","Medium",31,15,9,48.4,60
"2105","Serbia","Women","1920-1929","Low",8,3,2,37.5,66.7
"2106","Serbia","Women","1930-1939","High",8,NA,NA,NA,NA
"2107","Serbia","Women","1930-1939","Low",53,6,1,11.3,16.7
"2108","Serbia","Women","1930-1939","Medium",14,2,NA,14.3,NA
"2109","Serbia","Women","1940-1949","High",18,1,1,5.6,100
"2110","Serbia","Women","1940-1949","Low",97,9,2,9.3,22.2
"2111","Serbia","Women","1940-1949","Medium",60,6,1,10,16.7
"2112","Serbia","Women","1950-1959","High",33,6,2,18.2,33.3
"2113","Serbia","Women","1950-1959","Low",77,5,NA,6.5,NA
"2114","Serbia","Women","1950-1959","Medium",104,7,2,6.7,28.6
"2115","Serbia","Women","1960-1969","High",32,3,NA,9.4,NA
"2116","Serbia","Women","1960-1969","Low",42,3,NA,7.1,NA
"2117","Serbia","Women","1960-1969","Medium",110,14,4,12.7,28.6
"2118","Serbia","Women","1970-1979","High",49,9,4,18.4,44.4
"2119","Serbia","Women","1970-1979","Low",17,NA,NA,NA,NA
"2120","Serbia","Women","1970-1979","Medium",99,19,9,19.2,47.4
"2121","Serbia","Women","1980-1989","High",22,8,5,36.4,62.5
"2122","Serbia","Women","1980-1989","Low",6,NA,NA,NA,NA
"2123","Serbia","Women","1980-1989","Medium",27,2,1,7.4,50
"2124","Sierra Leone","Men","1960-1969","High",10,NA,NA,NA,NA
"2125","Sierra Leone","Men","1960-1969","Low",31,NA,NA,NA,NA
"2126","Sierra Leone","Men","1970-1979","High",553,10,3,1.8,30
"2127","Sierra Leone","Men","1970-1979","Low",2180,33,4,1.5,12.1
"2128","Sierra Leone","Men","1980-1989","High",471,21,7,4.5,33.3
"2129","Sierra Leone","Men","1980-1989","Low",1685,30,6,1.8,20
"2130","Sierra Leone","Women","1950-1959","High",9,NA,NA,NA,NA
"2131","Sierra Leone","Women","1950-1959","Low",10,NA,NA,NA,NA
"2132","Sierra Leone","Women","1960-1969","High",310,3,2,1,66.7
"2133","Sierra Leone","Women","1960-1969","Low",532,4,1,0.8,25
"2134","Sierra Leone","Women","1970-1979","High",567,14,9,2.5,64.3
"2135","Sierra Leone","Women","1970-1979","Low",766,9,5,1.2,55.6
"2136","Sierra Leone","Women","1980-1989","High",275,16,9,5.8,56.2
"2137","Sierra Leone","Women","1980-1989","Low",493,31,13,6.3,41.9
"2138","Slovakia","Men","1910-1919","Low",2,NA,NA,NA,NA
"2139","Slovakia","Men","1920-1929","High",2,NA,NA,NA,NA
"2140","Slovakia","Men","1920-1929","Low",15,1,1,6.7,100
"2141","Slovakia","Men","1920-1929","Medium",9,2,NA,22.2,NA
"2142","Slovakia","Men","1930-1939","High",10,1,NA,10,NA
"2143","Slovakia","Men","1930-1939","Low",27,4,2,14.8,50
"2144","Slovakia","Men","1930-1939","Medium",46,1,NA,2.2,NA
"2145","Slovakia","Men","1940-1949","High",24,3,1,12.5,33.3
"2146","Slovakia","Men","1940-1949","Low",23,3,3,13,100
"2147","Slovakia","Men","1940-1949","Medium",138,12,10,8.7,83.3
"2148","Slovakia","Men","1950-1959","High",38,3,3,7.9,100
"2149","Slovakia","Men","1950-1959","Low",21,4,3,19,75
"2150","Slovakia","Men","1950-1959","Medium",206,28,20,13.6,71.4
"2151","Slovakia","Men","1950-1959",NA,1,NA,NA,NA,NA
"2152","Slovakia","Men","1960-1969","High",43,8,4,18.6,50
"2153","Slovakia","Men","1960-1969","Low",19,4,4,21.1,100
"2154","Slovakia","Men","1960-1969","Medium",182,39,24,21.4,61.5
"2155","Slovakia","Men","1970-1979","High",14,3,3,21.4,100
"2156","Slovakia","Men","1970-1979","Low",4,2,2,50,100
"2157","Slovakia","Men","1970-1979","Medium",81,20,17,24.7,85
"2158","Slovakia","Men","1970-1979",NA,2,NA,NA,NA,NA
"2159","Slovakia","Men","1980-1989","High",8,2,2,25,100
"2160","Slovakia","Men","1980-1989","Low",2,NA,NA,NA,NA
"2161","Slovakia","Men","1980-1989","Medium",25,6,3,24,50
"2162","Slovakia","Women","1910-1919","Low",3,NA,NA,NA,NA
"2163","Slovakia","Women","1910-1919","Medium",1,NA,NA,NA,NA
"2164","Slovakia","Women","1920-1929","Low",32,5,2,15.6,40
"2165","Slovakia","Women","1920-1929","Medium",12,NA,NA,NA,NA
"2166","Slovakia","Women","1930-1939","High",6,1,NA,16.7,NA
"2167","Slovakia","Women","1930-1939","Low",53,2,NA,3.8,NA
"2168","Slovakia","Women","1930-1939","Medium",40,5,5,12.5,100
"2169","Slovakia","Women","1930-1939",NA,1,NA,NA,NA,NA
"2170","Slovakia","Women","1940-1949","High",17,2,1,11.8,50
"2171","Slovakia","Women","1940-1949","Low",57,8,2,14,25
"2172","Slovakia","Women","1940-1949","Medium",115,5,3,4.3,60
"2173","Slovakia","Women","1940-1949",NA,2,1,1,50,100
"2174","Slovakia","Women","1950-1959","High",46,7,6,15.2,85.7
"2175","Slovakia","Women","1950-1959","Low",57,6,3,10.5,50
"2176","Slovakia","Women","1950-1959","Medium",212,18,11,8.5,61.1
"2177","Slovakia","Women","1950-1959",NA,4,NA,NA,NA,NA
"2178","Slovakia","Women","1960-1969","High",34,7,4,20.6,57.1
"2179","Slovakia","Women","1960-1969","Low",23,2,1,8.7,50
"2180","Slovakia","Women","1960-1969","Medium",186,22,15,11.8,68.2
"2181","Slovakia","Women","1970-1979","High",24,4,2,16.7,50
"2182","Slovakia","Women","1970-1979","Low",4,1,1,25,100
"2183","Slovakia","Women","1970-1979","Medium",76,10,4,13.2,40
"2184","Slovakia","Women","1970-1979",NA,1,NA,NA,NA,NA
"2185","Slovakia","Women","1980-1989","High",12,4,3,33.3,75
"2186","Slovakia","Women","1980-1989","Low",4,NA,NA,NA,NA
"2187","Slovakia","Women","1980-1989","Medium",23,4,2,17.4,50
"2188","Slovakia",NA,"1930-1939","Low",1,NA,NA,NA,NA
"2189","Slovakia",NA,"1940-1949","Medium",1,NA,NA,NA,NA
"2190","Slovakia",NA,"1950-1959","Low",1,NA,NA,NA,NA
"2191","Slovakia",NA,"1950-1959","Medium",1,NA,NA,NA,NA
"2192","Slovakia",NA,"1960-1969","High",1,NA,NA,NA,NA
"2193","Slovakia",NA,"1960-1969","Medium",1,NA,NA,NA,NA
"2194","Slovenia","Men","1910-1919","Low",1,NA,NA,NA,NA
"2195","Slovenia","Men","1910-1919","Medium",1,NA,NA,NA,NA
"2196","Slovenia","Men","1920-1929","High",6,1,1,16.7,100
"2197","Slovenia","Men","1920-1929","Low",10,1,1,10,100
"2198","Slovenia","Men","1920-1929","Medium",13,2,1,15.4,50
"2199","Slovenia","Men","1930-1939","High",20,3,1,15,33.3
"2200","Slovenia","Men","1930-1939","Low",25,3,3,12,100
"2201","Slovenia","Men","1930-1939","Medium",47,5,4,10.6,80
"2202","Slovenia","Men","1940-1949","High",36,2,1,5.6,50
"2203","Slovenia","Men","1940-1949","Low",30,4,2,13.3,50
"2204","Slovenia","Men","1940-1949","Medium",108,8,4,7.4,50
"2205","Slovenia","Men","1950-1959","High",39,3,2,7.7,66.7
"2206","Slovenia","Men","1950-1959","Low",43,5,1,11.6,20
"2207","Slovenia","Men","1950-1959","Medium",132,11,5,8.3,45.5
"2208","Slovenia","Men","1960-1969","High",42,7,2,16.7,28.6
"2209","Slovenia","Men","1960-1969","Low",31,8,5,25.8,62.5
"2210","Slovenia","Men","1960-1969","Medium",142,14,9,9.9,64.3
"2211","Slovenia","Men","1970-1979","High",39,6,NA,15.4,NA
"2212","Slovenia","Men","1970-1979","Low",6,3,NA,50,NA
"2213","Slovenia","Men","1970-1979","Medium",76,22,9,28.9,40.9
"2214","Slovenia","Men","1980-1989","High",15,6,1,40,16.7
"2215","Slovenia","Men","1980-1989","Low",2,1,NA,50,NA
"2216","Slovenia","Men","1980-1989","Medium",24,8,2,33.3,25
"2217","Slovenia","Women","1910-1919","Low",5,1,1,20,100
"2218","Slovenia","Women","1910-1919","Medium",3,NA,NA,NA,NA
"2219","Slovenia","Women","1920-1929","High",4,NA,NA,NA,NA
"2220","Slovenia","Women","1920-1929","Low",31,5,2,16.1,40
"2221","Slovenia","Women","1920-1929","Medium",14,1,1,7.1,100
"2222","Slovenia","Women","1920-1929",NA,2,NA,NA,NA,NA
"2223","Slovenia","Women","1930-1939","High",19,3,1,15.8,33.3
"2224","Slovenia","Women","1930-1939","Low",86,4,2,4.7,50
"2225","Slovenia","Women","1930-1939","Medium",51,3,1,5.9,33.3
"2226","Slovenia","Women","1940-1949","High",27,2,NA,7.4,NA
"2227","Slovenia","Women","1940-1949","Low",73,5,NA,6.8,NA
"2228","Slovenia","Women","1940-1949","Medium",92,2,1,2.2,50
"2229","Slovenia","Women","1950-1959","High",58,3,NA,5.2,NA
"2230","Slovenia","Women","1950-1959","Low",86,6,2,7,33.3
"2231","Slovenia","Women","1950-1959","Medium",133,11,3,8.3,27.3
"2232","Slovenia","Women","1960-1969","High",79,11,6,13.9,54.5
"2233","Slovenia","Women","1960-1969","Low",40,1,1,2.5,100
"2234","Slovenia","Women","1960-1969","Medium",120,2,1,1.7,50
"2235","Slovenia","Women","1970-1979","High",71,9,4,12.7,44.4
"2236","Slovenia","Women","1970-1979","Low",8,1,NA,12.5,NA
"2237","Slovenia","Women","1970-1979","Medium",69,4,NA,5.8,NA
"2238","Slovenia","Women","1970-1979",NA,2,NA,NA,NA,NA
"2239","Slovenia","Women","1980-1989","High",23,4,2,17.4,50
"2240","Slovenia","Women","1980-1989","Low",2,NA,NA,NA,NA
"2241","Slovenia","Women","1980-1989","Medium",14,NA,NA,NA,NA
"2242","South Africa","Men","1960-1969","High",310,21,7,6.8,33.3
"2243","South Africa","Men","1960-1969","Low",310,20,10,6.5,50
"2244","South Africa","Men","1970-1979","High",716,58,31,8.1,53.4
"2245","South Africa","Men","1970-1979","Low",1174,53,27,4.5,50.9
"2246","South Africa","Men","1980-1989","High",156,16,10,10.3,62.5
"2247","South Africa","Men","1980-1989","Low",243,15,10,6.2,66.7
"2248","South Africa","Women","1950-1959","High",67,6,4,9,66.7
"2249","South Africa","Women","1950-1959","Low",68,4,4,5.9,100
"2250","South Africa","Women","1960-1969","High",207,19,10,9.2,52.6
"2251","South Africa","Women","1960-1969","Low",281,38,27,13.5,71.1
"2252","South Africa","Women","1970-1979","High",315,28,17,8.9,60.7
"2253","South Africa","Women","1970-1979","Low",321,44,34,13.7,77.3
"2254","South Africa","Women","1980-1989","High",43,7,5,16.3,71.4
"2255","South Africa","Women","1980-1989","Low",81,21,15,25.9,71.4
"2256","Spain","Men","1910-1919","Low",3,1,NA,33.3,NA
"2257","Spain","Men","1920-1929","High",5,1,NA,20,NA
"2258","Spain","Men","1920-1929","Low",49,7,2,14.3,28.6
"2259","Spain","Men","1920-1929","Medium",6,1,NA,16.7,NA
"2260","Spain","Men","1930-1939","High",11,2,NA,18.2,NA
"2261","Spain","Men","1930-1939","Low",93,13,7,14,53.8
"2262","Spain","Men","1930-1939","Medium",4,NA,NA,NA,NA
"2263","Spain","Men","1930-1939",NA,1,NA,NA,NA,NA
"2264","Spain","Men","1940-1949","High",32,4,3,12.5,75
"2265","Spain","Men","1940-1949","Low",128,17,11,13.3,64.7
"2266","Spain","Men","1940-1949","Medium",18,1,NA,5.6,NA
"2267","Spain","Men","1940-1949",NA,1,NA,NA,NA,NA
"2268","Spain","Men","1950-1959","High",48,5,2,10.4,40
"2269","Spain","Men","1950-1959","Low",121,22,13,18.2,59.1
"2270","Spain","Men","1950-1959","Medium",69,9,2,13,22.2
"2271","Spain","Men","1950-1959",NA,1,NA,NA,NA,NA
"2272","Spain","Men","1960-1969","High",85,21,7,24.7,33.3
"2273","Spain","Men","1960-1969","Low",166,31,13,18.7,41.9
"2274","Spain","Men","1960-1969","Medium",98,23,8,23.5,34.8
"2275","Spain","Men","1960-1969",NA,1,NA,NA,NA,NA
"2276","Spain","Men","1970-1979","High",57,23,8,40.4,34.8
"2277","Spain","Men","1970-1979","Low",75,15,6,20,40
"2278","Spain","Men","1970-1979","Medium",54,15,6,27.8,40
"2279","Spain","Men","1970-1979",NA,1,NA,NA,NA,NA
"2280","Spain","Men","1980-1989","High",23,11,2,47.8,18.2
"2281","Spain","Men","1980-1989","Low",36,13,7,36.1,53.8
"2282","Spain","Men","1980-1989","Medium",17,7,2,41.2,28.6
"2283","Spain","Men","1980-1989",NA,2,1,1,50,100
"2284","Spain","Women","1908-1909","Medium",1,1,1,100,100
"2285","Spain","Women","1908-1909",NA,2,NA,NA,NA,NA
"2286","Spain","Women","1910-1919","High",5,NA,NA,NA,NA
"2287","Spain","Women","1910-1919","Low",49,8,1,16.3,12.5
"2288","Spain","Women","1910-1919","Medium",5,1,1,20,100
"2289","Spain","Women","1910-1919",NA,25,NA,NA,NA,NA
"2290","Spain","Women","1920-1929","High",12,7,5,58.3,71.4
"2291","Spain","Women","1920-1929","Low",541,63,23,11.6,36.5
"2292","Spain","Women","1920-1929","Medium",31,9,5,29,55.6
"2293","Spain","Women","1920-1929",NA,188,18,6,9.6,33.3
"2294","Spain","Women","1930-1939","High",46,8,4,17.4,50
"2295","Spain","Women","1930-1939","Low",997,95,28,9.5,29.5
"2296","Spain","Women","1930-1939","Medium",70,10,7,14.3,70
"2297","Spain","Women","1930-1939",NA,316,31,13,9.8,41.9
"2298","Spain","Women","1940-1949","High",105,20,10,19,50
"2299","Spain","Women","1940-1949","Low",1041,79,31,7.6,39.2
"2300","Spain","Women","1940-1949","Medium",134,16,12,11.9,75
"2301","Spain","Women","1940-1949",NA,177,14,5,7.9,35.7
"2302","Spain","Women","1950-1959","High",252,54,22,21.4,40.7
"2303","Spain","Women","1950-1959","Low",955,80,34,8.4,42.5
"2304","Spain","Women","1950-1959","Medium",342,49,22,14.3,44.9
"2305","Spain","Women","1950-1959",NA,69,7,2,10.1,28.6
"2306","Spain","Women","1960-1969","High",457,116,53,25.4,45.7
"2307","Spain","Women","1960-1969","Low",910,90,32,9.9,35.6
"2308","Spain","Women","1960-1969","Medium",684,87,30,12.7,34.5
"2309","Spain","Women","1960-1969",NA,47,3,2,6.4,66.7
"2310","Spain","Women","1970-1979","High",131,33,11,25.2,33.3
"2311","Spain","Women","1970-1979","Low",169,26,7,15.4,26.9
"2312","Spain","Women","1970-1979","Medium",148,44,15,29.7,34.1
"2313","Spain","Women","1970-1979",NA,5,2,1,40,50
"2314","Spain","Women","1980-1989","High",30,18,3,60,16.7
"2315","Spain","Women","1980-1989","Low",25,5,1,20,20
"2316","Spain","Women","1980-1989","Medium",18,5,1,27.8,20
"2317","Swaziland","Men","1950-1959","High",114,3,1,2.6,33.3
"2318","Swaziland","Men","1950-1959","Low",118,5,1,4.2,20
"2319","Swaziland","Men","1960-1969","High",443,24,8,5.4,33.3
"2320","Swaziland","Men","1960-1969","Low",473,20,5,4.2,25
"2321","Swaziland","Men","1970-1979","High",72,6,3,8.3,50
"2322","Swaziland","Men","1970-1979","Low",113,4,2,3.5,50
"2323","Swaziland","Women","1950-1959","High",67,2,NA,3,NA
"2324","Swaziland","Women","1950-1959","Low",85,3,2,3.5,66.7
"2325","Swaziland","Women","1950-1959",NA,1,NA,NA,NA,NA
"2326","Swaziland","Women","1960-1969","High",278,15,10,5.4,66.7
"2327","Swaziland","Women","1960-1969","Low",352,28,15,8,53.6
"2328","Swaziland","Women","1960-1969",NA,3,1,1,33.3,100
"2329","Swaziland","Women","1970-1979","High",58,4,3,6.9,75
"2330","Swaziland","Women","1970-1979","Low",89,12,9,13.5,75
"2331","Sweden","Men","1910-1919","Low",5,1,NA,20,NA
"2332","Sweden","Men","1910-1919","Medium",1,NA,NA,NA,NA
"2333","Sweden","Men","1920-1929","High",10,2,1,20,50
"2334","Sweden","Men","1920-1929","Low",30,6,2,20,33.3
"2335","Sweden","Men","1920-1929","Medium",13,1,NA,7.7,NA
"2336","Sweden","Men","1920-1929",NA,1,NA,NA,NA,NA
"2337","Sweden","Men","1930-1939","High",97,11,2,11.3,18.2
"2338","Sweden","Men","1930-1939","Low",190,30,8,15.8,26.7
"2339","Sweden","Men","1930-1939","Medium",165,17,4,10.3,23.5
"2340","Sweden","Men","1930-1939",NA,3,NA,NA,NA,NA
"2341","Sweden","Men","1940-1949","High",295,34,9,11.5,26.5
"2342","Sweden","Men","1940-1949","Low",298,40,17,13.4,42.5
"2343","Sweden","Men","1940-1949","Medium",516,60,14,11.6,23.3
"2344","Sweden","Men","1940-1949",NA,4,NA,NA,NA,NA
"2345","Sweden","Men","1950-1959","High",316,42,12,13.3,28.6
"2346","Sweden","Men","1950-1959","Low",201,35,13,17.4,37.1
"2347","Sweden","Men","1950-1959","Medium",599,84,16,14,19
"2348","Sweden","Men","1950-1959",NA,3,NA,NA,NA,NA
"2349","Sweden","Men","1960-1969","High",316,50,17,15.8,34
"2350","Sweden","Men","1960-1969","Low",114,22,3,19.3,13.6
"2351","Sweden","Men","1960-1969","Medium",672,129,49,19.2,38
"2352","Sweden","Men","1960-1969",NA,1,NA,NA,NA,NA
"2353","Sweden","Men","1970-1979","High",344,83,14,24.1,16.9
"2354","Sweden","Men","1970-1979","Low",51,10,5,19.6,50
"2355","Sweden","Men","1970-1979","Medium",393,79,24,20.1,30.4
"2356","Sweden","Men","1970-1979",NA,2,NA,NA,NA,NA
"2357","Sweden","Men","1980-1989","High",23,9,1,39.1,11.1
"2358","Sweden","Men","1980-1989","Low",1,1,1,100,100
"2359","Sweden","Men","1980-1989","Medium",15,1,1,6.7,100
"2360","Sweden","Men","1980-1989",NA,1,NA,NA,NA,NA
"2361","Sweden","Women","1910-1919","Low",14,NA,NA,NA,NA
"2362","Sweden","Women","1910-1919","Medium",2,NA,NA,NA,NA
"2363","Sweden","Women","1920-1929","High",6,2,1,33.3,50
"2364","Sweden","Women","1920-1929","Low",48,6,2,12.5,33.3
"2365","Sweden","Women","1920-1929","Medium",8,2,NA,25,NA
"2366","Sweden","Women","1920-1929",NA,1,NA,NA,NA,NA
"2367","Sweden","Women","1930-1939","High",122,12,4,9.8,33.3
"2368","Sweden","Women","1930-1939","Low",221,11,4,5,36.4
"2369","Sweden","Women","1930-1939","Medium",162,11,3,6.8,27.3
"2370","Sweden","Women","1930-1939",NA,5,NA,NA,NA,NA
"2371","Sweden","Women","1940-1949","High",359,40,6,11.1,15
"2372","Sweden","Women","1940-1949","Low",292,24,2,8.2,8.3
"2373","Sweden","Women","1940-1949","Medium",489,41,10,8.4,24.4
"2374","Sweden","Women","1940-1949",NA,6,NA,NA,NA,NA
"2375","Sweden","Women","1950-1959","High",449,51,9,11.4,17.6
"2376","Sweden","Women","1950-1959","Low",128,13,1,10.2,7.7
"2377","Sweden","Women","1950-1959","Medium",512,54,6,10.5,11.1
"2378","Sweden","Women","1950-1959",NA,5,1,1,20,100
"2379","Sweden","Women","1960-1969","High",523,49,7,9.4,14.3
"2380","Sweden","Women","1960-1969","Low",83,11,1,13.3,9.1
"2381","Sweden","Women","1960-1969","Medium",657,67,7,10.2,10.4
"2382","Sweden","Women","1960-1969",NA,3,NA,NA,NA,NA
"2383","Sweden","Women","1970-1979","High",440,63,12,14.3,19
"2384","Sweden","Women","1970-1979","Low",26,2,NA,7.7,NA
"2385","Sweden","Women","1970-1979","Medium",329,39,9,11.9,23.1
"2386","Sweden","Women","1970-1979",NA,3,NA,NA,NA,NA
"2387","Sweden","Women","1980-1989","High",30,6,1,20,16.7
"2388","Sweden","Women","1980-1989","Low",2,1,1,50,100
"2389","Sweden","Women","1980-1989","Medium",10,2,NA,20,NA
"2390","Sweden","Women","1980-1989",NA,1,NA,NA,NA,NA
"2391","Switzerland","Men","1910-1919","High",3,2,NA,66.7,NA
"2392","Switzerland","Men","1910-1919","Low",3,2,NA,66.7,NA
"2393","Switzerland","Men","1910-1919","Medium",7,2,1,28.6,50
"2394","Switzerland","Men","1910-1919",NA,1,NA,NA,NA,NA
"2395","Switzerland","Men","1920-1929","High",14,1,1,7.1,100
"2396","Switzerland","Men","1920-1929","Low",13,NA,NA,NA,NA
"2397","Switzerland","Men","1920-1929","Medium",25,6,1,24,16.7
"2398","Switzerland","Men","1930-1939","High",30,5,NA,16.7,NA
"2399","Switzerland","Men","1930-1939","Low",27,3,2,11.1,66.7
"2400","Switzerland","Men","1930-1939","Medium",62,9,2,14.5,22.2
"2401","Switzerland","Men","1940-1949","High",72,16,NA,22.2,NA
"2402","Switzerland","Men","1940-1949","Low",36,10,4,27.8,40
"2403","Switzerland","Men","1940-1949","Medium",109,22,5,20.2,22.7
"2404","Switzerland","Men","1950-1959","High",105,18,2,17.1,11.1
"2405","Switzerland","Men","1950-1959","Low",22,5,3,22.7,60
"2406","Switzerland","Men","1950-1959","Medium",137,33,11,24.1,33.3
"2407","Switzerland","Men","1960-1969","High",125,37,6,29.6,16.2
"2408","Switzerland","Men","1960-1969","Low",44,8,1,18.2,12.5
"2409","Switzerland","Men","1960-1969","Medium",121,40,8,33.1,20
"2410","Switzerland","Men","1970-1979","High",78,20,6,25.6,30
"2411","Switzerland","Men","1970-1979","Low",23,2,NA,8.7,NA
"2412","Switzerland","Men","1970-1979","Medium",69,25,1,36.2,4
"2413","Switzerland","Men","1980-1989","High",29,14,2,48.3,14.3
"2414","Switzerland","Men","1980-1989","Low",14,2,1,14.3,50
"2415","Switzerland","Men","1980-1989","Medium",19,10,1,52.6,10
"2416","Switzerland","Women","1910-1919","Low",11,NA,NA,NA,NA
"2417","Switzerland","Women","1910-1919","Medium",4,1,1,25,100
"2418","Switzerland","Women","1920-1929","High",2,NA,NA,NA,NA
"2419","Switzerland","Women","1920-1929","Low",48,9,6,18.8,66.7
"2420","Switzerland","Women","1920-1929","Medium",30,4,2,13.3,50
"2421","Switzerland","Women","1930-1939","High",15,6,3,40,50
"2422","Switzerland","Women","1930-1939","Low",75,13,5,17.3,38.5
"2423","Switzerland","Women","1930-1939","Medium",67,13,6,19.4,46.2
"2424","Switzerland","Women","1940-1949","High",38,13,2,34.2,15.4
"2425","Switzerland","Women","1940-1949","Low",86,17,7,19.8,41.2
"2426","Switzerland","Women","1940-1949","Medium",119,18,4,15.1,22.2
"2427","Switzerland","Women","1940-1949",NA,2,NA,NA,NA,NA
"2428","Switzerland","Women","1950-1959","High",59,13,1,22,7.7
"2429","Switzerland","Women","1950-1959","Low",61,13,3,21.3,23.1
"2430","Switzerland","Women","1950-1959","Medium",150,39,7,26,17.9
"2431","Switzerland","Women","1960-1969","High",96,33,7,34.4,21.2
"2432","Switzerland","Women","1960-1969","Low",72,10,2,13.9,20
"2433","Switzerland","Women","1960-1969","Medium",167,39,10,23.4,25.6
"2434","Switzerland","Women","1960-1969",NA,1,NA,NA,NA,NA
"2435","Switzerland","Women","1970-1979","High",61,20,3,32.8,15
"2436","Switzerland","Women","1970-1979","Low",22,5,2,22.7,40
"2437","Switzerland","Women","1970-1979","Medium",74,14,4,18.9,28.6
"2438","Switzerland","Women","1980-1989","High",21,6,1,28.6,16.7
"2439","Switzerland","Women","1980-1989","Low",7,1,NA,14.3,NA
"2440","Switzerland","Women","1980-1989","Medium",18,5,1,27.8,20
"2441","Tanzania","Men","1960-1969","High",132,1,NA,0.8,NA
"2442","Tanzania","Men","1960-1969","Low",642,12,2,1.9,16.7
"2443","Tanzania","Men","1970-1979","High",436,27,14,6.2,51.9
"2444","Tanzania","Men","1970-1979","Low",2426,55,11,2.3,20
"2445","Tanzania","Men","1970-1979",NA,1,NA,NA,NA,NA
"2446","Tanzania","Men","1980-1989","High",48,3,1,6.2,33.3
"2447","Tanzania","Men","1980-1989","Low",326,9,3,2.8,33.3
"2448","Tanzania","Women","1960-1969","High",29,4,3,13.8,75
"2449","Tanzania","Women","1960-1969","Low",203,4,1,2,25
"2450","Tanzania","Women","1970-1979","High",142,8,7,5.6,87.5
"2451","Tanzania","Women","1970-1979","Low",604,18,11,3,61.1
"2452","Tanzania","Women","1980-1989","High",20,1,NA,5,NA
"2453","Tanzania","Women","1980-1989","Low",60,NA,NA,NA,NA
"2454","The UK","Men","1910-1919","High",4,1,1,25,100
"2455","The UK","Men","1910-1919","Low",12,1,NA,8.3,NA
"2456","The UK","Men","1920-1929","High",70,13,NA,18.6,NA
"2457","The UK","Men","1920-1929","Low",162,30,16,18.5,53.3
"2458","The UK","Men","1920-1929","Medium",63,10,3,15.9,30
"2459","The UK","Men","1920-1929",NA,12,4,1,33.3,25
"2460","The UK","Men","1930-1939","High",265,39,8,14.7,20.5
"2461","The UK","Men","1930-1939","Low",356,69,32,19.4,46.4
"2462","The UK","Men","1930-1939","Medium",221,38,12,17.2,31.6
"2463","The UK","Men","1930-1939",NA,49,10,1,20.4,10
"2464","The UK","Men","1940-1949","High",546,87,25,15.9,28.7
"2465","The UK","Men","1940-1949","Low",395,75,32,19,42.7
"2466","The UK","Men","1940-1949","Medium",315,47,8,14.9,17
"2467","The UK","Men","1940-1949",NA,106,26,5,24.5,19.2
"2468","The UK","Men","1950-1959","High",708,158,41,22.3,25.9
"2469","The UK","Men","1950-1959","Low",262,67,24,25.6,35.8
"2470","The UK","Men","1950-1959","Medium",353,61,18,17.3,29.5
"2471","The UK","Men","1950-1959",NA,106,27,8,25.5,29.6
"2472","The UK","Men","1960-1969","High",830,222,54,26.7,24.3
"2473","The UK","Men","1960-1969","Low",246,66,32,26.8,48.5
"2474","The UK","Men","1960-1969","Medium",498,142,33,28.5,23.2
"2475","The UK","Men","1960-1969",NA,143,50,18,35,36
"2476","The UK","Men","1970-1979","High",156,58,6,37.2,10.3
"2477","The UK","Men","1970-1979","Low",57,16,5,28.1,31.2
"2478","The UK","Men","1970-1979","Medium",83,28,8,33.7,28.6
"2479","The UK","Men","1970-1979",NA,11,2,NA,18.2,NA
"2480","The UK","Men","1980-1989","High",32,17,3,53.1,17.6
"2481","The UK","Men","1980-1989","Low",7,4,2,57.1,50
"2482","The UK","Men","1980-1989","Medium",17,6,NA,35.3,NA
"2483","The UK","Men","1980-1989",NA,2,1,NA,50,NA
"2484","The UK","Women","1905-1909","Low",1,1,1,100,100
"2485","The UK","Women","1910-1919","High",5,2,1,40,50
"2486","The UK","Women","1910-1919","Low",16,2,NA,12.5,NA
"2487","The UK","Women","1910-1919",NA,1,NA,NA,NA,NA
"2488","The UK","Women","1920-1929","High",65,22,8,33.8,36.4
"2489","The UK","Women","1920-1929","Low",264,43,14,16.3,32.6
"2490","The UK","Women","1920-1929","Medium",74,17,4,23,23.5
"2491","The UK","Women","1920-1929",NA,15,3,NA,20,NA
"2492","The UK","Women","1930-1939","High",241,51,17,21.2,33.3
"2493","The UK","Women","1930-1939","Low",537,67,20,12.5,29.9
"2494","The UK","Women","1930-1939","Medium",219,37,12,16.9,32.4
"2495","The UK","Women","1930-1939",NA,52,13,1,25,7.7
"2496","The UK","Women","1940-1949","High",473,62,18,13.1,29
"2497","The UK","Women","1940-1949","Low",624,75,18,12,24
"2498","The UK","Women","1940-1949","Medium",397,44,14,11.1,31.8
"2499","The UK","Women","1940-1949",NA,97,14,1,14.4,7.1
"2500","The UK","Women","1950-1959","High",719,123,25,17.1,20.3
"2501","The UK","Women","1950-1959","Low",375,38,8,10.1,21.1
"2502","The UK","Women","1950-1959","Medium",461,63,14,13.7,22.2
"2503","The UK","Women","1950-1959",NA,103,12,4,11.7,33.3
"2504","The UK","Women","1960-1969","High",979,189,42,19.3,22.2
"2505","The UK","Women","1960-1969","Low",299,25,9,8.4,36
"2506","The UK","Women","1960-1969","Medium",647,97,23,15,23.7
"2507","The UK","Women","1960-1969",NA,103,16,4,15.5,25
"2508","The UK","Women","1970-1979","High",200,40,3,20,7.5
"2509","The UK","Women","1970-1979","Low",54,4,1,7.4,25
"2510","The UK","Women","1970-1979","Medium",93,17,2,18.3,11.8
"2511","The UK","Women","1970-1979",NA,14,4,2,28.6,50
"2512","The UK","Women","1980-1989","High",63,14,1,22.2,7.1
"2513","The UK","Women","1980-1989","Low",14,NA,NA,NA,NA
"2514","The UK","Women","1980-1989","Medium",29,4,2,13.8,50
"2515","The US","Men","1960-1969","High",636,247,96,38.8,38.9
"2516","The US","Men","1960-1969","Low",234,47,17,20.1,36.2
"2517","The US","Men","1960-1969","Medium",373,117,35,31.4,29.9
"2518","The US","Men","1970-1979","High",291,105,42,36.1,40
"2519","The US","Men","1970-1979","Low",80,14,5,17.5,35.7
"2520","The US","Men","1970-1979","Medium",136,38,16,27.9,42.1
"2521","The US","Women","1950-1959","High",1871,407,107,21.8,26.3
"2522","The US","Women","1950-1959","Low",494,33,8,6.7,24.2
"2523","The US","Women","1950-1959","Medium",1510,192,35,12.7,18.2
"2524","The US","Women","1960-1969","High",902,227,75,25.2,33
"2525","The US","Women","1960-1969","Low",241,22,3,9.1,13.6
"2526","The US","Women","1960-1969","Medium",467,77,16,16.5,20.8
"2527","The US","Women","1970-1979","High",357,99,31,27.7,31.3
"2528","The US","Women","1970-1979","Low",100,7,3,7,42.9
"2529","The US","Women","1970-1979","Medium",146,16,1,11,6.2
"2530","Timor-Leste","Men","1960-1969","High",281,21,15,7.5,71.4
"2531","Timor-Leste","Men","1960-1969","Low",325,21,14,6.5,66.7
"2532","Timor-Leste","Men","1970-1979","High",997,79,49,7.9,62
"2533","Timor-Leste","Men","1970-1979","Low",1560,103,67,6.6,65
"2534","Timor-Leste","Men","1980-1989","High",182,21,15,11.5,71.4
"2535","Timor-Leste","Men","1980-1989","Low",375,39,29,10.4,74.4
"2536","Timor-Leste","Women","1950-1959","High",51,2,1,3.9,50
"2537","Timor-Leste","Women","1950-1959","Low",61,7,2,11.5,28.6
"2538","Timor-Leste","Women","1960-1969","High",328,22,7,6.7,31.8
"2539","Timor-Leste","Women","1960-1969","Low",388,36,17,9.3,47.2
"2540","Timor-Leste","Women","1970-1979","High",400,41,20,10.2,48.8
"2541","Timor-Leste","Women","1970-1979","Low",458,52,29,11.4,55.8
"2542","Timor-Leste","Women","1980-1989","High",73,15,13,20.5,86.7
"2543","Timor-Leste","Women","1980-1989","Low",96,19,14,19.8,73.7
"2544","Togo","Men","1960-1969","High",406,10,5,2.5,50
"2545","Togo","Men","1960-1969","Low",532,6,NA,1.1,NA
"2546","Togo","Men","1970-1979","High",1007,41,11,4.1,26.8
"2547","Togo","Men","1970-1979","Low",1118,18,6,1.6,33.3
"2548","Togo","Men","1970-1979",NA,2,NA,NA,NA,NA
"2549","Togo","Women","1950-1959","High",90,2,2,2.2,100
"2550","Togo","Women","1950-1959","Low",118,1,1,0.8,100
"2551","Togo","Women","1960-1969","High",275,6,4,2.2,66.7
"2552","Togo","Women","1960-1969","Low",396,9,4,2.3,44.4
"2553","Togo","Women","1970-1979","High",354,27,11,7.6,40.7
"2554","Togo","Women","1970-1979","Low",498,33,23,6.6,69.7
"2555","Turkey","Men","1940-1949","High",18,4,4,22.2,100
"2556","Turkey","Men","1940-1949","Low",107,3,1,2.8,33.3
"2557","Turkey","Men","1950-1959","High",268,31,17,11.6,54.8
"2558","Turkey","Men","1950-1959","Low",1418,43,13,3,30.2
"2559","Turkey","Men","1960-1969","High",179,18,13,10.1,72.2
"2560","Turkey","Men","1960-1969","Low",716,36,10,5,27.8
"2561","Turkey","Women","1910-1919","Low",1,NA,NA,NA,NA
"2562","Turkey","Women","1920-1929","High",3,1,NA,33.3,NA
"2563","Turkey","Women","1920-1929","Low",3,NA,NA,NA,NA
"2564","Turkey","Women","1930-1939","High",19,NA,NA,NA,NA
"2565","Turkey","Women","1930-1939","Low",19,NA,NA,NA,NA
"2566","Turkey","Women","1940-1949","High",75,3,NA,4,NA
"2567","Turkey","Women","1940-1949","Low",155,2,NA,1.3,NA
"2568","Turkey","Women","1950-1959","High",247,6,NA,2.4,NA
"2569","Turkey","Women","1950-1959","Low",363,8,NA,2.2,NA
"2570","Turkey","Women","1960-1969","High",140,3,NA,2.1,NA
"2571","Turkey","Women","1960-1969","Low",161,6,NA,3.7,NA
"2572","Turkey","Women","1960-1969",NA,1,NA,NA,NA,NA
"2573","Uganda","Men","1960-1969","High",314,4,NA,1.3,NA
"2574","Uganda","Men","1960-1969","Low",396,6,1,1.5,16.7
"2575","Uganda","Men","1970-1979","High",1577,33,16,2.1,48.5
"2576","Uganda","Men","1970-1979","Low",1791,32,6,1.8,18.8
"2577","Uganda","Men","1980-1989","High",197,2,2,1,100
"2578","Uganda","Men","1980-1989","Low",559,7,3,1.3,42.9
"2579","Uganda","Women","1960-1969","High",223,NA,NA,NA,NA
"2580","Uganda","Women","1960-1969","Low",270,9,4,3.3,44.4
"2581","Uganda","Women","1970-1979","High",446,6,6,1.3,100
"2582","Uganda","Women","1970-1979","Low",501,17,6,3.4,35.3
"2583","Uganda","Women","1980-1989","High",69,1,NA,1.4,NA
"2584","Uganda","Women","1980-1989","Low",136,7,6,5.1,85.7
"2585","Ukraine","Men","1910-1919","High",1,NA,NA,NA,NA
"2586","Ukraine","Men","1910-1919","Low",2,NA,NA,NA,NA
"2587","Ukraine","Men","1920-1929","High",13,NA,NA,NA,NA
"2588","Ukraine","Men","1920-1929","Low",19,2,1,10.5,50
"2589","Ukraine","Men","1920-1929","Medium",3,1,NA,33.3,NA
"2590","Ukraine","Men","1930-1939","High",40,3,1,7.5,33.3
"2591","Ukraine","Men","1930-1939","Low",44,2,NA,4.5,NA
"2592","Ukraine","Men","1930-1939","Medium",21,NA,NA,NA,NA
"2593","Ukraine","Men","1940-1949","High",51,1,NA,2,NA
"2594","Ukraine","Men","1940-1949","Low",15,NA,NA,NA,NA
"2595","Ukraine","Men","1940-1949","Medium",45,4,3,8.9,75
"2596","Ukraine","Men","1950-1959","High",281,14,2,5,14.3
"2597","Ukraine","Men","1950-1959","Low",239,15,3,6.3,20
"2598","Ukraine","Men","1950-1959","Medium",48,4,1,8.3,25
"2599","Ukraine","Men","1960-1969","High",953,69,14,7.2,20.3
"2600","Ukraine","Men","1960-1969","Low",1177,51,15,4.3,29.4
"2601","Ukraine","Men","1960-1969","Medium",34,8,4,23.5,50
"2602","Ukraine","Men","1960-1969",NA,1,NA,NA,NA,NA
"2603","Ukraine","Men","1970-1979","High",281,29,9,10.3,31
"2604","Ukraine","Men","1970-1979","Low",338,18,5,5.3,27.8
"2605","Ukraine","Men","1970-1979","Medium",9,1,1,11.1,100
"2606","Ukraine","Women","1910-1919","High",2,1,NA,50,NA
"2607","Ukraine","Women","1910-1919","Low",1,NA,NA,NA,NA
"2608","Ukraine","Women","1920-1929","High",25,3,1,12,33.3
"2609","Ukraine","Women","1920-1929","Low",59,15,6,25.4,40
"2610","Ukraine","Women","1920-1929","Medium",7,2,1,28.6,50
"2611","Ukraine","Women","1930-1939","High",65,7,1,10.8,14.3
"2612","Ukraine","Women","1930-1939","Low",101,13,8,12.9,61.5
"2613","Ukraine","Women","1930-1939","Medium",35,2,NA,5.7,NA
"2614","Ukraine","Women","1930-1939",NA,1,NA,NA,NA,NA
"2615","Ukraine","Women","1940-1949","High",103,5,2,4.9,40
"2616","Ukraine","Women","1940-1949","Low",36,4,1,11.1,25
"2617","Ukraine","Women","1940-1949","Medium",52,3,NA,5.8,NA
"2618","Ukraine","Women","1950-1959","High",241,16,8,6.6,50
"2619","Ukraine","Women","1950-1959","Low",137,11,4,8,36.4
"2620","Ukraine","Women","1950-1959","Medium",67,2,1,3,50
"2621","Ukraine","Women","1960-1969","High",542,39,12,7.2,30.8
"2622","Ukraine","Women","1960-1969","Low",451,65,27,14.4,41.5
"2623","Ukraine","Women","1960-1969","Medium",22,NA,NA,NA,NA
"2624","Ukraine","Women","1970-1979","High",160,14,6,8.8,42.9
"2625","Ukraine","Women","1970-1979","Low",158,30,13,19,43.3
"2626","Ukraine","Women","1970-1979","Medium",10,3,1,30,33.3
"2627","Uruguay","Men","1970-1979","High",63,21,6,33.3,28.6
"2628","Uruguay","Men","1970-1979","Low",223,40,18,17.9,45
"2629","Uruguay","Men","1970-1979","Medium",169,26,5,15.4,19.2
"2630","Uruguay","Men","1980-1989","High",1,NA,NA,NA,NA
"2631","Uruguay","Men","1980-1989","Low",12,2,1,16.7,50
"2632","Uruguay","Men","1980-1989","Medium",8,4,1,50,25
"2633","Uruguay","Women","1970-1979","High",136,38,11,27.9,28.9
"2634","Uruguay","Women","1970-1979","Low",220,14,6,6.4,42.9
"2635","Uruguay","Women","1970-1979","Medium",234,26,6,11.1,23.1
"2636","Uruguay","Women","1980-1989","High",5,3,3,60,100
"2637","Uruguay","Women","1980-1989","Low",11,1,1,9.1,100
"2638","Uruguay","Women","1980-1989","Medium",13,1,1,7.7,100
"2639","Zambia","Men","1960-1969","High",75,2,NA,2.7,NA
"2640","Zambia","Men","1960-1969","Low",104,2,NA,1.9,NA
"2641","Zambia","Men","1970-1979","High",1127,30,14,2.7,46.7
"2642","Zambia","Men","1970-1979","Low",1259,15,2,1.2,13.3
"2643","Zambia","Men","1980-1989","High",399,15,7,3.8,46.7
"2644","Zambia","Men","1980-1989","Low",890,8,2,0.9,25
"2645","Zambia","Women","1950-1959","High",20,NA,NA,NA,NA
"2646","Zambia","Women","1950-1959","Low",47,1,NA,2.1,NA
"2647","Zambia","Women","1960-1969","High",424,5,4,1.2,80
"2648","Zambia","Women","1960-1969","Low",695,16,12,2.3,75
"2649","Zambia","Women","1970-1979","High",827,24,15,2.9,62.5
"2650","Zambia","Women","1970-1979","Low",1245,44,27,3.5,61.4
"2651","Zambia","Women","1980-1989","High",446,43,31,9.6,72.1
"2652","Zambia","Women","1980-1989","Low",595,29,16,4.9,55.2
"2653","Zimbabwe","Men","1960-1969","High",229,9,4,3.9,44.4
"2654","Zimbabwe","Men","1960-1969","Low",242,10,5,4.1,50
"2655","Zimbabwe","Men","1970-1979","High",911,43,18,4.7,41.9
"2656","Zimbabwe","Men","1970-1979","Low",1169,31,11,2.7,35.5
"2657","Zimbabwe","Men","1980-1989","High",30,NA,NA,NA,NA
"2658","Zimbabwe","Men","1980-1989","Low",189,7,5,3.7,71.4
"2659","Zimbabwe","Women","1960-1969","High",174,5,3,2.9,60
"2660","Zimbabwe","Women","1960-1969","Low",640,20,5,3.1,25
"2661","Zimbabwe","Women","1970-1979","High",349,18,8,5.2,44.4
"2662","Zimbabwe","Women","1970-1979","Low",1341,76,27,5.7,35.5
"2663","Zimbabwe","Women","1980-1989","High",36,5,5,13.9,100
"2664","Zimbabwe","Women","1980-1989","Low",145,14,9,9.7,64.3
"2665","Albania","Men","1950-1959","All",861,0,0,0,NA
"2666","Albania","Men","1960-1969","All",4052,34,22,0.8,64.7
"2667","Albania","Men","1970-1979","All",3244,214,105,6.6,49.1
"2668","Albania","Men","1980-1989","All",801,73,53,9.1,72.6
"2669","Albania","Women","1950-1959","All",329,16,3,4.9,18.8
"2670","Albania","Women","1960-1969","All",1600,119,31,7.4,26.1
"2671","Albania","Women","1970-1979","All",1200,147,62,12.2,42.2
"2672","Albania","Women","1980-1989","All",316,89,59,28.2,66.3
"2673","Angola","Men","1960-1969","All",642,24,8,3.7,33.3
"2674","Angola","Men","1970-1979","All",2617,81,26,3.1,32.1
"2675","Angola","Men","1980-1989","All",362,8,6,2.2,75
"2676","Angola","Women","1960-1969","All",611,24,7,3.9,29.2
"2677","Angola","Women","1970-1979","All",959,33,14,3.4,42.4
"2678","Angola","Women","1980-1989","All",140,10,8,7.1,80
"2679","Armenia","Men","1960-1969","All",528,33,23,6.2,69.7
"2680","Armenia","Men","1970-1979","All",1623,130,84,8,64.6
"2681","Armenia","Men","1980-1989","All",219,23,20,10.5,87
"2682","Armenia","Women","1960-1969","All",239,12,9,5,75
"2683","Armenia","Women","1970-1979","All",727,80,56,11,70
"2684","Armenia","Women","1980-1989","All",82,15,12,18.3,80
"2685","Austria","Men","1910-1919","All",6,0,0,0,NA
"2686","Austria","Men","1920-1929","All",48,4,1,8.3,25
"2687","Austria","Men","1930-1939","All",135,17,5,12.6,29.4
"2688","Austria","Men","1940-1949","All",296,53,6,17.9,11.3
"2689","Austria","Men","1950-1959","All",396,69,13,17.4,18.8
"2690","Austria","Men","1960-1969","All",1069,275,82,25.7,29.8
"2691","Austria","Men","1970-1979","All",519,184,50,35.5,27.2
"2692","Austria","Men","1980-1989","All",85,41,12,48.2,29.3
"2693","Austria","Women","1910-1919","All",2,2,0,100,0
"2694","Austria","Women","1920-1929","All",55,14,3,25.5,21.4
"2695","Austria","Women","1930-1939","All",179,18,4,10.1,22.2
"2696","Austria","Women","1940-1949","All",372,45,9,12.1,20
"2697","Austria","Women","1950-1959","All",413,59,17,14.3,28.8
"2698","Austria","Women","1960-1969","All",1505,240,52,15.9,21.7
"2699","Austria","Women","1970-1979","All",752,159,37,21.1,23.3
"2700","Austria","Women","1980-1989","All",71,16,4,22.5,25
"2701","Azerbaijan","Men","1950-1959","All",593,61,35,10.3,57.4
"2702","Azerbaijan","Men","1960-1969","All",2466,281,186,11.4,66.2
"2703","Azerbaijan","Men","1970-1979","All",436,85,63,19.5,74.1
"2704","Azerbaijan","Women","1940-1949","All",53,1,1,1.9,100
"2705","Azerbaijan","Women","1950-1959","All",441,17,4,3.9,23.5
"2706","Azerbaijan","Women","1960-1969","All",623,22,8,3.5,36.4
"2707","Azerbaijan","Women","1970-1979","All",120,15,8,12.5,53.3
"2708","Belarus","Men","1930-1939","All",53,5,3,9.4,60
"2709","Belarus","Men","1940-1949","All",299,20,10,6.7,50
"2710","Belarus","Men","1950-1959","All",666,60,30,9,50
"2711","Belarus","Men","1960-1969","All",724,96,42,13.3,43.8
"2712","Belarus","Men","1970-1979","All",819,134,64,16.4,47.8
"2713","Belarus","Men","1980-1989","All",248,58,26,23.4,44.8
"2714","Belarus","Women","1920-1929","All",1,0,0,0,NA
"2715","Belarus","Women","1930-1939","All",156,20,12,12.8,60
"2716","Belarus","Women","1940-1949","All",600,72,46,12,63.9
"2717","Belarus","Women","1950-1959","All",1015,85,47,8.4,55.3
"2718","Belarus","Women","1960-1969","All",944,95,60,10.1,63.2
"2719","Belarus","Women","1970-1979","All",1041,95,44,9.1,46.3
"2720","Belarus","Women","1980-1989","All",272,29,11,10.7,37.9
"2721","Belgium","Men","1910-1919","All",5,1,0,20,0
"2722","Belgium","Men","1920-1929","All",82,15,4,18.3,26.7
"2723","Belgium","Men","1930-1939","All",482,112,18,23.2,16.1
"2724","Belgium","Men","1940-1949","All",716,187,42,26.1,22.5
"2725","Belgium","Men","1950-1959","All",952,187,57,19.6,30.5
"2726","Belgium","Men","1960-1969","All",1023,206,67,20.1,32.5
"2727","Belgium","Men","1970-1979","All",452,104,35,23,33.7
"2728","Belgium","Men","1980-1989","All",53,16,6,30.2,37.5
"2729","Belgium","Women","1910-1919","All",7,1,1,14.3,100
"2730","Belgium","Women","1920-1929","All",101,18,5,17.8,27.8
"2731","Belgium","Women","1930-1939","All",521,126,47,24.2,37.3
"2732","Belgium","Women","1940-1949","All",720,155,29,21.5,18.7
"2733","Belgium","Women","1950-1959","All",1011,158,29,15.6,18.4
"2734","Belgium","Women","1960-1969","All",1147,150,37,13.1,24.7
"2735","Belgium","Women","1970-1979","All",468,70,19,15,27.1
"2736","Belgium","Women","1980-1989","All",64,8,3,12.5,37.5
"2737","Benin","Men","1960-1969","All",398,7,3,1.8,42.9
"2738","Benin","Men","1970-1979","All",2752,42,9,1.5,21.4
"2739","Benin","Men","1980-1989","All",1361,27,3,2,11.1
"2740","Benin","Women","1950-1959","All",283,3,2,1.1,66.7
"2741","Benin","Women","1960-1969","All",733,14,6,1.9,42.9
"2742","Benin","Women","1970-1979","All",1264,32,12,2.5,37.5
"2743","Benin","Women","1980-1989","All",596,34,17,5.7,50
"2744","Bolivia","Men","1950-1959","All",511,25,11,4.9,44
"2745","Bolivia","Men","1960-1969","All",3600,138,81,3.8,58.7
"2746","Bolivia","Men","1970-1979","All",1418,82,53,5.8,64.6
"2747","Bolivia","Women","1940-1949","All",362,17,7,4.7,41.2
"2748","Bolivia","Women","1950-1959","All",809,37,20,4.6,54.1
"2749","Bolivia","Women","1960-1969","All",1132,75,52,6.6,69.3
"2750","Bolivia","Women","1970-1979","All",434,33,21,7.6,63.6
"2751","Brazil","Men","1940-1949","All",817,68,37,8.3,54.4
"2752","Brazil","Men","1950-1959","All",2973,255,160,8.6,62.7
"2753","Brazil","Men","1960-1969","All",468,40,26,8.5,65
"2754","Brazil","Women","1930-1939","All",102,5,1,4.9,20
"2755","Brazil","Women","1940-1949","All",396,24,10,6.1,41.7
"2756","Brazil","Women","1950-1959","All",557,42,21,7.5,50
"2757","Brazil","Women","1960-1969","All",75,13,7,17.3,53.8
"2758","Bulgaria","Men","1910-1919","All",1,0,0,0,NA
"2759","Bulgaria","Men","1920-1929","All",269,26,9,9.7,34.6
"2760","Bulgaria","Men","1930-1939","All",787,42,19,5.3,45.2
"2761","Bulgaria","Men","1940-1949","All",1060,82,39,7.7,47.6
"2762","Bulgaria","Men","1950-1959","All",1113,118,72,10.6,61
"2763","Bulgaria","Men","1960-1969","All",1483,256,171,17.3,66.8
"2764","Bulgaria","Men","1970-1979","All",179,56,39,31.3,69.6
"2765","Bulgaria","Men","1980-1989","All",46,24,19,52.2,79.2
"2766","Bulgaria","Women","1910-1919","All",2,0,0,0,NA
"2767","Bulgaria","Women","1920-1929","All",195,18,5,9.2,27.8
"2768","Bulgaria","Women","1930-1939","All",908,65,17,7.2,26.2
"2769","Bulgaria","Women","1940-1949","All",1229,62,21,5,33.9
"2770","Bulgaria","Women","1950-1959","All",1266,77,41,6.1,53.2
"2771","Bulgaria","Women","1960-1969","All",2052,163,99,7.9,60.7
"2772","Bulgaria","Women","1970-1979","All",215,19,10,8.8,52.6
"2773","Bulgaria","Women","1980-1989","All",36,9,5,25,55.6
"2774","Burkina Faso","Men","1960-1969","All",2527,21,4,0.8,19
"2775","Burkina Faso","Men","1970-1979","All",2443,24,4,1,16.7
"2776","Burkina Faso","Women","1950-1959","All",691,5,0,0.7,0
"2777","Burkina Faso","Women","1960-1969","All",1262,16,4,1.3,25
"2778","Burkina Faso","Women","1970-1979","All",980,55,28,5.6,50.9
"2779","Burundi","Men","1960-1969","All",651,19,12,2.9,63.2
"2780","Burundi","Men","1970-1979","All",3106,124,71,4,57.3
"2781","Burundi","Men","1980-1989","All",928,51,38,5.5,74.5
"2782","Burundi","Women","1950-1959","All",211,5,4,2.4,80
"2783","Burundi","Women","1960-1969","All",924,20,14,2.2,70
"2784","Burundi","Women","1970-1979","All",1216,37,18,3,48.6
"2785","Burundi","Women","1980-1989","All",352,14,10,4,71.4
"2786","Cambodia","Men","1960-1969","All",1975,128,84,6.5,65.6
"2787","Cambodia","Men","1970-1979","All",3697,301,193,8.1,64.1
"2788","Cambodia","Women","1960-1969","All",570,16,1,2.8,6.2
"2789","Cambodia","Women","1970-1979","All",1109,57,20,5.1,35.1
"2790","Cameroon","Men","1950-1959","All",368,13,0,3.5,0
"2791","Cameroon","Men","1960-1969","All",961,29,6,3,20.7
"2792","Cameroon","Men","1970-1979","All",2093,75,11,3.6,14.7
"2793","Cameroon","Men","1980-1989","All",1214,62,34,5.1,54.8
"2794","Cameroon","Women","1950-1959","All",294,7,0,2.4,0
"2795","Cameroon","Women","1960-1969","All",710,18,6,2.5,33.3
"2796","Cameroon","Women","1970-1979","All",1019,53,34,5.2,64.2
"2797","Cameroon","Women","1980-1989","All",549,55,36,10,65.5
"2798","Canada","Men","1920-1929","All",177,37,8,20.9,21.6
"2799","Canada","Men","1930-1939","All",1740,298,85,17.1,28.5
"2800","Canada","Men","1940-1949","All",3184,670,147,21,21.9
"2801","Canada","Men","1950-1959","All",3895,1012,285,26,28.2
"2802","Canada","Men","1960-1969","All",3838,1168,371,30.4,31.8
"2803","Canada","Men","1970-1979","All",1329,402,140,30.2,34.8
"2804","Canada","Women","1920-1929","All",299,53,24,17.7,45.3
"2805","Canada","Women","1930-1939","All",2382,297,101,12.5,34
"2806","Canada","Women","1940-1949","All",4012,607,176,15.1,29
"2807","Canada","Women","1950-1959","All",4891,1029,268,21,26
"2808","Canada","Women","1960-1969","All",4594,1129,309,24.6,27.4
"2809","Canada","Women","1970-1979","All",1601,362,124,22.6,34.3
"2810","Central African Republic","Men","1940-1949","All",428,36,2,8.4,5.6
"2811","Central African Republic","Men","1950-1959","All",1153,92,13,8,14.1
"2812","Central African Republic","Men","1960-1969","All",7,0,0,0,NA
"2813","Central African Republic","Women","1930-1939","All",93,9,0,9.7,0
"2814","Central African Republic","Women","1940-1949","All",197,13,1,6.6,7.7
"2815","Central African Republic","Women","1950-1959","All",311,36,15,11.6,41.7
"2816","Central African Republic","Women","1960-1969","All",4,1,0,25,0
"2817","Chad","Men","1960-1969","All",1261,13,2,1,15.4
"2818","Chad","Men","1970-1979","All",3581,39,11,1.1,28.2
"2819","Chad","Men","1980-1989","All",164,1,0,0.6,0
"2820","Chad","Women","1950-1959","All",219,2,0,0.9,0
"2821","Chad","Women","1960-1969","All",685,10,3,1.5,30
"2822","Chad","Women","1970-1979","All",1053,26,13,2.5,50
"2823","Chad","Women","1980-1989","All",77,2,1,2.6,50
"2824","Colombia","Men","1960-1969","All",3763,196,95,5.2,48.5
"2825","Colombia","Men","1970-1979","All",8804,505,266,5.7,52.7
"2826","Colombia","Men","1980-1989","All",676,50,31,7.4,62
"2827","Colombia","Women","1950-1959","All",2124,203,104,9.6,51.2
"2828","Colombia","Women","1960-1969","All",6144,705,348,11.5,49.4
"2829","Colombia","Women","1970-1979","All",6259,968,515,15.5,53.2
"2830","Colombia","Women","1980-1989","All",468,82,47,17.5,57.3
"2831","Comoros","Men","1960-1969","All",433,26,0,6,0
"2832","Comoros","Men","1970-1979","All",954,108,33,11.3,30.6
"2833","Comoros","Women","1950-1959","All",100,6,0,6,0
"2834","Comoros","Women","1960-1969","All",280,15,4,5.4,26.7
"2835","Comoros","Women","1970-1979","All",401,56,26,14,46.4
"2836","Congo","Men","1960-1969","All",1468,30,4,2,13.3
"2837","Congo","Men","1970-1979","All",1900,46,10,2.4,21.7
"2838","Congo","Women","1950-1959","All",366,6,3,1.6,50
"2839","Congo","Women","1960-1969","All",903,32,18,3.5,56.2
"2840","Congo","Women","1970-1979","All",915,44,24,4.8,54.5
"2841","Croatia","Men","1930-1939","All",32,3,1,9.4,33.3
"2842","Croatia","Men","1940-1949","All",75,5,3,6.7,60
"2843","Croatia","Men","1950-1959","All",163,23,10,14.1,43.5
"2844","Croatia","Men","1960-1969","All",130,36,17,27.7,47.2
"2845","Croatia","Men","1970-1979","All",109,31,14,28.4,45.2
"2846","Croatia","Men","1980-1989","All",56,24,11,42.9,45.8
"2847","Croatia","Women","1920-1929","All",7,2,1,28.6,50
"2848","Croatia","Women","1930-1939","All",45,8,4,17.8,50
"2849","Croatia","Women","1940-1949","All",135,10,4,7.4,40
"2850","Croatia","Women","1950-1959","All",198,21,6,10.6,28.6
"2851","Croatia","Women","1960-1969","All",197,27,11,13.7,40.7
"2852","Croatia","Women","1970-1979","All",171,22,10,12.9,45.5
"2853","Croatia","Women","1980-1989","All",80,11,6,13.8,54.5
"2854","Cyprus","Men","1920-1929","All",31,2,1,6.5,50
"2855","Cyprus","Men","1930-1939","All",95,4,1,4.2,25
"2856","Cyprus","Men","1940-1949","All",132,5,2,3.8,40
"2857","Cyprus","Men","1950-1959","All",129,10,4,7.8,40
"2858","Cyprus","Men","1960-1969","All",128,14,3,10.9,21.4
"2859","Cyprus","Men","1970-1979","All",71,14,4,19.7,28.6
"2860","Cyprus","Men","1980-1989","All",26,10,5,38.5,50
"2861","Cyprus","Women","1920-1929","All",26,1,1,3.8,100
"2862","Cyprus","Women","1930-1939","All",77,3,1,3.9,33.3
"2863","Cyprus","Women","1940-1949","All",149,21,7,14.1,33.3
"2864","Cyprus","Women","1950-1959","All",189,16,10,8.5,62.5
"2865","Cyprus","Women","1960-1969","All",184,18,9,9.8,50
"2866","Cyprus","Women","1970-1979","All",76,12,4,15.8,33.3
"2867","Cyprus","Women","1980-1989","All",24,6,4,25,66.7
"2868","Czechia","Men","1920-1929","All",166,36,12,21.7,33.3
"2869","Czechia","Men","1930-1939","All",545,102,46,18.7,45.1
"2870","Czechia","Men","1940-1949","All",819,150,73,18.3,48.7
"2871","Czechia","Men","1950-1959","All",958,219,123,22.9,56.2
"2872","Czechia","Men","1960-1969","All",1001,244,139,24.4,57
"2873","Czechia","Men","1970-1979","All",236,53,23,22.5,43.4
"2874","Czechia","Men","1980-1989","All",88,42,17,47.7,40.5
"2875","Czechia","Women","1920-1929","All",260,56,24,21.5,42.9
"2876","Czechia","Women","1930-1939","All",651,97,42,14.9,43.3
"2877","Czechia","Women","1940-1949","All",987,111,41,11.2,36.9
"2878","Czechia","Women","1950-1959","All",1103,112,36,10.2,32.1
"2879","Czechia","Women","1960-1969","All",1100,125,51,11.4,40.8
"2880","Czechia","Women","1970-1979","All",264,32,11,12.1,34.4
"2881","Czechia","Women","1980-1989","All",101,22,7,21.8,31.8
"2882","Democratic Republic of the Congo","Men","1960-1969","All",1593,43,8,2.7,18.6
"2883","Democratic Republic of the Congo","Men","1970-1979","All",3516,112,32,3.2,28.6
"2884","Democratic Republic of the Congo","Women","1950-1959","All",517,9,3,1.7,33.3
"2885","Democratic Republic of the Congo","Women","1960-1969","All",1278,32,10,2.5,31.2
"2886","Democratic Republic of the Congo","Women","1970-1979","All",1477,48,20,3.2,41.7
"2887","Denmark","Men","1910-1919","All",4,0,0,0,NA
"2888","Denmark","Men","1920-1929","All",39,6,0,15.4,0
"2889","Denmark","Men","1930-1939","All",123,8,1,6.5,12.5
"2890","Denmark","Men","1940-1949","All",254,31,7,12.2,22.6
"2891","Denmark","Men","1950-1959","All",281,47,8,16.7,17
"2892","Denmark","Men","1960-1969","All",286,56,11,19.6,19.6
"2893","Denmark","Men","1970-1979","All",145,30,6,20.7,20
"2894","Denmark","Men","1980-1989","All",37,8,1,21.6,12.5
"2895","Denmark","Women","1910-1919","All",7,0,0,0,NA
"2896","Denmark","Women","1920-1929","All",59,9,0,15.3,0
"2897","Denmark","Women","1930-1939","All",107,12,0,11.2,0
"2898","Denmark","Women","1940-1949","All",272,26,1,9.6,3.8
"2899","Denmark","Women","1950-1959","All",252,40,2,15.9,5
"2900","Denmark","Women","1960-1969","All",239,35,4,14.6,11.4
"2901","Denmark","Women","1970-1979","All",156,22,4,14.1,18.2
"2902","Denmark","Women","1980-1989","All",38,6,1,15.8,16.7
"2903","Dominican Republic","Men","1950-1959","All",3245,139,32,4.3,23
"2904","Dominican Republic","Men","1960-1969","All",4476,185,71,4.1,38.4
"2905","Dominican Republic","Women","1940-1949","All",250,18,9,7.2,50
"2906","Dominican Republic","Women","1950-1959","All",431,30,8,7,26.7
"2907","Dominican Republic","Women","1960-1969","All",456,62,23,13.6,37.1
"2908","Estonia","Men","1920-1929","All",149,18,2,12.1,11.1
"2909","Estonia","Men","1930-1939","All",509,50,10,9.8,20
"2910","Estonia","Men","1940-1949","All",636,60,17,9.4,28.3
"2911","Estonia","Men","1950-1959","All",761,80,26,10.5,32.5
"2912","Estonia","Men","1960-1969","All",743,112,43,15.1,38.4
"2913","Estonia","Men","1970-1979","All",194,41,16,21.1,39
"2914","Estonia","Men","1980-1989","All",57,17,4,29.8,23.5
"2915","Estonia","Women","1905-1909","All",1,0,0,0,NA
"2916","Estonia","Women","1910-1919","All",7,1,1,14.3,100
"2917","Estonia","Women","1920-1929","All",423,62,17,14.7,27.4
"2918","Estonia","Women","1930-1939","All",1035,105,31,10.1,29.5
"2919","Estonia","Women","1940-1949","All",1071,83,28,7.7,33.7
"2920","Estonia","Women","1950-1959","All",1276,78,23,6.1,29.5
"2921","Estonia","Women","1960-1969","All",1168,88,36,7.5,40.9
"2922","Estonia","Women","1970-1979","All",219,22,6,10,27.3
"2923","Estonia","Women","1980-1989","All",64,10,3,15.6,30
"2924","Ethiopia","Men","1960-1969","All",494,17,6,3.4,35.3
"2925","Ethiopia","Men","1970-1979","All",2775,137,69,4.9,50.4
"2926","Ethiopia","Men","1980-1989","All",927,57,30,6.1,52.6
"2927","Ethiopia","Women","1950-1959","All",217,6,2,2.8,33.3
"2928","Ethiopia","Women","1960-1969","All",1316,42,17,3.2,40.5
"2929","Ethiopia","Women","1970-1979","All",2412,167,93,6.9,55.7
"2930","Ethiopia","Women","1980-1989","All",626,73,40,11.7,54.8
"2931","Finland","Men","1910-1919","All",8,1,0,12.5,0
"2932","Finland","Men","1920-1929","All",48,2,2,4.2,100
"2933","Finland","Men","1930-1939","All",144,14,4,9.7,28.6
"2934","Finland","Men","1940-1949","All",277,30,9,10.8,30
"2935","Finland","Men","1950-1959","All",323,55,20,17,36.4
"2936","Finland","Men","1960-1969","All",290,63,19,21.7,30.2
"2937","Finland","Men","1970-1979","All",150,38,10,25.3,26.3
"2938","Finland","Men","1980-1989","All",53,16,1,30.2,6.2
"2939","Finland","Women","1905-1909","All",1,0,0,0,NA
"2940","Finland","Women","1910-1919","All",17,2,0,11.8,0
"2941","Finland","Women","1920-1929","All",78,14,8,17.9,57.1
"2942","Finland","Women","1930-1939","All",197,22,10,11.2,45.5
"2943","Finland","Women","1940-1949","All",299,36,11,12,30.6
"2944","Finland","Women","1950-1959","All",316,49,9,15.5,18.4
"2945","Finland","Women","1960-1969","All",293,46,10,15.7,21.7
"2946","Finland","Women","1970-1979","All",148,25,6,16.9,24
"2947","Finland","Women","1980-1989","All",64,12,3,18.8,25
"2948","France","Men","1910-1919","All",7,1,1,14.3,100
"2949","France","Men","1920-1929","All",233,43,15,18.5,34.9
"2950","France","Men","1930-1939","All",702,91,44,13,48.4
"2951","France","Men","1940-1949","All",1039,150,59,14.4,39.3
"2952","France","Men","1950-1959","All",1140,194,60,17,30.9
"2953","France","Men","1960-1969","All",1215,258,93,21.2,36
"2954","France","Men","1970-1979","All",286,69,20,24.1,29
"2955","France","Men","1980-1989","All",70,21,3,30,14.3
"2956","France","Women","1910-1919","All",8,0,0,0,NA
"2957","France","Women","1920-1929","All",325,60,22,18.5,36.7
"2958","France","Women","1930-1939","All",924,117,47,12.7,40.2
"2959","France","Women","1940-1949","All",1201,160,54,13.3,33.8
"2960","France","Women","1950-1959","All",1465,191,67,13,35.1
"2961","France","Women","1960-1969","All",1472,226,74,15.4,32.7
"2962","France","Women","1970-1979","All",313,50,12,16,24
"2963","France","Women","1980-1989","All",77,13,0,16.9,0
"2964","Gabon","Men","1960-1969","All",1232,55,7,4.5,12.7
"2965","Gabon","Men","1970-1979","All",1386,62,16,4.5,25.8
"2966","Gabon","Women","1950-1959","All",445,12,5,2.7,41.7
"2967","Gabon","Women","1960-1969","All",1017,45,11,4.4,24.4
"2968","Gabon","Women","1970-1979","All",922,90,42,9.8,46.7
"2969","Gambia","Men","1970-1979","All",1733,43,3,2.5,7
"2970","Gambia","Men","1980-1989","All",1543,59,15,3.8,25.4
"2971","Gambia","Women","1960-1969","All",417,12,5,2.9,41.7
"2972","Gambia","Women","1970-1979","All",725,39,25,5.4,64.1
"2973","Gambia","Women","1980-1989","All",524,71,47,13.5,66.2
"2974","Georgia","Men","1920-1929","All",121,5,2,4.1,40
"2975","Georgia","Men","1930-1939","All",509,29,14,5.7,48.3
"2976","Georgia","Men","1940-1949","All",476,28,8,5.9,28.6
"2977","Georgia","Men","1950-1959","All",794,58,40,7.3,69
"2978","Georgia","Men","1960-1969","All",919,132,97,14.4,73.5
"2979","Georgia","Men","1970-1979","All",110,37,26,33.6,70.3
"2980","Georgia","Women","1920-1929","All",218,37,23,17,62.2
"2981","Georgia","Women","1930-1939","All",729,89,51,12.2,57.3
"2982","Georgia","Women","1940-1949","All",718,88,58,12.3,65.9
"2983","Georgia","Women","1950-1959","All",1019,101,70,9.9,69.3
"2984","Georgia","Women","1960-1969","All",1146,155,121,13.5,78.1
"2985","Georgia","Women","1970-1979","All",174,23,15,13.2,65.2
"2986","Germany","Men","1910-1919","All",7,1,0,14.3,0
"2987","Germany","Men","1920-1929","All",248,45,13,18.1,28.9
"2988","Germany","Men","1930-1939","All",898,181,43,20.2,23.8
"2989","Germany","Men","1940-1949","All",1142,256,58,22.4,22.7
"2990","Germany","Men","1950-1959","All",1283,300,96,23.4,32
"2991","Germany","Men","1960-1969","All",1464,451,186,30.8,41.2
"2992","Germany","Men","1970-1979","All",2431,727,283,29.9,38.9
"2993","Germany","Men","1980-1989","All",63,30,3,47.6,10
"2994","Germany","Women","1910-1919","All",20,3,1,15,33.3
"2995","Germany","Women","1920-1929","All",357,94,55,26.3,58.5
"2996","Germany","Women","1930-1939","All",871,173,74,19.9,42.8
"2997","Germany","Women","1940-1949","All",1082,187,33,17.3,17.6
"2998","Germany","Women","1950-1959","All",1496,226,55,15.1,24.3
"2999","Germany","Women","1960-1969","All",1779,272,85,15.3,31.2
"3000","Germany","Women","1970-1979","All",2850,470,124,16.5,26.4
"3001","Germany","Women","1980-1989","All",65,14,2,21.5,14.3
"3002","Ghana","Men","1960-1969","All",882,16,2,1.8,12.5
"3003","Ghana","Men","1970-1979","All",2280,80,22,3.5,27.5
"3004","Ghana","Women","1950-1959","All",235,4,1,1.7,25
"3005","Ghana","Women","1960-1969","All",668,21,16,3.1,76.2
"3006","Ghana","Women","1970-1979","All",902,63,34,7,54
"3007","Guatemala","Men","1960-1969","All",2064,102,71,4.9,69.6
"3008","Guatemala","Men","1970-1979","All",5560,369,280,6.6,75.9
"3009","Guatemala","Men","1980-1989","All",115,16,11,13.9,68.8
"3010","Guatemala","Women","1950-1959","All",589,24,13,4.1,54.2
"3011","Guatemala","Women","1960-1969","All",1487,78,47,5.2,60.3
"3012","Guatemala","Women","1970-1979","All",1973,193,128,9.8,66.3
"3013","Guatemala","Women","1980-1989","All",46,5,4,10.9,80
"3014","Guinea","Men","1960-1969","All",177,9,2,5.1,22.2
"3015","Guinea","Men","1970-1979","All",1996,84,9,4.2,10.7
"3016","Guinea","Men","1980-1989","All",1080,54,9,5,16.7
"3017","Guinea","Women","1950-1959","All",39,0,0,0,NA
"3018","Guinea","Women","1960-1969","All",553,11,5,2,45.5
"3019","Guinea","Women","1970-1979","All",782,32,14,4.1,43.8
"3020","Guinea","Women","1980-1989","All",365,45,24,12.3,53.3
"3021","Guyana","Men","1950-1959","All",53,3,3,5.7,100
"3022","Guyana","Men","1960-1969","All",1212,81,39,6.7,48.1
"3023","Guyana","Men","1970-1979","All",619,43,24,6.9,55.8
"3024","Guyana","Women","1950-1959","All",48,3,1,6.2,33.3
"3025","Guyana","Women","1960-1969","All",883,102,48,11.6,47.1
"3026","Guyana","Women","1970-1979","All",422,62,33,14.7,53.2
"3027","Haiti","Men","1950-1959","All",516,0,0,0,NA
"3028","Haiti","Men","1960-1969","All",1288,26,7,2,26.9
"3029","Haiti","Men","1970-1979","All",2750,157,70,5.7,44.6
"3030","Haiti","Men","1980-1989","All",758,61,34,8,55.7
"3031","Haiti","Women","1950-1959","All",1230,28,14,2.3,50
"3032","Haiti","Women","1960-1969","All",1950,64,34,3.3,53.1
"3033","Haiti","Women","1970-1979","All",2287,148,96,6.5,64.9
"3034","Haiti","Women","1980-1989","All",572,73,47,12.8,64.4
"3035","Honduras","Men","1960-1969","All",3029,128,78,4.2,60.9
"3036","Honduras","Men","1970-1979","All",3644,164,102,4.5,62.2
"3037","Honduras","Women","1950-1959","All",712,35,16,4.9,45.7
"3038","Honduras","Women","1960-1969","All",1175,77,40,6.6,51.9
"3039","Honduras","Women","1970-1979","All",1182,119,62,10.1,52.1
"3040","Hungary","Men","1910-1919","All",6,1,0,16.7,0
"3041","Hungary","Men","1920-1929","All",232,25,3,10.8,12
"3042","Hungary","Men","1930-1939","All",806,85,16,10.5,18.8
"3043","Hungary","Men","1940-1949","All",1201,129,26,10.7,20.2
"3044","Hungary","Men","1950-1959","All",1451,185,84,12.7,45.4
"3045","Hungary","Men","1960-1969","All",1174,246,118,21,48
"3046","Hungary","Men","1970-1979","All",167,54,24,32.3,44.4
"3047","Hungary","Men","1980-1989","All",60,20,12,33.3,60
"3048","Hungary","Women","1910-1919","All",7,2,0,28.6,0
"3049","Hungary","Women","1920-1929","All",446,72,17,16.1,23.6
"3050","Hungary","Women","1930-1939","All",1325,141,33,10.6,23.4
"3051","Hungary","Women","1940-1949","All",1636,144,35,8.8,24.3
"3052","Hungary","Women","1950-1959","All",1808,147,40,8.1,27.2
"3053","Hungary","Women","1960-1969","All",1427,127,46,8.9,36.2
"3054","Hungary","Women","1970-1979","All",198,45,18,22.7,40
"3055","Hungary","Women","1980-1989","All",57,17,3,29.8,17.6
"3056","Iceland","Men","1920-1929","All",4,2,2,50,100
"3057","Iceland","Men","1930-1939","All",15,2,1,13.3,50
"3058","Iceland","Men","1940-1949","All",47,3,2,6.4,66.7
"3059","Iceland","Men","1950-1959","All",79,4,3,5.1,75
"3060","Iceland","Men","1960-1969","All",87,8,5,9.2,62.5
"3061","Iceland","Men","1970-1979","All",60,5,1,8.3,20
"3062","Iceland","Men","1980-1989","All",35,2,0,5.7,0
"3063","Iceland","Women","1920-1929","All",4,0,0,0,NA
"3064","Iceland","Women","1930-1939","All",17,0,0,0,NA
"3065","Iceland","Women","1940-1949","All",53,1,0,1.9,0
"3066","Iceland","Women","1950-1959","All",75,2,0,2.7,0
"3067","Iceland","Women","1960-1969","All",76,7,1,9.2,14.3
"3068","Iceland","Women","1970-1979","All",73,7,2,9.6,28.6
"3069","Iceland","Women","1980-1989","All",34,1,0,2.9,0
"3070","India","Men","1960-1969","All",51496,1868,540,3.6,28.9
"3071","India","Men","1970-1979","All",162994,6790,2370,4.2,34.9
"3072","India","Men","1980-1989","All",25239,1537,608,6.1,39.6
"3073","India","Women","1960-1969","All",16157,1050,233,6.5,22.2
"3074","India","Women","1970-1979","All",25149,2265,816,9,36
"3075","India","Women","1980-1989","All",4313,515,215,11.9,41.7
"3076","Indonesia","Men","1960-1969","All",2770,168,66,6.1,39.3
"3077","Indonesia","Men","1970-1979","All",13879,866,379,6.2,43.8
"3078","Indonesia","Men","1980-1989","All",4210,278,121,6.6,43.5
"3079","Indonesia","Women","1960-1969","All",2322,50,0,2.2,0
"3080","Indonesia","Women","1970-1979","All",3575,137,0,3.8,0
"3081","Indonesia","Women","1980-1989","All",1043,56,0,5.4,0
"3082","Ireland","Men","1910-1919","All",4,0,0,0,NA
"3083","Ireland","Men","1920-1929","All",46,13,9,28.3,69.2
"3084","Ireland","Men","1930-1939","All",154,37,24,24,64.9
"3085","Ireland","Men","1940-1949","All",263,59,35,22.4,59.3
"3086","Ireland","Men","1950-1959","All",306,81,58,26.5,71.6
"3087","Ireland","Men","1960-1969","All",323,110,64,34.1,58.2
"3088","Ireland","Men","1970-1979","All",187,55,20,29.4,36.4
"3089","Ireland","Men","1980-1989","All",83,36,13,43.4,36.1
"3090","Ireland","Women","1905-1909","All",1,1,0,100,0
"3091","Ireland","Women","1910-1919","All",2,1,0,50,0
"3092","Ireland","Women","1920-1929","All",46,10,6,21.7,60
"3093","Ireland","Women","1930-1939","All",125,20,10,16,50
"3094","Ireland","Women","1940-1949","All",260,40,28,15.4,70
"3095","Ireland","Women","1950-1959","All",331,65,36,19.6,55.4
"3096","Ireland","Women","1960-1969","All",380,62,36,16.3,58.1
"3097","Ireland","Women","1970-1979","All",269,48,9,17.8,18.8
"3098","Ireland","Women","1980-1989","All",119,25,12,21,48
"3099","Ireland",NA,"1920-1929","All",1,1,0,100,0
"3100","Ireland",NA,"1930-1939","All",5,1,1,20,100
"3101","Ireland",NA,"1940-1949","All",5,0,0,0,NA
"3102","Ireland",NA,"1950-1959","All",4,1,0,25,0
"3103","Ireland",NA,"1960-1969","All",2,1,0,50,0
"3104","Italy","Men","1920-1929","All",5,0,0,0,NA
"3105","Italy","Men","1930-1939","All",74,4,1,5.4,25
"3106","Italy","Men","1940-1949","All",154,18,7,11.7,38.9
"3107","Italy","Men","1950-1959","All",197,32,12,16.2,37.5
"3108","Italy","Men","1960-1969","All",227,66,25,29.1,37.9
"3109","Italy","Men","1970-1979","All",222,84,43,37.8,51.2
"3110","Italy","Men","1980-1989","All",83,46,24,55.4,52.2
"3111","Italy","Women","1920-1929","All",22,2,1,9.1,50
"3112","Italy","Women","1930-1939","All",117,6,2,5.1,33.3
"3113","Italy","Women","1940-1949","All",186,24,12,12.9,50
"3114","Italy","Women","1950-1959","All",220,36,11,16.4,30.6
"3115","Italy","Women","1960-1969","All",270,72,24,26.7,33.3
"3116","Italy","Women","1970-1979","All",219,59,28,26.9,47.5
"3117","Italy","Women","1980-1989","All",82,36,12,43.9,33.3
"3118","Ivory Coast","Men","1960-1969","All",1108,32,9,2.9,28.1
"3119","Ivory Coast","Men","1970-1979","All",1627,60,23,3.7,38.3
"3120","Ivory Coast","Women","1950-1959","All",334,3,1,0.9,33.3
"3121","Ivory Coast","Women","1960-1969","All",753,22,9,2.9,40.9
"3122","Ivory Coast","Women","1970-1979","All",792,51,32,6.4,62.7
"3123","Kazakhstan","Men","1930-1939","All",35,4,3,11.4,75
"3124","Kazakhstan","Men","1940-1949","All",291,55,30,18.9,54.5
"3125","Kazakhstan","Men","1950-1959","All",2017,193,122,9.6,63.2
"3126","Kazakhstan","Men","1960-1969","All",1731,197,117,11.4,59.4
"3127","Kazakhstan","Men","1970-1979","All",1213,239,147,19.7,61.5
"3128","Kazakhstan","Men","1980-1989","All",435,83,54,19.1,65.1
"3129","Kazakhstan","Women","1920-1929","All",1,1,0,100,0
"3130","Kazakhstan","Women","1930-1939","All",106,26,19,24.5,73.1
"3131","Kazakhstan","Women","1940-1949","All",881,157,107,17.8,68.2
"3132","Kazakhstan","Women","1950-1959","All",1681,247,177,14.7,71.7
"3133","Kazakhstan","Women","1960-1969","All",1866,288,211,15.4,73.3
"3134","Kazakhstan","Women","1970-1979","All",1793,281,201,15.7,71.5
"3135","Kazakhstan","Women","1980-1989","All",671,89,65,13.3,73
"3136","Kenya","Men","1960-1969","All",2520,45,13,1.8,28.9
"3137","Kenya","Men","1970-1979","All",6685,147,70,2.2,47.6
"3138","Kenya","Women","1950-1959","All",43,0,0,0,NA
"3139","Kenya","Women","1960-1969","All",1725,51,30,3,58.8
"3140","Kenya","Women","1970-1979","All",2616,145,93,5.5,64.1
"3141","Kyrgyzstan","Men","1960-1969","All",1309,35,12,2.7,34.3
"3142","Kyrgyzstan","Men","1970-1979","All",1466,48,16,3.3,33.3
"3143","Kyrgyzstan","Women","1960-1969","All",387,9,4,2.3,44.4
"3144","Kyrgyzstan","Women","1970-1979","All",494,24,9,4.9,37.5
"3145","Latvia","Men","1920-1929","All",1,0,0,0,NA
"3146","Latvia","Men","1930-1939","All",18,1,0,5.6,0
"3147","Latvia","Men","1940-1949","All",38,5,1,13.2,20
"3148","Latvia","Men","1950-1959","All",49,4,2,8.2,50
"3149","Latvia","Men","1960-1969","All",60,8,1,13.3,12.5
"3150","Latvia","Men","1970-1979","All",53,14,4,26.4,28.6
"3151","Latvia","Men","1980-1989","All",17,5,2,29.4,40
"3152","Latvia","Women","1920-1929","All",7,1,0,14.3,0
"3153","Latvia","Women","1930-1939","All",58,9,3,15.5,33.3
"3154","Latvia","Women","1940-1949","All",109,4,1,3.7,25
"3155","Latvia","Women","1950-1959","All",134,13,2,9.7,15.4
"3156","Latvia","Women","1960-1969","All",119,9,4,7.6,44.4
"3157","Latvia","Women","1970-1979","All",86,11,5,12.8,45.5
"3158","Latvia","Women","1980-1989","All",31,5,1,16.1,20
"3159","Lesotho","Men","1960-1969","All",504,22,6,4.4,27.3
"3160","Lesotho","Men","1970-1979","All",1296,55,16,4.2,29.1
"3161","Lesotho","Women","1950-1959","All",141,9,4,6.4,44.4
"3162","Lesotho","Women","1960-1969","All",334,32,18,9.6,56.2
"3163","Lesotho","Women","1970-1979","All",493,86,64,17.4,74.4
"3164","Liberia","Men","1960-1969","All",10,0,0,0,NA
"3165","Liberia","Men","1970-1979","All",1569,14,4,0.9,28.6
"3166","Liberia","Men","1980-1989","All",1108,14,4,1.3,28.6
"3167","Liberia","Women","1950-1959","All",3,0,0,0,NA
"3168","Liberia","Women","1960-1969","All",487,5,3,1,60
"3169","Liberia","Women","1970-1979","All",841,11,6,1.3,54.5
"3170","Liberia","Women","1980-1989","All",496,5,3,1,60
"3171","Lithuania","Men","1920-1929","All",162,37,16,22.8,43.2
"3172","Lithuania","Men","1930-1939","All",759,137,53,18.1,38.7
"3173","Lithuania","Men","1940-1949","All",720,110,42,15.3,38.2
"3174","Lithuania","Men","1950-1959","All",1000,152,75,15.2,49.3
"3175","Lithuania","Men","1960-1969","All",1006,144,79,14.3,54.9
"3176","Lithuania","Men","1970-1979","All",219,47,28,21.5,59.6
"3177","Lithuania","Men","1980-1989","All",20,9,2,45,22.2
"3178","Lithuania","Women","1920-1929","All",160,48,28,30,58.3
"3179","Lithuania","Women","1930-1939","All",904,170,89,18.8,52.4
"3180","Lithuania","Women","1940-1949","All",1017,131,66,12.9,50.4
"3181","Lithuania","Women","1950-1959","All",1097,143,73,13,51
"3182","Lithuania","Women","1960-1969","All",1170,116,61,9.9,52.6
"3183","Lithuania","Women","1970-1979","All",281,35,23,12.5,65.7
"3184","Lithuania","Women","1980-1989","All",61,9,2,14.8,22.2
"3185","Madagascar","Men","1950-1959","All",186,10,1,5.4,10
"3186","Madagascar","Men","1960-1969","All",3282,168,33,5.1,19.6
"3187","Madagascar","Men","1970-1979","All",1746,69,18,4,26.1
"3188","Madagascar","Women","1940-1949","All",42,1,0,2.4,0
"3189","Madagascar","Women","1950-1959","All",976,32,8,3.3,25
"3190","Madagascar","Women","1960-1969","All",1468,65,19,4.4,29.2
"3191","Madagascar","Women","1970-1979","All",787,55,22,7,40
"3192","Malawi","Men","1960-1969","All",1127,15,0,1.3,0
"3193","Malawi","Men","1970-1979","All",4604,61,10,1.3,16.4
"3194","Malawi","Men","1980-1989","All",840,16,7,1.9,43.8
"3195","Malawi","Women","1960-1969","All",676,12,6,1.8,50
"3196","Malawi","Women","1970-1979","All",1366,36,19,2.6,52.8
"3197","Malawi","Women","1980-1989","All",235,3,2,1.3,66.7
"3198","Maldives","Men","1960-1969","All",361,16,3,4.4,18.8
"3199","Maldives","Men","1970-1979","All",1766,77,21,4.4,27.3
"3200","Maldives","Men","1980-1989","All",559,35,7,6.3,20
"3201","Maldives","Women","1960-1969","All",204,15,5,7.4,33.3
"3202","Maldives","Women","1970-1979","All",919,89,33,9.7,37.1
"3203","Maldives","Women","1980-1989","All",240,35,11,14.6,31.4
"3204","Mali","Men","1960-1969","All",123,3,0,2.4,0
"3205","Mali","Men","1970-1979","All",1723,50,8,2.9,16
"3206","Mali","Men","1980-1989","All",995,39,5,3.9,12.8
"3207","Mali","Women","1950-1959","All",38,1,0,2.6,0
"3208","Mali","Women","1960-1969","All",629,10,2,1.6,20
"3209","Mali","Women","1970-1979","All",910,24,7,2.6,29.2
"3210","Mali","Women","1980-1989","All",427,30,9,7,30
"3211","Mauritania","Men","1950-1959","All",874,61,17,7,27.9
"3212","Mauritania","Men","1960-1969","All",1178,102,49,8.7,48
"3213","Mauritania","Women","1940-1949","All",140,5,1,3.6,20
"3214","Mauritania","Women","1950-1959","All",334,14,6,4.2,42.9
"3215","Mauritania","Women","1960-1969","All",329,57,39,17.3,68.4
"3216","Moldova","Men","1940-1949","All",401,29,12,7.2,41.4
"3217","Moldova","Men","1950-1959","All",943,81,41,8.6,50.6
"3218","Moldova","Men","1960-1969","All",739,85,40,11.5,47.1
"3219","Moldova","Men","1970-1979","All",572,101,54,17.7,53.5
"3220","Moldova","Men","1980-1989","All",326,84,42,25.8,50
"3221","Moldova","Women","1940-1949","All",794,91,63,11.5,69.2
"3222","Moldova","Women","1950-1959","All",1597,134,70,8.4,52.2
"3223","Moldova","Women","1960-1969","All",1082,76,31,7,40.8
"3224","Moldova","Women","1970-1979","All",823,63,22,7.7,34.9
"3225","Moldova","Women","1980-1989","All",548,44,16,8,36.4
"3226","Montenegro","Men","1920-1929","All",1,0,0,0,NA
"3227","Montenegro","Men","1930-1939","All",18,3,2,16.7,66.7
"3228","Montenegro","Men","1940-1949","All",40,6,2,15,33.3
"3229","Montenegro","Men","1950-1959","All",118,15,10,12.7,66.7
"3230","Montenegro","Men","1960-1969","All",116,33,27,28.4,81.8
"3231","Montenegro","Men","1970-1979","All",113,37,22,32.7,59.5
"3232","Montenegro","Men","1980-1989","All",50,25,20,50,80
"3233","Montenegro","Women","1930-1939","All",24,2,2,8.3,100
"3234","Montenegro","Women","1940-1949","All",58,7,4,12.1,57.1
"3235","Montenegro","Women","1950-1959","All",95,12,8,12.6,66.7
"3236","Montenegro","Women","1960-1969","All",114,18,13,15.8,72.2
"3237","Montenegro","Women","1970-1979","All",98,18,15,18.4,83.3
"3238","Montenegro","Women","1980-1989","All",46,10,7,21.7,70
"3239","Mozambique","Men","1960-1969","All",1740,72,9,4.1,12.5
"3240","Mozambique","Men","1970-1979","All",2157,93,16,4.3,17.2
"3241","Mozambique","Women","1940-1949","All",80,1,0,1.2,0
"3242","Mozambique","Women","1950-1959","All",359,9,0,2.5,0
"3243","Mozambique","Women","1960-1969","All",481,18,5,3.7,27.8
"3244","Mozambique","Women","1970-1979","All",561,19,8,3.4,42.1
"3245","Myanmar","Men","1960-1969","All",1185,188,151,15.9,80.3
"3246","Myanmar","Men","1970-1979","All",3647,636,507,17.4,79.7
"3247","Myanmar","Men","1980-1989","All",473,113,80,23.9,70.8
"3248","Myanmar","Women","1960-1969","All",419,31,15,7.4,48.4
"3249","Myanmar","Women","1970-1979","All",1324,184,107,13.9,58.2
"3250","Myanmar","Women","1980-1989","All",175,44,24,25.1,54.5
"3251","Namibia","Men","1940-1949","All",42,0,0,0,NA
"3252","Namibia","Men","1950-1959","All",512,0,0,0,NA
"3253","Namibia","Men","1960-1969","All",1281,51,29,4,56.9
"3254","Namibia","Men","1970-1979","All",1846,98,57,5.3,58.2
"3255","Namibia","Women","1940-1949","All",29,0,0,0,NA
"3256","Namibia","Women","1950-1959","All",334,0,0,0,NA
"3257","Namibia","Women","1960-1969","All",581,43,28,7.4,65.1
"3258","Namibia","Women","1970-1979","All",754,98,79,13,80.6
"3259","Nepal","Men","1960-1969","All",712,21,7,2.9,33.3
"3260","Nepal","Men","1970-1979","All",2839,67,24,2.4,35.8
"3261","Nepal","Men","1980-1989","All",500,15,5,3,33.3
"3262","Nepal","Women","1960-1969","All",291,2,0,0.7,0
"3263","Nepal","Women","1970-1979","All",934,17,4,1.8,23.5
"3264","Nepal","Women","1980-1989","All",187,12,7,6.4,58.3
"3265","Netherlands","Men","1910-1919","All",6,0,0,0,NA
"3266","Netherlands","Men","1920-1929","All",48,9,2,18.8,22.2
"3267","Netherlands","Men","1930-1939","All",419,43,13,10.3,30.2
"3268","Netherlands","Men","1940-1949","All",1964,259,68,13.2,26.3
"3269","Netherlands","Men","1950-1959","All",2142,408,99,19,24.3
"3270","Netherlands","Men","1960-1969","All",2102,535,169,25.5,31.6
"3271","Netherlands","Men","1970-1979","All",892,246,71,27.6,28.9
"3272","Netherlands","Men","1980-1989","All",38,16,3,42.1,18.8
"3273","Netherlands","Women","1910-1919","All",13,2,2,15.4,100
"3274","Netherlands","Women","1920-1929","All",80,13,7,16.2,53.8
"3275","Netherlands","Women","1930-1939","All",463,60,25,13,41.7
"3276","Netherlands","Women","1940-1949","All",1856,213,57,11.5,26.8
"3277","Netherlands","Women","1950-1959","All",2363,348,56,14.7,16.1
"3278","Netherlands","Women","1960-1969","All",2299,376,76,16.4,20.2
"3279","Netherlands","Women","1970-1979","All",899,173,38,19.2,22
"3280","Netherlands","Women","1980-1989","All",46,6,2,13,33.3
"3281","Nicaragua","Men","1940-1949","All",294,8,5,2.7,62.5
"3282","Nicaragua","Men","1950-1959","All",2441,87,52,3.6,59.8
"3283","Nicaragua","Men","1960-1969","All",1072,47,27,4.4,57.4
"3284","Nicaragua","Women","1930-1939","All",26,0,0,0,NA
"3285","Nicaragua","Women","1940-1949","All",284,19,9,6.7,47.4
"3286","Nicaragua","Women","1950-1959","All",491,19,11,3.9,57.9
"3287","Nicaragua","Women","1960-1969","All",187,12,6,6.4,50
"3288","Niger","Men","1960-1969","All",1103,17,3,1.5,17.6
"3289","Niger","Men","1970-1979","All",2057,54,19,2.6,35.2
"3290","Niger","Women","1950-1959","All",305,3,1,1,33.3
"3291","Niger","Women","1960-1969","All",717,10,5,1.4,50
"3292","Niger","Women","1970-1979","All",782,42,18,5.4,42.9
"3293","Nigeria","Men","1960-1969","All",803,27,3,3.4,11.1
"3294","Nigeria","Men","1970-1979","All",7914,286,97,3.6,33.9
"3295","Nigeria","Men","1980-1989","All",4637,209,101,4.5,48.3
"3296","Nigeria","Women","1950-1959","All",82,2,1,2.4,50
"3297","Nigeria","Women","1960-1969","All",1512,29,12,1.9,41.4
"3298","Nigeria","Women","1970-1979","All",2784,119,61,4.3,51.3
"3299","Nigeria","Women","1980-1989","All",1545,143,89,9.3,62.2
"3300","Norway","Men","1910-1919","All",10,2,1,20,50
"3301","Norway","Men","1920-1929","All",181,21,8,11.6,38.1
"3302","Norway","Men","1930-1939","All",815,105,37,12.9,35.2
"3303","Norway","Men","1940-1949","All",1468,167,50,11.4,29.9
"3304","Norway","Men","1950-1959","All",1604,232,63,14.5,27.2
"3305","Norway","Men","1960-1969","All",1772,323,102,18.2,31.6
"3306","Norway","Men","1970-1979","All",592,143,46,24.2,32.2
"3307","Norway","Men","1980-1989","All",60,19,4,31.7,21.1
"3308","Norway","Women","1905-1909","All",2,1,1,50,100
"3309","Norway","Women","1910-1919","All",15,4,3,26.7,75
"3310","Norway","Women","1920-1929","All",219,40,14,18.3,35
"3311","Norway","Women","1930-1939","All",834,98,28,11.8,28.6
"3312","Norway","Women","1940-1949","All",1347,154,39,11.4,25.3
"3313","Norway","Women","1950-1959","All",1660,195,33,11.7,16.9
"3314","Norway","Women","1960-1969","All",1831,222,55,12.1,24.8
"3315","Norway","Women","1970-1979","All",613,92,25,15,27.2
"3316","Norway","Women","1980-1989","All",39,8,1,20.5,12.5
"3317","Peru","Men","1940-1949","All",1287,55,35,4.3,63.6
"3318","Peru","Men","1950-1959","All",6110,271,178,4.4,65.7
"3319","Peru","Men","1960-1969","All",1337,76,58,5.7,76.3
"3320","Peru","Women","1930-1939","All",61,2,1,3.3,50
"3321","Peru","Women","1940-1949","All",303,16,5,5.3,31.2
"3322","Peru","Women","1950-1959","All",478,43,24,9,55.8
"3323","Peru","Women","1960-1969","All",99,11,8,11.1,72.7
"3324","Philippines","Men","1950-1959","All",1768,111,64,6.3,57.7
"3325","Philippines","Men","1960-1969","All",3008,266,169,8.8,63.5
"3326","Philippines","Women","1940-1949","All",84,2,2,2.4,100
"3327","Philippines","Women","1950-1959","All",796,66,36,8.3,54.5
"3328","Philippines","Women","1960-1969","All",937,122,75,13,61.5
"3329","Poland","Men","1920-1929","All",26,2,0,7.7,0
"3330","Poland","Men","1930-1939","All",911,92,35,10.1,38
"3331","Poland","Men","1940-1949","All",1543,180,83,11.7,46.1
"3332","Poland","Men","1950-1959","All",2097,350,209,16.7,59.7
"3333","Poland","Men","1960-1969","All",1455,255,172,17.5,67.5
"3334","Poland","Men","1970-1979","All",974,206,119,21.1,57.8
"3335","Poland","Men","1980-1989","All",53,18,11,34,61.1
"3336","Poland","Women","1920-1929","All",57,5,1,8.8,20
"3337","Poland","Women","1930-1939","All",1654,171,55,10.3,32.2
"3338","Poland","Women","1940-1949","All",2238,232,103,10.4,44.4
"3339","Poland","Women","1950-1959","All",2825,291,135,10.3,46.4
"3340","Poland","Women","1960-1969","All",1798,180,105,10,58.3
"3341","Poland","Women","1970-1979","All",1256,145,72,11.5,49.7
"3342","Poland","Women","1980-1989","All",63,9,3,14.3,33.3
"3343","Portugal","Men","1910-1919","All",11,0,0,0,NA
"3344","Portugal","Men","1920-1929","All",65,5,1,7.7,20
"3345","Portugal","Men","1930-1939","All",149,5,0,3.4,0
"3346","Portugal","Men","1940-1949","All",208,16,5,7.7,31.2
"3347","Portugal","Men","1950-1959","All",189,26,13,13.8,50
"3348","Portugal","Men","1960-1969","All",216,44,24,20.4,54.5
"3349","Portugal","Men","1970-1979","All",107,25,5,23.4,20
"3350","Portugal","Men","1980-1989","All",31,12,5,38.7,41.7
"3351","Portugal","Women","1910-1919","All",8,1,0,12.5,0
"3352","Portugal","Women","1920-1929","All",130,19,7,14.6,36.8
"3353","Portugal","Women","1930-1939","All",249,30,13,12,43.3
"3354","Portugal","Women","1940-1949","All",335,34,11,10.1,32.4
"3355","Portugal","Women","1950-1959","All",295,40,14,13.6,35
"3356","Portugal","Women","1960-1969","All",323,46,17,14.2,37
"3357","Portugal","Women","1970-1979","All",160,28,12,17.5,42.9
"3358","Portugal","Women","1980-1989","All",47,6,1,12.8,16.7
"3359","Republic of Moldova","Men","1950-1959","All",1008,42,8,4.2,19
"3360","Republic of Moldova","Men","1960-1969","All",1886,93,26,4.9,28
"3361","Republic of Moldova","Men","1970-1979","All",116,5,1,4.3,20
"3362","Republic of Moldova","Women","1940-1949","All",177,11,3,6.2,27.3
"3363","Republic of Moldova","Women","1950-1959","All",631,31,12,4.9,38.7
"3364","Republic of Moldova","Women","1960-1969","All",499,50,13,10,26
"3365","Republic of Moldova","Women","1970-1979","All",34,3,1,8.8,33.3
"3366","Romania","Men","1920-1929","All",247,37,7,15,18.9
"3367","Romania","Men","1930-1939","All",832,128,24,15.4,18.8
"3368","Romania","Men","1940-1949","All",984,174,46,17.7,26.4
"3369","Romania","Men","1950-1959","All",1225,204,74,16.7,36.3
"3370","Romania","Men","1960-1969","All",1163,210,90,18.1,42.9
"3371","Romania","Men","1970-1979","All",136,45,27,33.1,60
"3372","Romania","Women","1920-1929","All",281,49,14,17.4,28.6
"3373","Romania","Women","1930-1939","All",1071,160,34,14.9,21.2
"3374","Romania","Women","1940-1949","All",1026,130,22,12.7,16.9
"3375","Romania","Women","1950-1959","All",1213,114,18,9.4,15.8
"3376","Romania","Women","1960-1969","All",1050,105,39,10,37.1
"3377","Romania","Women","1970-1979","All",118,11,7,9.3,63.6
"3378","Russia","Men","1910-1919","All",2,0,0,0,NA
"3379","Russia","Men","1920-1929","All",212,18,1,8.5,5.6
"3380","Russia","Men","1930-1939","All",557,52,7,9.3,13.5
"3381","Russia","Men","1940-1949","All",598,48,6,8,12.5
"3382","Russia","Men","1950-1959","All",900,73,23,8.1,31.5
"3383","Russia","Men","1960-1969","All",965,142,61,14.7,43
"3384","Russia","Men","1970-1979","All",27,5,2,18.5,40
"3385","Russia","Women","1910-1919","All",10,3,1,30,33.3
"3386","Russia","Women","1920-1929","All",527,80,27,15.2,33.8
"3387","Russia","Women","1930-1939","All",1306,105,24,8,22.9
"3388","Russia","Women","1940-1949","All",1117,108,34,9.7,31.5
"3389","Russia","Women","1950-1959","All",1615,112,38,6.9,33.9
"3390","Russia","Women","1960-1969","All",1355,97,38,7.2,39.2
"3391","Russia","Women","1970-1979","All",56,6,3,10.7,50
"3392","Rwanda","Men","1960-1969","All",1,0,0,0,NA
"3393","Rwanda","Men","1970-1979","All",2521,75,41,3,54.7
"3394","Rwanda","Men","1980-1989","All",2238,88,59,3.9,67
"3395","Rwanda","Women","1960-1969","All",644,18,11,2.8,61.1
"3396","Rwanda","Women","1970-1979","All",973,24,12,2.5,50
"3397","Rwanda","Women","1980-1989","All",857,55,32,6.4,58.2
"3398","Sao Tome and Principe","Men","1950-1959","All",39,1,1,2.6,100
"3399","Sao Tome and Principe","Men","1960-1969","All",529,4,0,0.8,0
"3400","Sao Tome and Principe","Men","1970-1979","All",220,2,0,0.9,0
"3401","Sao Tome and Principe","Women","1940-1949","All",17,0,0,0,NA
"3402","Sao Tome and Principe","Women","1950-1959","All",235,8,6,3.4,75
"3403","Sao Tome and Principe","Women","1960-1969","All",392,25,13,6.4,52
"3404","Sao Tome and Principe","Women","1970-1979","All",195,16,10,8.2,62.5
"3405","Senegal","Men","1960-1969","All",125,3,1,2.4,33.3
"3406","Senegal","Men","1970-1979","All",1572,77,26,4.9,33.8
"3407","Senegal","Men","1980-1989","All",912,59,15,6.5,25.4
"3408","Senegal","Women","1950-1959","All",26,0,0,0,NA
"3409","Senegal","Women","1960-1969","All",387,18,7,4.7,38.9
"3410","Senegal","Women","1970-1979","All",590,44,27,7.5,61.4
"3411","Senegal","Women","1980-1989","All",310,66,32,21.3,48.5
"3412","Serbia","Men","1920-1929","All",5,0,0,0,NA
"3413","Serbia","Men","1930-1939","All",62,3,0,4.8,0
"3414","Serbia","Men","1940-1949","All",128,14,5,10.9,35.7
"3415","Serbia","Men","1950-1959","All",220,29,14,13.2,48.3
"3416","Serbia","Men","1960-1969","All",183,41,19,22.4,46.3
"3417","Serbia","Men","1970-1979","All",143,34,18,23.8,52.9
"3418","Serbia","Men","1980-1989","All",55,24,15,43.6,62.5
"3419","Serbia","Women","1920-1929","All",8,3,2,37.5,66.7
"3420","Serbia","Women","1930-1939","All",75,8,1,10.7,12.5
"3421","Serbia","Women","1940-1949","All",175,16,4,9.1,25
"3422","Serbia","Women","1950-1959","All",214,18,4,8.4,22.2
"3423","Serbia","Women","1960-1969","All",184,20,4,10.9,20
"3424","Serbia","Women","1970-1979","All",165,28,13,17,46.4
"3425","Serbia","Women","1980-1989","All",55,10,6,18.2,60
"3426","Sierra Leone","Men","1960-1969","All",41,0,0,0,NA
"3427","Sierra Leone","Men","1970-1979","All",2733,43,7,1.6,16.3
"3428","Sierra Leone","Men","1980-1989","All",2156,51,13,2.4,25.5
"3429","Sierra Leone","Women","1950-1959","All",19,0,0,0,NA
"3430","Sierra Leone","Women","1960-1969","All",842,7,3,0.8,42.9
"3431","Sierra Leone","Women","1970-1979","All",1333,23,14,1.7,60.9
"3432","Sierra Leone","Women","1980-1989","All",768,47,22,6.1,46.8
"3433","Slovakia","Men","1910-1919","All",2,0,0,0,NA
"3434","Slovakia","Men","1920-1929","All",26,3,1,11.5,33.3
"3435","Slovakia","Men","1930-1939","All",83,6,2,7.2,33.3
"3436","Slovakia","Men","1940-1949","All",185,18,14,9.7,77.8
"3437","Slovakia","Men","1950-1959","All",265,35,26,13.2,74.3
"3438","Slovakia","Men","1960-1969","All",244,51,32,20.9,62.7
"3439","Slovakia","Men","1970-1979","All",99,25,22,25.3,88
"3440","Slovakia","Men","1980-1989","All",35,8,5,22.9,62.5
"3441","Slovakia","Women","1910-1919","All",4,0,0,0,NA
"3442","Slovakia","Women","1920-1929","All",44,5,2,11.4,40
"3443","Slovakia","Women","1930-1939","All",99,8,5,8.1,62.5
"3444","Slovakia","Women","1940-1949","All",189,15,6,7.9,40
"3445","Slovakia","Women","1950-1959","All",315,31,20,9.8,64.5
"3446","Slovakia","Women","1960-1969","All",243,31,20,12.8,64.5
"3447","Slovakia","Women","1970-1979","All",104,15,7,14.4,46.7
"3448","Slovakia","Women","1980-1989","All",39,8,5,20.5,62.5
"3449","Slovakia",NA,"1930-1939","All",1,0,0,0,NA
"3450","Slovakia",NA,"1940-1949","All",1,0,0,0,NA
"3451","Slovakia",NA,"1950-1959","All",2,0,0,0,NA
"3452","Slovakia",NA,"1960-1969","All",2,0,0,0,NA
"3453","Slovenia","Men","1910-1919","All",2,0,0,0,NA
"3454","Slovenia","Men","1920-1929","All",29,4,3,13.8,75
"3455","Slovenia","Men","1930-1939","All",92,11,8,12,72.7
"3456","Slovenia","Men","1940-1949","All",174,14,7,8,50
"3457","Slovenia","Men","1950-1959","All",214,19,8,8.9,42.1
"3458","Slovenia","Men","1960-1969","All",215,29,16,13.5,55.2
"3459","Slovenia","Men","1970-1979","All",121,31,9,25.6,29
"3460","Slovenia","Men","1980-1989","All",41,15,3,36.6,20
"3461","Slovenia","Women","1910-1919","All",8,1,1,12.5,100
"3462","Slovenia","Women","1920-1929","All",49,6,3,12.2,50
"3463","Slovenia","Women","1930-1939","All",156,10,4,6.4,40
"3464","Slovenia","Women","1940-1949","All",192,9,1,4.7,11.1
"3465","Slovenia","Women","1950-1959","All",277,20,5,7.2,25
"3466","Slovenia","Women","1960-1969","All",239,14,8,5.9,57.1
"3467","Slovenia","Women","1970-1979","All",148,14,4,9.5,28.6
"3468","Slovenia","Women","1980-1989","All",39,4,2,10.3,50
"3469","South Africa","Men","1960-1969","All",620,41,17,6.6,41.5
"3470","South Africa","Men","1970-1979","All",1890,111,58,5.9,52.3
"3471","South Africa","Men","1980-1989","All",399,31,20,7.8,64.5
"3472","South Africa","Women","1950-1959","All",135,10,8,7.4,80
"3473","South Africa","Women","1960-1969","All",488,57,37,11.7,64.9
"3474","South Africa","Women","1970-1979","All",636,72,51,11.3,70.8
"3475","South Africa","Women","1980-1989","All",124,28,20,22.6,71.4
"3476","Spain","Men","1910-1919","All",3,1,0,33.3,0
"3477","Spain","Men","1920-1929","All",60,9,2,15,22.2
"3478","Spain","Men","1930-1939","All",108,15,7,13.9,46.7
"3479","Spain","Men","1940-1949","All",178,22,14,12.4,63.6
"3480","Spain","Men","1950-1959","All",238,36,17,15.1,47.2
"3481","Spain","Men","1960-1969","All",349,75,28,21.5,37.3
"3482","Spain","Men","1970-1979","All",186,53,20,28.5,37.7
"3483","Spain","Men","1980-1989","All",76,31,11,40.8,35.5
"3484","Spain","Women","1908-1909","All",1,1,1,100,100
"3485","Spain","Women","1910-1919","All",59,9,2,15.3,22.2
"3486","Spain","Women","1920-1929","All",584,79,33,13.5,41.8
"3487","Spain","Women","1930-1939","All",1113,113,39,10.2,34.5
"3488","Spain","Women","1940-1949","All",1280,115,53,9,46.1
"3489","Spain","Women","1950-1959","All",1549,183,78,11.8,42.6
"3490","Spain","Women","1960-1969","All",2051,293,115,14.3,39.2
"3491","Spain","Women","1970-1979","All",448,103,33,23,32
"3492","Spain","Women","1980-1989","All",73,28,5,38.4,17.9
"3493","Swaziland","Men","1950-1959","All",232,8,2,3.4,25
"3494","Swaziland","Men","1960-1969","All",916,44,13,4.8,29.5
"3495","Swaziland","Men","1970-1979","All",185,10,5,5.4,50
"3496","Swaziland","Women","1950-1959","All",152,5,2,3.3,40
"3497","Swaziland","Women","1960-1969","All",630,43,25,6.8,58.1
"3498","Swaziland","Women","1970-1979","All",147,16,12,10.9,75
"3499","Sweden","Men","1910-1919","All",6,1,0,16.7,0
"3500","Sweden","Men","1920-1929","All",53,9,3,17,33.3
"3501","Sweden","Men","1930-1939","All",452,58,14,12.8,24.1
"3502","Sweden","Men","1940-1949","All",1109,134,40,12.1,29.9
"3503","Sweden","Men","1950-1959","All",1116,161,41,14.4,25.5
"3504","Sweden","Men","1960-1969","All",1102,201,69,18.2,34.3
"3505","Sweden","Men","1970-1979","All",788,172,43,21.8,25
"3506","Sweden","Men","1980-1989","All",39,11,3,28.2,27.3
"3507","Sweden","Women","1910-1919","All",16,0,0,0,NA
"3508","Sweden","Women","1920-1929","All",62,10,3,16.1,30
"3509","Sweden","Women","1930-1939","All",505,34,11,6.7,32.4
"3510","Sweden","Women","1940-1949","All",1140,105,18,9.2,17.1
"3511","Sweden","Women","1950-1959","All",1089,118,16,10.8,13.6
"3512","Sweden","Women","1960-1969","All",1263,127,15,10.1,11.8
"3513","Sweden","Women","1970-1979","All",795,104,21,13.1,20.2
"3514","Sweden","Women","1980-1989","All",42,9,2,21.4,22.2
"3515","Switzerland","Men","1910-1919","All",13,6,1,46.2,16.7
"3516","Switzerland","Men","1920-1929","All",52,7,2,13.5,28.6
"3517","Switzerland","Men","1930-1939","All",119,17,4,14.3,23.5
"3518","Switzerland","Men","1940-1949","All",217,48,9,22.1,18.8
"3519","Switzerland","Men","1950-1959","All",264,56,16,21.2,28.6
"3520","Switzerland","Men","1960-1969","All",290,85,15,29.3,17.6
"3521","Switzerland","Men","1970-1979","All",170,47,7,27.6,14.9
"3522","Switzerland","Men","1980-1989","All",62,26,4,41.9,15.4
"3523","Switzerland","Women","1910-1919","All",15,1,1,6.7,100
"3524","Switzerland","Women","1920-1929","All",80,13,8,16.2,61.5
"3525","Switzerland","Women","1930-1939","All",157,32,14,20.4,43.8
"3526","Switzerland","Women","1940-1949","All",243,48,13,19.8,27.1
"3527","Switzerland","Women","1950-1959","All",270,65,11,24.1,16.9
"3528","Switzerland","Women","1960-1969","All",335,82,19,24.5,23.2
"3529","Switzerland","Women","1970-1979","All",157,39,9,24.8,23.1
"3530","Switzerland","Women","1980-1989","All",46,12,2,26.1,16.7
"3531","Tanzania","Men","1960-1969","All",774,13,2,1.7,15.4
"3532","Tanzania","Men","1970-1979","All",2862,82,25,2.9,30.5
"3533","Tanzania","Men","1980-1989","All",374,12,4,3.2,33.3
"3534","Tanzania","Women","1960-1969","All",232,8,4,3.4,50
"3535","Tanzania","Women","1970-1979","All",746,26,18,3.5,69.2
"3536","Tanzania","Women","1980-1989","All",80,1,0,1.2,0
"3537","The UK","Men","1910-1919","All",16,2,1,12.5,50
"3538","The UK","Men","1920-1929","All",295,53,19,18,35.8
"3539","The UK","Men","1930-1939","All",842,146,52,17.3,35.6
"3540","The UK","Men","1940-1949","All",1256,209,65,16.6,31.1
"3541","The UK","Men","1950-1959","All",1323,286,83,21.6,29
"3542","The UK","Men","1960-1969","All",1574,430,119,27.3,27.7
"3543","The UK","Men","1970-1979","All",296,102,19,34.5,18.6
"3544","The UK","Men","1980-1989","All",56,27,5,48.2,18.5
"3545","The UK","Women","1905-1909","All",1,1,1,100,100
"3546","The UK","Women","1910-1919","All",21,4,1,19,25
"3547","The UK","Women","1920-1929","All",403,82,26,20.3,31.7
"3548","The UK","Women","1930-1939","All",997,155,49,15.5,31.6
"3549","The UK","Women","1940-1949","All",1494,181,50,12.1,27.6
"3550","The UK","Women","1950-1959","All",1555,224,47,14.4,21
"3551","The UK","Women","1960-1969","All",1925,311,74,16.2,23.8
"3552","The UK","Women","1970-1979","All",347,61,6,17.6,9.8
"3553","The UK","Women","1980-1989","All",106,18,3,17,16.7
"3554","The US","Men","1960-1969","All",1243,411,148,33.1,36
"3555","The US","Men","1970-1979","All",507,157,63,31,40.1
"3556","The US","Women","1950-1959","All",3875,632,150,16.3,23.7
"3557","The US","Women","1960-1969","All",1610,326,94,20.2,28.8
"3558","The US","Women","1970-1979","All",603,122,35,20.2,28.7
"3559","Timor-Leste","Men","1960-1969","All",606,42,29,6.9,69
"3560","Timor-Leste","Men","1970-1979","All",2557,182,116,7.1,63.7
"3561","Timor-Leste","Men","1980-1989","All",557,60,44,10.8,73.3
"3562","Timor-Leste","Women","1950-1959","All",112,9,3,8,33.3
"3563","Timor-Leste","Women","1960-1969","All",716,58,24,8.1,41.4
"3564","Timor-Leste","Women","1970-1979","All",858,93,49,10.8,52.7
"3565","Timor-Leste","Women","1980-1989","All",169,34,27,20.1,79.4
"3566","Togo","Men","1960-1969","All",938,16,5,1.7,31.2
"3567","Togo","Men","1970-1979","All",2125,59,17,2.8,28.8
"3568","Togo","Women","1950-1959","All",208,3,3,1.4,100
"3569","Togo","Women","1960-1969","All",671,15,8,2.2,53.3
"3570","Togo","Women","1970-1979","All",852,60,34,7,56.7
"3571","Turkey","Men","1940-1949","All",125,7,5,5.6,71.4
"3572","Turkey","Men","1950-1959","All",1686,74,30,4.4,40.5
"3573","Turkey","Men","1960-1969","All",895,54,23,6,42.6
"3574","Turkey","Women","1910-1919","All",1,0,0,0,NA
"3575","Turkey","Women","1920-1929","All",6,1,0,16.7,0
"3576","Turkey","Women","1930-1939","All",38,0,0,0,NA
"3577","Turkey","Women","1940-1949","All",230,5,0,2.2,0
"3578","Turkey","Women","1950-1959","All",610,14,0,2.3,0
"3579","Turkey","Women","1960-1969","All",301,9,0,3,0
"3580","Uganda","Men","1960-1969","All",710,10,1,1.4,10
"3581","Uganda","Men","1970-1979","All",3368,65,22,1.9,33.8
"3582","Uganda","Men","1980-1989","All",756,9,5,1.2,55.6
"3583","Uganda","Women","1960-1969","All",493,9,4,1.8,44.4
"3584","Uganda","Women","1970-1979","All",947,23,12,2.4,52.2
"3585","Uganda","Women","1980-1989","All",205,8,6,3.9,75
"3586","Ukraine","Men","1910-1919","All",3,0,0,0,NA
"3587","Ukraine","Men","1920-1929","All",35,3,1,8.6,33.3
"3588","Ukraine","Men","1930-1939","All",105,5,1,4.8,20
"3589","Ukraine","Men","1940-1949","All",111,5,3,4.5,60
"3590","Ukraine","Men","1950-1959","All",568,33,6,5.8,18.2
"3591","Ukraine","Men","1960-1969","All",2164,128,33,5.9,25.8
"3592","Ukraine","Men","1970-1979","All",628,48,15,7.6,31.2
"3593","Ukraine","Women","1910-1919","All",3,1,0,33.3,0
"3594","Ukraine","Women","1920-1929","All",91,20,8,22,40
"3595","Ukraine","Women","1930-1939","All",201,22,9,10.9,40.9
"3596","Ukraine","Women","1940-1949","All",191,12,3,6.3,25
"3597","Ukraine","Women","1950-1959","All",445,29,13,6.5,44.8
"3598","Ukraine","Women","1960-1969","All",1015,104,39,10.2,37.5
"3599","Ukraine","Women","1970-1979","All",328,47,20,14.3,42.6
"3600","Uruguay","Men","1970-1979","All",455,87,29,19.1,33.3
"3601","Uruguay","Men","1980-1989","All",21,6,2,28.6,33.3
"3602","Uruguay","Women","1970-1979","All",590,78,23,13.2,29.5
"3603","Uruguay","Women","1980-1989","All",29,5,5,17.2,100
"3604","Zambia","Men","1960-1969","All",179,4,0,2.2,0
"3605","Zambia","Men","1970-1979","All",2386,45,16,1.9,35.6
"3606","Zambia","Men","1980-1989","All",1289,23,9,1.8,39.1
"3607","Zambia","Women","1950-1959","All",67,1,0,1.5,0
"3608","Zambia","Women","1960-1969","All",1119,21,16,1.9,76.2
"3609","Zambia","Women","1970-1979","All",2072,68,42,3.3,61.8
"3610","Zambia","Women","1980-1989","All",1041,72,47,6.9,65.3
"3611","Zimbabwe","Men","1960-1969","All",471,19,9,4,47.4
"3612","Zimbabwe","Men","1970-1979","All",2080,74,29,3.6,39.2
"3613","Zimbabwe","Men","1980-1989","All",219,7,5,3.2,71.4
"3614","Zimbabwe","Women","1960-1969","All",814,25,8,3.1,32
"3615","Zimbabwe","Women","1970-1979","All",1690,94,35,5.6,37.2
"3616","Zimbabwe","Women","1980-1989","All",181,19,14,10.5,73.7
